boot_exp_gap,boot_win_gap
1.3999916973051938,19.204337683626505
1.8975685385918304,18.66075503683902
0.11846782782362653,12.149859943977589
1.6843158799835427,25.42045767852221
1.7778821940354819,21.795537104307215
0.6826870208462406,11.303030303030305
1.6936011951299403,26.062386980108492
0.8403457161387092,16.466178521617863
1.5859911294623399,23.672883787661412
1.4584877668808096,22.902494331065753
1.1575167882513702,21.982047256772525
0.8986030058857812,26.0
1.5714240179976793,21.27402685212016
2.274672838152417,33.95595526346132
1.3372253248221857,24.356223175965667
1.3501295788410324,11.434068576925725
0.14244595115523273,12.95289855072464
1.118018223088097,17.0807453416149
1.627053548964779,31.023512066423528
-0.09275186351645728,0.6463565253190708
2.8082160480732585,17.792207792207797
0.3421493521837594,8.511029411764703
2.27866168603564,22.28445830969938
2.2307040392600035,37.52464735325344
0.6033991631709319,12.927689594356266
1.2052005906861243,14.622950819672134
1.8012997959752042,34.91536149343459
1.013067433469579,28.10152810152811
1.0279342161883087,12.58503401360543
1.04762615744441,12.038190120381898
1.0148296121275087,7.962853191068959
0.7403240697672449,21.477785697315277
0.07758766770513702,4.863297431648718
-0.20600567308249634,5.033847040184362
1.0247273951246447,24.28072403937759
1.8958466700700936,21.815068493150683
0.28220637429185474,14.360023378141435
1.92998465404105,25.40971822886717
1.0584430653694603,25.42130365659777
2.056097470587665,19.304379830695623
0.675734734187619,3.825903825903822
0.49966542802026676,13.378221499883914
0.7727589012603032,14.047058823529419
1.156936076522576,12.133084202278347
0.40851088991262363,9.557028252528774
2.256652929286687,37.0344465815702
1.2357862135609872,25.06382978723404
1.3488537038620383,10.676614355544125
1.5714704707299338,27.18974136057379
0.677294464004865,14.348641814177348
1.9160692869519376,27.297570850202433
0.3860241907285665,21.29629629629629
0.658339964642395,18.75
2.4027765722899312,31.387792991413313
1.0487312666200943,18.796926837785932
1.7584524844907332,30.06407606448947
1.589901214986792,27.147292169713708
0.4944440726405365,16.80911680911681
0.9285359548537222,19.444444444444443
1.6837426758752005,24.90478205670758
0.4633285628728069,11.485307929692745
2.1697432519283173,15.44635544635544
0.5904233954811606,9.918799465515463
0.1476174716382937,5.502036903906074
1.2320210750171268,16.3193804167435
-0.12467197783383621,2.0536773428232493
0.7906146219337895,18.67459643160577
1.481309746380668,21.62162162162162
0.9418184277012935,19.301388266905505
0.686031406096383,5.217391304347835
2.1439241354963934,35.00965250965251
0.5820734100323532,14.81377877237852
0.4630991918807631,18.537820131030365
2.1206349279992813,23.568925233644862
0.9001995358970509,18.40318772136954
0.6406089281346812,12.51722553973358
0.7852710011165961,17.288011695906434
0.839029807282861,8.247847591133905
-0.032230155669389526,2.471494607087827
0.5309003726030368,11.83940242763773
1.3595677509485913,26.32222028277186
-0.37927848968385497,1.5063934139078654
1.7751691427390544,11.804536199630661
2.2168262122456297,37.83863950959067
0.5701934309068944,21.811814457512888
1.9328289783837211,32.0380223590602
0.4205953365722713,12.524219173835547
0.5250763955586123,5.28735632183907
1.2332744762518086,22.026143790849673
0.9374599024709105,14.369501466275658
0.7640269836053419,19.811320754716974
0.8730333742080326,17.069160997732418
2.0591133874896412,10.28241535340927
1.6725226804736635,31.518010291595196
2.505117362790782,35.56701030927836
1.9754909367388194,29.18506623845844
1.6928569488968637,27.77174194215945
1.0849286790564006,17.482394366197184
2.3389783144697045,30.64285714285714
1.3925902393169804,33.025210084033624
1.611412163788616,30.535232961108967
2.2366325785127303,22.790083316399112
0.5238504993740497,6.5341905318527225
0.5054247280827149,14.272353161242044
0.5214670909892821,17.05882352941176
0.7024266635421457,9.974920200638394
1.3375406593679764,20.14705882352942
0.08221476360147487,3.6781609195402325
1.4519848949997725,24.225111636459154
1.798227408580644,17.87941787941788
2.05267604358954,41.080827067669176
2.330538428505867,33.69981675828752
1.4081119856579207,20.36713286713286
0.5695070103535411,7.8455263018488
1.6361024522284466,23.534798534798526
1.1796863418201158,25.993179880647915
0.6408982632306213,18.795986622073578
2.5235282657699964,42.33347596633861
1.7073929738475973,19.232664121197196
1.0598389149542493,5.3951260740949465
0.806725019817436,24.68354430379747
1.5556609500494833,28.60953058321479
1.4063575029617317,17.984934086628996
1.1520334643619061,12.657576537175203
1.8874213747568351,26.19359058207978
2.415154206488264,33.16386121607696
0.8385249387613587,15.045683545384676
1.1486777803135748,13.361072584373552
0.5141775062561479,13.79781420765027
0.2099039452140036,13.591703056768559
0.8209981214674171,18.09691771213275
1.3969779058044731,6.804511278195491
0.4978945818180389,15.50324675324675
0.9391846011970236,10.806174957118351
0.8758672850224674,15.130962473785196
1.231000700959727,30.122498668492725
1.0537863588646401,19.462082728592165
2.143907178440884,36.24105668684644
0.48596325950389085,0.9278897136797397
1.3502060883547662,20.53795877325289
1.4144472102322339,21.8631999136908
1.5938323524529596,20.89589905362776
1.9084956054236462,34.02461377323906
0.8227429559001211,10.24216326341621
1.3939440778802714,16.694701429772927
2.0696620359450777,34.57746478873239
1.1034746473339623,14.224598930481278
-1.258568253040259,-7.546311342216455
-0.07427182658432305,10.032985156679494
0.22708372143761602,13.192246835443036
0.8598946445846019,15.140576188823324
0.3913286430292676,8.516886930983844
0.9344500240928539,19.954233409610985
2.126316120793001,29.321862348178136
0.4699198170834385,17.30888965755794
1.6235772019315453,18.54460093896713
0.7642374879924447,15.971792651243334
2.132356069777959,22.41436100131753
1.6932126449025002,17.370977534911965
0.995427978731181,17.182539682539684
1.4838122020414417,18.71408045977011
1.934114920629928,17.24137931034482
0.8924099122485425,21.262956901254768
1.2427626565478083,21.840659340659343
1.493445926927584,24.284575816851408
1.9108878510036837,18.57142857142857
0.9125748797045377,16.89847401317641
1.8483247874056878,34.27492998904176
1.4305766938087792,24.511063526052816
0.9121821862324977,15.948629881281256
1.5901142835487834,29.526926877470352
1.2777227695341251,11.685393258426963
1.471615241422974,15.287698412698411
1.0759606534315462,21.913161465400265
0.9556870551009398,15.381708238851097
1.2507285680645879,23.805418719211822
1.1887579824340617,30.14045402580434
0.1778089965482471,8.72971198048598
-0.17107670631894512,9.50477459471464
0.0713773224463213,10.066445182724259
0.7752319807840216,8.926056338028168
0.04759721663281513,-0.5916305916305902
1.053192192400704,19.364578329787967
1.4778146549140654,32.48275862068965
1.2777493570658303,19.957264957264968
1.1925674992684316,21.65796142110979
1.5952035673561433,28.971905287694767
-0.20548607431369614,6.882899345210902
1.4140918758845507,20.282815198618316
1.4459915861879966,16.007722007722016
0.18881164222822525,3.0967741935483915
0.5278766536798268,6.428571428571431
1.202370194970201,21.7228946690703
1.9672962910467242,6.6322997614834165
2.4449468534464662,22.360248447204974
0.4453507323959135,19.10052910052911
0.8793641526131998,21.6384398255068
0.7246220429456223,11.359516616314203
1.7429881832589256,30.766615672276046
0.5254072166597568,16.064257028112443
1.152302725570396,17.932595573440643
1.2406302810297056,22.660060975609753
0.16232738447941342,7.347055460263007
-0.20774020456740566,6.774387796065838
1.825201191476686,28.582652419861724
2.3242530694537176,32.5516693163752
0.20807494561546835,14.007856663792275
0.6570826180938347,21.625766871165638
1.0604760571393321,11.01559730591989
1.2891702496389614,13.104761904761908
0.9089621024155807,18.00724992652102
2.176107925344626,31.508431508431507
1.730473977053681,28.116710875331577
1.878101568650072,31.483194572926294
2.9490745839225476,33.82209689823122
1.1424344066246082,13.506441223832532
0.4376364996505952,22.10606060606061
1.3483779076238294,10.802658245746336
0.6874223428684193,5.291454442558006
1.8532058036169634,35.53736067152882
1.9993690290931292,15.258358662613979
0.9864395449510008,11.99917389508466
1.001190359801228,12.000000000000007
0.43551987312993756,27.37127371273712
1.7013307699080218,24.904434250764517
2.1101844892295984,30.56561716355531
1.0043431068238426,11.86991869918699
1.5625347222928982,31.5598182735992
2.067967183464341,17.10526315789474
2.3171603422803706,33.04584304584305
1.3856265694759247,23.967717717717704
2.5369751874769593,22.994210090984296
2.3514635251065816,30.537634408602152
0.38385384293033964,12.676986584107325
0.8850117561851585,20.0
0.43553036860771877,13.68653421633553
1.1722765675215843,16.5859872611465
2.150396784874129,12.730198462363667
0.6584226349591294,17.41652233455512
2.235509142704711,30.40404040404041
1.4159116425989884,25.769407441433167
1.603600446925141,28.921612642542875
0.94110176024859,24.601748712420644
0.6837168581504869,17.65084128174901
2.0713354738664527,21.346380356981065
1.659596095207132,24.242616703715463
1.4667591672273053,24.308894230769226
2.071392086902729,38.61191803407396
0.6202459966590966,13.273174733388018
1.2941380383775505,24.451455614513115
1.220809681035742,36.106951871657756
1.6886327075273149,20.870870870870867
0.9641838957975476,15.874135741498513
0.27566267509408793,13.915343915343925
1.9358770816425108,28.724663927004258
1.8269987990526944,30.35995984511687
0.5592400090843292,9.854959854959851
0.5090799895321609,14.068640293424153
1.4102393023878772,17.272727272727266
1.166933978040856,22.990867579908667
1.770044793676843,25.76526436405304
0.9941586529233098,27.57142857142857
0.23790420259858844,15.104627173592682
2.571487468394276,21.704306722689083
1.841367793174399,26.422443977591044
1.0090551400145356,19.14308176100628
1.1149486318472908,20.431266846361176
2.208048467877807,26.544117647058826
0.5326048676824272,15.51971326164874
1.9706545727294533,33.186879781834705
1.0993904854312133,19.868896925858948
1.7892915820304411,30.24556745994122
1.8907482576452312,29.13752913752915
-0.1934787902514967,8.554892385603182
1.586243330195074,17.458335334518033
1.929670668641972,21.375921375921386
0.8111677110751395,15.14891934633632
1.592151673706708,22.97852900867977
1.4166371279279288,14.031620553359687
1.468311100715189,22.895622895622893
-0.6401313652058641,9.452434586726739
1.1157485927865942,22.561634948096888
2.846474626063947,44.07561550418692
1.2086735041873933,13.42657342657342
0.5794917680321462,9.631548647092693
1.02825256169433,23.401770346692885
2.1654019877441346,34.00456174649723
2.366302261260822,24.719887955182074
1.7820876395882999,22.57187257187256
1.3575034323486,35.79141260162601
1.4279636405894376,18.370253164556956
1.130209916400414,20.547619047619044
2.127960300377018,29.01162790697675
0.084443284837443,11.595547309833016
2.2049429241249303,16.71539961013646
0.8195695647828993,-0.07368653746961229
1.646029595061659,32.82367260003042
0.883589975070238,17.53246753246753
2.09241106754284,20.09160099683438
0.16846764779196954,11.393939393939384
2.172927324477202,35.18845228548516
0.09698113623712117,14.73434475869388
0.6747369692460755,22.855297157622736
1.2380005167933477,23.987155837944947
1.2722359358584114,11.418424451140773
1.790055836510676,30.582882439744218
1.4738157669744234,18.376223269300468
1.71245554209165,24.73559248866826
1.3101017821558978,24.487836107554422
1.0818138475244186,29.21951219512195
1.8499186569733705,30.514319988004196
0.7104341349848655,15.104895104895093
0.3427783759420274,10.566037735849058
0.05531772488780928,11.043281432196991
0.9402517152845011,16.826134499726614
1.2318115615563419,15.480225988700553
0.847532854546935,13.979410720624777
1.286431100278815,21.883372734436563
2.3078809268439016,37.828711324975735
1.0439149773642276,19.2581300813008
1.3712729379384787,31.551282051282044
0.9365462144743075,12.08791208791208
0.46278115437442335,13.990147783251224
1.9040875297886553,17.847769028871383
0.791355093536129,20.843537414965986
-0.5199273673692626,4.884004884004888
1.9139590025432809,20.0
1.800623535771754,34.03829966329966
0.6706163193979419,7.519251925192513
1.4064259911083323,21.612083568605314
0.5521904334151897,11.078431372549012
0.9102343705608396,3.0277684844429587
1.4319397949655734,24.32227282585123
-0.30283905249483123,15.151515151515142
1.5870146135385463,9.132055378061771
0.212622194920139,7.795698924731177
0.1490333294195724,18.584825234441603
1.6238488928900445,24.970760233918128
1.1971762749736796,23.546955699425332
0.09883195063222174,9.39203354297694
1.0276669042931827,15.584312480152434
0.8068171387362726,9.198767334360554
2.133144231352791,23.888888888888893
2.1058765550955636,30.69634703196347
0.9591369398031602,18.54674346477624
0.47773381557794803,9.728007841215387
1.2319616767871917,18.346379647749515
1.7062929574488117,19.88034188034188
1.0038860039928208,18.010752688172047
2.387836385491758,33.06884866517894
0.5451756250464751,15.336765336765339
0.7229412574088769,15.013345195729535
0.9420669833873485,18.074233458848838
0.6930812167672079,-0.505239520958078
1.3212716172425962,23.192293622728926
0.9819801025164656,22.605633802816904
0.5952399767315122,4.790547798066591
0.28565465256064104,8.207960388497433
1.3074139495612354,21.645299145299155
1.6394617617486014,11.018723823601874
1.503857182029836,22.225341043058428
0.5100626088369,9.191068660718031
0.14950134016651467,10.013175230566524
0.9679803801858496,10.759493670886073
0.38297275178206197,5.372743156668605
1.274894039217237,17.836757990867582
1.8022885884678348,31.984695538912405
0.5909590668630678,13.403805496828753
0.8623936879983407,20.72520009701673
1.1677882575000833,12.396894711305187
0.3890850057204348,18.379186077173244
0.8011514410575092,18.84972170686457
0.4359845657168019,15.430711610486895
1.1882481972178212,15.92857142857143
1.4680733430204134,20.480769230769226
1.7574819147206482,29.816051981330645
0.7103861737696007,16.387337057728104
2.060972392263011,23.1627610393751
1.6804381458364779,15.860251385322343
2.7406905568300024,36.91988950276243
0.7373159890404769,21.3206594113055
-0.42058683982756695,0.7130124777183653
1.4821290788660413,20.208376315246547
0.196489593243503,10.650887573964496
0.42792167609283954,12.45519713261649
0.2682688454440738,11.150175791059766
1.21017960723651,18.040060851926974
1.9334573895129104,39.65465465465466
-0.6194003953827214,7.937310414560159
-0.24806275296429947,5.076636120347089
0.7048717534930766,25.349823321554773
0.19685542594533115,6.901544401544399
0.7542674763876016,10.739841553795031
0.8542252707876075,10.713101160862351
-0.18617319442441604,1.217978940751216
1.3847109538812077,23.22393822393822
1.1661629630924075,15.347179977405062
0.8597892435878576,10.375443937087773
0.7700921482418905,18.681972789115648
1.636568693484414,32.44199207696661
0.9291701055513651,16.43784786641929
1.819522264204795,36.19264507422403
0.10745348982618005,9.748243559718972
1.9053384880114004,15.535970485755279
0.6942866046221792,14.643092949893628
1.1054873606111697,12.37189594008671
1.3689223138196893,16.490610328638496
1.1543035514358655,10.308555399719495
0.8246575322674663,13.189919133233893
1.7904083727671114,18.918918918918926
1.071673591367737,13.33333333333335
0.7232090966376685,6.06944444444445
1.6687709815912066,21.34502923976607
0.6319368179703607,14.573770491803273
1.4105044467937764,21.376050420168063
2.2753105819501043,31.812308189307068
0.24529606291877665,22.123015873015873
0.22225170865633148,2.8808099401748635
-0.032239435756833586,7.557354925775982
1.0690470084777308,19.76112920738327
1.692828790859555,22.484756097560975
1.1121462705202723,4.827386552797272
0.47113819317631256,18.900343642611674
2.75764595858932,31.533963112910484
0.4955993343992374,7.311963125916606
1.8232924560041848,37.6068376068376
1.720873103432548,13.083228247162666
0.8267911227918434,10.067238294984875
2.430454875022158,36.94158075601376
3.0436069562291577,43.84867441167709
1.212688497531262,22.90969899665552
1.2926122712813433,25.99815615913765
2.3835306581143954,33.91812865497076
-0.17342660710294783,6.423611111111114
1.1198941435823473,12.549600236896644
2.578755715720506,28.19257445940432
1.3986379682695007,27.084904237671545
0.7760964649487101,17.70753414147613
1.8545115729887593,28.795497185741098
1.8695030096516114,25.771003190358037
1.5499447302217477,12.286002014098678
0.7366325692555641,21.228070175438596
2.560752481618091,33.673469387755105
1.9313437284198098,23.475704116372633
1.4467348503131823,18.51155797782372
1.2177902454621585,24.637681159420282
2.0702006509145847,38.73040824818531
1.1729111275744697,32.3625993778085
0.8774826504821209,17.951084448546375
-0.11399898424597782,4.781105990783409
0.1962356748522183,10.434782608695649
1.2046620635543452,14.479166666666657
1.4446298804278443,18.44940611410398
0.500848074499673,14.553990610328633
1.0410958004385984,24.185463659147864
2.745576420854942,23.32716212642159
2.816090112067028,37.59650889560256
1.1693541549425466,8.55643044619422
1.9985751457947543,40.02306805074971
0.480856563035014,23.158249158249156
1.7800044244548285,22.037037037037038
1.0338801656464511,9.002677376171349
0.5469907117921061,13.380281690140848
0.8839368619313276,19.492385786802032
0.08223368208530248,7.62803234501348
0.9024433677594187,13.611429260353255
1.3907754354316446,32.720588235294116
0.8306802984735601,23.18714719930525
0.8910666570921046,13.569189431258408
0.1146447570561763,12.05040693095301
1.8867925482262222,16.954270923209663
0.5393879875687411,17.902208201892748
0.7965352903068397,14.00282885431401
1.8211322971855748,25.69727891156463
0.061260178302283336,10.274483788042126
1.4442918445707125,23.809523809523817
0.6577007261303398,17.959183673469383
0.42646558821446434,14.280794962613143
2.4800516294192514,29.170966632266946
1.5439380349765868,22.365488697866915
2.6367365280442963,40.50930106555897
1.6665303770177982,20.98527349228612
1.5568598347243598,27.491258741258754
0.22400783951840442,15.071820870299959
2.760885917283655,35.80396475770925
1.8563288455062246,19.923048048048052
1.5267461407106606,13.949544201823187
0.2730393105811504,12.667500446667866
1.3282400403409254,21.90476190476189
1.1304766757203861,13.3096926713948
2.091470939126206,33.40622588114228
2.179494681126367,22.36983436033693
0.9064026501425005,24.665775401069517
1.8739275218513765,8.13837454263222
1.7738956238935006,33.22629560253323
0.1883125366101006,0.9196811771918973
1.6112536785251392,30.60347766791682
0.7870050562562197,16.11380621476335
0.7841026245513822,12.716118237590635
0.8376869514254187,11.14303959131545
1.206357387293331,9.851632047477743
1.523893008702182,19.709488272921114
1.3472472687043477,20.676883780332048
1.0988113910875394,20.70990806945862
0.49235277398241245,2.5479252608590173
2.0969969188225517,33.386243386243386
1.416460239810194,18.11965811965812
0.5607962434045373,13.96390941019741
0.7552801511586824,9.168646080760091
1.5030951562138883,19.646959932754264
0.8500761583282251,16.3401187446989
0.7134467854520326,17.15276593325374
1.8076477519242884,19.412997903563948
2.615756666136921,39.95290423861853
0.7835549541075125,12.447496499766658
0.9706439455149352,15.67204014092026
0.46289435974392124,10.007867820613697
1.0720349044192192,21.249379036264273
0.9032836053046935,26.58271519751596
1.0651840895969253,22.710204081632646
2.816575173994245,42.85714285714286
1.5410529961564785,19.0031152647975
0.7515017111500462,4.347826086956516
0.7290391944635581,8.643892339544514
2.4950965245612844,22.28948816730876
-0.23694033142172785,23.040680303378544
0.8015885816293129,17.54898144543921
1.694908580262199,19.425801640566732
1.0556022340729836,21.749287298067784
2.4823517657744847,30.97222222222222
1.4738651715648825,15.797933409873707
1.2008419152840157,18.470688190314362
1.3997553040033464,15.411992263056092
2.8031866658248674,24.30913348946136
1.1931967043655385,27.6297335203366
0.5743053730529618,15.116676152532719
1.1331851268700972,20.22598870056496
1.2518157874226323,15.931450333227552
2.396856308162607,26.47959183673469
0.7011798181655023,16.41175931861892
2.022194522476767,25.04614248800295
0.4843268724183339,19.483282674772042
1.4017331693961106,19.377839112184475
2.0152229481562878,35.978835978835974
2.2274402344235353,30.061640587956383
2.60831941614488,21.994478951000687
0.8201073858456904,1.36794485135718
2.3479962913593386,29.5959595959596
1.466425817286333,25.533661740558294
1.6394745311505852,19.08108108108108
0.9040083309290765,15.80331618067467
0.873742862975061,25.621990369181383
0.17276131809633555,1.102941176470587
0.5497015991348977,13.704368641532014
1.7295200830260937,29.047619047619058
0.44282768184238064,16.822030883085475
1.8898371530610625,35.864527629233514
1.025576152929128,14.547667960130866
0.8899239687138127,21.9029966017918
1.7507183910535609,23.420647149460713
1.8638156940425796,27.627302275189606
1.1676597817199612,19.808949220713927
2.1572065004854646,42.94908466819222
0.7795763149055435,21.759259259259252
1.7500916294756155,24.578842733075227
-0.6015412128802697,-6.117561683599412
0.2969035451949675,11.750217328310633
1.3826848526027722,14.797864225781836
0.5005996689589179,8.612440191387563
1.4942928626586611,29.8667036934185
0.8143541172604383,25.618533513270343
1.4609640611880936,14.808510638297875
1.710622008108535,18.958053440812066
2.396579810176253,30.47609717868339
-0.45813004559186415,8.474112951724898
1.885775878136875,29.749779216956135
-0.26875718372491936,15.22415940224159
-0.14098762845899293,2.618135376756065
1.149042655067872,19.48453608247423
1.7629352166849501,26.587009803921568
0.40211391904483146,11.098512336719885
2.5962605808026598,17.75214238628874
2.0691541440623893,21.671474779263917
-0.24980717626169147,6.772863356493254
1.295167625639733,25.499557913351005
1.6662234782632748,9.548022598870055
2.1907784123423517,21.05263157894737
2.078031385512504,15.309503051438533
0.6748249210629123,7.857378672829313
1.2748957256817743,28.60930849208011
1.6561650763091251,23.47932298028268
1.3531647438136691,27.787234042553195
0.6010647897838276,11.636095643629218
1.694533674215342,24.43308136949755
-0.6812679773703834,-1.9109261827708508
-0.4076195784573052,3.224400871459693
1.2204742160195003,22.198067632850247
1.9263198109384652,30.55313010136289
1.172705410921648,24.918300653594777
1.2708199411247687,22.316124469589816
0.10542941960007957,20.756715124675075
1.6159780442306995,17.629655412460842
2.5945990862298274,29.337606837606835
1.5468809889697996,24.264168493787793
2.5932904283355884,34.41558441558441
1.5575423614420578,21.208170360712728
0.5348286021484089,28.86234879804011
-0.1455347983008963,16.058671530627755
0.9780111840292631,5.408542246982357
2.3612766514500025,15.10989010989011
-0.05218720550822521,6.878911892152139
1.4246591835122988,12.413793103448278
1.2841722520524357,18.888230647709307
-0.1406833464715275,14.074411195812942
0.832644744764927,13.038591232671415
2.6986424059733194,31.876138433515493
0.9691749455737562,10.185185185185183
0.6601958783475478,5.894053601340033
1.6471411637300069,36.324926301998026
0.33148894579426386,10.846896014033724
0.5051574242531098,14.215208779790885
0.4258807464018028,10.591518616840233
1.2391616435483483,25.31055900621118
0.3177898433781701,14.023191823899367
1.0622403124880766,19.42857142857143
1.9869446057066686,29.18234690386589
1.3230377252420469,20.375597047329563
1.7883313146947983,26.42951251646904
0.34400965908647674,11.422936893203882
1.1773662217930472,17.004048582995942
2.344353040027862,27.771565495207668
2.7348419695327406,30.97872340425532
1.541052892852413,27.89013732833957
1.7353222148351732,9.641180415828302
1.3172155725094101,22.88083392561004
2.221822310171144,27.77777777777777
1.185028250462892,11.673280423280438
1.626145579213545,23.41578867002596
1.0682419272579728,17.298850574712645
1.3929515365142242,23.24594257178527
1.7304260506500648,24.85945427121898
1.8834240516543255,30.885682862133677
0.6498086480239909,19.230769230769226
1.3081509275125225,9.006449631449634
0.9489340403646186,22.501532801961986
1.920641869914277,33.15809968847353
0.628284170775345,14.024024024024023
1.593242336704908,28.83247314827731
0.6449791514159405,15.750915750915752
0.37078850264871405,13.333333333333336
3.1193819792998756,37.347303858931774
1.0542763067098968,12.606060606060602
2.6413434004466954,16.753219775654337
-0.4870450235697876,13.708128867079154
1.8294572800807143,26.284951850562713
0.7290333653110639,25.351815367295238
0.6323314117009768,21.037181996086105
1.5674199931217692,18.925070028011213
0.08004932552992444,12.438614629103128
-0.5775140279765052,4.9529156102861265
0.8322655455420425,12.071100750346034
-0.1126982264239737,1.7267009719839947
-0.09591946180674027,0.46511627906976116
1.5154315809493202,16.12301957129543
1.190706959146576,23.862258953168052
2.041934836065037,18.347016967706637
1.305617569040971,22.170754816296444
1.3008530129043891,12.8961941793331
1.9621852695281636,23.90562248995984
1.868056447227402,36.629072681704265
-0.32466226500374096,4.849267872523683
0.6548828962214093,14.693446088794921
1.7010472588150667,20.419207317073166
2.0692959420512493,27.451140065146575
0.5792377370626134,16.904047976012002
1.8642425616826068,22.222222222222214
1.0626513409979634,14.389799635701273
2.110487725655109,23.418367346938773
0.6185376055435221,16.578754578754577
1.024190849570862,20.107095046854084
1.7284629273635457,26.190177113427957
0.109651087432656,6.8879826685357415
0.5226737903493784,17.282236415810424
0.4705119918283818,10.227112427704895
0.37681513821566454,13.336631881971933
1.1132741095391212,26.558230874316934
1.1507315796661028,20.894763599389933
0.9724832522797919,19.234441454734835
-0.41788044089333826,9.367396593673952
0.17911298745283,15.548589341692782
0.2731839055317562,12.482074942328069
0.5486261548532079,9.50292397660818
1.936754122332962,34.42366493635783
2.038727051992139,32.0423970648186
1.6416597948721117,23.418404025880676
1.0162441530556285,14.887956615164228
1.001822824828592,15.787580376815505
1.0997395254806972,20.32067510548523
0.7467076569709177,20.26723276723277
0.2792107972901379,18.480519480519476
1.0134777441598142,21.289162814586533
1.9438461514856007,19.61262553802009
0.5338498439790728,24.340062111801245
0.4970907331978183,9.491677912730545
0.7110953444891908,9.508660303994347
1.6020968243591192,29.119766782735454
1.351913855045996,23.338768854463908
-0.09732378057396444,-0.723293768545993
1.324099688326411,26.594657714202306
2.2694493965759386,35.93869731800766
0.13242779347508665,9.178850982129667
1.3182866666303932,29.989615784008315
1.0054056045992423,23.122427983539083
0.9941079195805171,22.15933320410933
1.9510811176391998,27.66666666666668
-0.3266747415438029,17.207792207792203
0.5581585731624275,10.561292790208448
0.7249798973549106,13.960113960113944
-0.06794527184019913,0.1295936313986843
2.4775136538253903,27.101263504852596
0.5927866800964094,9.245489338436293
-0.014109046874919352,5.809103177524236
1.929787327204801,26.324786324786317
0.9059401986037675,15.79878953979673
1.1634082339839416,24.941329856584083
2.9382968271883043,41.41518275538893
0.41615155038880447,10.876623376623385
1.6689543657011021,18.378623188405797
-0.22345520990857062,1.4817629179331249
1.1033580424608638,17.742886628335548
0.7617782157483214,10.130977764240022
1.1274605393095427,17.71885521885521
0.8194498652583116,9.019856358259403
1.7328518147612306,37.14134702506796
0.1232627490879028,14.73684210526315
1.2852642200724336,23.710317460317455
0.6833361469924113,12.52558652180759
2.122685264582471,26.466846875496906
0.13279411912356848,12.409931840311586
1.6558288706690043,33.267195767195766
0.46309017752281084,13.32037861217325
0.7717566338781908,16.594594594594597
1.7478259967625327,23.071202825804065
0.20076668568460798,16.36528028933092
1.7579543546834553,22.669789227166277
1.187321529745888,21.912568306010932
1.820132984203519,25.43554006968641
1.3182802229331863,16.791125541125552
1.638620848639449,27.26452544207867
2.788120082395751,26.553130247061652
0.6064309496865666,17.95901968662112
0.8891337897743818,20.128534704370182
1.0196631507653613,15.29415728822697
1.4113385717843685,22.903614457831324
0.9118398297712655,18.561187916026633
1.7647554929151787,28.495642288745728
0.37323309225149387,10.764525993883794
1.4352030957744888,15.316358024691354
1.557423325401341,21.78678678678679
-0.3932541842143096,4.647608773822363
0.6902840694157948,12.186169431801495
1.7357113423574138,40.09615384615385
0.6510848795357317,2.927927927927932
-0.434969675807715,5.2631578947368425
2.397336795448714,27.64990053992613
0.43220522057622823,25.55168408826946
1.2106338689923755,14.69098277608915
1.8828933886209596,27.91636096845194
2.999134646763724,34.14234511008705
1.7106880933899458,22.947303921568633
2.547808187755478,17.361250250450816
1.87167576243499,33.36232853797256
-0.18458699050697486,11.970724039689557
1.436357792306185,16.491688538932635
1.3812098600092866,15.586206896551722
1.001720655069602,14.826839826839823
1.0127541764258097,22.356776897997193
-0.3934571849832805,-0.24509803921568363
1.8725367313492256,16.357569643827112
0.4385600636960376,13.773584905660378
-0.057281919581918084,12.071436445816339
2.511082549184999,31.654220092997043
0.7543628598114183,21.63540224096689
0.48758609086352594,16.256157635467986
0.7582115795205073,13.847072879330945
2.3617797490914176,32.39141810570383
1.70331490581105,24.419448476052246
2.0368984064677558,13.62155388471178
1.258267797602494,18.92588614393125
0.9421099738888377,28.63636363636364
1.2049640576296108,21.186440677966104
0.5206198302257206,28.66079295154185
0.8255894856532475,16.381766381766383
1.541444010300093,23.37031900138696
-0.3289896844580398,4.279844784295818
0.8925869159459489,10.418353576248307
0.4267052120139836,13.091500988257174
1.2543724446213902,33.15985130111524
-0.31034486547250184,15.959595959595958
1.1349306760970186,22.98629679144385
0.1483628483462286,5.9302325581395365
0.9239050984673702,19.50819672131147
2.299648750259661,30.286885245901637
1.2635098472235422,19.40585279337867
1.722254826560271,28.567255732437573
0.5685868933500423,14.687892752408878
1.8686655905021583,24.109704641350213
0.10446320103938934,5.259391771019679
2.026879394009903,30.760568260568263
1.4124697682452176,6.3847997261212015
1.7597387208600557,29.54349698535745
0.7261792399643339,18.810770381451015
1.9555257490775566,16.868622448979593
-0.2723527206449534,17.723123732251516
0.5325172138825754,5.192884607259053
1.6742928733606761,26.40106046100597
0.46147349016360867,18.041379310344823
2.577908988437472,34.277424702956615
1.0143304521679262,15.64318596369322
0.9724341641749754,24.64270962412227
-0.14000941990044538,3.2222222222222214
0.9338683525439797,12.47823860727086
-0.10321917368464231,13.627450980392148
0.8604849681828748,14.842797952717518
0.6985471824560032,17.552246123674692
3.1168965260926655,41.04545454545455
1.8432071488136712,32.22868217054263
1.98627816879021,21.34393063583815
0.779366647486637,13.452337136547662
1.6696523596201143,21.117415975556533
0.9187457037082458,19.33210784313726
1.755229056562569,10.39412420486589
0.5242679870496545,18.28165374677002
1.128250410316282,20.572916666666657
0.8481612951398302,13.874864767399913
1.5971923199393039,29.768177028450985
1.2637859272589602,22.561662701890562
0.742982636349874,21.369927281257326
-0.8063536293647673,7.451905885718375
1.115805071701307,19.84223300970873
1.537558165922929,23.726231106777178
1.1812155319749877,18.74355271301836
0.5729554288397232,17.665298677610586
0.16482643597072266,13.072200720672612
1.0616871641340735,17.597402597402585
1.0191775306985476,22.123015873015866
2.550036628453873,44.42857142857143
-0.03541482697284204,2.486204596446548
0.8525647341678873,8.612220538952393
1.689790251376274,23.321667196945597
1.4600899694403757,29.127819548872182
2.6113108877698936,34.122042341220414
1.5986850149355292,20.739379373718812
0.7020304867094045,4.8494983277592
2.5734289528371894,28.175675675675677
1.074671454978814,12.416370321258512
1.6441481204777555,14.371069182389931
0.8613103869811185,20.128205128205124
1.2413155687264166,18.195376584638318
1.932767730335634,23.769230769230774
1.537832646362907,30.232426303854872
2.2673838054677926,24.57517638875086
0.8906945979464277,18.09155383623468
1.4227771761057868,26.190476190476197
0.42283436061564084,13.985148514851488
0.7583754003195966,28.301886792452827
0.6246495536634743,16.153846153846153
1.0446817723172017,12.743506493506494
0.9297530754439639,17.971159456530792
2.002983005162669,29.097051597051596
2.9539589781764315,45.134800123954136
0.4506650085454449,10.550763105507635
2.1190334487764804,36.92932941973357
1.1285393945380933,18.984931280013257
0.7158760109818346,20.90450310559006
1.5596209795842781,28.161421911421904
1.0253475522295112,9.544159544159541
1.6889089404541053,21.30507529280535
0.25794900221652184,3.8016528925619824
0.4000188115611757,12.96097386322949
1.665606741362512,26.80418041804181
2.3734296020241876,26.490447957839272
0.8176492120376039,16.599910992434367
1.2288291977005352,13.697545526524138
0.9317832827930891,24.49712643678162
0.4038270727887578,10.516934046345817
1.446413865877279,24.866051822573567
0.4951836721958606,9.810356011752589
0.9046796177527847,13.168505942275047
0.9234642776746689,17.016317016317004
1.761709554078599,22.208333333333336
0.9250656773917135,17.577340297308147
2.334895741118796,21.278825995807118
0.9448409302237825,13.72123317412072
1.3649390482196992,24.38110181311017
0.5551193198484587,15.862551193686947
1.5624659946011685,22.34432234432235
0.7045761688277473,18.663594470046085
1.2657367630932697,16.274269989298276
-0.2694164214250506,9.27603690466296
1.670109390574277,21.174079387852714
1.6890696154019262,25.178131882368184
0.5396772171606007,14.534826603792112
0.6192332255267369,15.57278860097093
1.7775930199939518,27.810015044057607
0.8440344229720396,16.22586254232634
1.0856675275768248,26.486187845303867
1.261431284131133,24.07407407407409
1.054288738353105,24.87052730696798
1.39528058715506,19.41799892222022
1.7130391627089012,10.800930541708212
0.6685252288107976,13.81086142322097
1.5258433460434566,18.359488520778854
-0.7854184929777397,10.574475404196761
0.19754284707223277,6.158753527174589
1.4111715730688612,14.130952380952387
1.3222946778578173,20.397286821705436
1.705160691665417,21.943573667711604
1.15628556657459,20.89103736608309
0.6496431083996141,14.312096029547547
0.23097148764559347,2.3818051575931207
1.5828454332671584,17.230205691744153
0.9959713895790369,23.526315789473685
0.9360481884193972,15.38461538461538
0.8154665831301303,17.938648488441018
0.6462553917718544,14.6415214450545
1.4932826920204345,20.688818821246656
1.7868198630469403,24.947987336047042
2.705349807385489,40.282077743378046
0.7428708948876672,15.49364613880742
0.8104121189131113,16.165704422355816
2.488458971056131,38.39974293059126
1.7595965698477984,22.564102564102562
0.6652236117832018,6.8065796937039025
2.0729575347276317,32.29503379371144
1.331921717217364,14.474339810662684
-0.12585755510409072,7.383512544802869
1.9106895134700133,17.137707872532154
1.6045007782084229,18.858459869848154
1.35909859579299,30.42884990253411
1.5707949620044577,16.604803493449786
1.7342398097689213,29.071698113207546
-0.09193761141767529,0.915366146458588
1.582888624640433,20.369255468593217
1.3138797027180165,22.885338345864668
1.37198225973471,34.392419175027875
0.6524546796857021,16.119962511715073
-0.048440552345788174,2.3641797417013564
2.3665229002628942,28.064536459318084
1.2979656272365538,21.21007647323436
-0.41867911132711777,3.3891547049441826
0.7193661542510499,8.92857142857143
2.3331231440666214,17.775033250997538
1.0762653885986937,11.754204641548426
1.956866249201879,17.595307917888576
0.22138753814294954,2.5245098039215677
1.5292902406929296,29.246351702538817
1.700857205701769,10.0
1.7115858642599624,-3.0701754385964932
1.146775608353725,19.088669950738918
0.09157056373614081,19.131455399061025
1.3506506186245435,17.533913747722202
0.8290014623758324,12.58741258741258
2.7497470495459297,30.965909090909086
0.7373064677931725,13.375946969696969
1.5686511742151352,22.637920101458462
2.534345259948381,26.315789473684212
0.5292325925693439,7.94413919413919
2.1469927554147277,31.147400820793436
1.0300758876270328,25.34680134680135
1.0697175346803802,17.807768268597755
0.8576516143719903,24.56445993031359
1.6163869395462316,26.233435651718203
0.4099800783504287,13.29501915708812
0.876955767929966,11.106374733578768
1.399752470620105,31.256281407035175
0.3861525465745324,32.23558502866134
0.38056584260139625,18.169611307420496
1.0663151145159881,20.357142857142847
1.7465012423280757,21.398997602963618
0.7718159552431121,16.474358974358978
3.05107056904596,40.647163120567384
1.7437027997908232,22.075594656239808
2.5130078894947268,33.00653594771242
1.2197443995698753,15.942028985507235
1.9324396763059613,20.924731182795696
1.029468373207276,12.707970917525316
2.708471281432979,33.19637830023587
0.7443376572754459,6.537441037735846
0.5833260355365434,12.929681928398232
2.765013473039908,22.705167173252285
1.1880408266407174,20.337261275904112
1.4896046404350747,29.51613879973354
2.7221058318275295,36.72279792746114
-0.2065557594943878,4.632936507936513
2.905717257111645,38.651824366110084
1.0191722751201642,19.419477635613823
1.148626358162736,8.715730831256423
0.3873473647104683,12.622249388753055
0.9741261664653689,20.599343185550076
2.397003909425579,19.76394999650814
1.282978554289129,24.761351909184732
0.6638894140971899,13.192405558817775
1.6437455841312731,16.80993314231136
1.516057169497808,22.27625802093887
0.7000227869312008,9.792531120331951
0.8928002323335218,9.86447074969977
1.7628170118341977,23.51621094903443
0.7352682719059853,13.837166849215045
1.5556598868305058,29.1135655621637
2.9260949157265346,31.730831867630776
2.211432534419899,37.84005628517824
0.2645085695469648,15.333333333333336
0.9165156685168377,21.371980676328505
0.4272419237586276,7.92953536817317
0.5381516426782841,13.492063492063494
1.3519687351510368,20.442655935613686
0.6596388672134715,17.54385964912281
1.2610305454734045,26.02022390754785
0.962876704904252,19.36111111111112
2.7905809578221463,39.13943856419696
0.6115662326888512,17.16085420187433
0.44546034368402365,13.323643410852718
1.2235127530256644,24.82274247491639
1.7970317592842118,34.84918436441982
1.7353129139123336,20.2027027027027
1.3259148356967883,23.564306449577174
0.9443800653492898,13.268272425249172
0.6003243055485051,19.683595871808798
0.6476351550092703,13.914656771799635
0.8942727979478451,19.351834606071883
1.1521660019104492,21.076555023923433
1.3527279679633266,35.641494643323746
0.632688194601934,15.524995111777365
0.364856602615596,13.264101958933203
0.8848479710809958,17.761650114591284
1.0589232258298884,14.850530376084869
2.3606834895245337,31.913660727220062
2.1780376430536768,26.926667358157864
-0.5360003594204346,14.462381967712453
2.0630644503147755,20.664451827242523
0.904409692300391,6.431104865154246
2.0201470709075213,10.404858299595148
0.6638908843072269,9.811738648947951
0.8476795553443144,13.636363636363633
-0.3048460136987532,0.3571428571428541
0.22808153128627134,9.839181286549703
2.1805437447444715,39.32353406037616
1.7013844086855245,30.876057740169237
2.297122290644616,33.725182863113886
0.7478163206997626,15.740285292670926
1.1017318987185643,28.17460317460317
1.8984177592998517,22.659806055808424
1.0210983905273938,18.36698231195283
0.6666688452568408,9.763071895424837
1.1284887622413404,25.87641117052881
1.7958056854005293,21.34731746672046
1.4488758447333336,30.723848422963457
0.7543436799831915,12.45318352059924
0.9020991904080461,20.402700186219732
0.033132945918530034,12.035909920876449
2.752868592577253,37.6882923191648
1.909172680636815,20.687687259238118
1.9722492166478256,13.468286099865047
0.402609169297946,10.524209683873558
1.837964062887666,36.20475599274186
0.8034915357277325,19.04950495049505
1.4882632191718792,22.372697724810394
2.4763734308599856,24.656056110062053
0.2728219136594062,8.680635505411011
1.104161044771421,28.40659340659341
1.4851116613730153,11.805700020803002
1.4042479923665867,17.02574881765632
1.1122011805289338,15.87893864013266
1.4475869379229749,14.511961323664245
0.6016588876359493,16.442546010652308
1.7414155565717067,6.020907767632657
1.1607462132514255,13.444669365722
0.7441997349179652,9.036544850498338
2.3115101643370943,15.481935568018777
0.8424051073060208,8.764540713999203
1.3725263627830253,15.477935189708525
0.34222863804513176,10.557184750733136
0.5769176885965335,12.709832134292562
1.148788913168548,19.327833050230524
0.1896949969521022,16.33072041806644
-0.020872526314490755,15.439907993099474
0.5818749478483478,14.529914529914528
1.856967574814834,24.41709443997774
1.3695487409442784,25.925557324840767
1.305673587082376,26.79277244494636
0.3833885906620895,9.13197278911565
1.2107439827129274,11.230450348596193
-0.09897605136894205,8.717391304347835
1.7742634807774769,23.555555555555557
2.3955924038811265,16.613756613756614
2.509804942834017,31.5979867882982
0.22225465370084302,14.779874213836479
1.4208114694123486,13.036020583190393
0.6021262999213104,15.22368844544576
0.7882322330167519,20.019856043683298
2.390787606096794,33.976006855184245
1.0628185707970568,18.894626123541777
0.7425902450158801,18.21236559139784
0.27966421867945396,6.787564766839374
1.4509006587786564,9.509803921568633
0.533893011517865,10.909090909090907
0.20597410073385924,11.084891746799592
0.8820603739787705,19.59742351046698
1.81583895402999,18.37687604224569
0.8771825618159892,18.636363636363633
1.110224755342132,9.107327141382868
1.2148575532163748,16.360122617619616
1.958879218682335,16.565656565656553
1.341071582619386,17.29447801970361
0.24691226736353444,12.450142450142451
0.41742849546745586,11.81930001118193
0.4550868318170291,7.761194029850749
0.9981360709093543,15.914317349459154
0.29699981360002714,12.764781727758333
0.23524250176482192,4.48769937821033
0.9986389215900646,7.842809364548501
1.4399444353313977,24.480196696776957
1.823479698593896,27.907575133799924
1.2082830902982384,11.819225721784775
1.3572419905246538,18.284250960307297
1.3553215888757282,23.221047455126623
0.4471126336629212,16.418142280211242
1.4023111377938595,13.550884955752224
0.41691293695954623,16.899224806201545
1.0222590845815744,17.23594961240309
1.0130477995855351,23.30952380952381
-0.45174530210098407,11.977351916376314
0.38566523348419596,9.370808437995358
1.0840631888831354,17.513569397777204
1.6434030885490676,29.772929958153256
0.48638257454690925,6.344237158190644
1.4581672207558307,20.983986667632777
1.3279319145559394,15.622676579925646
1.909605094254227,21.411764705882355
1.6277571848932177,27.680097680097667
-0.29348057652084636,6.391875746714462
1.5619375105625002,21.684756960830576
2.0576852427819405,25.21867612293144
0.26189670197414894,8.281383292866998
1.4715719309510484,15.637254901960787
0.9291240684481159,8.757716049382715
1.4019627220594835,25.399129172714076
2.483545108146887,17.159277504105077
0.9589422418048887,23.785056733033613
0.424719898153723,6.265664160400995
1.598224552704012,22.62096774193548
1.7083933080756903,27.77371881849494
0.8396847856162601,14.551656920077967
1.482369976683274,12.800802139037444
0.1745095607141049,2.3706896551724057
1.7715048919554612,30.058479532163737
0.7765174808408446,14.135929601198264
0.3340369470587846,13.849765258215953
1.3808669137397924,18.76415806695192
1.887091707886645,27.154471544715456
2.052535970103997,20.65573770491803
1.9346950462244512,27.548076923076934
1.642851725265504,26.613190730837793
0.9694385766509427,22.14285714285714
1.9259812985632359,30.468750000000007
0.6475266405938411,7.2727272727272805
2.206905416235261,28.539766970618025
-0.005434393790757719,5.9446640316205475
0.6218321116979144,26.345858053175114
2.024929428125507,30.774410774410775
2.330996302282418,23.774598794568305
1.2531454466848038,19.84717868338558
1.588697706754199,22.79836015791072
1.485187284129814,31.22641509433962
1.429422114482801,13.54102676612549
1.310233716835258,28.918449971081543
1.4338199172588695,19.975490196078418
1.68539159235495,24.070925431139173
1.216586942862508,19.255341432760787
2.704156682924748,21.214758092586145
0.9649498482272886,13.508594539939324
1.5311803213510498,30.211766488616135
1.6705956398820863,24.749785530454666
1.8328345228687415,14.834543987086356
0.7031142796874545,20.053120849933592
0.8302678600182096,19.650349650349646
0.7332781783891953,18.63224388904147
1.3239520120178052,27.00169327527818
1.149048181112238,14.105906010277806
1.6622712913014053,24.332524271844655
1.2616268016447416,10.552884615384613
0.3185725764027155,13.432400932400931
0.9341730364095,10.005717552887361
1.9951747822236572,20.18133957297455
0.8683904982872108,13.401005773887121
1.176577057066112,15.49601372489655
2.7703571611563094,44.07590759075907
1.1321698945294871,21.47052653660584
0.417159846831203,9.757281553398059
1.3425031918939059,18.08429118773946
0.879776885611608,16.49601820250283
0.9509209649234402,7.472527472527467
0.6516089034436451,13.71515002861581
0.4369227828657002,2.948717948717949
2.759075928543518,26.018532137078978
0.9031231685548482,10.49382716049383
0.866636429549696,17.985955366006095
1.2773874305311288,19.05890318212593
2.5624847962022095,34.650455927051674
1.1522954427833254,16.562572287763125
0.45427488985164044,17.26929902395741
1.1808843784377807,25.731707317073173
1.9426513001691155,33.83979328165374
2.025231813918442,22.49147652766851
0.856648518595321,29.687392648574374
0.23661891656745634,3.5788113695090544
0.5967600590292718,22.313860252004588
2.294175575547319,30.1503838468819
0.7910191978827592,16.06330265952068
2.166818024431289,34.3516465467685
0.5124180834088653,17.236363636363627
1.2071830063446791,17.435897435897424
1.5692427528847577,30.919370036344056
0.5546695788160793,16.46348041859963
0.6629353978885519,16.56132150634727
1.1921817732299709,29.40460947503201
0.38431705350620193,14.313218548875078
1.3249352690670941,21.84591914569031
0.6434541133340933,13.416561314791394
2.032800040890356,28.09146581268611
0.4899732399821172,6.024646280237334
1.4250018961656044,9.010989010989007
0.05745449061789615,7.150895140664964
1.714109233030073,21.942689530685925
1.099196076821313,11.122191197979
0.7080152994422959,13.79032258064516
0.23949384305160276,15.111111111111107
1.5622333723432857,28.256410256410255
0.025385229491827116,10.551154559244893
1.3715874888446409,13.230559078934533
2.0065105002008163,17.42296918767508
1.1641425623306103,16.298592276895256
1.4697341041351308,16.220331392745187
1.2662704640213733,16.502901353965186
1.743643039758828,33.13592373248592
1.7689688780831594,34.61981566820277
1.0055901617397112,14.853801169590646
2.061224252546307,31.53770208564729
1.0437407388928681,19.916571861964364
2.4225352558952826,29.777777777777786
1.4731720141730436,14.52484924100645
3.3392670638889044,52.39104116222761
0.64683362700431,3.8998938804386256
1.7054365501665139,28.14040149056376
1.6440099725064996,18.31550802139038
0.9734127241438901,16.638655462184886
0.7552508136748421,8.471435923829127
0.8920966101919883,12.973760932944614
1.30892689640684,21.36482939632546
1.9896109318507191,19.376131161503245
1.0382286763239121,19.46091849148418
0.3651804934072297,15.062916358253155
1.6958243991355668,30.050933786078105
1.1887228035969557,9.897828863346113
1.6268217235577915,19.458544839255488
1.7801257900931327,31.398809523809533
-0.20519771609000945,7.0247933884297495
2.139906601139598,23.205664628258766
1.5246021546644979,25.087969168900806
1.25537755040297,21.82443365695793
2.033178365682843,27.378027378027383
2.3851004574791324,31.787749287749286
1.6559304401037513,24.468085106382972
0.014864494575225108,9.532128209023234
0.4807447813938926,9.551291299956723
1.1127119164817958,22.469135802469133
0.31226413638167416,6.610275689223059
1.5214756786819166,38.58274351196495
2.0454862237119382,27.70863206194437
1.398286562444897,11.455034072367788
2.6659965164351025,13.292384757588401
1.458525881684718,19.979577944179695
1.1408868882158343,19.428287700383038
1.1635560659644293,17.77777777777778
0.03206511027565229,14.848236259228877
1.8445337972092677,29.930269980332547
2.2834205934007503,9.4224361347649
1.3875841590872435,36.67129813418023
0.2979046293673824,12.681159420289852
1.6953175765135857,26.15864527629234
1.178565399166945,13.56066613798572
0.7207490094149643,18.689375784548666
2.715423234226891,20.945945945945944
2.336607996518089,28.10596401756623
1.0871258953692542,20.30075187969925
0.13011961274808026,8.885232414644172
1.9871005381064117,22.132894227043778
1.8688645313857004,23.190945600584165
2.3178642651985424,34.7678916827853
0.8536254507281545,18.473282442748086
1.6052736670195777,29.974145992628856
0.935212075692337,16.01644586569209
1.9016892092425475,28.88783043581804
1.3340228038741375,20.889399409255
1.6731279328668056,24.125874125874113
0.8461266494432683,23.390996024497696
0.9744811295385927,20.829297820823236
0.8952048771197809,12.107444603857807
1.4173204887057569,17.840255591054316
0.9276218842993037,18.181818181818187
0.783517343975942,14.09867078209787
0.7051654794252228,14.335664335664326
1.2351302573006542,22.68009768009768
1.4029058565159178,23.81302907618698
1.481963428150591,18.886822149091422
0.026979389683837104,8.395061728395056
1.6903878057390023,14.416788218133902
2.9014046523967596,42.81166505599455
-0.32169458305074927,9.982014388489212
2.012647399952114,27.45036243302868
1.748576573392848,29.233511586452757
2.7472120905428876,34.12241887905605
0.9708335556295705,18.974358974358978
0.18894695436140008,10.412944212825096
2.48086823068682,29.247380120673228
1.6214984610250884,25.571725571725587
1.4563719535583077,15.189393939393945
1.4109251428570426,24.23884824168043
1.2936258331480122,13.009259259259252
1.5111856188197452,24.79951330125546
1.0565742155665048,23.139097744360903
1.3921065797613852,19.382911392405063
1.122712383185772,26.753268806248926
1.1020872087812896,15.73795180722891
0.2025620682172472,6.76003734827264
1.0396083228951203,8.842659014825436
0.8923726898532925,13.640112155698496
1.41511585316118,12.736952488505288
0.616098640721339,2.549681289838766
-0.03339335694485013,-4.100529100529094
0.9146314516369922,23.328305681246867
0.6851818901885455,15.575221238938056
-0.5719374283950033,9.606373008434865
1.4504959230919305,30.300817757009348
1.2939734842067434,26.534040671971702
2.2762811930827347,11.488307714722815
1.4405722934535872,8.490945674044255
0.5447439413325703,12.20026556275873
1.617271836141119,18.45405005026189
-0.003256651544415179,7.562124108350041
1.070881214720762,21.99074074074074
0.9219890043012136,7.264957264957268
1.2152864850178615,11.176470588235283
0.434177710665377,5.003415300546443
0.5169905454408149,10.990099009900987
2.59209363293913,33.99621212121212
1.9223423183011499,30.551005212211464
0.23236336050160078,11.658653846153847
1.754881367452509,16.751209154181907
0.22543622879942632,11.997052321296977
2.4698336682754,31.326781326781315
2.893182199048986,35.80435224730527
0.1605717670843796,12.604620020087047
1.8340915133967877,34.172034861690044
1.261281786188256,16.241685144124176
0.4820420186646016,15.541770057899093
1.666321916954828,18.168168168168158
1.149212971682204,20.414201183431942
1.0408626974400648,17.718236819360413
1.9123315360722009,28.393803505911123
0.680259798506053,4.243807040417217
2.0761667012127836,20.258515069835823
1.1652372777037256,12.9548358424532
1.0699834957530636,36.989532655167324
1.2822371071863325,14.43428722840487
2.005320553181797,14.364972259709106
2.1605071296377916,25.8312020460358
0.595609529056442,10.991379310344826
1.3191994147818418,19.84459984459984
1.1689527245252074,13.244268513936987
2.2232374498289085,35.01291248206599
1.3373057074398378,22.882805816937555
1.1321676316374412,11.979655712050082
1.3588210033737074,18.75
2.1463652221624083,10.899510030507528
0.24103956024712747,14.802354920100925
2.532943795111008,29.48717948717949
0.38086483679225397,4.107142857142854
0.8203017629383158,15.202333211811876
0.5051038102312237,15.197848092305506
2.3184281270706197,39.37759336099585
1.546650613387564,27.744360902255636
0.3269056202369271,16.73559415494899
1.4216854186185912,19.92110453648914
0.46668078624623693,13.851791530944617
0.6678503237451495,18.02083333333333
0.7574816056344207,14.738805970149258
2.2742361197111105,30.0
-0.31817010067884965,12.490287490287493
1.9189722816464099,33.20189850310333
0.5228749335383571,5.69723277265328
1.4526379932974391,9.335443037974692
0.4749743342317362,8.048978644382544
2.561403185296323,31.42857142857143
1.6505944042272784,31.869969040247682
0.18802629923559613,19.93355481727575
0.9451538540731663,15.875169606512891
0.7951882347581506,10.047281323877073
1.7708067951173105,29.047239915074307
0.016946398446464422,8.301449275362316
1.9231233935025274,32.33155286697985
1.545816796865633,11.320615202602788
-0.26520841594200883,9.943885129559334
0.26259477493885663,8.817013735046515
1.0210666077097204,20.171495171495167
1.0990530859487937,17.41420459221463
2.189780953926116,18.354818907305088
0.2903823596388316,5.083869060814308
1.2179950327526363,18.697123519458536
2.3723057800811165,29.29707173177927
0.9673151070921366,18.01121656600518
0.06920102465928996,6.712043864624697
-0.22941678537404292,12.105390966488585
1.7418321228552496,26.494644595910408
1.8717895186119566,28.42787978441583
0.1765071309692393,11.147186147186147
0.9031865437371239,22.19251336898396
0.9573369153324893,16.080817184918132
0.8560233183497971,16.111748947569836
0.4656505705667145,18.68884540117417
1.6749805896109522,10.111594991834515
1.8304235053148026,19.308510638297875
2.6257972950963646,27.83901377810008
0.7548392404146672,8.906493268614348
1.2481878015028058,18.252702463228772
1.199729696295973,12.164809186085783
0.6576582951800436,12.706552706552706
0.9198553767964365,16.04444444444445
1.0592537638162052,25.170614211160185
0.7684266609567141,23.48049067849471
1.2251576504087272,27.484101748807632
1.1812188884074708,14.153846153846153
1.5294904850591613,35.89743589743589
1.2885103309180885,11.573450134770894
1.9761540131025646,23.407930899096982
2.240638365367238,26.271929824561397
0.6378882221735751,17.49518641694381
0.9142779231519333,17.50367858742242
0.3731711778468696,7.349810237896882
1.309702780341528,22.710622710622715
1.9662715563575164,29.02693787795493
2.485757747113544,26.068376068376068
0.4689856130817104,16.844349680170573
2.474602862926696,31.36062283316101
1.1907748311256088,8.531091812566757
1.1692029089243212,29.418604651162788
0.20666342694224893,24.262371253775257
2.7655295344803412,32.82646048109965
1.351701204718955,16.309523809523803
0.6381036362638571,13.29365079365079
0.4522789847562487,2.9166666666666643
0.6799791752236716,17.842465753424655
1.2813281851913476,19.9373286329808
1.4985311450897152,18.531468531468526
2.8239602458270765,25.09049773755656
1.1298435725839027,16.51785714285714
1.149782458463446,22.779922779922778
1.6928349984470081,20.81943043377047
0.04855954345562541,8.461210571185
1.5029609362243037,18.57026587086272
0.27774288901174643,10.298102981029814
1.1526875684767692,19.43119891008174
1.435868427127434,9.049868037227398
1.4614264320293833,16.59827009280889
-0.2656107302801925,7.058213597985485
1.7637042025260536,15.38784067085954
1.6127396462096701,18.455134135060135
0.0209413260335583,11.611419812224561
1.5100021740657161,20.270270270270274
0.8463152824494576,6.6099657945825925
0.6528379975722993,20.060396893874028
1.1208625777745922,19.843438058211625
0.7960951784351173,1.3513513513513544
1.2444869264555216,20.21486046909775
1.7293740644820688,19.578804347826093
1.6215969638895262,20.078384082001804
1.7427259740226373,15.92775041050902
1.2853125910004852,19.179799426934096
1.2957081554059255,31.671511627906987
-0.3352505229631392,11.222760290556892
0.6142983181586653,14.81573705179283
0.7690608960462098,14.62750049843823
2.217149794032392,32.83941236068896
1.1051028494138877,15.815579769068144
0.7760581943483558,12.443609022556394
0.8155403539115386,4.444444444444443
2.4606048132198786,28.902431282930237
2.096662908353355,22.99787384833452
0.7454992582152469,5.481306778476593
0.047128324982334574,9.59086450889729
1.6814370088024078,14.14835164835165
1.161489498297421,29.056603773584904
1.112225765737663,16.536597105236005
1.846598648533721,19.31440443213296
0.10229031437873727,6.944444444444443
0.9551670512283044,21.89010989010989
-0.1492369794518948,11.288014311270125
1.0705785838155273,10.843904157857637
-0.2538452971318177,7.38119312436806
1.3227562171006353,20.35714285714286
0.5759875934480017,5.802968960863694
0.1862797058902719,9.007887090078874
1.6247942292136435,18.20330969267139
1.0004926337870679,9.163685913813659
0.8189307247009247,16.36608131624743
1.5591446573651293,29.95398331895312
1.1408597273606365,20.970072239422088
1.352247742560058,14.788564621798699
1.846925505040581,19.222122302158276
0.485054180265681,8.42163970998326
1.7504024227115644,25.852272727272727
1.3405418848519843,21.284194528875382
0.9260370336466224,27.113553113553117
0.3699825120990958,14.144278144464074
0.7409803439669997,2.8191320874247694
1.1242967895637301,9.01201602136181
0.11304807389994836,14.369645042839657
0.7283521163068949,23.535353535353536
0.6085430483228599,13.876967095851207
1.8123440828414137,27.515294843452786
0.11800934166591875,14.930906639703402
0.3184899457831374,8.553230209281175
0.8006093464502093,19.12789960704778
1.3637570982467604,26.25488504288687
0.641053604795411,9.886877828054303
1.3517403216904302,33.137879041715536
1.6105078442612266,28.223991691189205
1.4921760980785106,18.36898395721925
0.9836237166183148,15.007335988262412
1.8494997545012914,19.237147595356547
1.3220858162963527,9.312589650226194
1.9582109751584453,20.227920227920237
1.3153620775683685,16.622073578595327
0.8367403990907276,6.682203199928296
0.8280619163814774,16.831474857984425
1.2309706102834947,19.75671140939597
2.5628058849086,38.14821010371362
0.05527039330693245,11.70518692086484
1.1818731199461412,16.974145771079634
0.4286926312962131,7.387078330474559
0.9648576940237297,20.238095238095227
1.6484547262961673,33.133079847908746
1.150061462557312,12.712352433054996
-0.2401344853189678,3.7990196078431353
1.6416811536257037,26.21905476369092
2.4561317821409303,23.143812709030094
0.5088082369436993,14.096969696969694
-0.10419898592495404,9.483709273182953
0.3181387513215126,15.380835380835371
1.8523463291266744,34.11741187445858
0.38534419164563516,11.550210003818243
0.2307204555601658,13.453949817586185
0.985103087862599,14.411193502824851
1.8118531465356194,15.78737010391687
0.8597911241227603,9.231733524355299
1.7083394408031303,21.111481975967948
-0.10625560322220948,5.517241379310349
1.5762959768774465,25.42039355992845
0.9054936583836505,10.088951310861432
1.7291014728643632,29.818454818454818
1.829086964277888,14.768976897689768
1.1291528384240443,20.628654970760223
0.5470939884147533,12.642649362273438
1.3359039005835855,17.950310559006212
1.8935857951860515,20.636655011655016
0.042248399278275894,9.894957983193272
1.7551190765737923,11.445118587975735
0.8951512965952927,15.35001729904279
0.7247426091585234,11.730343114214726
1.5889252759869157,22.641374884118946
2.062695880466819,20.46130952380951
0.61001197924444,10.733137829912017
2.0716377427867307,31.42821797488712
1.327516238037072,8.042910659552739
0.9193405859316434,30.308806709874197
1.9813739496503593,31.752222020678396
1.1660451706024642,18.478847884788472
-0.13491198939445004,8.79288790109738
1.1032061610965105,23.219205037386857
0.9959143995080078,17.448680351906148
-0.8473981126207775,-0.046904315196997004
0.9624425710411918,22.285567539804823
1.277394775735125,17.473684210526315
1.6617966269985858,20.537015726889152
-0.3685088935178,-4.993065187239942
2.501983452836838,32.719638242894064
1.0379186547985884,17.714635306913195
1.7229448794655937,26.316688006828862
1.2977381476574301,21.92631157388866
0.9129027304984836,19.838056680161934
0.5006065328008286,17.02380952380951
1.4170311629776817,22.2577209797657
-0.1849561214780462,2.505581741503349
-0.05592891103049802,4.438775510204074
0.8562367061996757,18.181818181818173
1.7387532738005835,25.192722787542408
0.9929393949243397,16.34576326265335
0.48133857095990007,24.4
0.9422303702636621,21.124744376278116
1.9274601845323889,31.20716921454929
1.037239962614556,16.045232273838636
1.445913811328572,14.248366013071902
0.8899734269173114,18.22641509433962
1.9590557087286116,21.43617021276596
1.9126527081648135,20.609318996415766
0.5450569866216923,26.56003604415409
1.2727410725108301,21.863799283154115
1.3427342465915624,25.34944872445449
0.26774094100228135,18.444444444444443
0.35224855410777867,12.81699070160608
1.2706725926529483,21.73913043478261
0.830085895342004,16.590909090909093
0.4285853127408795,6.639585376103092
1.280872051354713,17.794585987261144
0.2717399207253066,15.55306762203314
2.1336779453648305,37.184832241413545
1.8845519718184904,30.60416666666667
1.7744766594971753,29.911555748876317
-0.6284016816296873,3.3849329205366416
1.2220839697427532,13.110410094637224
0.9946004896571619,19.73399319517477
1.9228329201973544,27.636054421768698
1.1285090806697173,19.83941983941984
0.4579679687847633,9.33957722438619
1.9762914519496335,27.931387608806965
1.610407970789691,20.46854942233633
1.089083991103633,15.849835614343604
0.3228995252512744,9.393247017009394
1.751852304834945,18.749999999999986
2.552324720864954,39.25244010647737
0.940035317501915,13.242662848962063
1.3478053407301867,19.97841232460013
1.8180945925434582,21.38051550895588
1.7666866997656197,19.60741229033912
0.3580540051624582,20.57873090481786
2.0470142157085958,24.263374485596707
-0.29010813376789324,4.286997817995115
0.5008767404129483,8.994974874371856
1.1583154952749721,10.707834725671702
0.8031363715895603,19.15257648953301
1.5616839104196818,25.557011795543907
0.8936741097267575,14.929401993355484
0.5410564824176448,14.5625
0.7918584589766894,20.66863323500492
2.898871241884758,25.256341068537502
2.1990258151358497,23.216195569136744
0.865022142629531,18.840579710144915
0.24450564447457523,6.758474576271183
1.3370710439685922,11.372508732278604
1.0041433950688112,17.342342342342334
2.4440776273850755,41.247124968055196
1.4100966773622747,20.808080808080803
1.230741939053221,27.911547911547913
1.1979468121958723,19.797120418848166
1.3523781707583558,17.792642140468224
1.1900529622771088,23.323500491642086
1.4915427526092246,19.808266932270918
1.6997962654112984,13.701287250925766
0.8393612323328434,6.898656898656903
2.261785366113406,30.12548603746908
1.6335093655413186,31.43383520742011
2.5044010477264296,28.13964386129335
0.8186355221502029,17.951936872309908
1.7260287549285571,30.1838456901748
1.4394848744533584,21.933657240728444
1.854595113509371,12.414965986394556
0.6190846394394143,17.69253820797124
1.8563371991725637,32.255319148936174
1.6960909683633274,19.097669097669097
1.4391665622219891,26.948215183509305
1.308545600887185,24.898018648018635
2.0063585293499684,29.996999699970004
1.8074894776675277,26.217948717948723
0.3870752927312385,17.5729115175482
2.2201521598314518,25.780707841776547
1.0751263436460863,18.393574297188756
1.6458138878793687,27.41677820474073
2.065472290437956,18.732782369146
0.9509978731089681,16.16310160427807
0.8515712150064152,22.628968253968267
1.7003425829514394,27.430013216388318
1.508230048474904,18.604505632040052
0.4737150700054703,14.89495798319328
0.4662205131632374,13.1946649730073
1.095997460968635,27.295918367346935
0.5375869168122063,12.958340761870808
0.9535144322768836,16.308784383318546
1.6692533839130925,26.36278195488721
1.3320526461326718,18.872249388753055
1.458984732922607,17.204856626194783
1.4369221513561943,11.928721174004195
1.0242912070132844,20.534069981583784
1.317382591376778,7.073455110765643
0.9877855638442261,11.915423854211298
2.6519082731398638,47.78892604979562
2.1672878050833524,22.463851937536155
1.875153285041864,37.46495134421904
0.8788127254065565,17.61796341367669
0.14427190397855016,6.66425208257877
2.7116663040519224,29.743589743589745
1.9466635607256098,27.30694980694981
1.5842380831055376,24.221961244862
1.2736690717207138,24.035673250533456
1.316368467067317,25.486996430392658
1.030576897723299,25.806451612903224
1.7677562593794707,21.66666666666667
2.4784934460131725,27.980274442538587
0.501532337567044,12.881355932203391
0.4416567412389391,16.042176614573528
0.08625013553434269,7.164939079832699
0.931308568552589,16.14401858304297
0.4430227363099203,10.299003322259132
1.8866925033166118,22.518080210387893
2.525762254566038,41.02040816326531
1.0041245747728647,5.857988165680474
1.2631410961828202,22.515212981744412
-0.10724580025195174,14.052741151977798
2.5897357886592216,34.95914198161389
0.7422845741933347,10.771034887129872
1.0571049259948253,18.9159454305413
2.168251414617789,30.851964769647694
1.1693191599141617,15.885295486272675
0.03129508409100229,14.729299363057322
-0.05338546889800572,10.967741935483872
2.0874834576171155,13.729548590577572
2.2632808230695947,29.428355577940067
1.9465951521721698,17.364106988783433
1.1490199632474067,18.303030303030305
1.2363316359427885,18.545777221004286
0.7422961754971831,18.9090909090909
-0.019210620532479628,-2.3777340869992614
0.8511216548430398,23.47169811320755
1.5386088384394838,3.4257240734973493
0.8151669884537138,16.287878787878782
2.0599168580231932,35.91558357997684
1.2364503063585963,22.703379224030023
0.7932916617796936,16.322204557498672
0.7541935949172132,9.979679385865879
0.5984916231941777,10.638297872340424
0.9024590737980666,19.32320045884714
0.19637794359196203,7.008196721311464
1.082910972153817,18.00925925925926
0.8168395164438499,23.510114816839803
1.5333104278647727,16.85227715907613
3.0532105273966748,30.874861572536
1.4210757076172094,21.69035153328347
2.3990579367649367,23.159028593811207
1.2260333486709194,12.215116279069761
1.895749219074031,25.726307353235832
1.0776861669874258,20.742680633897393
1.1230628234674054,23.807106598984774
-0.5246642089893925,-2.2014925373134346
2.190329936459011,10.101483216237312
0.3658568766622611,15.728476821192046
0.29423508206567983,9.77584059775841
1.7835074475248067,25.973915989159906
1.0077114375113985,12.62626262626263
0.38210591746356903,16.22807017543859
0.6668373796683322,17.81179758216389
0.7259297500438202,14.05889884763124
1.4840824451929162,28.476190476190474
2.075761921745756,29.354636591478695
1.0396714724405196,15.961830405551943
1.5761038176547766,17.68033946251768
1.0347314327022428,16.138364779874216
0.8252560994509732,23.302207130730054
1.8719266136641215,11.367406178726931
0.5267541199979494,15.22516482288524
1.8187258432223585,23.396300669027944
0.7250082321275113,13.13681868743047
1.5643124878884864,16.433566433566426
0.8629978640442528,14.020486555697822
2.2932300203000655,31.951123374063854
1.4262844103449226,24.810606060606062
1.2445950136596933,8.386211627508146
1.0465532154029127,16.19348054679284
0.32018486810719543,9.762671750706723
-0.37284104941311536,7.492175273865421
2.3435201241710915,17.83869267264101
2.5566713282716425,36.04261796042618
0.904911159399601,15.127078983368122
1.1958674528095192,19.601749539594834
2.4330889950669565,42.14929214929214
1.4704005734170165,18.329960592182346
2.3682828943313767,33.571428571428584
0.6905770871650186,7.724515081603009
0.6928760026719478,28.04539138490042
1.6774404535803333,24.82635342185904
1.401519150785745,13.3109431849986
0.8248540625415606,10.462204007285983
0.8435664099313664,19.821046489009916
2.0425544690771393,23.313748531139836
1.6658572974750048,27.681718986066812
0.695950544903555,11.485826001955033
0.2232101126098751,5.226764287166972
1.6144305567929014,29.954246496997413
0.07706893484782779,21.62410046564132
1.8320741112007783,15.33401849948612
0.735580009194061,18.808551525342303
1.0108938390328073,19.290663373808044
0.9427108783159857,15.017241379310349
2.533500429922676,33.185840707964616
1.6802466743587146,27.902097902097907
1.297905678820028,40.287235359663235
2.8423440401452025,35.242839352428405
1.123561606645737,17.64705882352942
1.0627382162708525,15.69542964891803
1.1690852538201186,21.153846153846153
2.0121474773156383,28.150580620597758
1.4807956621396612,12.341597796143255
1.870320901341856,21.03534698816005
1.955374258502022,23.623379064085704
0.7462279661344015,11.07081911262798
1.7316513740203203,16.684563758389267
1.5168728748184024,24.37865497076023
-0.04195207482835711,3.3648542159180437
2.564436127299887,38.95357985837923
0.24906700337835136,16.388645010242904
1.5080563645943084,20.673076923076934
0.3293948970104242,19.52202706593723
1.647540299325736,23.79807692307692
1.2283610355938828,10.573990202421669
1.435198252780325,4.359243697479002
1.84690230386075,32.108287961282514
1.425917723662101,19.313482216708017
0.692285508649316,16.086900297426602
1.8287885101867696,21.27272727272726
0.7153809193460431,27.24578203374373
0.24305830761386063,17.186793306196293
0.49210736626369445,18.92068601317709
0.40762117978831663,17.538190364277312
2.0430095809337865,35.90641120117908
0.9689965922842126,20.832068023079266
-0.2764386620418146,-2.5830508474576277
1.087449285159946,20.111358574610243
0.7046739483888377,17.210646754185234
2.3145670825277493,29.363060501770676
2.2130353117057053,34.05388471177946
2.0183849899464015,34.967320261437905
0.8127910881523508,22.669039145907476
0.7234147167265255,10.582928521859813
1.7251382554703305,31.33319510678001
1.2508572399343523,23.15563344451354
0.6058655349554232,8.804191493733306
1.1572937811260733,9.462511291779578
1.2865894299428902,23.974098923388972
2.3755429334938674,17.0020964360587
1.3542337533886715,18.800336578915726
1.796714915552248,30.18442504480545
1.7827876781741185,22.741244411326385
2.043379072148301,12.771535580524336
1.0828348429615136,19.924812030075188
1.907433118239509,21.339563862928337
1.0228543541542874,17.001748251748253
0.7521216947045786,10.3003003003003
0.3255133046536281,11.071428571428562
1.069009228661981,9.458689458689456
-0.0016194958035784524,12.400072674418603
1.455824316847733,23.04817275747508
0.39756326309417894,8.362779740871602
0.9989393521491353,15.81970576167869
3.0215812872412915,23.516563523844198
1.2803341009009686,16.3109756097561
1.8461438640211243,27.5
2.018600985304857,26.460113960113972
1.8151793273203798,31.754264021814684
0.6538520743088954,11.891460494812442
0.7644343955617573,13.92643565167527
1.075944601609182,14.91228070175437
1.270126378419556,12.003693444136651
1.6491474909435992,33.115111838516086
1.440377643099786,17.49311294765839
1.6525795642431989,28.214285714285715
0.3741341069554473,9.040926002480347
0.7329118173585825,13.009049773755656
0.8031245943446805,27.157598499061905
0.14069312180877186,8.510638297872347
1.8752675080712127,33.569768863886516
1.2061066861760676,13.489982686124165
1.8062878279957644,26.992426974395954
0.0921682292842739,-5.594405594405593
2.0558107191946102,17.55357142857143
1.4317062102058977,23.81606897413471
-0.18379669081817607,8.55222278709823
0.981303910029033,17.517956903431767
1.4335001238071128,18.544207317073173
0.9309815550240704,12.975066569837814
1.613138825147257,14.979023646071703
0.05537863165214507,12.675755145682977
0.907300603941194,16.059757236227824
0.844904302785645,13.574348356957053
0.1091889614525462,8.808093924146512
1.194915523386384,20.529100529100532
0.6992379467957509,13.501077523443406
0.6410880716308496,9.006230337425201
1.7215160328454169,34.11922967997735
0.5298921280784588,11.607724018225205
1.6944564034314111,19.505604176262857
1.4572671319983017,29.329233134729954
0.8335068474319562,11.142925316153658
0.9470823271425106,14.598200434377901
0.8266820548709228,9.708737864077662
1.187655782688837,23.77087560480723
1.0145728589838678,9.091501989173679
0.4898593841619698,17.53623188405797
1.5978581139615966,22.802197802197796
1.7035072664350879,26.069376463077248
0.5831249086557746,18.38553603259485
2.9431252925475198,33.333333333333336
1.6958614187375072,25.610256410256397
1.2015867286965949,24.349206349206348
0.295623425953072,15.065432492818388
1.468200724422044,29.348423753665685
1.0075356398044886,23.419052240012945
2.250319205292595,13.4281015037594
1.765050571656816,19.542810490866415
2.4152951193515944,20.845383759733032
0.7404994669324425,5.142857142857139
-0.3000408693743375,12.541941455513125
1.2404564910665188,15.8125029092771
-0.2951839090061322,6.549796952273731
2.0735567837279207,23.77433732113535
2.685859865262076,44.962564035202945
1.7673517168802542,19.585338763420957
1.6422126735099425,19.64811598580382
1.061617339802496,17.521533759377597
1.4976392069517488,18.229467418824683
1.0791409204366162,15.404040404040394
2.1879138107469545,22.26107226107227
0.5926246612290684,20.105105105105096
2.384309643093162,30.454042081949062
1.8829751406413708,29.64704666425508
0.756431531918769,21.992320819112628
1.7070103240642827,34.70886518622136
0.09766882800035395,6.570316842690374
1.2215696511102245,24.59147070546036
0.3633979667995848,18.940217391304344
2.1015549202564743,22.55679287305123
1.948122926321081,31.21951219512195
1.977142797411048,24.840929749383207
0.20053209748755976,0.5244755244755339
0.042905430160958824,8.250925503321675
0.9260946577128989,6.17631881871948
1.385769592918612,19.236249643773156
2.3339666785045705,25.28188865398168
2.6223079132097373,38.77665021878783
0.7834450709564937,12.063365811625907
0.33243222523206867,13.649425287356316
1.0843329360409497,21.768707482993193
0.9695300136927724,19.754879182156138
0.9640512542759555,20.75634392707562
2.099131954256529,18.349600709849156
1.453543774971791,16.767123287671232
0.7688596925997375,9.027777777777779
0.963977202716611,20.70118369928617
0.9097665388760509,20.64494680851064
0.923367254591173,18.829268292682926
1.4337069957620496,7.423320205275097
0.4838420435086741,8.01108801108802
0.8780949899435235,14.422986340084783
0.034453091903332234,7.942708333333343
1.03791520990694,10.525867575047904
1.582024420619184,21.320921985815602
1.796670780899698,33.37719298245614
2.0095652046481636,25.729442970822276
1.4969245855850084,35.77910040003902
1.3914721400772245,16.53864455169601
0.09862771387246878,4.06842348589921
2.233919892924587,26.26633986928104
1.2410534639408952,17.867010499171123
0.838243206931625,16.388888888888893
1.1812766333360605,21.57338308457711
1.3241570976645498,22.854700854700845
0.5538787092221319,14.590826094173622
1.15647672798112,17.925407925407917
0.41564789114966644,9.104654930338043
-0.2490176991661885,-0.35286569717707295
0.45342397337768675,11.703260483748288
1.3474505711204208,19.547971860499928
2.4083790965639267,25.652659500209424
2.3304686132975196,24.696812196812203
2.392939004147483,18.69419642857143
2.0806056719268056,29.689932537623257
0.7743033600121183,2.21643457000107
0.19245501049284808,9.456635318704294
1.033690332268157,19.53665930611176
2.2898794207077966,23.24076349635456
1.458903612202092,11.500268384326361
-0.05829000292788966,12.980942107155691
1.7221254187703312,26.81269428178993
1.594834521117189,26.18985241463627
0.3993743228273198,11.075110456553752
1.5502375072053405,10.884985084521048
0.7541173203645573,9.293261735666036
1.460584348960002,28.020717721050694
0.020292579587961213,12.04099597585514
2.243766925246678,35.64063185607722
1.8262864223394297,22.5
2.2651059020249504,28.55392156862746
1.1638732165186076,6.961038961038959
0.12440382326587558,19.01807391421635
1.8153645933801477,22.182054134223208
0.038985211610217896,9.299129638112689
1.0133036924730792,12.554112554112564
1.230386768178656,30.858395989974937
1.2087650347531573,16.476314081765096
0.9341860687194177,21.090254283531586
0.4320895819894779,5.229681978798588
0.9788370612110205,19.02819521969372
2.1468828807658076,31.447217441193338
1.7674372158067533,28.79145842798728
1.739809373737979,19.015770786887956
-0.51802151299457,6.116404841617303
1.0450579936327697,12.154273136185274
1.7765591088723511,7.362507392075706
0.5200293410128108,15.849673202614376
1.5658881851958248,13.8616417139907
0.8345293419061599,20.524130773222623
1.0184440978254334,21.28654970760234
1.7409802374810994,25.165855816010613
-0.1563089473163488,6.507014997581038
-0.04492846120486613,8.249327956989248
0.5027115833100483,14.625538222630055
0.5356045403683349,13.690476190476183
0.9348240909099672,14.280140460397966
0.9416648038588987,20.93689508323655
2.3088490840855753,36.51477832512315
1.0154210931268306,17.55760368663595
0.6743908380509376,7.586383852206637
0.9276357062762071,26.565398305509596
1.595353190064749,18.176852913867492
0.9026847707486616,8.924570575056016
0.9388936272513002,11.520633126059927
0.15600364269495018,4.0710878946173
0.08266723445965676,6.953902566788898
0.7663553568715555,4.444444444444443
2.4064350838929114,39.922480620155035
1.5695592350926926,22.418202663374203
2.4181245201740293,37.28792721908041
1.7113282785398214,12.474489795918366
0.9982137048543017,29.63514519731943
0.6983121573902942,13.883888388838884
0.5949305752596481,13.507905138339922
2.4508145321058237,39.67147834743655
0.5117285626755775,14.675183050319355
2.2982135092841043,26.785714285714285
1.5961942129203956,16.583572756464427
1.4150000621878567,23.561643835616437
1.5975984060936748,16.2999125619353
0.6285996760709452,16.514690982776074
1.0830197135548092,9.367975325422123
0.27129553394454164,4.8148148148148096
0.30891665834796905,17.87967718268525
3.028220279811559,32.674783115841656
1.5899935060537762,18.57142857142857
1.2633060417440056,24.746884735202507
0.250016363766842,11.292854192482444
1.2375326558227129,23.337339743589737
2.4154189069364316,27.06349206349207
2.70654816190057,27.240924470952578
0.6998109212890923,20.39739973016068
1.0362202344691622,17.505010020040082
1.2567970555804,19.67291967291967
0.9551879606127884,17.57725033587102
0.16709401154255704,13.072815818811243
0.6382848772265295,11.530363475177303
0.24338647482439663,5.1286976565501305
0.0856653380143604,3.248608813355389
1.0107658764835434,15.447154471544707
2.7047515318224966,32.030293757649936
0.958628022663653,7.506053268765129
0.5428386058727793,7.1895424836601265
1.5611072695553672,31.704922983992752
1.2410006167194343,20.73656270736562
0.6422118797307987,11.016949152542374
1.3701709318012103,29.44736842105263
1.2279158375132448,21.45137880986939
0.43675765750025286,12.727272727272727
1.4255588286629264,19.964349376114093
1.0976735997971971,17.432208079690092
0.9778381678317412,22.490421455938694
0.8188721176058126,18.071161048689127
2.0209849919210985,24.277016742770165
0.5783754860301161,16.666666666666664
1.108753904331848,12.390488110137674
1.41571190201836,18.618511234280952
0.31998053274462807,8.681084374048119
1.5351057306814868,30.644004589787713
1.6184785191255786,24.496466431095406
0.5234955438595308,10.975609756097562
2.068445700429292,23.127272727272732
0.7013138382357406,19.84574502560114
2.600772279288308,31.490536277602523
0.18953591034847628,10.026278552658184
0.985574085871461,13.015873015873012
0.6628653697105276,22.173539518900355
2.0782085916449184,21.951871657754012
1.421264453578957,14.014352047277335
2.3861401317950452,42.95912653975365
0.459062119436691,16.407509244334882
2.7204962312752823,40.612002376708254
-0.19696099163078673,11.403508771929829
1.5049223712658486,30.894777265745013
0.8940238272720417,25.422535211267608
0.9629412340707786,19.44136145024048
1.3753770628862263,22.215832854130724
1.6250998311585918,25.035561877667128
1.2850282289052746,16.047297297297305
1.7710833231094505,15.5975563192058
-0.11509730924881001,3.1243700866760804
0.9655823880537097,14.141414141414145
0.37117810782100846,15.27169505271695
0.9545774287622775,19.377941477388987
1.2111476174426572,16.609289463287993
1.134047348750499,17.196870925684486
0.7692882061332997,16.423286604361373
1.0305336976170656,9.298029556650242
0.7786349490440043,23.164146868250533
0.7697725117059933,5.980066445182715
0.36065852192314296,20.307905206711645
1.5024030808924018,14.178486997635936
2.414379698459327,25.720551378446125
1.2630050791385878,19.876893939393938
1.4677691243273883,18.602949454013284
0.9307820089785235,18.02236198462613
1.191134061975886,25.73568753344034
1.8107647487048963,24.587087087087077
0.41032708676884344,11.29918981481481
-0.34230767712107474,3.660197480422198
-0.10551925173643512,7.864072936473107
1.9322047806182936,27.186512118018953
1.6776770070802802,26.718342165625245
2.2335693231792995,33.155046163642155
2.0090146350908054,29.618994256898723
2.2267322171060524,23.316912972085383
1.59387126605403,23.388498450842583
1.2277870570694973,16.666666666666657
0.35044249635339586,14.888888888888886
1.742526139516703,23.070342205323193
1.8168752200932639,26.0
0.2885412171509147,8.705326102072043
0.5483765744071294,12.363636363636367
0.9918622804813786,13.16216367399452
2.1681424098295983,22.281813749390544
0.9852708201287143,23.8031199569661
0.24462192634266877,11.039147956246403
0.9191537928740627,21.60493827160493
0.6711715355429412,13.903345724907062
1.4444149599319718,32.32394366197183
1.4697604880168256,26.002258610954264
1.123670037542299,14.182298879516559
1.4720263215567075,17.509095634095644
1.986821251262462,26.109756097560975
1.039312502245748,25.279503105590067
1.4978777533926833,29.098242581388654
0.4422875248337427,10.301181852840259
1.278946712394852,23.53554304773818
1.8843474314874413,36.23338870431894
1.2986083713577259,17.1104054714216
0.7701459059901451,10.875
1.314667322212984,23.96255060728747
0.3050838881422383,9.748243559718972
1.7902573721978654,21.913917413152724
1.892104401961,15.379505065603723
0.41734472757515156,13.141025641025635
2.119658767139298,29.850920783396674
1.0339866854728632,19.106603366422092
0.977954072495846,12.434741338395824
0.6629105806863105,13.993793268083067
0.9033995557742031,16.238244514106597
0.7788858628093044,11.873713109128346
0.3382390348283335,8.587983173267716
0.2673989356973837,12.907153729071538
0.13402948974937645,4.68574635241302
0.6243723144894551,13.178136273909182
1.6161252402642072,17.85201149425287
2.3586835474354015,45.88744588744589
0.5566511952014975,18.02418283284613
0.5996482369664791,8.002293817120218
0.18043085568620973,12.579758515755366
1.7241478287761365,20.076440470181005
0.4089165614829386,14.404677533664064
1.4065354279516842,30.15437392795883
1.6639166245512798,25.94741480611046
1.2238418976381227,14.908008658008661
1.6487786559040467,16.445251686559416
0.03843184879728756,11.002358490566039
0.3174105673969655,7.273457906369288
1.5607456621936409,30.154471544715463
2.376558523020913,20.366474380726167
-0.053018604465398605,12.109720642143849
1.2504151296883843,16.384180790960443
0.250493747246793,13.736654804270465
1.0208944695483586,12.493755897208182
1.5155169689089543,20.61072135276129
2.004195108816923,27.301231802911524
2.0446683181658307,27.597402597402585
1.5298752898581123,39.65054564971077
0.15298460701274458,16.968524705468617
0.4412247548407878,5.370303249969801
1.0488885241185522,22.43096123207647
1.0809780580002766,20.779328680624786
1.4380973433507271,20.728465083303796
2.5263254075210413,24.483043837882555
0.8347784539428149,14.818848887869748
1.1973633722659605,22.598084646277414
1.2359070893321487,16.709677419354833
1.9972991999955112,23.823877068557913
0.551866235434512,9.016949152542374
1.272709552817402,13.524637681159433
2.2829559800610695,32.23418945042806
1.328182427330922,10.050167224080262
0.8109613781589555,6.735193343122852
0.8451065134537488,14.640048396854205
1.9435408283014641,28.98785911768241
0.2577202491103558,10.0
1.2064722149351044,25.494553376906325
0.6232288494298661,17.529076667457865
1.98168609049111,26.662379421221864
1.3545863652268233,18.172690763052202
1.455316582496526,23.509803921568633
2.1365102474984883,23.586956521739133
1.8241264492920497,25.396580933312798
0.6507561931750434,15.691104027818021
1.3587308648149796,20.094562647754124
2.5414883532942683,35.02035278154681
0.8852375000525332,15.145095017976367
0.507241873851298,10.57970252798654
0.2623532290066096,6.768021218149087
0.5157317726859157,23.50713012477719
1.752389279588681,21.625978811607553
1.2227661499927178,16.424736528136805
1.2359624061748713,29.735568613895616
1.5256280758562344,26.3123431190658
1.5839606026543929,14.375
0.3380737010398029,11.15765422696115
0.44598118635610745,24.149443561208265
-0.3410653800072965,0.4459308807134832
0.09902828971677417,2.857142857142861
0.8252509343449808,8.439371257485028
0.006951448830279237,8.917722943073585
1.5950944734783394,22.127288578901478
1.5760178085550782,15.668202764976954
0.4038092518929707,19.777265745007682
1.0287266124561472,17.008706467661696
0.49262753406493703,21.178120617110793
0.9806744810071654,21.93930575763875
0.4500012472919592,14.898177920685946
1.7273666899578235,18.857142857142854
0.2803602030969737,9.125766871165638
2.1178287328468848,34.14766558089035
1.72338233235572,31.93298324581145
0.7757052273203408,24.022382718459248
0.9804910759179376,19.831730769230774
0.7291317293458861,11.647699640112826
1.7751161831787272,25.73116060627624
2.524535860781934,33.33333333333334
1.8716654678899167,19.145038167938935
-0.20449143909322537,11.826309067688378
0.8020880076495065,12.705110173464604
0.4170820794283633,5.747888756245295
2.7681660839699127,35.883458646616546
0.2175881484805747,11.365812447197975
0.6762291605543986,19.707854406130274
0.21310811355558829,7.778015856010285
1.2330701340595458,2.950558213716107
0.7319768162051624,10.870025963015948
2.108330096786285,17.92727979778339
2.0277618602045466,23.177673390439345
0.7059396850616778,14.117146805570329
0.4087331259266814,11.475883315683063
0.03786611212407276,0.7328722002635004
2.66001849940556,34.848484848484844
0.6948668470103238,19.908544330595305
0.08100242991875327,4.417475728155345
0.7541551949199928,16.585365853658544
-0.630996692191615,6.5902201133517835
0.9340558525062157,10.075518592868761
1.7566645035890878,17.474354439334988
1.9693046847522933,20.795284741823025
1.1404331232045912,24.347826086956523
-0.6476168172524214,-4.03504541435575
0.8865273929201583,29.491978609625676
0.8376105634786702,17.861305361305355
0.8175023084583611,18.729697974980986
1.1467345642722717,11.542435424354245
0.08184521932150692,5.909090909090914
0.877259212109848,16.761458681833382
0.9671140358409063,20.783410138248847
0.6298262388135009,11.20708506450908
1.432773567795782,34.82866043613707
1.5677047260043173,15.367816809134588
1.2943064783771074,15.335868187579209
0.10334655565156325,8.53139757249346
2.2976617935314816,23.52941176470589
1.9272715115912429,28.98082309847016
1.0707717353823862,16.248839368616515
0.4635300516229165,15.268987341772153
0.13859383225100064,4.734174485064173
2.0334109849022157,23.448380260369355
0.6171378086977689,1.6927899686520362
0.8740268006730527,8.10126582278481
1.0514704592027626,15.24015890213073
1.4762796500267519,15.246834821866727
1.6991574496884523,21.050724637681164
0.5733723548503967,5.05822416302766
2.3194042991434656,26.900101093649475
1.049237378434753,14.48878300575739
2.3624946424932567,24.776035834266523
0.9395610612160956,17.135054617676268
0.9045423433871868,6.515540347875678
1.6668826112459922,21.999205087440387
2.1937053465586156,40.29908720139832
0.4178282344643791,12.533229951262733
-0.070162768079088,12.773524624751339
1.5574214846635828,19.230769230769226
1.5520706602860244,25.344289386705846
1.716948073718899,27.428611422172445
-0.2811690104362627,11.946179006839124
0.8640659724937318,17.670593465214488
-0.36640504440651267,7.306830907054874
2.0410609950114247,36.81429955093775
0.5830542492834404,13.253405105619436
2.0227000790959035,28.410242551178982
0.6913324870815105,14.127985579089689
0.9876927708760249,18.769806972054155
1.6426417156479844,23.8483436853002
2.3801551163995396,25.802879291251386
1.247581580174484,30.954459479121198
0.5558323745420378,7.909836065573764
1.8411228185590054,23.525641025641022
1.6204778482225763,31.492842535787332
1.7649254371645835,27.033492822966515
2.73772139216437,36.994949494949495
0.7264529486155075,13.331787618826795
-0.1822488273574335,10.061226892735199
0.5020603244399473,8.701298701298704
0.8749114512850747,24.603658536585364
1.6239440394196503,13.333333333333336
-0.18703461656002995,2.1091811414392154
0.6817094825960125,15.70499146757679
0.28229300571701255,10.485160831704285
1.5305966320651656,22.060982495765103
1.9018283318574083,25.18731069663638
-0.0332182528552179,4.592490842490854
0.7366957107526804,10.572429906542055
1.4606694390686419,15.408602150537632
0.8888233018645313,11.779448621553875
2.119468290848303,22.651685393258433
2.375178152603066,35.1851851851852
0.4295564249708218,9.621212121212125
0.8526712478906544,19.126984126984127
0.2646305721660964,6.73389720234222
2.3411795701304836,32.190984335453855
0.44963846758383763,18.916020458670182
2.342828892328702,14.089534180278278
1.3627254369840074,14.271548436308166
0.6651448020091367,11.161322478817084
1.3179256487676188,21.972934472934483
0.7967717178015213,10.47846889952153
0.9511508192828486,17.3611111111111
1.7474436872175132,21.46904736448198
1.9536621522397835,11.924789708065319
0.7501505954354633,11.321390937829293
1.0633562092613875,19.840743198407424
1.3066924867525267,20.161744022503512
1.1673670879873908,25.055338884789705
1.4591578638782,20.973461450468996
0.4148097010040327,9.158989278594895
1.2669186677465056,24.397900370522848
0.05988699803907646,9.18989547038327
1.5244689524555926,29.210042865890998
1.5631406989804928,18.940368940368927
0.11836065624019554,13.313253012048193
0.8755934945522258,18.32983193277311
1.9569480761545555,11.766115504433266
1.7244268965193958,27.32528908999496
0.1857952830267376,12.513751375137517
0.32122801137156276,12.650808590741846
1.4614415621067793,22.786501837621124
0.5982793876835325,22.183239775461104
1.3586787786275332,16.502192982456144
2.3751168881518074,40.125638005496654
2.1797749588728683,31.44994246260068
1.2480381427798677,18.62597573591649
0.6854313450792396,17.650793650793652
1.9942490604666752,27.5
0.6537401489188333,10.086206896551722
1.262908566820796,21.535204991087348
1.6975441503719062,25.010175010175004
1.5499637685401333,23.389961389961385
0.686934120066505,15.076944897524982
2.8023891633788915,36.776511965746614
0.173783256378625,2.027345591702023
-0.10529094481121394,13.095238095238095
1.9770548579654168,30.40475203757424
1.378040909444997,15.050245384435613
0.9970960032022445,6.411149825783966
0.344371485875822,6.687715269804826
1.1578260845543367,7.939632545931765
0.65545576813559,20.281549769527835
-0.26785781335421177,6.659853517288369
2.1106531926503314,27.32607246054679
1.6292728178213682,23.057511737089193
2.2357397223573927,30.69642857142857
2.810752744615486,32.05678042887345
0.9544939663975032,20.36393943603278
1.6220575371705614,23.225935294900815
2.8025836117525453,28.334147532975095
1.5389506710625929,23.313565604151215
1.0078770186034771,21.970607264996765
1.9164209949011193,10.856158171594409
1.263313208214757,18.259803921568633
1.8432841236897048,19.79469632164244
1.1615404094879358,19.361179361179367
1.0835356516125112,12.688460964323035
0.3620838667464045,26.100261002610026
0.9946741281723995,17.250550256786504
0.35705023752019593,18.181818181818173
0.589124453134519,14.741379310344826
-0.21841706044921239,-0.6293706293706265
0.36016968737607336,13.504273504273506
0.06959859092811424,9.06505914467698
1.1555381206401005,25.31596260387812
1.2125753344290775,10.419242441272331
-0.06419234782715187,3.8361453873919302
1.1267905464194035,4.083080040526845
1.0480851886768199,16.11104376288035
2.4551074451539643,28.269419862340207
0.39592398900535386,10.044150110375263
1.844509992276632,27.930688984499312
2.3363532006570185,30.904856952761136
0.8709634773418379,12.934755013962935
1.9143843390683242,20.97826086956522
0.916889770676977,31.981187536743093
2.345277471298489,32.2993237283152
1.4594067488656692,3.361344537815121
0.7707554758195398,11.89102564102565
1.5767616939135705,26.74256505576208
1.898658928799393,28.32494608195544
0.7009138401953809,17.498543406486696
0.7310068945725442,14.864864864864856
-0.19048257834607069,16.044129235618605
1.9894319082654832,42.80722189866045
2.15268261136025,12.579989460212303
0.6455927768077054,12.70350836963999
-1.0159877739863357,14.038714527344489
0.9131404071969674,20.95446359660405
1.1920449816216856,18.16819629144034
1.207700895739395,18.62458601207871
0.26078308523170235,17.632869037428996
1.7363680821775545,30.152187698161065
-0.20063911874044255,8.32214765100671
0.018378330680463247,-0.2717391304347814
2.5331617240819524,30.256410256410263
2.0864778026349264,29.3075117370892
0.5697336558983421,12.73467858982162
0.6629258668955565,12.054958183990436
0.7794485026153674,13.575397585744405
0.8562878602242321,20.539906103286377
0.4603896070122194,15.96371882086168
0.8600014165002254,12.46345029239766
0.1937569301423899,10.799319727891152
0.7423084672395697,15.808842585393663
1.406053390299398,18.300653594771234
0.48150624873856607,22.31543624161074
1.2330550390983042,11.278495137892563
3.0401985694185694,38.89381436268158
1.316362132747073,19.025932953826697
1.880768072016166,30.859538784067084
0.9095127084696244,13.206780448159762
0.9933439101075675,17.285731458107946
2.1611676635481993,39.57801116472704
0.5244795186525912,7.471264367816097
0.4014888712650917,10.031258880363744
0.3903519687275976,12.03252032520325
0.3899792882390475,13.30213903743315
0.511943306221543,6.654530744336576
0.9091640273929137,10.829735091609287
1.245427647684763,25.076786567469796
-0.1801706046110707,13.347578347578349
0.39215842860637135,13.408706677937445
1.9229270348683336,30.741303613644043
-0.13729254175479438,12.124974136147323
1.572736262031238,34.51607132208241
1.7522092660095947,7.817956516841278
2.225056320450614,25.168067226890763
1.3236932777394284,19.150459372389932
0.4169207837754587,13.142276640111206
1.4364088670032693,16.481433617644527
0.3023400318921242,10.027472527472526
-0.02215138653321748,12.084827693747066
0.5793127979544641,18.29494903992341
0.703262764626206,15.627450980392155
0.22187745635611938,-3.0064754856614186
0.4029433059553169,17.97810033104151
1.5564927027471502,10.191470844212354
-0.27585768669352373,7.745779543197621
0.8856971269955827,28.644602048857365
1.5587167408821454,11.759834368530022
-0.021508100031973454,11.256218905472636
1.369484918495296,20.214732650739485
0.9662478947152052,12.382520408863272
0.7581158124951954,9.241869595203994
1.2192706848712282,20.959659233274856
2.333954446706361,36.58204245553644
1.5254016272273132,22.52523562545312
-0.45208912370650733,3.2916706421143047
1.274193858500497,22.848090124977986
1.2423990751780851,25.27167886449324
1.9407713141059841,18.031496062992133
2.0652061412804343,24.833147942157943
1.4927355067801196,17.98608642664906
1.8359585496272457,18.92857142857143
1.8882241673325677,21.283519916688363
1.7575001975308728,24.941075637454468
2.095064591194532,23.126614987080096
1.8492290012736197,14.400584795321649
0.5100796527373292,16.514285714285705
2.048345312387183,30.936004784688997
0.31619817078214085,12.301587301587304
-0.24006255587734543,26.07424357996441
0.36826052459023667,14.459805427547359
0.8114114451652514,11.42857142857143
1.585820290621345,20.73135823672535
1.3832705837540344,24.685276409414342
0.8801818205391576,13.556910569105689
0.8613526540456056,24.62681185548425
0.8548811825332198,17.394338118022333
0.16383954615672766,17.44816370781949
0.004660556802408528,9.59432048681542
1.236843151793753,22.562827948080653
0.924206423743929,20.048661800486613
1.9710709032011413,29.969765684051396
0.6103985350979639,19.109290339632608
2.2466220405099984,20.634920634920633
-0.011830698120864725,9.085631349782297
2.391854527543154,27.248289345063554
0.3454709756148494,10.313786008230451
0.23156786638213592,5.5877243775332985
1.9131752681168204,19.056122448979593
1.3788662970112984,27.916748094586666
1.6203667540385054,26.273557126030617
1.4383698950776174,28.648096089956546
-0.23653720252139598,16.023226616446955
0.5372407648418392,10.665712240515397
1.0033933851211445,7.795918367346935
1.646911660193316,14.594127806563037
0.3015099026136644,9.126263935701324
0.1654976886828637,14.287469287469293
0.6477367620657024,8.79237288135593
0.7746559568397209,23.822115384615387
0.6471322095370505,9.795134443021766
1.1226084312488651,30.006993006993007
-0.10781065601166206,8.36996336996338
2.2250142614940867,27.16242661448141
1.3598354595869453,19.509709901702223
0.21989908148992426,1.3407711880994313
1.0854255750049568,22.435530085959883
2.398948672152657,25.9490803660415
1.818754484871827,12.280827824087382
1.0169197813851263,7.695343330702443
2.328907039438695,28.42838196286472
1.6054127666550972,26.400347372991746
0.9423561288109042,22.5809923581961
0.9270782801701791,15.217391304347828
1.036310400287067,8.913412563667237
0.91735288252854,8.48029163818638
1.4944640144367052,24.697435897435888
0.46572447958503793,14.885996771589987
0.3876888927998565,14.258064516129032
0.4405316481620366,6.916137654527226
0.641291056197278,7.7996876220226525
1.973320996146741,25.384615384615387
2.152785639724001,26.08163265306122
0.10386409648041887,4.638677765713595
0.3919285733351483,7.627227278554038
2.0835324990465223,25.164473684210527
1.244366126734155,22.510162601626007
0.6282647746639874,7.976912831138073
1.5628753400419648,31.598764524194735
0.07907609727550372,9.619986599023647
1.8134715000579331,19.700988666505907
0.9694806667299107,22.2727940096902
2.2899645584347184,19.39605110336818
0.8243435852899303,13.908450704225352
1.38810229696164,19.455190199871048
1.0239287282773941,15.006150061500605
1.0419736885276043,15.28465346534653
2.122250955719272,26.670792079207914
1.789780993690943,20.35685817646698
0.41197994382401615,12.925170068027214
0.6149494898531566,-0.14320785597381303
0.524586305136636,2.0202020202020137
0.6629983639579183,19.629481005885495
0.48542630774148937,13.994626063591582
0.29870112864848586,6.5006709408081065
0.8710728362444674,12.982315112540192
1.7531194811182438,19.75774736510934
0.6834146459994168,24.459459459459467
0.8093858610190303,19.93903987807976
2.0916319813295976,34.90127758420442
2.580593275426804,24.358974358974365
0.34912914359543507,20.0
1.1711511831852253,17.08502024291498
1.1364916755448145,20.242130750605327
1.235335022776506,11.710164835164832
1.144238884742891,16.179739599872974
1.160781355428735,12.869461790068385
0.6441395994604411,13.383838383838366
1.0334480439600315,6.668976268837689
1.3455851295208845,19.179799426934096
0.9435764552702595,22.340425531914903
0.8076638506482723,21.472291149710507
0.7703598257661072,22.529411764705884
1.4139708514090783,33.2133676092545
1.4581525147347452,16.30953767322697
1.012919349287896,17.609797297297305
0.8582838086932535,14.54157782515992
0.2521119832143147,7.653783893160671
0.2539311500158188,0.9714368566043134
1.4934477913842648,24.378654970760223
1.3296659717148458,14.597406630949607
1.491048610196782,25.37668517049962
1.6215651664746653,30.272680279141895
1.252686838828314,13.640707118967981
0.6410576823083266,8.929836995038976
2.108665707890159,22.199413489736067
1.9667477600110113,34.53732370141038
0.30503195398494043,12.119989238633316
2.5281467312330825,20.436000487151375
0.10080653654054028,18.67838044308632
1.8789267477292566,30.743474101407678
1.2201097727312247,25.417956656346753
0.40478414594931045,15.195569401176883
1.0578265148429997,16.66666666666667
0.9535421456680061,24.69002695417791
1.9926663532107647,38.12438071923996
0.14434814480892533,19.416820135052177
1.3074051993408122,16.509062253743096
-0.0512393164198871,3.997274585509885
0.6064052228699037,20.315968142055098
1.206441113887508,13.742071881606755
2.405528610188769,11.610486891385754
0.5120791240477941,14.504563233376793
1.2297472700677423,19.011693700490376
1.3204964276224616,17.829754601227002
1.0054819155492931,12.890678313088578
1.9838039760094879,25.97506393861893
0.13202600041086276,4.106419895893573
1.2685168344080267,14.339419978517718
1.8520679130601003,25.457029777610245
2.032357001439477,30.083992094861664
1.2632892778751388,20.963226392251812
1.752897518860248,37.00680272108844
0.4758474407820546,11.714318130247335
0.9889267918263929,11.894142134998518
0.4364730807980284,3.665734700217449
1.5747324240588347,22.479838709677423
0.9113504703001544,15.038584603802
-1.2939097804765183,-3.2558139534883708
0.5594283638234672,2.0600319561743916
0.9107272901035408,16.83190129984579
2.256384257582277,26.3973063973064
0.8626686653398477,14.238721804511279
1.996112424410683,26.391402714932127
1.1634801571384783,10.56000806492262
1.8606284532011466,18.030303030303017
0.9166832983467761,12.160350919946389
1.413798877655335,23.753288869852526
1.247589365945093,11.19251119251119
2.311430803357297,21.078921078921077
1.291295272270673,14.239482200647238
1.756121583391666,13.649873142442914
0.46944104879454174,15.147783251231537
2.139317512099074,15.129935032483758
1.3234922647303635,27.23148148148148
2.1257573845346567,21.287553648068666
1.235201563495116,20.355731225296452
0.6661460270746477,15.91995972816511
2.3180431158140644,26.69480348193089
0.37145675416189206,14.626403406891214
2.2656115671515327,26.295828065739578
1.0723619036378507,9.825730089811444
2.245441936155046,26.480238627889634
1.5590377617490405,21.56043659884113
0.8663319314927013,23.538011695906434
2.2192635851359563,21.29893699766658
0.963573322369251,15.163438256658587
1.699775770129788,25.039018952062435
1.005719080860844,15.373789220962003
-0.6231372853631165,-2.6340996168582365
1.1910019425072387,18.970503181029493
1.8012710595358383,33.02586893631294
2.5841401873353558,35.21084337349398
0.9441996522000049,14.900476590972815
2.166472410848906,8.294711824123581
0.7528969191135331,12.84677763551003
1.9363190279295013,30.3904428904429
0.5282877115155241,6.97899058198503
-0.678763991175405,-3.135435992578863
1.0949262880764505,15.184819876943308
0.7525052692944093,18.85749385749385
1.638224433998764,27.750000000000007
0.29537554356168316,10.831615120274911
0.6149376593803821,16.165692412688053
2.8149056380132897,38.807785888077866
3.1884235211709946,26.98538311144214
1.9054959056188745,31.320315530841846
1.1112258090704814,14.419918538956772
1.8600792551980456,17.242990654205606
2.2368567465739457,21.410008662624108
1.065342518217729,20.949263502454976
0.11747633487203435,8.739977090492559
0.7407363275196082,8.086253369272235
2.035161478619832,29.362777593636054
1.3051880740092938,10.78935599284437
2.0252276184256846,29.282565739474073
0.4288915677826395,17.22080136402387
1.5465741402220257,28.425970820293557
1.7326341105846748,24.937343358395992
2.0344922331925774,20.439560439560445
0.7124200671475085,15.44333529066352
1.6555060898072305,20.676191321323977
0.5924089300948971,16.1593707250342
3.051883052011052,44.05447662936143
-0.3059629834586979,2.4276377217553744
-0.19514756253440496,17.51152073732719
3.2042783879949783,49.41702905401148
1.01500469857745,22.976190476190474
2.1013535147569637,32.949752982287016
0.9223059142105514,23.108157991878926
1.2334702908033677,25.265106042416967
0.6699416020867339,21.26256281407035
0.811664010478804,19.91927156669483
1.1336489917590429,21.29109863672815
2.279746032678356,10.46831955922866
0.8929999945511257,21.216931216931215
1.1384015241413812,19.51744186046512
0.7336285315398562,14.294083186877558
1.490129798847507,22.468164544302958
1.9053851468446823,28.18452380952381
1.0956079547956457,22.722468822659053
1.6589332849975926,24.570747217806044
0.1801570337766233,7.37010961589877
0.5320074049920673,17.707197382769905
0.9983065483847372,10.450768068496593
1.2513931000689134,15.361784052623143
2.3965168183509764,25.63163939132931
1.3803725381512923,22.24591329068941
1.0731664006947081,9.111164639287011
2.2987355949515944,35.891472868217065
1.0017394153418664,21.61136985643636
2.034646578550527,25.69444444444445
0.8082494646193038,10.053705692803433
1.2710425482654548,20.69983440132478
0.4095263078017699,12.338461538461537
0.888524673409578,12.127512127512134
1.2955060163293572,20.8834103749358
1.9926988386288693,26.3014763014763
-0.031518514640500095,16.852487135506003
1.5587840077573767,28.609425083543613
1.79729478174001,21.050754784262452
1.730378890266509,12.50814635508798
1.083690145850403,8.435054773082946
2.9133660363209324,29.014396456256925
1.718074779629477,20.571696344892217
0.8674844027588173,12.78640059127865
1.372722329818707,14.532101925002777
0.7749277753062056,16.004715938398057
-0.2671758785651909,9.93932198918349
1.0762132001818947,16.563238770685572
-0.1606209711391149,-3.7316561844863756
1.7246605830759774,27.93678446988553
1.8479360808002745,17.866821525358105
2.626885151014975,36.6148926450434
1.2315077075695509,18.548752834467116
1.7565501345741281,21.66083916083916
0.8933388093453611,24.345685410728166
1.2896824611714064,11.498257839721248
2.789222406604994,40.09005628517825
0.6398489313407922,7.819575060954371
1.6285790567121927,22.164192779915716
0.6821108512463963,9.735253953570322
2.0877815448220614,33.76161440185832
1.9283092609679595,28.66379310344827
1.655423643013171,30.16372795969773
1.342413032561356,8.52021357742182
0.17306018607213902,16.30952380952381
1.6450485478102874,17.462406764788014
0.6921700176456329,9.549365363318849
1.1394963510247191,19.64628169614319
0.7834722889940696,9.85367004956337
2.4276851687418457,18.574973413683097
0.2872238229011942,18.566573988260735
0.9745114325981394,15.146595358609495
1.3583459199397732,17.141963727329582
1.47993205440923,19.54162501784949
0.514191452294116,25.087678279167655
2.0765170575377416,21.126373626373635
1.9143361564183579,33.242898180657505
2.2091031683184785,34.53815261044178
-0.25625077050544876,8.329809725158562
1.769774819694117,32.55245760275941
1.3459766320241777,13.631436314363143
1.3268483422562023,22.00581395348837
1.8255442209316177,23.027779362272547
1.3025692528064448,17.21544715447154
0.9315666647666365,12.035603715170282
1.9130425025846898,23.569023569023564
1.7356555095958563,15.151515151515142
1.7817055057524191,14.14193548387096
0.7303723397748466,8.709229701596122
1.156214926972314,20.659107016300503
0.36325414875003004,5.6574239713774475
0.42215149837263527,14.160589574410615
1.1417023788969678,17.527904092600245
1.5754650749667567,23.204225352112672
2.447513994825039,25.815126050420176
0.6814204092144378,25.1038100094704
1.1821274910654738,33.18250377073906
0.957712257720102,15.064935064935064
1.9088496001339306,19.64554242749731
2.5555031174059364,30.74561403508772
1.9979287859368906,37.63203144190616
0.12340664147237634,5.901639344262293
2.4701594109761915,23.106824071408013
1.7238570661839143,30.05021684546906
1.2192166831170406,19.425237683664633
0.8980685282906172,13.33940497874923
1.3019509287305158,13.77796075202415
0.3053716887715281,21.416861826697897
1.15487519525182,13.05048335123523
0.9121528264421238,16.63059163059163
2.086323095186308,32.204806687565316
-0.32867602733728,8.613405031688117
0.5808305557869452,19.771961648095356
0.579282407659057,10.324129651860744
0.7047284420627394,6.981678704043745
1.0262608028760274,15.490196078431367
1.2558815157200205,15.712029859316672
2.4437179169331102,38.630458469533146
0.8625754053323433,14.587251828631139
1.2865793426278447,24.967320261437905
0.21842795928465247,11.869328493647906
0.3840728262237224,5.672268907563023
2.2081984717474286,24.907834101382477
1.37554556123647,10.598802395209582
-0.5636544360024465,6.190476190476183
1.9938824742875647,29.25303454715219
0.8287719678004156,21.21332908163265
1.5121691844799021,21.332168942521427
1.7241280654945792,19.786476868327405
1.0874633812830812,22.61477761836442
1.5397177437651872,28.606096730245234
0.8266285249141356,14.882177991306335
1.0413005868690037,13.463930348258721
0.48520611430132876,12.155974130198743
1.7364266510637272,21.643071643071636
2.016373927470939,26.595589309186515
0.766522033403308,15.324191186260158
0.8993929203466202,21.717755928282244
-0.971631136609493,-0.23834745762712117
0.7651274131145864,6.322485931000749
0.3122786108106624,12.570044967139388
2.2624628994344542,27.97209480122325
1.217903079735693,14.440961337513059
1.542962476199711,18.90323788134007
1.5053095649585302,13.409090909090907
-0.5496302367287222,2.4730500951173155
1.97208819686987,26.15095913261051
0.4156816389301594,10.65788907534099
0.6147038277080165,6.946420104314846
0.9135301089674656,11.13131313131312
-0.5719087101789959,3.551961665169216
0.6228297313639453,5.6813003190034905
2.489257146152665,28.650296638101516
0.6281797850114824,19.728197281972825
1.6655481208655232,22.742993440667867
0.9477343415873558,13.920817369093236
1.8134278783408138,32.40015873588513
1.254545175384594,15.706293706293707
1.1051839914544375,11.725700856135639
0.5449753785482961,3.767660910518053
-0.5203897449782532,13.861926055185947
0.011134431898799785,9.468223086900124
2.1410974090315307,11.561866125760645
0.7460049005627727,13.714446634750772
1.4200580323600462,27.689262741217227
2.0673899857241107,30.043520309477763
1.4777884090501217,20.01858352260995
0.3727737341064395,8.920992173201974
0.24414985404448528,7.138461538461534
1.3307138197034343,18.64581439049524
2.903896017282662,28.721390466356915
1.6792251345629876,27.435444336772505
0.5616204156458956,16.582761250953467
0.3838631246252037,4.181600955794508
1.8539639945165265,24.58078516472677
1.6009759628609355,25.47169811320755
1.4261105299492938,15.360847495034221
0.4934494013898629,7.669446841146581
-0.17850278167439104,10.128992628992627
1.0980229726363513,23.85191618716751
0.6774623849842312,5.683003128258598
0.7305190630233321,21.441860465116278
1.131967164694196,11.004784688995215
1.892676599374395,26.04092436119312
2.1585923213668012,15.54621848739496
0.8403876032175015,15.841694537346712
0.5095151268371275,22.848855945858844
2.016846237365768,20.631353665061525
0.48245424997769865,17.44327039667418
0.315838812282362,10.222222222222221
2.111054521979272,15.576487005058432
2.5419390137423443,40.15873015873016
1.1535241574890978,19.422169811320757
2.1315344642344987,30.13644453233143
2.011784973260208,32.9953488372093
0.020859203596412027,16.279840848806366
0.13494696341530082,2.8078954684459347
1.1971768408506174,24.09374114981592
1.632895017534051,16.75774134790528
-0.0808354216066056,2.6142251530852576
1.1496206796895252,27.3774239986451
1.2548787711182023,20.964654246626502
0.8739784816903117,24.18032786885246
1.2235309959126366,18.591691995947315
1.1523142811861602,22.600472813238774
0.1513803598054107,13.563829787234042
1.9915949946883447,25.468603561387056
1.1137182405861805,13.29555077845091
1.2927697655347228,20.44897755112244
1.191733969314448,21.04037267080745
1.517118755282567,23.462832670541452
0.21416741511733833,2.570379436964494
2.1429120794552703,17.543759945442147
1.64195539081432,22.289051603905143
3.030084819501653,34.070512820512825
1.6061378007424196,21.759104577347145
1.6861468299098088,21.604803493449786
1.2387972009627235,13.486665035478353
0.35342062990341955,11.433995327102807
0.22446148858922932,2.5
0.1326334074802663,12.64868487183783
1.4297839618273631,32.82352941176471
0.5919152394932958,10.0
0.8095320155055606,22.460970287057236
0.1761847598007786,7.841715022566092
1.4876250925000272,19.783197831978313
0.9155515377487631,12.931972789115655
0.8857604074990175,18.903318903318898
0.40828762939812435,9.757093284343739
0.19350164140715448,5.871559633027523
1.894542182261691,17.71367521367521
1.5172711846003861,17.612161661104928
2.065588259846837,36.23981123981124
1.9161817206104579,8.251489968941499
0.5310584519145181,16.255707762557066
0.5743401492013962,13.917004048582996
1.2109208207380577,14.142277291177095
0.34844657157113795,12.184704184704188
1.309836146243103,18.700204871386305
0.5642373768522871,12.262463670914372
1.072640896160444,14.962121212121218
0.6991674800485501,8.241020476670023
1.8190596099190357,27.045538689374304
1.4215232366378434,25.750136388434257
0.7784660980055036,20.793222949557183
0.8688680149682443,14.675324675324667
2.0968483815000942,22.71145901282887
0.8355979698686818,29.279594334673895
1.998344125960905,18.65750528541227
1.5576897906244649,24.848766868310847
1.3758437111214687,18.70548806032678
-0.4708775957992837,9.457364341085267
1.0586628750376674,11.485550277117966
0.8421797439703084,19.86111111111112
1.6502499231695622,38.8451747280722
0.646974176851064,21.996667171640652
1.2618466251939995,10.678210678210682
1.9388694593518487,28.557758031442248
2.3630874701789772,11.022097015582354
1.447444584781052,19.38131313131312
0.5818543697143523,19.388329476515096
1.826910991579681,33.77470355731225
-0.0011829674281348956,10.000975704946825
1.798269612400327,27.766743060860712
0.2513025238842664,14.426365905519084
1.4678569743746084,20.88849287169043
1.2646533395569506,15.173288250211336
1.507268280039563,10.268562401263807
1.116734342997265,19.320137693631665
1.9083839666915585,24.826057037999846
0.7450613145736129,5.350028457598178
2.195854197892339,43.430793389665745
0.5388527862640538,6.447688564476877
1.6810796009754072,22.77332526841071
1.365259011755216,23.903345724907062
1.5588977867814475,23.307337823466845
1.8063728800307994,24.314491421568633
0.8953401301071582,17.943843229014313
0.36565709800817825,14.663968294122611
0.8110836864632642,19.97113997113997
1.7493813953862927,20.619658119658105
0.059600454774342504,11.7665959771223
0.7918068639668618,15.653923541247487
0.9828012215990305,15.957446808510639
1.469808825994824,19.104609929078016
1.498274174934024,12.252631578947373
0.9221824686775063,14.612758031972689
1.1356306156081108,17.89255586798876
1.1884209049977306,23.755947383151415
2.4937377578031654,24.390911579523674
1.8703649543534453,31.67828106852498
0.7784284888778668,19.25986842105263
0.4196258620728035,7.338887527566776
1.4615015469666264,26.065759637188208
0.5313231808337382,12.862872421695947
0.24448709060100254,0.6247889226612671
1.3834318992424124,15.728461024711379
1.509839701177302,27.073227073227088
1.3911038891692464,11.358505254963013
0.11101684404785209,7.612293144208039
1.1836745472549175,21.69312169312169
-0.41390389031317487,7.037037037037024
0.6679358779738905,23.315217391304344
0.8513501291339438,11.511717744012358
0.3092048026599482,6.114012184508262
1.4853531786724288,13.742964352720442
1.919972550687445,21.53585544889892
1.3894891741217998,22.32355273592387
0.7866001881557759,22.384105960264904
1.946566006768832,17.55494505494505
0.8472745410035408,20.72222222222222
-0.14982513473124967,9.090909090909093
1.479660842227584,37.743568407183965
0.6844901605806063,24.210526315789473
-0.5596310650564239,2.468115257439777
1.2268408308427556,16.83262474826583
1.210097680990322,13.043478260869549
0.8230958548326549,15.589743589743584
0.4973790687375648,4.721362229102169
2.1020198985962546,40.27879677182685
0.6342573023030221,8.279845956354293
0.2790461835764883,11.034124372076917
0.049425266563123293,1.9249094720792854
0.47252095453003906,15.789473684210513
2.263846032880459,28.327228327228333
2.196901999495173,24.301375071288255
0.3260350657622359,15.771939123192247
1.2348967750040676,22.691312946904006
1.1579093443009871,22.56902761104441
1.5069592813638217,21.573315118397097
0.5128573315402378,9.315307010805547
0.0030899573269578817,5.234011271747121
0.9379196773343588,10.177737415672027
1.2151774254443493,18.117088607594937
-0.0898497581883223,11.393405600722666
2.3254592005652746,41.09449981543004
1.0919345253457593,10.11202165250733
0.37761361976235597,22.067901234567913
1.1866986742292946,20.330679730557257
1.0497394145019754,26.958345819598442
0.16560143527957485,7.388910231783846
0.6848488168609155,15.29977834243391
0.3330229007586644,2.577561558485897
0.38695057704448355,14.086687306501553
1.00130724592913,25.415596374739508
0.87585362498654,4.716617401362285
0.877177424995335,19.66201234493918
0.5703606181661848,17.527904092600245
0.14661934072782185,5.044963286857531
1.5610551681150244,13.48370927318296
1.5880460351875547,23.684988179669027
2.494517713837937,26.923076923076934
-0.28968398564905534,11.22105263157895
0.5329578742190361,9.884526558891451
0.9600168563735448,5.72009291521487
0.6423030172450509,18.73033798499636
-0.13849707408578946,18.549380479675378
0.576172036308794,12.65306122448979
1.286820777300811,18.23221554564838
0.9830192143465806,14.786324786324784
0.5476813673817327,9.465636503377688
1.5360526225513205,16.944236059014756
1.7769813298033654,29.797979797979792
1.4829327695779004,29.525787469712704
-0.11293236802099296,5.820649938296995
0.8864885901315955,19.037267080745345
1.400250090921619,14.244974287050013
1.6598191085935365,22.04692001646317
2.212080010855093,30.13252731922809
1.4495683484419348,23.760532150776065
1.6669044587242507,24.429998115696257
0.8606516026187745,10.804243465892256
1.0317813594666858,25.327653997378768
2.264569888349454,30.5776364599894
0.7166373171007525,7.689650705928059
1.1405331070842273,25.12820512820513
1.3344634556311985,15.853658536585364
1.9027304019293716,23.810780845784272
-0.6698136058393505,1.325757575757578
1.7249336089266336,26.143790849673195
0.4299028309071364,12.349199385830225
1.6846224190818293,18.661417322834644
0.5298482863558653,8.377896613190721
2.202412224201861,37.69933215210576
0.7649460592325668,17.464034794245556
0.2554161063142318,6.743746058440195
1.60765963069922,24.690103637472056
0.9293188407381403,14.462809917355365
0.519273000749664,16.848739495798313
2.238455570279144,42.07753898019384
0.5662368411320197,22.504537205081668
1.470226823766263,20.23904382470119
0.6667498147363575,26.42718446601942
1.4899459202890977,15.835792307294085
0.9677370458269411,22.8124477162456
1.0705544898286017,9.913629460895983
1.061699881462537,22.434292866082608
0.7553028552612837,18.965517241379317
1.6627167868002615,24.97309899569585
1.681343228279812,15.64625850340137
0.1031802981863072,11.959636971578696
0.8042266980327117,19.616766467065872
1.7069497754238327,29.55465587044536
2.020685051526462,36.213045890465246
1.637349167059663,26.399754563583386
1.4737008400965936,13.668415411519149
-0.10562538434944951,4.068627450980387
1.4980823551480944,6.839754327191514
-0.4008179809695244,4.623935666982028
2.395578783332344,32.58312670862738
1.3516186474622192,5.981735159817347
0.9649889181409254,28.400718778077277
1.627041014063536,7.703665103352442
2.52631449742745,37.262569832402235
0.759588092411556,11.35209967697277
1.7888023150409977,21.432278152568756
1.8765398171741092,27.139495079161307
1.2147884520869576,19.203679151474972
1.4097909558171176,17.867494824016568
1.16938363414679,26.929762441254105
0.8028964218523963,18.833488661074867
0.21684556040295205,7.330960854092531
1.197080545795039,11.934837092731826
1.8178333180790494,17.435897435897438
1.239647527267645,17.29741441571573
-0.04860763096025797,-0.7675438596491233
2.776323328865791,32.88999722914936
1.7253503688497962,18.3039262438404
0.5172997225887371,10.220264317180622
2.2914876074500836,37.45056282324308
1.6921699265090209,17.074401008827238
0.910659453512477,15.350557096287645
1.7684439569136736,25.64754856614246
0.7789324700355142,16.144200626959233
0.6790070855096991,8.85547201336675
2.8763515109239797,36.44305962854349
1.879971937140529,19.6660244059088
2.019375323434197,14.629049111807717
2.687203709620355,28.513591671486417
0.16933235427206583,15.51020408163265
1.593336899538495,21.521126760563384
1.8993585134425561,29.465138490926464
0.6145731440282755,10.722222222222221
2.663552274336253,32.42835595776773
2.1562611808021304,21.77911797964569
0.49691333289625916,3.778588001325822
0.5900560045915155,5.935127674258098
1.207223111456023,12.684426229508212
1.2746038806527586,21.473817567567565
1.2033178786616308,22.57471264367816
1.4547864796900276,15.621788283658788
1.482082434156689,12.736720554272523
1.2381310329138202,22.020772265045416
2.1416284360966595,11.881977671451345
1.263579062333538,10.087813236239029
0.5724494223877459,28.21444395214887
1.3766755557843562,24.669260700389103
1.5390731506890751,19.1160452450775
0.7153309699851965,14.214138641043242
0.43707295895793613,21.256913980545484
0.055289587996842554,6.475686085700531
1.7711701147656917,23.913502109704638
0.7188357009274238,6.1660561660561655
1.3503951297097483,10.617790310176872
1.021596772810395,3.1891495601173077
1.0001452228447214,19.97010463378176
1.8971838708527402,29.279279279279287
1.1046557917625073,16.41414141414141
1.429813361078618,15.316585490899769
2.211645231964407,28.161483906164754
1.2793998433148557,14.716128424818748
1.3264110842579815,18.458781362007166
1.2888411504083488,20.111333143020268
2.2804194414049386,26.128590971272224
0.5029431022666664,6.996848650029818
1.281452685428039,15.473659343255378
0.5451746503036429,23.71517027863777
0.83552963780726,15.705128205128204
1.7174388592425194,20.113636363636353
1.9450628976766882,23.249738766980137
1.2247364286980422,24.781904287138573
0.3531614950343669,9.879138202837623
0.7797519166257341,9.055673009161389
0.01294557085940884,9.926330978962561
-0.004947351508502895,5.0832408435072125
1.1041491916793191,12.774122807017541
1.434987491807949,17.879996290457207
2.0025886433879734,16.896551724137936
1.3010936127541743,21.73963133640553
1.4177895086172798,17.382716049382715
1.0154218003810334,13.049645390070914
-0.08932523874392173,11.245136186770424
0.45027909284140083,14.277818717759764
2.0837781207100434,16.985018726591754
1.3560354310827154,26.234841762792065
2.3638772414721654,24.48577680525164
-0.06287158755317546,6.13636363636364
1.7508237218209144,28.907462088984538
2.106857028484803,26.749427325796198
1.9942499265399976,18.90045907513157
0.925000864696197,18.37466693994672
0.4963993807119155,13.168724279835388
1.7881319699332434,13.129251700680271
0.6417355052840179,10.580742364059724
0.22185227059969756,5.993265993265993
1.6394399677198441,23.333333333333343
1.6391384237962654,30.165528417640928
2.0296288829564224,28.20732124529593
1.2155150947030149,18.76247504990019
-0.09333881585539719,11.326903023983313
2.1070436911960533,26.86139747995417
0.8330646759856758,14.155162356601217
1.2821893691073663,11.871619184998188
-0.48887231853314583,9.778649481647513
0.5781812914248757,10.312428385913982
2.6623535793015822,36.72077922077922
1.2970520728375408,21.327160493827158
2.5995476772991495,33.15985130111524
0.5918816879358482,4.358246050062128
1.5938855068051316,18.861432593055987
1.4588850795033876,23.76342193275832
0.2793991093442412,7.782067782067777
0.5265475105053613,10.784313725490208
-0.4586437838980227,2.0139281008846197
2.1569564353405686,30.773852439317473
0.23619216735144158,13.511904761904766
1.296995020430273,20.206248723708384
0.03686065809839717,11.977595863851782
0.8837861850548783,6.220930232558146
0.9412631576929897,12.007637752318594
2.2885580767944678,33.65702935334363
0.42858031857338125,20.454693505309102
1.8154366608820958,15.404852382344338
1.6862332607263821,24.35897435897435
1.7186281375910828,24.85991995425958
-0.010628598065276773,10.511406747938693
0.10408196354265946,7.800453514739225
1.7269915916152012,16.270447110141774
0.5745448501951225,17.352962093734433
0.9248095184805479,14.89743589743589
1.8830505046348567,36.62464985994397
1.0771969102968235,20.59356744779427
1.7894779609449099,25.43791574279379
1.0507568222275996,21.063250750750754
0.8220782098749438,20.271629778672036
0.9026860579753726,7.459098288997126
0.9406495762408116,21.760431575470655
1.8996189639241208,32.35714285714286
0.8628929423894908,11.368653421633539
0.8558197444481795,20.172927164452595
1.301382783897277,23.003312476996683
0.42485278510370994,9.67120181405896
2.1454244140386693,14.894034536891674
1.6839336306320036,5.908901541452572
1.2091295741865244,21.2219758561222
1.0162751744721452,16.666666666666657
1.527431583730885,17.943548387096776
0.6275374058924573,17.472045712033896
2.127395339084121,28.25581395348837
0.5525565257510558,11.131505487361856
1.301654245460274,20.06424616425039
-0.14813955114705044,9.549689440993788
1.1210862801321833,17.19611446573905
0.6028572683204674,17.53875968992248
1.4957857251086186,10.884272997032639
1.149113833439119,14.44444444444445
0.6457245545723375,14.96598639455781
1.9154960974035569,26.522887323943664
1.2440581031619284,20.120120120120127
1.052176857784747,18.642672312397075
1.5670724837993169,17.6255707762557
1.2042725804265848,12.048854123782078
0.8053798500795977,9.89992150706437
2.2427481655836567,20.743145743145746
1.8879488638067954,15.30602853198343
0.2001206967998096,12.793314046930242
1.3869308456891019,14.979202348911187
2.470595768383059,17.590733590733592
2.2617780372627965,22.882181110029215
0.8566198082343648,29.33263816475496
0.33383719119371,1.651527663088359
1.041971426143507,18.476573728082784
1.6250950130731667,32.75421563617782
0.8115062578071979,8.557656191310876
0.8545568148104105,14.757604562737647
1.3822852181963348,20.75517075517076
0.9616939885744578,19.400736524941415
1.3423712467641966,25.310926409027488
0.461363740472309,17.11366538952747
0.5812595419594896,9.16576381365114
2.7369368097077698,37.87279277151126
1.0146581154801693,18.216778236718405
1.251974831167557,22.94630270408817
1.0508205701846987,29.24812030075187
1.4696313585506413,10.314769975786916
2.2046953152206674,22.12346280287349
2.0560977036457886,16.037804434750996
1.16133231361075,22.619629758994073
2.448483420433596,16.757990867579906
1.7023544848583096,27.689549180327873
0.14390259275669415,12.563964449232436
1.2681239217009885,19.00420757363254
2.457137414127553,37.15612934362934
2.6233141599039307,34.862852664576806
0.9988569598641877,10.746319174141142
0.5383549008134294,16.700379266750943
0.41642744040643553,20.79059073222497
0.6727550720094021,19.477351916376314
0.4433020274077816,9.505582137161085
0.8118742131204493,14.128166915052155
1.8395105259608202,14.81565001691284
1.630434471976918,21.210311535781827
0.037688476915073654,10.821191245503869
2.0065080496286574,27.287814129919397
1.7973297334593645,33.94226572728973
1.8635085175734334,13.75347188966574
2.536134097413698,31.98275862068965
1.321754201252629,14.345114345114347
-0.01916286748054341,13.502440725244064
0.46620424203442573,14.457010491892632
1.2195286705020218,24.652777777777764
1.1853563854667075,10.908643191332189
1.3388291743760008,19.310344827586206
1.0401363269239972,7.577639751552788
1.4534355402789225,23.66515837104071
1.1628344428809265,16.932773109243712
1.2743687863638047,15.772273821809428
1.272043500912823,16.268899162813952
-0.11573085388946383,11.594202898550712
0.9567415958813574,23.68421052631578
1.3184517466532233,27.45961820851688
1.3446891889239516,19.374104156712846
1.1502605869307057,6.7610062893081775
0.3822847545465393,4.055525313010342
0.19013287957542707,3.9612997444322744
1.1119578740204008,19.462921901946288
1.4976305161102381,28.32939322301025
1.1522878794877125,12.081874495017509
0.8669037895412064,22.279319401621564
2.320148352370649,22.217068645640083
2.7288226759782717,40.360416343016944
1.4223239273043202,14.755043227665709
0.3813146617962173,18.17688551275095
1.802435392073646,17.694501018329937
0.4585235564296898,16.14401858304297
2.0373217758351134,18.564814814814817
1.775785045227893,21.445221445221456
1.302617549479798,22.014652014652007
1.200568486466155,24.88127326402259
1.8386058515762982,24.6689642662797
2.6021544232074976,25.8576119611542
2.1841423737345176,17.425844064321865
0.9971131676126354,9.597578347578356
1.0665279772820033,21.05751391465678
1.3970433088590468,13.767650834403078
1.9494280934969697,27.304834977469255
1.8752106693918935,27.631292220527364
1.5185095653585718,21.141518737672577
1.8098941760456766,31.900452488687776
0.4080718021945345,10.111256544502623
2.075361460307254,28.431372549019613
0.7444802265191888,13.307416267942585
2.190984993084672,23.75841213050515
1.5285817119799943,34.179894179894184
2.167319490100787,28.616803278688522
0.673512242812855,25.42892156862745
2.1288271546171194,30.042342249302905
2.5448276081121577,33.664302600472816
0.6570949253243521,23.580982353602337
1.5442383944997815,26.312056737588655
2.926505066532331,33.129780806068005
1.6615968887860642,16.75
0.6468261881762891,12.586736934563028
1.0297669093352961,17.76480400333611
2.504381434523117,30.280840106220325
0.9865284265208425,11.296192609182533
2.1598584439375363,16.35658914728682
1.0268972300453547,16.327817178881013
0.25775900102996196,11.120689655172413
1.839768993169533,20.488466757123483
0.4579658910149383,12.531328320801997
2.0047707925842153,28.217703349282296
1.819030524882761,17.98172757475082
0.15259789281860214,13.304022146230267
1.8378170622320518,28.167129772563555
0.8709672867328837,25.755102040816325
1.1221799129789922,23.81605486083098
1.725848236081148,29.39110070257611
0.9330480309903808,14.315569487983275
1.258266501648433,22.869022869022878
2.7873228762595286,36.24405261684858
0.7240092337542354,25.679012345679013
0.7290105773802013,21.001006036217298
1.630187974504248,15.293402249924
1.4564980670533414,17.167668670674672
2.024100553606012,17.55102040816326
1.8346811363898516,11.223344556677894
-0.8144822466763882,3.4359660865684916
1.517227130628909,25.111024033437815
2.0968598792099025,16.952212983959015
0.5065019096459482,12.937266791044777
1.4807541979844348,27.665317139001353
1.3958272098788278,25.798753811480843
1.568358758879063,19.973531507686047
0.8096329613816635,14.180034909816314
0.9046453324722222,11.960724460724457
2.29876086373598,26.868725621842835
1.2978550158749382,28.37905654064904
0.7105333994818948,23.1340763255657
1.7243344638065388,21.409843111970766
0.14451261070254284,11.705498602050326
1.934259104470474,9.023797116553773
0.7629406527367161,2.123769338959214
1.359737690703278,27.520690896005767
1.02164309457251,23.672566371681413
0.45836229519409033,14.514402717669498
0.062140974941341576,1.7378351539225392
1.119662020884949,24.443985402465067
0.9402637296196933,26.11306959133045
1.714518129722316,27.020943433157164
2.493446251431268,25.0
1.6389102025215356,31.48075668623615
1.0058324729882033,19.580419580419573
1.018517583678308,15.637530072173206
1.285925190266271,15.673219192559714
2.4683487764633028,18.23877876509456
0.8374328384627718,9.898107714701595
1.093567063039704,19.2581300813008
1.8043309944406514,13.610881352816826
1.1053070507384688,24.566037735849058
2.5500762230260197,38.03926633944718
1.7123037044926732,37.25296442687747
1.3198438047616639,19.71517578994215
1.379882057432504,22.48168498168497
0.24825197232760793,27.20546918898671
0.7394460206135206,9.602333277244938
1.712524788443918,26.04881769641495
0.5426184104208127,10.35832937826293
1.2300110025942526,9.93179287305123
1.8379542371656392,19.024547803617565
1.8769986538118597,35.33141899976071
2.7142098719174697,37.660315812884576
1.2633549211712194,15.65896219194856
0.9964050346880231,12.916906267970099
1.3699575016098677,24.04312668463613
1.2164793496213346,5.200578990901569
0.5266693873697941,17.712807924958348
1.4572343326094623,24.125543581017197
1.884306853456237,17.292194335712637
0.9533180885995673,7.377598926894699
2.1236741665765084,27.82507739938081
1.474724288829899,10.775862068965516
0.417615623974219,15.242566510172153
-0.23044063968203285,2.0014326043905086
1.0481167539332117,17.016881123834246
0.9554065342735956,21.30654639879733
0.5482236598075179,20.655032273487933
2.961028402709416,26.122448979591837
1.1013764579881333,32.17375791633217
2.193261917516695,23.615257048092865
0.5823414801747626,16.649759924257793
-0.8037914486123856,2.5157232704402546
2.27045021980138,33.70909816440543
2.3655912575059435,23.1562252180809
1.9385902083800595,28.961584633853533
1.0921209381695478,21.015067406819966
0.11279382905628818,15.219341974077778
1.7878489117108116,25.240641711229948
0.6118613352039193,29.142857142857153
0.5125315720642053,16.56191278429339
-0.0019183196632661936,15.327958594605349
0.9762267295131877,17.355577689243027
1.6386691448112565,28.4907183212268
1.824326113434935,25.857175295186202
1.3957066515270402,18.125
0.8504342238478482,20.91147408751764
1.2645021274661343,19.776396098340072
1.1168895393848786,21.168280871670696
0.7917319146021828,9.368299521688932
0.557572233713794,14.090316977854975
2.278029353177497,27.66032417195207
0.9651484438417015,14.764150943396224
2.162737774502217,28.008021390374324
2.5366832143239715,17.506326201978375
-0.7785079548441758,-1.7061885482938166
0.5733239632292914,11.980158730158735
0.2517842702800634,18.33333333333332
1.299659994078235,16.838919238151476
0.6418965851727378,15.500166168162181
1.4712139485392846,29.721400394477307
0.6559698678095579,10.84801503406154
2.8374659742452826,45.77810505645558
0.9888911826319291,14.656771799628942
1.1129506865741772,16.172280878163228
0.7956509378700156,17.928832116788314
0.9039785869746928,13.513513513513502
0.38958394800224516,7.924349881796687
0.18278136919268173,6.183904597614934
1.083583576066386,25.711353671051405
1.3488754218131929,17.667342799188646
1.3914836907552457,17.84313725490197
0.18208186890418104,10.793963254593173
1.8089390257329094,28.77435804042979
1.1073314882607164,19.321176346579534
2.266536017348473,31.006101887327937
2.809955584809073,42.26937813144709
0.8106879040050798,20.215100965759447
1.669603304107767,23.380398671096337
1.5661783914505518,17.433962264150942
1.2951410428199581,16.637914510254944
1.4314412949271351,20.212765957446805
0.39222110513333996,10.63552937953704
2.8619003413028734,36.229497398063366
1.9631191947702775,37.399129172714076
0.7692262217186397,17.245215843346692
0.9059123979965339,16.554884864744025
2.30313206896712,33.57142857142858
0.8080855165144872,21.940074906367037
1.451601019418104,23.872847011144877
2.289350172752525,34.97781721384206
-0.5142795473341251,10.195762939125771
2.1540106748522385,32.5136612021858
1.3412766135306768,8.662280701754383
2.618020925098395,27.309204061578775
-0.603401536712447,7.010057909174044
1.513231530638457,13.126031920748488
1.077038814293585,17.64705882352942
1.5739268468662304,24.654614932392704
2.1453268543679327,24.994033412887823
1.5920301667793568,20.039215686274503
1.620555047956577,17.618364418938313
-0.21181999628415915,10.764275981667275
2.8507951791070796,33.99913156752063
1.6550339654309512,29.881656804733737
0.38160552318929986,8.247800586510266
0.29898096460113777,10.489510489510486
0.4185568537383064,12.034956304619222
0.4390364174708292,14.206349206349202
0.6121958458924059,14.108438335242454
1.5101064996089013,16.334306095979258
0.5244078977723661,5.770900765769312
1.7211328341366108,32.47619047619049
1.3456094512768775,16.23151125401929
1.4632515461620972,7.0657065706570705
1.8145818116070471,25.470132743362825
1.1090172927098059,13.63795518207283
0.7190553756318253,28.818897637795274
2.2535779433649883,27.141925870739428
0.7264280136800718,7.302904564315348
0.25088528777011376,5.582116552526173
1.4992746493645768,29.11326994625879
1.1946999232140945,26.177386842587502
1.9728343763020273,27.36280487804879
3.055199009697911,29.731271390543803
2.4868487087110642,29.88290398126464
1.9586087217462675,23.414660951752943
0.5426017007130284,12.445520581113797
0.6459000300353547,6.897241103558571
1.3370189146807605,13.691517579998873
-0.2531774754090428,10.419866871479776
0.7970573834507073,18.181818181818173
0.6567031821594489,14.269322186706013
0.9308808676960977,23.74243258117776
0.5430843346074903,7.31981981981982
0.7265324533222081,8.146858518101283
1.1701060742288334,26.970486111111114
1.3030589277373996,21.517094017094017
1.5473218281414436,20.131147540983605
1.9522202617973115,36.821352744919615
1.1590871074475009,19.50817096165934
0.5305006471783434,11.779744346116026
1.0079260721731855,14.47145783239825
1.3299246448922948,32.82392026578073
0.8363962069634805,17.12962962962962
1.7161974338184494,25.45454545454546
0.680807119954471,16.130917592051425
1.0015826404180292,19.09427966101694
1.9460909433816127,23.18172290924334
0.5339563319051509,13.4656206737425
0.26871948170054477,5.212328450626124
1.3239808217399345,30.509585449778797
1.0766092357132702,24.150867555436456
1.1609878206346584,14.615164929316009
0.7109506149829753,15.02392344497607
0.695231786841303,15.601173020527852
0.5976365643827661,11.908593498551653
1.4524442760027094,28.45138055222089
1.948457100709926,34.228971962616825
1.6615169258409268,28.67426040183514
1.984761585042627,23.762010347376204
1.7026249060497487,7.747252747252759
1.6937828269552797,14.429188914314778
-0.12253919943892139,10.581862333053138
1.1278045364995948,25.077659306523373
0.25594126447615373,7.836724806201545
1.0622315029978,13.112803426939557
1.9621273210694201,24.477085781433615
1.3932053694787947,18.96969696969697
0.8558654346039145,18.855218855218865
0.6335000249632475,6.239737274220033
1.6049904993617332,25.452488687782818
0.5278530001347959,11.169415292353833
1.2494659677149929,32.600031882671765
0.1632608254938081,13.808283730158735
2.4226735380894997,9.692222485956172
1.2457563017621325,18.656870860927157
2.1612764344666644,23.73229785290087
1.0500314884376742,12.262521588946449
0.8209186061362522,7.683982683982691
1.322526131414024,18.715626010999664
2.0006172939275473,30.822981366459622
0.3252104392087788,7.890713288572762
1.701332778832519,19.14310954063604
0.7411433699082499,7.235329703569263
-0.23309435405298481,15.392798690671029
1.4260678774806663,19.327433628318587
1.9055696145141128,29.011387163561068
0.6000825918593675,9.730022662331258
0.6795032925518962,15.289730349971322
0.6926215406541977,17.876028202115158
1.2511054722041905,19.22221271498247
1.9146216640982363,23.566407695153536
0.9446596918619066,23.39638542934732
0.7759674809973853,13.87324472478786
1.2135693295292924,18.109971414158395
1.9088867641274399,33.11036789297659
0.19625906232896861,17.78662176641665
1.3400494844330402,21.508215962441305
1.6869627450156557,17.654406662040245
0.13323681293744744,6.565433190820187
1.3599936753128958,17.559523809523817
0.9974198384617896,15.264716126785103
0.19255669747839274,8.38509316770186
1.6315651832975102,22.140726614835465
0.39705862350586535,18.15933580639463
0.8025144148665917,17.215088282504013
1.2552847764416022,22.832010298219267
-0.05305101093072473,2.4272469739891775
1.205008392963245,18.98934070272405
1.0020822527480817,25.75896030053812
0.38473923653328074,6.08058608058608
2.305579976249723,29.13088285812436
0.7685040750934709,8.031698436496036
1.1186099829478857,27.647058823529413
1.5885570698654308,24.808623652554296
2.4175275687753475,31.37085137085137
1.926083476025729,20.300586510263933
0.3860575465058681,10.846664065548183
0.5536840969577124,4.721362229102169
1.2089870762118937,26.27331420373028
1.6337281418681306,30.936004784688997
1.5740344637800066,27.663817663817667
-0.27243597928071084,3.1978773914257843
0.056774935046360664,9.513888888888893
0.5929969821674718,11.756440281030443
2.1837494607876025,43.20472714633298
1.2933477683213435,6.554621848739494
1.156609370070493,11.617348573870316
1.0070261177507027,17.986668173087793
1.3460092940030184,19.87901543596162
0.11481281837780849,10.492406810860551
1.5730397221835564,24.22976912772831
2.2307626260273548,26.499032882011612
0.4455663914215034,16.43094330340672
1.426280466264464,15.630170987313846
1.7621686153594787,25.231092436974798
1.8793736786998994,25.96383741781232
1.2006141091409124,20.32944957814383
0.4251056837774182,11.859956236323853
0.09761009011158583,9.595959595959592
1.1092339894720584,22.21160989069299
2.549070800960482,32.43060765191298
1.3475475832775796,17.924528301886795
0.20394855788241292,11.505428617728086
1.594401715133564,26.666666666666657
1.572268383402244,13.933566433566426
0.41640789535568223,15.731874145006842
1.6532505198969774,33.02063789868669
-0.28458122488660753,4.93876199933797
0.50691390485725,11.33104547125874
0.5148702596273967,15.59804267769762
0.060288828342821205,7.980409104004615
1.4667534526251027,16.200828157349903
1.274315392905813,15.016982047549725
0.8970178922071805,21.724696356275302
0.4655956083944851,9.64458247066942
1.5489475289596117,23.206531179433732
2.0370849983382815,26.38001638001638
0.8366915970198245,11.758788915153644
2.294787378556329,18.245705361790733
0.9469413777679152,12.662337662337663
1.7813502533403032,20.525632706035047
0.07464162401902721,15.234234234234236
1.4625803187225523,15.552579244287514
1.740490369134569,27.099664053751397
1.6140824760834227,26.9088669950739
0.8156787838589551,13.231527093596057
1.2260711428700022,21.294284364666993
0.8438467371658334,20.582770270270267
1.5113442284502243,15.517388703751166
0.9470609417546481,15.401102265768522
0.5074780976592822,16.653574234092687
1.0314931371014768,26.20950478093335
0.6378001958590043,10.42016806722689
0.9360185445283181,13.825384312179729
-0.22340008408283435,3.7484737484737423
1.834720952799152,24.812834224598937
0.6223455364784702,10.222113142716893
0.7509982020610477,16.738248628012393
0.8465474170265399,21.959459459459467
2.540020216927136,23.55805902716658
2.7033287540753785,21.129503407984416
1.7624731043262527,27.15617715617715
-0.0400327350481503,6.203043729531885
1.6424262481496958,27.150259067357517
0.8484127811446968,16.63723066054397
0.09977118065038959,7.498596519368029
1.4807362340135737,10.817610062893074
1.543856639200408,29.25460260440054
1.0939670757482176,19.178912286017272
1.5360097385928366,9.117845117845114
-0.009814290413063809,6.611872146118721
1.5352994948024574,17.324059668710532
1.660464762165697,17.973063973063972
1.7629196139589691,18.53094705443698
1.6558084691361936,23.017813482361163
0.14517084592310042,9.979494190020503
0.2747276348152622,12.200460829493089
0.9864564502815838,4.414721566570499
1.1826924168231798,19.723787602190654
1.6363579362890603,5.19031141868512
0.9305276624048942,13.693844756515055
1.5816299181838682,17.684063373718544
0.4396020259269908,12.166666666666671
0.5948468937876917,7.870831948598642
1.7403933541307315,17.18554303095366
-0.2347834814218545,11.130408517707473
1.4209953405565494,27.646253179416945
0.4340738190575629,10.28660436137072
1.6464142002163653,28.04312668463612
1.2341945546879391,23.228374954759325
0.4506689225040498,11.225944404846757
-0.03699141128102024,9.83819169960475
0.36951491730759345,16.770801113516853
0.8261642561994218,21.37223974763407
2.4497473114806256,22.0656634746922
0.6952413370422466,10.416666666666664
2.185870454615728,20.870870870870867
1.9075572442719515,25.541861453463675
2.6630668174773287,29.285861288330942
1.5227253306717827,20.5
1.6148769572267754,19.166984369043085
1.2528783502153469,14.362510225546337
0.15247539481930522,6.5015479876160995
2.2623196771927505,22.151736511598102
0.8194878149867685,11.688311688311693
2.441212581013614,17.76556776556776
1.2402214897331274,14.639639639639626
1.3426289652217338,13.31835486488174
1.9858496480498329,21.477218225419662
2.7596547319550946,30.435688972274342
2.267395989174135,32.99615877080666
2.3774576343530502,35.80110497237569
-0.5711686407784702,2.860501567398117
1.2238690921455586,21.66389811738648
-0.22506611899290438,2.34350424661843
2.1886919616924096,32.053973013493255
1.1010753332533314,17.075199645075415
-0.06697206584374925,4.17357656163626
2.0453789019746984,19.959016393442624
1.4296936008567713,24.176136363636367
-0.5342268375462859,6.089015151515149
2.1436717984220577,31.922936227289348
3.130047446056457,28.612209046991666
1.6185458679100138,27.39853626081171
-0.3159789220155284,-0.9248451108916314
1.8633141384404295,24.31451612903225
1.9266458241364748,32.587105177466626
1.7867207794487108,10.94039888682746
2.2057267175440263,27.154415856843187
2.318289211132483,34.50566202090594
-1.1877587984393534,7.954545454545446
1.8162401745314847,24.36813186813186
2.3525919611574637,22.02252576084353
1.2760757940966874,13.710409980015747
1.8555216795948681,23.106060606060602
0.8056749039971771,10.872021616310484
0.9520523863479187,13.5823721810983
1.42486042987158,14.41441441441441
0.7789267461095664,6.979977753058954
1.107978291402035,32.56814921090387
1.2167537834125013,19.05882352941176
0.7112910932760009,12.637819846057837
2.185525082059837,28.152128978916906
2.59862044183966,15.789473684210535
2.8218842635544386,32.25875779067269
0.8858880196092903,22.450080949811117
0.25203529114806605,4.519629747845521
0.9852561176782644,25.281602002503142
2.590466111471632,35.65140845070422
0.3688194789761584,8.83908045977011
0.9375841695894962,22.808764940239044
1.2668736170040416,7.46131654864935
0.5575546199110891,16.341698841698836
2.5766399670956033,22.04206836108677
1.221882871612399,29.02280646183086
1.3811583390190485,19.264387105796793
1.0750305847935766,17.277913610431938
1.1777407799094846,26.660296225513612
1.2238262229813985,23.898456721091478
1.458891357059051,12.525469168900806
0.9518797277525324,14.809905824904085
2.434013782646641,30.902315677402193
1.9036069011678756,37.8407579787234
0.43056469979724876,16.431372549019613
1.490184533200987,13.763440860215042
2.0040615669433404,32.171428571428564
1.5316646874177127,21.58687943262411
1.0159989495374002,6.002023153872095
1.6974584522394793,24.83844069209922
1.069492718944643,9.592298323957543
1.1063301475580816,11.857037582903466
0.5546082194226353,15.408954279386165
2.256743556426435,27.800664451827238
0.4330514792989573,16.487266999212395
1.2025120480500342,19.290192566054635
0.7099875710298924,10.643274853801174
-0.2535773745848712,5.3486001097953135
1.9984267004022176,9.407869107908056
1.1233473286821618,14.321083172147006
0.030649677595008973,12.289926796576971
0.82236356822461,8.596345514950166
2.5330536984807823,26.08695652173914
-0.020308247184739614,9.36546484837163
1.2991462359359298,29.912568306010932
0.6348892856069377,4.411764705882348
1.5603846455883037,9.874686716791977
1.1662483366601901,33.611760775141995
1.9541919005510469,19.125490885645625
1.6982611630174569,25.804195804195793
1.4403023050388573,25.688844086021504
1.8648503218429382,37.65941485371343
0.5571091261813954,9.288990825688067
-0.12379469276507876,11.364523504154342
1.7027239536669323,23.904561824729896
1.0828329483873986,25.95932061228769
0.9408206965853756,18.338557993730397
0.13869635801167363,8.894615247911851
0.5454687276235455,15.126050420168063
1.8200278944587107,27.352941176470587
0.045596552997977186,6.048847295138103
1.4027507717121832,25.83979328165374
0.257968965468312,12.822299651567945
1.703286425649927,10.50907258064516
2.823957780924611,46.387850915013885
1.6497465676293221,30.53863134657837
1.6865883568700033,29.449633930825556
2.02994865039076,24.843113152616944
0.9917449704977854,15.938957185247993
1.3462690115797837,17.44031830238727
1.6265130815499425,28.43478260869565
0.3531628236595341,10.867808661926304
1.5220642805271245,18.17039026341351
1.7434453691633023,27.686019352686017
0.7940924336187019,9.51825951825952
1.7046624813204923,20.216962524654825
1.406091697378593,23.320668148254356
2.2333236169236224,29.22348484848486
1.2330032297944507,22.24064097251
0.4613916342760409,8.544556033795637
0.5018563656678582,17.315064024141577
0.731431035202524,17.53216374269006
1.865888594310685,26.00616388687454
2.4141559204977465,25.742128935532243
1.9065087030886276,27.201022051880244
1.6653868958849243,27.27272727272726
0.5882044302278984,9.232264334305142
0.5277158540439029,7.727272727272727
0.9564590878630854,6.354611984638794
1.8512636890651755,10.333333333333336
2.399608167186945,41.06997709303185
0.9855323700832455,23.680387409200968
0.2694365666967283,8.843085106382972
1.481883779718614,22.47474747474748
1.733288567282297,23.002821835165904
1.7538486341854806,30.044706360495837
0.8241592505180084,19.905523255813947
1.252467005756716,14.004914004914006
2.0688087203448253,34.15079365079365
1.786964652592911,22.02638408304498
0.9870993327579838,17.799429657794676
0.9893438594939343,15.340909090909093
1.1615077448427407,25.77867625037436
0.3282422870435374,11.02691924227318
0.5204575766818431,17.381160688247306
2.4404042684324136,34.2620232172471
1.6036057999982327,22.509803921568633
2.1401039174318837,26.68032786885246
0.21875980593584973,8.94213583556747
0.9081782280791271,17.057291666666657
1.862804783239333,34.85730926033779
0.5456222670895925,10.507482108002591
0.5084640938552859,7.3265179677819035
0.45979234461888724,3.646934460887941
1.1651175983514082,10.809270516717326
0.8186440365600933,21.406120760959467
1.1818131130747358,24.41950464396284
1.752283868422322,26.358776358776346
0.9914105824503492,21.265909872721025
1.3102838287274947,12.43469174503656
1.9432529158693117,27.272727272727266
0.4942300464760263,9.170225970138354
1.154474013653884,19.25186583940294
1.2021669350751027,23.336291038154393
0.27063443679737675,7.239057239057246
0.7755406795480243,16.666666666666657
1.5767351076197758,17.344057499786075
0.8061401246972153,19.83621474067334
2.8597050841937177,23.900732844770154
-0.30372197043408844,9.674185463659143
1.01107948938026,15.81866409452617
0.7396978449353225,12.085868830290742
0.9401861098905895,10.875627440044617
0.39203187236694603,14.530721813481804
0.244391742123884,11.76350662589195
0.5095956755430576,15.608465608465615
1.6931181586045176,24.289537402829097
1.5917747132662545,25.030352084176442
1.3313250705262012,22.503753753753756
2.5426854993173214,31.48876404494382
2.286877559405117,21.73913043478261
0.4360072503964265,17.675159235668794
2.4848456287475456,22.41048593350385
0.24399906605381155,14.993861264579493
2.0631890083891253,18.452380952380942
0.3216344240881636,18.826946145589993
0.7886328806594303,16.70746634026927
1.3769412018005984,24.91809991809992
2.110974906432266,17.77739210922133
0.858306842525753,31.971192749635854
1.1254812334008677,24.02123424021233
1.459793800874678,24.037380966463594
2.2980155397337043,13.130441038923664
0.9395773424435867,15.171177851934246
0.4241977227399018,0.3014915899714481
0.9247934599820942,18.185601331668742
1.194936760473716,13.457446808510639
0.8930768880815834,11.22397792826687
1.5973463750426296,28.144574843401244
0.40430782899656814,6.4920894708128785
2.5447235977847877,21.810207336523128
0.6837477686136425,19.66173361522199
0.5010901909966489,16.261520381023075
0.1534315718453959,12.467076382791923
-0.7172035564039202,8.502024291497975
0.31865694195576133,8.34641548927263
1.9241983715939366,12.186147186147181
0.29832195795523236,18.342700896247905
0.5637311486715285,12.012965088797351
1.3421796868417029,21.935595567867033
0.07145308805100964,9.699666295884313
1.3431780296812088,7.351576994434133
1.221054961155132,29.513888888888893
1.2719083821289237,21.072796934865906
2.308517896744414,19.520795660036164
0.7572047233944758,23.292492179353488
1.1050424866601176,25.28883183568677
1.2044305381056488,18.19074333800841
0.14045166797727093,16.8702838663313
0.42828490778869555,10.59402691171644
1.4447387567708938,14.960127591706538
0.6886179521224884,10.894375218353325
2.3643569944540572,30.458579881656803
0.8744498483253018,23.673385438091316
1.9602130966021996,31.425502531839804
0.0911434681850187,0.9871739443723868
1.671517326319731,28.89635564745413
1.4670763217899985,21.550205519671152
0.20757305422903388,8.741585639491397
1.1171413846171214,23.432835820895527
1.1681489484628518,20.60606060606061
0.946836701283148,10.392857142857139
1.3343732370311259,29.073461713026
1.6066183904974838,24.976447769465224
-0.2150073372145341,4.958886780518654
2.2169541521678444,28.90027591643674
1.6056226242758111,29.062858334202026
1.1651560913863603,22.043667269086107
1.262150589337551,21.977471839799747
1.6054066425279512,26.970831690973583
1.0883156716645699,15.10076252723313
0.9801993807496837,19.241379310344826
2.202459160985976,34.30735930735931
0.3654888935319607,18.146684233640755
1.1600432812613477,27.377861694595225
1.9154854980983775,20.055881150333924
2.171193166755026,31.07054236086495
1.0065760465906224,19.383741258741253
2.267805875154002,34.584265794456876
0.834053494256203,14.084383753501399
3.00186934810211,38.39285714285715
1.7707566882926604,36.08372516305171
1.8706056295387963,18.19288389513109
0.9929798935346634,12.784090909090914
-0.3706305139287826,6.5340909090909065
2.3560761209181718,31.156716417910452
0.9498771652021523,9.115341545352749
1.5547593446681582,19.96588562707604
1.4428687567148635,15.934993668214446
2.244898427135456,29.181235431235443
1.636275630434243,16.858237547892713
0.8901091263568571,13.079748966784017
1.0989160667440787,16.14617219692041
2.252460409381188,26.548089591567845
0.8419446370120065,11.270983213429247
2.3726880585956764,34.70338983050847
0.6861526512788529,10.9441757829006
0.22062034440226563,13.423645320197053
-0.09722430928929382,11.7004048582996
0.5200701642072191,10.905109489051092
0.2987834410801645,18.50931677018633
0.16658848643100233,9.053389532841578
0.3743115236317428,9.412930393856819
0.23746287126682197,8.438568797684823
0.7385048396337357,20.69923008961252
1.330459061263088,14.765541594809882
1.9939823693925414,22.222222222222214
0.9448263907070784,26.1521168977145
1.0071518180340793,16.34558093346574
0.8210143166667738,22.263588979895765
0.9604827211924111,12.256532066508314
0.30628509670686394,9.582420901608394
1.2996411420706548,23.52941176470587
1.4316421162982784,18.581418581418582
-1.0654082447212732,8.13286713286714
2.085928616652996,25.249169435215947
2.2571358217020636,16.319082377476533
1.272252771081447,4.139156932453027
-0.23745750735267201,-0.18874029335634646
1.4196492073233982,22.952295229522953
2.6554009671714116,26.830308486944986
0.63669512309589,7.883597883597886
1.42038266326539,15.647058823529406
1.2374528577088644,20.054550674705716
0.39749413440457126,14.381893711502656
1.2104020028148619,22.48097412480974
1.2438559167686933,28.626624517035467
2.0713075483334227,19.89731199033524
0.023225776681608662,8.009367681498816
1.1457145676755316,17.790238307633487
0.9840439188828062,25.96961462450593
1.196661780951566,23.340798045602604
0.8327862716417922,12.289325842696627
2.1109577709799323,34.831970935513176
0.44988718764879954,23.52152789411963
0.7181660459246957,3.04347826086957
1.2933748918002503,22.07666850523993
0.27547905461149114,7.505573445627945
1.715209560374455,28.096249115357402
2.428682838190025,23.131873779422357
0.2757258523780097,10.591133004926107
-0.315698495233882,6.628477905073645
1.7111768504845823,24.654377880184335
0.34845674882121686,17.410714285714292
-0.2692324987189495,-2.3486901535681994
1.794961113074524,34.75916075650118
1.228282401180427,16.595744680851062
1.4794895056652548,16.464032421479224
0.7866533704788178,8.44491425886774
0.7182713714733271,8.235562656927634
-0.0766324556429856,5.161290322580648
1.5879183282745575,37.159468438538205
1.2396261186506177,9.494949494949495
0.5738270409289872,11.82692307692308
1.6180957857843965,30.553656869446343
2.0328456539081357,34.78927203065134
1.753431455849868,16.147659311198176
2.0069893896814963,33.17460317460318
0.576521267388793,4.905660377358487
2.4150725471979544,25.914529914529922
1.5554283833941849,23.053468846663726
0.5496114358047919,17.333333333333336
0.40459890797353015,15.508982035928149
1.0260212328975762,21.560846560846556
-0.051603098956546245,16.351931330472105
0.45225126069066846,21.678620218579233
0.9186244927913512,13.480392156862756
1.8566093140373328,19.644839067702556
1.6781804732565462,11.71953930086886
0.6643306846833786,23.22418572418573
1.7319274990615843,17.763157894736835
2.041391538336586,35.983137609153864
2.184116352860852,17.905778432094223
1.138483374206208,27.68411712511091
0.4191687738649742,4.8172757475082975
0.9388660089445553,13.315991576861137
1.4097651508649427,15.57575757575757
1.1525881740904096,15.339558573853985
0.8417008803244259,21.040627227369917
1.6930388434405947,29.58211143695015
1.3001667868881825,21.3474979032709
0.42184043236081864,6.303758689760805
0.8795370732874912,12.585616438356162
1.3786812484438837,29.555555555555557
0.11338735948318818,20.160950978329467
1.05668450376576,20.887445887445892
1.1953838240090473,1.526315789473685
1.9766551600088067,29.417653929584525
1.4839531487922721,26.702080998099326
1.583382188385452,27.46588693957115
1.9949228169886772,21.326164874551964
3.2898918391942846,41.608860390556686
0.6258711139597694,12.375713983499047
1.9297609493122998,26.921379484269593
1.3038590360668136,24.529479047520013
1.293302532861833,13.573700954400849
1.6477411214119941,36.01010101010101
1.351650765989846,33.24281150159745
1.5915754953626107,16.866279069767444
1.3433366715561277,12.824048538334253
-0.5667147188209976,9.259259259259252
1.7707508730674073,28.6771368166717
1.1587048326990936,15.644555694618262
2.2792803089697258,16.673812841676494
0.6632607103062014,13.325867861142221
0.10274335318854377,13.67453372226641
2.0448122705418634,11.711149912696435
1.5344656593172639,26.053793657165798
1.1135002483159084,12.82051282051281
1.3247776944362617,19.252181138346494
1.728839110279326,37.12464762838583
1.8144247353672673,34.1790770362199
1.9322372966694727,23.02348336594912
1.311895871394771,20.01614205004035
0.17609483158252115,6.332533013205278
1.0666702257828182,18.227377667661457
0.5892243364982326,7.134894091415838
0.08454502398315994,15.367617517075125
-0.0962115706212671,11.268127447867052
2.830349401677169,30.091533180778043
1.3664898011065199,31.176870748299315
1.8775532088695666,22.77777777777777
0.45640588566646767,11.313950867703404
1.496748570038538,23.738399071925755
2.3891525790578116,23.024789351569176
0.04778579943030406,10.373917008663938
0.4796746408672717,15.884700665188468
1.0099916069372512,18.02469135802469
1.6106253213533677,23.2918311569997
3.6685425028973704,52.693737354726395
1.260053038559461,26.67626491155903
2.075817046994766,22.19519610823958
1.196410987432771,22.921875
2.059352052222096,17.01729780271154
0.47434783883955,11.074561403508774
0.9920505070241573,19.44581280788178
0.15218907337644422,0.6825075834175891
0.5082443503944866,13.725490196078432
0.9748829560386081,14.020235391286398
0.9384262342881744,17.488328664799262
0.831767699917018,14.699879951980783
0.02182053903645295,6.902839281062775
2.006864589349183,27.015186915887853
1.1648648833890154,24.724863767496522
0.46946468413932,7.454827052142491
2.816291126102351,26.814332247557005
1.7543984917323159,25.350246118894354
2.5913461010060033,30.95617529880478
1.1686449318216288,10.804991436261318
1.2291334153681963,22.64808362369338
0.6298015934776982,17.639833711262277
1.0116477433849145,19.150326797385617
1.152910509416117,10.483193277310917
-0.6170947535934895,3.9682539682539613
1.4028517670591045,13.045404208194917
1.1729047747547094,23.532850128594802
0.5386835701146148,9.905020352781541
2.2077067129301726,19.379432624113477
0.9929428956129134,19.48510853104493
1.9039511453056175,11.921039961482904
1.2519491262603561,24.44444444444445
0.5249635130742691,19.215425531914903
1.069682021194835,16.819884235614573
0.5231908778972711,17.288879140162322
0.6677684309312889,6.517747858017131
1.9684380234857695,11.713286713286713
1.695701934768786,13.581780538302269
2.3502857997645195,34.34782608695653
0.4358893441515348,15.85567692816948
0.33203752808004594,18.70876099706745
0.9569453779558341,16.475095785440622
0.522357869621009,6.31469979296066
2.428529449804882,31.01781938991241
2.041920601061867,21.955619700523187
0.8623158843268284,21.68421052631578
1.4155004256453654,21.782942743523407
0.15271758919281664,3.1273836765827596
2.285816396377711,35.15815085158152
0.9636674279639964,7.513645984181792
2.552283720770234,30.021334958854005
2.029243869832813,18.551829268292686
1.7615893878468738,25.102375102375106
0.650196907895138,10.354510354510346
2.3179561408839096,26.048026048026045
1.353777795467665,21.428571428571438
1.0521989285861775,16.470434327577188
-0.1321769101093095,5.888744024337242
1.485083902835784,23.453237410071935
1.202749478866133,12.649089767733834
1.00652236387484,19.880034275921155
0.893683365041115,19.596110695587136
2.098587177416379,22.908630001102175
-0.8689338944092861,1.1859939759036067
2.1162776108111325,26.9954128440367
2.2343811355947163,29.82142857142857
1.3063965156882746,10.892857142857146
0.4106792954036644,8.896492728828065
2.6231203640677636,37.676767676767675
1.8028163067334795,19.80509745127437
0.20353860761604364,10.826612903225815
1.2785173993089816,14.189077709948847
1.843659835228681,21.461675579322645
2.8218955294965076,45.222189950624454
0.85047676062421,16.243961352656996
-0.03191845638861006,4.485869935308138
1.7591884440837848,10.274983232729703
0.03344305024793681,4.692624674123287
0.9462729873063573,18.728222996515676
1.3792398408906397,30.386292834890966
1.2143040056204275,10.068908773012438
0.8845738269582236,11.190523790483809
0.904472623085457,12.77984304006609
1.0653782917279302,18.931710615280593
1.1516152528863528,19.008799171842654
0.21645915675676297,15.70378151260504
-0.3294089884686731,12.454545454545453
1.690610485829171,20.324208594586324
1.948981108374472,17.017954722872744
1.56191256494479,14.83134920634921
0.7564007941617216,22.352941176470587
2.716839547300405,31.818181818181827
0.5487564484469358,14.400346996313168
0.47164888596559984,21.86423505572443
-0.09066651498816376,3.525179856115102
1.9236952750020362,32.5661215424995
0.9755849535520071,17.788191190253038
0.6080157355567396,13.798701298701296
2.6889028592567925,21.780684104627767
1.1308265212257265,11.116885366593038
2.0334395022466114,35.60235767682576
-0.4037112319076598,1.1059907834101352
2.1650141995954235,36.345381526104426
1.4423891507268551,31.75257731958763
2.248348371641855,25.797826461963076
0.31352069462045423,11.646757679180887
-0.020099436874032955,-0.2764976958525409
1.634513763742291,29.609634551495006
0.6929950742453896,16.059672223000412
0.9110437185587672,16.822429906542048
2.2141780528751878,29.49920508744038
1.1761142758368777,9.216725559481745
0.992363173035142,21.26492106276472
1.7916150291435309,20.66731141199226
1.9843197557104664,39.752988946537336
0.25688343072061454,8.464912280701753
1.0923439211955803,26.820453671664744
2.7740327722093294,35.25413711583924
1.9287142579693914,33.151581243184296
1.5255253499362678,27.283943001665527
0.7721939711149806,16.666666666666657
0.26808063506348523,11.07915201874934
1.408001782320432,22.739203054163674
1.6722353711568427,42.35804648426008
2.599254067643965,24.273920094353535
0.9878158569666019,17.042606516290725
1.8073019313009717,29.415836101882604
0.9329270905204431,18.98206090947017
0.9279844690338941,14.328884411986898
1.215854908256129,12.560386473429944
0.46284020517088154,11.55681933583832
0.7310677817657243,12.499999999999993
2.0253243527397995,31.121281464530888
1.2281397402775753,23.18082788671024
0.3030027856165606,4.216037475888683
1.1856557513546504,26.884057971014492
0.2855657271768731,7.639173147769142
0.17815029454005704,18.35833042669457
2.0382891250521533,12.810955352078444
0.996956534614248,16.178736517719564
1.148077377252401,16.103219403262827
0.4087223759995884,18.3628841607565
0.5743392860428356,11.39443212613945
0.8061609152372327,10.632379654859228
0.6373679382205684,14.190792596108196
2.203692252172933,18.47198641765705
0.8322248588940916,15.112210424710426
2.1792522704134423,35.22012578616353
2.058574246652269,20.252025202520258
2.462449617565932,24.406627854903718
2.310488884781873,28.018995929443683
1.1668359266705857,10.265700483091791
1.1503011663232177,11.883213488718084
1.317203153578098,25.32094270933129
0.4868898374900754,14.00855816652161
2.197852239246306,32.41658826083811
-0.7258394987742902,5.644811115935731
2.0511258658761786,17.471264367816083
1.7530425538149477,27.083333333333343
0.29757445878002076,11.96489066830921
0.9531638946978827,12.5
1.2197370218565387,19.024725274725277
2.3812263228746566,11.779448621553875
1.7511033367360707,21.921017402945104
0.7732714251289879,18.23811192896367
1.0927543221093836,25.826086956521742
1.0961461829750923,19.469486823855753
1.9558145471390302,28.0
2.366459476458272,18.84823848238483
1.7514496863962132,15.985221674876847
1.5766576716536584,16.567651242573845
-0.21331317479513534,4.20851267336203
1.1126822464956712,16.845364636288004
0.7508108675855109,12.06896551724138
0.7938396676760866,23.496240601503757
2.235018206444292,27.432471681672958
1.1912196591536386,15.131000527518907
0.6464120656485948,15.58441558441558
0.24514737457162306,10.31522468142186
1.1047471611734005,19.365530303030305
0.492966415244441,17.603359173126627
0.6449901243749605,15.952096829185137
2.0521090939731357,28.23779193205946
1.9042311193025045,25.197702488970293
0.8687444258686923,11.965001054185116
2.775925204843629,38.278682259420634
0.16630520388498965,6.157536985205915
0.12409039149536968,12.531328320802004
0.8003749958796172,12.388663967611336
2.3059303056670424,21.875
0.8194340429020277,18.844884488448848
0.8010123290863627,15.528756957328376
0.9539528475998897,22.007019368256856
1.0082403357937062,17.054625491896218
1.7549364948637192,18.0590717299578
0.6674432835313943,11.495972382048336
1.143371836144234,17.066532258064512
0.48435983831305085,14.552568471538557
1.9103129304497992,17.883747485182965
1.114882557643659,16.379982019778247
1.8730697511281573,17.138364779874202
0.8850916443762613,10.279680365296798
0.9248818230420837,11.958511287370342
1.2497580829297732,24.703752468729427
1.280622641185374,19.918074756784435
1.3497081056090323,12.145274668055194
0.8791321986438565,10.85922044591777
1.0583441711245583,11.348492860920146
0.9535847488963456,22.83844835644181
0.3544525169477799,12.056950919937826
0.9164888373367375,21.815181518151817
0.7889795796903301,22.04485754697918
1.4415588528431358,20.483774238688603
0.043159899556716286,10.660124888492419
1.27748380521884,20.45318045318045
1.4439815647507133,15.765731899857151
1.330077852096329,17.51893939393939
1.0461179414758859,15.853522384727029
1.1219203576416317,25.33719370100981
1.0707970884125522,15.505804311774455
1.9981370742389784,22.720350276032747
1.318308034712475,24.240164087264596
2.0770230192542005,12.937393606960462
0.3026582697214701,11.802079322294965
2.255981533512816,25.29538131041891
1.1362397467352465,13.499931157923726
0.9512177113571403,23.601398601398607
1.2627172791156922,33.04503257798535
1.5006338210670096,27.289879931389372
0.10819139855343732,8.632713440405752
2.0014890399673595,26.741946778711487
1.1859982597022845,16.582761250953467
1.1677656758611743,14.98771498771498
1.296550123011478,17.511261261261254
1.8639103861364927,16.140823393612934
1.5728755432422634,27.221946375372383
1.370220607318537,6.590621039290227
1.455460874728696,35.00717360114778
1.3577679847100355,19.287634408602152
-0.3687907472835442,1.5632754342431738
0.7503141376724103,9.83958570165467
1.6634906221074182,28.81020278833966
0.06529895774943328,9.714228517091243
1.589558942719306,24.283263905905415
0.275204454372151,13.343298455406078
2.1057712808460956,30.125937455780388
0.07953750251661289,6.337751595483553
-0.5588123364154824,0.09259259259258812
1.04081631805234,13.885457608085346
1.4774773030162027,17.027170389579766
1.3631050841327366,22.967772967772966
1.1392047301825066,10.98530212302667
2.6620328280510295,29.245499808502494
0.16358926796484274,23.505402160864342
1.8055601987374192,24.62968341562592
1.9628187557022418,30.91273319143609
1.0419099802728427,28.66468842729971
1.4019080549292893,23.272727272727266
0.5287372106006014,12.761133603238854
0.9903272611087002,17.205805210701158
0.9166433129435814,12.737107825459788
2.685054732300916,37.07772470690404
1.4281044880303488,22.83002588438309
0.2960295908575353,11.474537173951617
0.31710906254449617,14.581804842259722
2.2505232076436386,20.89879430032883
1.2776017595678528,21.48640832851359
1.4019095699885642,24.706345560732323
1.758014828995525,10.899221484179705
0.8743112468483094,19.067513368983967
1.0601943575094026,20.745920745920742
1.3465463423689465,18.522891250163973
-0.8173120966013213,6.014610389610382
0.7326439958024342,13.250517598343677
-0.27038520915156794,9.500235737859512
-0.07695049054586733,6.940600383223327
0.626711747054051,10.685687988955358
0.1730203100685903,15.342490349223446
0.6420413284323677,12.374720880718705
1.206571419027233,20.483333333333334
1.450902446934701,17.878054149240583
1.2188801991937281,18.243927125506076
1.4477335236335631,22.003284072249592
0.0673027734068713,10.596976016684046
-0.4349299537997116,3.0405405405405403
0.7039093741189868,8.441558441558435
1.998103646175792,26.29629629629629
0.40669273664866945,3.0767374517374577
1.0756483750564523,17.905575087895514
2.5426003703911304,35.178880392922935
2.1823760504930307,33.11651260983681
1.1886218560031958,7.436708860759488
0.3397657583450568,12.44777296018919
1.9501353231854526,29.478458049886633
0.3420031393297068,11.681706316652992
2.4754078733254037,30.670810670810674
1.086339477748962,21.06227106227105
1.450859172881571,15.26315789473685
1.520509529626632,20.13081395348837
1.7012169050791932,27.976778656126484
0.4511135470583826,12.97230260438198
0.6482921330452746,16.605002219920088
-0.18874237114553394,10.576234788833219
1.8089867342526382,25.0
0.7079241386912097,9.316821808510639
0.7723627779536892,12.847478824398841
0.5823481678386163,12.069412069412067
0.41724334509239935,4.348042138739821
0.9741822435483309,31.10864745011086
2.042625269766471,22.746071133167916
0.7794920029740658,19.228084172733617
0.5536587397112918,6.461045742532896
0.8756419267920977,15.848976109215016
1.0041441077564317,6.784188034188041
0.429931221873984,9.11725067385445
1.1777041687350889,23.302207130730054
1.0145074035897386,13.602347762289078
1.7628238256224904,29.23494834342715
1.2367281046896652,19.746031746031747
-0.15377221221027387,12.489124416673263
0.8534156116209755,13.127510040160644
1.3751610602023079,28.213922764227647
1.3569589050665933,18.882741388541845
1.3655923669186385,9.825783972125436
1.3533462892749557,28.684931506849317
0.7358321882270713,21.794871794871796
1.6363086220761955,16.38028853947155
1.4921284621837352,28.18877551020408
0.9503764963008345,14.92216854535696
2.0403520741397134,23.579635290397384
1.96461815613067,15.110725141120284
2.5774666960387203,34.5338367702585
0.2728282847036886,6.170468187274913
0.08734981652458201,9.263746505125816
0.44703645364183503,18.91371340523883
1.5881778670366624,10.163934426229503
0.402175770235265,17.68656716417911
0.4627032294449248,15.49368204525419
0.7089337310780341,12.505193186539259
0.9046065233901661,8.12201566918548
1.876477814685805,23.253522514533458
1.3711344439149142,33.870967741935495
1.7639544041877717,25.074540732903728
0.9522015503951891,17.54975978037063
2.584153566821916,32.04128440366973
0.17591019041771355,9.092775041050906
2.001146023583357,26.194706817544194
1.5319521955182067,19.264846743295017
0.4438973636293522,12.92857142857143
0.5987058979291545,6.791569086651066
1.9853103931643417,29.71998101566208
1.4434652949399271,11.03544613235551
0.5918378866519907,8.964316797214963
2.110616678974037,28.664750457277243
1.3559044903899964,14.230377166156984
1.042640719512796,25.02040816326531
0.9392473861623813,14.736188702669146
0.5038256775702308,27.420159680638733
1.6769513174606352,26.7876787678768
1.5841916941693488,27.76922453609918
0.7753549696669964,6.522079549013469
1.514457068437653,29.02371759514616
1.2303208784885795,13.106622041596935
0.31453270914667686,10.671936758893288
1.651285862814901,23.230337078651687
2.532772249989981,38.68163310223397
0.5114107132747163,12.466580093193798
1.135662336610285,14.948801275369433
1.6401328241336657,1.2913223140495944
1.500773800303839,21.2991357680513
1.704922010721436,17.55497046893902
1.8003218573298874,23.720330237358105
0.5507580437759936,12.664012973610504
1.4016448118707283,22.297435897435896
0.7970178271470685,11.926328502415458
0.22079821996376586,7.152166829586179
0.2667426235165824,15.822939594032768
2.1328659707247897,22.631233595800524
1.329152482024218,25.580980418395107
0.9718544154070291,18.060818491852977
0.9777744193753118,20.7988437787413
1.5709788608170017,21.971971971971968
1.1515738753044347,10.775193798449614
2.034298860443038,34.59205338186229
0.9331289809767895,12.26480836236933
1.228420621265642,15.089475280558084
1.4588963481652932,18.819731282343447
0.06486577253328218,13.211176351488156
0.6257490723960171,22.183908045977
0.9312343963127123,15.954153217838083
1.0403884271650308,16.64120193531958
0.4946074871144629,15.825896922236389
1.7896232242427088,24.61685214626391
1.6956048739576888,23.05444570338124
0.4665078422023524,14.83862327574662
-0.4041265673811937,11.325611325611327
1.5866028330195878,20.022883295194518
1.0503493352532516,28.518518518518512
0.8472686396104494,20.63140404320133
1.2785736854344347,20.37037037037036
2.1692935771454436,24.0048154093098
2.112897885084443,26.86283815851923
1.7550076760458706,24.625502374862997
1.1084352434641216,16.479076479076483
1.3152813529458882,32.99837305005263
1.7939394678072262,20.417942713024686
1.6265890533314509,23.325596816976123
0.5293845999472429,7.433831990794012
1.7341122060666765,26.62510656436487
1.7104884120741821,20.484372885942356
0.4034002271939117,7.61666666666666
2.0922911908010615,35.64368017780898
1.730675990812196,18.798259160466102
0.8198470636054312,11.402726461969678
-0.045213808764590135,8.539684844964057
1.6674504761870204,25.63156400794778
1.6102478547136365,29.016532428995333
2.2877123458913067,36.64396103420495
1.73987200617537,20.220064724919098
1.0129697993410929,24.24829010194864
0.7426086297090227,15.387725761523953
0.5418003284315511,14.494949494949495
0.34714005109001833,6.298056759401653
2.7391689928859426,25.701776976564524
0.4064709723674268,8.787242066698994
1.8345481695475225,35.23474178403756
1.6785385383291451,21.97722567287785
0.37208226327948074,8.66986894384155
2.8644191087236814,33.49397590361446
0.7319550770565204,11.525683618706864
2.6600605615405146,22.313546423135463
0.23765739300758004,7.456594578129753
2.018609349044671,22.433155080213908
0.6132392569221092,12.510697475395808
1.3601121502083164,23.2391563867887
1.7660933032000456,29.543975188574493
1.6436813909531356,26.203140830800407
0.8285429952084491,11.485774499473138
2.8831806714562966,31.036059576691926
0.7597732073419532,14.584520688476012
0.6188817484099084,10.095856524427958
1.2444239580310161,20.99142411642412
1.0203210460004917,18.180272108843532
1.2573431146615457,22.844827586206897
2.5166312669329747,26.209150326797385
2.3576972697765455,42.906319154167676
0.6958169080385852,28.61378799110451
-0.036427734728090494,10.67945114895025
0.0804076872831717,12.670525010334849
1.3129040909792296,18.73915558126083
1.3996939407109268,28.7557603686636
0.8279843159734149,17.14352830631899
0.971863983761552,28.65294249272769
3.223274381551848,37.6789077212806
0.9479167653832983,21.794871794871796
1.7404537174437502,16.14583333333333
0.9636580186811029,12.53822629969418
0.9796487272595809,22.113502935420748
0.766544585947959,16.694402727604825
2.2400623188710047,17.03526598924089
1.9520877623430812,31.150471238219055
1.8407738455600504,28.670212765957444
0.9707256908317697,28.23765556001606
2.335188947284654,21.711057304277645
1.9489144090544834,26.63987555094632
1.72209980149565,22.562829661805765
0.4199910205075773,19.15966386554622
1.4479190147878858,35.03950532463071
0.09413194266990282,-0.9086461172852509
-0.06635101068999089,13.999512848617712
0.670627798467657,16.511867905056747
2.086988564121724,37.784156142365106
1.1658396814106264,14.804827940421163
2.0957314668423526,28.070175438596493
1.572873500602625,30.102803738317753
0.8829957792437413,13.9009139009139
1.1396643060468856,16.880984952120386
0.4499412559328654,16.857962697274033
1.4549943322224486,23.27048031596381
0.047763348250617704,5.737298163911895
0.7763403818803019,15.583075335397304
-0.5405875490459644,-1.6415759128763625
1.6172904931355192,25.03293807641633
1.9922679905012683,29.635174533133714
1.0084991509754273,17.31379731379731
2.225371219959555,39.17031183857767
-0.01434357594626745,7.433554817275748
0.09923517309920546,10.665128796616685
0.5378126074745808,13.43358395989975
1.107855971361165,16.55512799063076
0.5684220853468877,6.608373970068939
-0.0198336576230847,4.390166028097063
1.9554457755264072,28.268368402897558
2.31173169430357,23.62616099071208
1.2526189727722232,27.261176844278566
0.6796763084355244,7.36145574855253
1.6278620002892628,29.293739967897267
1.362356401431012,15.41078537821209
2.5841054914667954,40.654028436018955
1.8787984531184965,23.12344139650873
0.7964834137549677,11.462045135514515
0.03161153302330211,2.96875
0.9585481795229385,17.512426309097222
0.7947151518990653,13.884711779448622
0.24121762829352075,13.256803474869244
1.526056777670533,28.545347851600702
1.0246834923986494,20.453977301134934
0.9274566615828426,16.542597187758474
2.1349314723360346,27.725190839694655
1.3554064137023347,16.09162491052254
1.7686905857638688,18.97546897546897
0.5300382523515295,13.591269841269842
1.632555866916845,31.065759637188208
1.9987498121977034,28.737560102873758
1.5395848126596903,28.1391698639693
1.8341226012780252,26.903023983315954
0.37361186211189157,13.649425287356316
0.3668177552829085,-0.8041627246925245
1.0439655158161867,22.64396204341609
1.8055992048459177,23.89046270066099
2.507472923716594,26.315789473684198
0.9258856037320893,20.594607607125667
0.8511977823253473,12.337662337662337
2.3865975789849,23.29478800067036
0.009383533855183812,10.937913980393887
0.9125726059316461,18.17412705737579
0.8413483810818609,18.25461676744567
-0.35986254459154415,4.823455233291298
1.24864938167341,16.505418979645782
0.7637267253517892,18.999845057328784
1.8580547061975614,31.49379978648271
1.3332706058023085,24.924443630369083
1.7488585452360346,21.477162293488817
1.7586915464766533,28.056628056628064
1.146573697424185,13.793103448275858
0.7499117339798572,9.750175707622518
1.615449920205992,22.791254866726568
0.7598376709253356,14.3895905089935
1.3784484125619412,17.285195643404606
1.8498129441743947,14.5415964550958
1.2196173859356292,30.77496274217586
0.5233500015455951,15.578408135178535
1.514747308034307,19.313371192565818
1.1981729218464574,12.314381270903013
2.7714656206640065,40.153675538656536
1.8528445046920932,22.238108855209234
0.825506130435345,16.210124826629688
1.5353488010545442,18.493909191583604
1.1860760713518044,24.956989247311824
1.3707506372959124,23.892750744786497
1.0858693807836652,19.10576626580327
1.6129349081490427,9.413919413919416
1.163747156376507,11.63084064991422
1.3960929922496526,25.24366471734892
0.9010940220262132,16.140350877192986
0.23970091152277495,2.861952861952865
1.0601569448971437,23.734817813765176
2.1582513756947814,20.409982174688047
1.525870449029879,25.44961240310078
1.3637877222706452,19.141653501843066
1.6984227329871435,17.530459231490156
1.6987690775146906,26.48092369477913
0.10500040370158281,10.52797776935708
0.26101169828224213,7.654698242933549
0.8729889541048289,21.525679758308158
1.2537164824772957,21.83979974968711
1.2699433090158023,11.393188854489154
0.7935774972659164,8.695652173913047
0.632832474291707,11.576402321083172
1.5271360025558205,20.35934087750646
0.40811125447176727,11.446582614465825
0.23259937626279614,4.020700636942678
2.5265442239168987,39.327082184225056
2.0395830056034865,21.34502923976607
0.9123230682262794,19.876543209876544
1.0697504750212052,16.862745098039213
2.477726563674699,40.494092373791624
0.6271684295537803,20.885028949545074
1.0553587451143633,20.0
2.8019213928318636,17.26190476190476
0.14677457785512613,6.141686182669794
1.0757010261008504,20.440130693830483
0.36738630766349506,8.148148148148152
1.0091430192397426,13.796673092025408
0.8930326673820843,8.658649398704895
2.5851706680923545,35.306334371754936
1.9746399752745603,19.964507542147295
0.21769860251157208,10.545340248310552
1.2469086178686146,21.267985611510795
1.3704235368320061,23.392317652136384
1.091957873868524,12.823606845107498
0.3834365214681198,16.25
1.0595167775843422,21.513238063587018
1.474057303475554,18.930419781483607
1.8490363367531661,23.106738223017288
0.6091012336301588,13.197767145135565
1.5647205680046037,32.34618916437098
0.9940570009379424,18.832891246684348
1.4782819246758163,12.30787490356655
0.9868995559854985,9.280475237922047
0.20342010553216835,2.15723270440251
0.682729365495237,24.86149584487535
1.0030494205333615,15.756050802779768
1.3557798178629314,22.51582437456043
0.1718273226000941,14.175847017252124
0.9678261240957362,11.135252580119499
-0.2028737760198302,5.385264341957253
1.3425569400685502,27.200596014155337
-0.5190614524637003,10.261514795041165
0.9495220199397298,17.113250994347922
1.595612370262219,24.150091691352806
1.8869801077566979,26.59372388116406
1.3013640865359728,19.853709508881927
1.2525290257855797,21.183112420225825
2.1694135706514426,31.891891891891888
1.7573539191626102,27.938288920056102
1.6981955066072663,32.160654959658274
0.18522477704927492,9.980158730158735
1.7672815694732016,19.708922168318914
1.382850719019052,24.049586776859513
1.4519771002946615,19.40199335548173
-0.22309397820453705,7.598039215686278
1.7987946967679833,32.5805983154226
1.6609401514661248,12.258606213266148
2.140061152397938,34.95713431248753
1.8960948580534778,11.88065777492099
-0.12570913508725945,11.080586080586087
1.7816740990696969,18.22021116138763
1.074879318951404,21.505376344086017
2.1805017009411802,22.234432234432234
1.4642614514410535,14.325730292116852
1.4431241450857613,22.718585762064023
0.4247973748765248,21.88309818600633
1.1979226822734645,11.948198198198206
0.8108804440171846,12.46331676349044
0.40827671469671944,14.129791570780462
1.6251673661610255,24.833048610032606
1.309530980919685,23.02457991945562
0.7701959608501336,11.5780998389694
1.3691160960405044,20.147420147420156
0.3937401790060299,11.828644501278774
1.9327342208379135,24.530308401276145
2.5758900994636433,35.69195794259732
1.5804221881921423,30.641785838855945
1.1922747128589224,24.1403674046161
0.46237240215603603,8.068669527897
0.5526942961593153,8.056006493506494
0.9288828020838471,18.93740736518071
2.3835509112945688,22.727272727272734
2.4037038349454063,25.526334960297227
2.4785558801723546,21.706864564007425
0.7270612243887026,15.440414507772026
0.506170897519181,12.301052063663342
0.6987275337536349,15.590148698884754
1.2081181700112291,22.49326548937443
1.6034169153695508,25.08650519031142
2.3244189673516154,29.357326478149098
2.121992403822447,27.137169743032942
1.4027998625459779,4.359165424739196
0.27050363679391193,8.702749140893467
0.6155332149623205,7.342233009708735
2.0668615104071746,30.405913304936092
1.2607870510893708,22.65023112480739
1.9534259445545452,23.441132952864088
1.2538539925616745,15.826318121400092
0.7567015089262308,16.168009205983886
2.210648756283779,28.181818181818173
1.000161277455672,18.83116883116884
1.9511494253568509,25.979608156737314
0.8911773173358091,11.84633174868302
0.36120279169696745,7.953950811093669
0.679401773922456,13.877984574885694
0.9010144112549403,8.972881150276038
2.0937436858984295,22.91202902135379
1.217659248180185,32.82991202346041
0.629875724932446,15.421570982464573
2.2121373922663787,20.081128353987566
1.6540908488964068,27.86855482933914
1.0470681021398072,11.194968553459113
1.4224631834459447,6.4755077658303435
1.4418365358560312,22.606774668630344
-0.17200025452001638,7.448979591836739
1.232446005941162,22.437137330754346
1.2889769225572192,25.01165501165501
0.4115162565592966,23.097887803770163
-0.7448297786904023,-4.059278350515463
0.787683981212463,4.740849914026043
0.351481477306133,12.043908472479899
0.7558952793434066,9.824561403508767
1.217562265483102,13.384975680057657
0.610146480800298,20.967741935483872
1.463018023982682,22.510095557954493
1.6670391364168056,25.07051601128255
-0.2707565683570573,3.100350569675726
0.016779857106352603,14.587362991618313
0.6031111401968376,10.424929178470258
1.337952949303701,17.43719886718894
0.22663914448421962,-2.2067363530778223
1.6362377183747916,15.729301124838656
0.2756465856042569,4.373478179434358
1.0657052702481173,21.99550216663924
1.5826293817757007,22.60373695704925
1.8204958235347921,18.45106113398797
-0.18935228948170987,9.350594526138032
1.9113752830877662,18.803418803418808
1.1906334094607807,24.673864147548358
0.33822810450358026,17.100428658909983
1.2988424271386592,9.174016609798493
1.6958972994662376,18.059515975725667
0.13750210146788017,0.9335782063054694
-0.4114721652304799,6.257019091930054
1.77861734739021,23.13411495567629
0.9551943186356913,26.612231294784202
0.8507018814610487,14.799446749654201
1.6462871632037523,25.237975321077812
1.5874697580242083,22.875816993464042
0.7251425231503321,5.389329488103826
-1.3317180322968813,7.961696306429552
0.5944881193469922,18.58757062146892
1.5553279823380117,27.848467322151535
0.7655277543757222,18.874458874458867
1.6095626957152434,36.29593810444875
1.56381178347292,35.15540436059997
1.6154773458459624,16.955266955266957
1.716064424456738,17.863408521303256
0.5457452168455683,16.172072693811828
0.4189752734857366,4.4562444687386105
1.636757448803531,17.50413564929694
0.7810923289708863,18.567399887196842
2.575653664961368,31.04880581516096
1.6054502182294705,16.037735849056602
2.271924351415497,42.22070844686649
0.4621778592833786,7.432762836185816
1.1417707709614404,13.422594142259413
0.6839165201456814,11.364270955492266
0.8216725043011432,22.63522515321076
1.5198976707309086,21.55348625936862
-0.03946347681782525,9.143518518518519
1.2752074339744266,24.373100303951368
3.269780603009603,46.3400900900901
0.9511668510121262,18.454989357706268
2.4749549185270108,35.454692295267336
1.7828259072291432,15.665024630541886
-0.6721472632326203,0.3876525484565576
1.1797715972596206,21.309523809523803
0.17513573889555573,5.294825511432002
0.786706590219584,11.954022988505741
-0.1946676425236607,10.40247353526884
1.0459101393436867,17.698740340848943
2.1719313620538228,32.8992628992629
1.1504291410349328,29.501661129568106
1.8207657337964693,32.32237539766701
1.96240211216177,32.43126777557529
0.7266552703068948,13.678579389256257
0.7284510974900155,13.51981351981351
1.809286973358038,30.86629458869207
2.3860306274893857,31.483253588516746
2.274235864347728,20.809108527131784
1.2900887557285006,30.342465753424662
0.89012203081862,11.350574712643677
1.1200473009897738,16.284987277353686
-0.3037745080086506,14.030612244897952
0.9817339971341935,14.261642156862756
2.443493809461385,34.8587570621469
1.2877824896954417,30.674455655868307
0.7037042339913531,14.87216794845147
-0.21154887293921326,5.383290267011198
1.9312704139399741,20.15372015372016
1.1849708961602483,20.74512341684386
1.1885932123958396,19.205927051671736
2.637050651388156,22.02501690331306
0.45567503576068713,20.309810671256464
1.5784017089171027,34.990173599737965
0.1795737700606047,4.406779661016941
2.339598494790273,45.0733319562074
0.4329970925062601,11.184210526315788
0.04733723824482616,3.4130485256558956
0.477321212643372,3.1059837728194637
0.5175574542987663,15.426308109234945
1.0583007776529745,23.043184885290145
-0.5256437158065831,12.212643678160937
1.2285150236268305,20.320512820512818
1.565849731945939,26.18819776714514
-0.02234610890169779,1.4196014196014204
-0.8688626154690955,-2.02865654702795
1.1805162666917086,14.526823387582873
0.3545573734049618,7.094959982695215
1.9894890096526994,10.441044104410445
1.2262487262321586,25.20287502898215
2.214214153150382,11.904761904761905
-0.05583100159486079,7.2014925373134275
1.0654007022716643,14.64469378214119
1.1139156938404153,18.916865639244627
1.5393918746100397,15.786330457863308
1.8163993570202133,31.898496240601496
0.8991606042235112,12.578961823674817
1.5586223905831043,18.00782949108308
1.4492582839472976,25.232463663446794
2.910546878466985,30.46925853600804
1.3861051316015751,28.178963893249595
0.638384193751045,11.803621169916433
0.26480341464295604,10.409126671911885
1.7772878960555571,20.214285714285708
1.0324934586978511,17.550058892815066
1.034443992815398,9.209983498349835
0.9355734019696598,17.70119090581018
-0.3916010589003747,-1.6326530612245023
1.2691176530259574,22.8660272412736
1.9434221768484357,39.47833775419983
1.4758919325006383,23.527336860670196
0.9464870114447358,17.87062673043041
1.0234591812479978,17.44435505497451
0.2752293150909326,9.090909090909093
0.6230203188482693,7.407407407407405
2.440324421786914,43.24844143785647
1.3600938764082384,23.914319248826303
0.5124246988480075,9.826762246117077
2.1896441027954383,40.00596955526813
0.8612445165183573,17.51990898748577
0.8794936205556204,20.161087339541908
0.7431145094421102,10.29501216545011
1.711212804401472,12.857142857142854
1.0558573951488477,22.166666666666657
2.6609271253117006,35.60804899387576
1.5480476296517915,19.98554153522609
2.1743307522521893,23.324336482231217
0.5365352091152277,9.919261822375994
2.8269758925995014,40.53030303030303
-0.2822148209871487,6.479166666666671
1.152988018130893,24.52014652014652
1.9360404419363602,25.21906764808972
0.7763401746283293,13.301282051282051
0.18004594189650927,10.806754221388367
0.8561403867715613,1.9178082191780845
0.7619209271617324,8.875816993464056
0.7189854631333386,9.777331324292646
0.8594162019661791,15.121326407172845
0.7274920778479965,16.77003136583975
2.019813612259937,24.001286070251588
2.36875393528506,7.858101308285818
1.8235675404292144,24.866503102900865
1.9539928577877106,31.349206349206348
-0.27831500181831736,7.172264355362941
-0.5539846097071957,9.344362745098039
0.7395070470357796,4.393083980239943
0.9407432343629022,19.555123636756292
-0.17683436412744766,9.375933114362496
-0.013439613419376786,8.80970691275742
1.4206423413507925,12.99746444713923
1.2158332948065926,23.09941520467835
1.1983867464868247,14.659034345445491
1.457450076462126,25.93984962406015
0.4260730201235928,16.515282583621676
0.33544817827395,14.79062620053783
1.197136676937531,29.366341131047008
1.935439643899556,30.034843205574916
1.628996407624197,14.932057611074349
0.8443334457544903,21.810699588477377
1.1093598716623254,17.053998632945998
1.6048802899403958,27.425707124955238
1.5276123566947248,25.437010247136833
1.6299639508999093,22.23817567567567
0.7883383099646015,14.59591601955708
1.5489047219432708,30.936004784688997
1.1567195363884397,11.73499702911468
1.3220908554009163,13.64242616703715
2.2526316531953556,36.66118421052632
1.6904633216359684,31.83663115169965
0.6250060752370206,16.19971264367816
0.21106156669088263,12.222222222222221
0.39204955074266506,14.282404726051205
1.2115785912234807,17.434988179669027
2.659207988901524,21.55014401675831
2.168814262875845,33.195734434124525
0.2853891025718368,12.127134813160218
1.1396314116822235,9.691522953607006
1.717720310873327,30.788728194423733
0.6335523640745311,15.228848821081826
2.1509686098367493,20.313411078717202
0.6278689866381039,7.8672084377971885
1.6213436115159177,35.80385852090032
2.086555519495455,29.094667217858614
1.2889434108112012,21.428571428571423
0.6636602584528063,17.619047619047613
2.526920435963187,32.18354430379747
1.5742542313011219,31.96569920844327
2.205818562242754,26.03217677844544
1.0092913752728998,12.06896551724138
1.273987039964655,20.12987012987012
1.2975118090080433,24.561403508771924
2.333806306974801,35.98707961238837
0.5433396813670202,14.901960784313708
1.7502574286035806,16.688610928242262
0.1715464006492038,12.575832103623547
1.1160786055261638,17.97820823244551
-0.8569240489301444,2.71970083290838
1.9342524707004487,16.04130808950086
1.4633128337347876,19.847892220773566
0.11373932494960409,15.070845856590807
1.0346384260949761,19.875543559754078
1.6434125000021698,26.833376522415136
1.2865568944257042,18.70967741935484
2.36960145648211,27.908683245006117
0.9045079816172593,18.58277591973244
0.3074036895533881,12.93001821884043
1.4765488260186637,18.22929317464174
2.0248924986426484,23.687965752338677
0.7279636949123071,14.316429072213126
0.6770601358595205,16.924765272527736
1.1686744122902404,26.166520359241005
0.838349954164708,9.071592023537107
0.27800899425414655,7.846003898635473
-1.2556716384182967,-1.2992882160207841
0.25844794935957127,3.5992907801418355
1.0560096172748465,23.979591836734684
1.8227016025498464,27.160146355192786
-0.07140891014035541,14.774827351424946
0.2516390429690993,8.974606235936996
2.771310908674736,32.23180955877854
1.4895730283690813,21.63043478260869
0.781563452108491,14.583333333333321
-0.306555307961645,8.726099135306285
2.6329798322783264,24.37667201712145
0.12796605706291697,11.114821617409696
1.057843608863758,18.179709248376128
0.31121627342891606,6.338263837761858
2.4559887909708853,29.101941747572816
2.0550628647862417,20.023714243367436
1.434394095884795,22.903981264637004
1.7352544749340097,24.216647860428786
0.36446336375677146,19.26218708827404
1.2893356894397354,23.025123025123023
0.43938254455395154,4.101479915433401
0.598951598427071,9.583250249252238
0.8516832165095221,23.583333333333336
0.26627546680805614,9.406779661016934
1.757344840270202,29.977116704805482
1.3271159882753738,14.964119881806674
2.8320437579000197,33.076736082975444
2.1969309636970937,31.585603112840467
0.6175743150815168,24.9849578820698
1.7014963745951084,16.590389016018314
0.7147625736589953,6.218299857983368
1.1755997379146108,20.57043286867205
2.829710299906586,30.368236755901954
0.2873878952770739,10.683520599250933
-0.3133857315106209,10.749881347887985
-0.5080805129536596,5.54783092324805
1.7890545301935408,22.628477282808433
1.611221976525813,28.469140782573618
1.7404805556829037,22.666666666666657
1.7478373814861041,32.21704523393515
1.1970766940031339,14.850948509485093
1.4361399634750809,20.206552706552706
-0.31581588158235685,4.318547796808652
1.6161285624966928,27.556519453207166
-0.6668599353163664,9.740259740259752
1.5211598624121372,18.793173506704598
0.696961913488455,17.884004679926456
1.6080108117500806,23.808213145436525
1.9684172781578186,15.539375359264227
2.589520617338546,25.391227683491287
0.949030175435144,14.833019122003769
0.8084752201830554,18.72045382918374
1.627253693452436,21.42857142857143
1.1594656446066698,25.256147540983605
0.7874200386274802,19.57175925925926
0.910487319742217,15.95982142857143
1.2378311197791623,23.154121863799283
-0.24497398802845421,1.269713980219187
2.1582964785432712,18.35866261398177
0.3219201449661555,3.760346866377617
1.4838468767530442,25.71560055223194
2.534289768024121,35.953073089701
1.717950408662266,33.270794246403995
-0.9862374513136604,2.594627594627582
1.0533728554875468,13.08795506970214
0.48851015565033495,9.944946357989835
1.6041600624021826,25.100996498788035
0.7266659942484422,9.225860155382904
0.9925538416349076,10.883392226148409
1.6112860003781924,22.649951628506926
2.5504902892897614,30.90681248575985
1.2034054118784896,24.437467294610144
1.155201552639868,22.553418803418808
1.5186668587688805,32.68886501969209
1.5298629587895793,25.89010989010989
1.2910840316743686,22.030402566648846
0.6188561448430199,18.687887080512752
0.9936295430294324,18.89265536723164
0.8815449009446508,8.10021246458924
1.2409470641967357,19.76338958180485
0.7917432633565205,15.854978354978357
1.3442816747521102,16.9258792209612
2.7149799001412918,36.93181818181818
1.4794850069821042,28.037148594377506
0.6100514537133293,10.696881091617932
1.26842191591824,22.59187907528156
1.8673080167500982,25.85480093676815
1.1254780831034241,13.124274099883856
0.9008829953383968,15.583226515290235
2.529231413420637,28.370466742559763
0.6500594964145124,11.52219873150105
0.4247499533563157,22.02593497462884
0.25777161444777735,16.775193798449607
0.32837686129811605,3.1461148648648702
1.8704293262366825,27.29166666666667
0.4509984266474786,19.69696969696971
1.5932098171772502,26.363636363636367
0.13550980433744694,7.696151924037977
2.5074880319469375,25.740160222918846
2.4057985702827547,29.219799808035106
0.7815702520449916,14.885844748858439
1.5070903647221416,19.46460980036298
1.5311036304592767,18.89438943894389
1.952484932841466,30.827187350772
1.10930341920221,30.671140939597315
2.306839328040158,31.56726768377255
1.4773770149879866,22.56092157731503
2.351343453392369,17.567567567567565
0.29214940030367376,21.16807610993657
1.6855771814312974,26.202196137826576
2.049560762356081,13.974591651542653
1.759458972071182,17.515189608212864
1.6253822849232589,20.162900683131888
0.8119066185640423,16.920381780838476
0.4557846850077292,14.656862745098039
1.243100566538518,13.262716539777117
1.6102952080237642,22.527472527472533
-0.06980336709269006,5.428571428571431
0.551847959547121,14.62526100670842
0.8215341074861829,15.70247933884297
1.53250535734644,21.477122015915114
-0.22903381380379706,10.685375067458175
0.7071616592682828,16.176217518499392
2.043927938575436,29.15032679738563
1.8106477212097216,20.12622720897616
0.6457471185721804,18.376068376068382
2.8228936655875025,22.78321396146474
0.8766314018982466,21.264367816091948
0.91786035712977,9.836775964177377
0.9127122800540104,12.285012285012286
1.8777467812260031,18.1989247311828
0.3465511691927964,10.213437929804897
0.9951657031306089,23.855165069222565
2.3308814751353117,40.901366324519074
1.8015719727300619,14.058734939759034
1.1110252833811476,20.95936166264614
0.4677064239698543,14.045773348098933
-1.102264196058943,10.766806722689083
0.49830247574910735,12.878787878787882
2.320628105371675,21.409774436090224
1.1904035839270697,19.303268909568132
1.0398473208085284,22.034395153410202
2.0042652436479873,31.13758189398451
0.7731921258982255,11.065646682085045
0.9734942998661857,17.045454545454547
1.217131932187241,16.178736517719564
1.146271231524246,21.735117674203963
0.7129388588554102,8.98950131233596
1.1774993159600666,21.34378499440089
2.592281050644779,14.536828660057175
1.899880603443151,15.039750840095067
0.7335617380999484,16.73223699740342
1.5164227723196921,16.021505376344074
0.3188393293372506,13.059877416313057
1.9103857720570447,11.226028873087692
1.8250378893827954,24.31318681318681
1.9653856746565075,34.627288000707395
0.9667894786683492,11.494252873563212
2.7352080809731634,38.13789136330019
1.8144320244110663,24.53561052909587
1.2172282803795,8.128342245989309
0.0862177397983345,15.143929912390483
1.6193836688217655,22.842936531149455
0.7417163575074244,16.872232764073374
0.7853399841814592,13.704613704613713
0.1352321879697289,12.006079027355625
-0.010727627938098921,9.860017497812777
1.906122205015088,18.973573343546533
1.4939698961089154,27.008841683812484
0.020316179859989236,3.306081468732067
1.624214977470713,33.309178743961354
-0.7075091182559814,5.764812365104781
0.2973388565856764,9.791395045632328
1.3380640191693192,18.09070408418942
0.9047132593539764,12.979927946474533
1.0394463224696497,14.133792474806306
1.1002919152486377,15.079365079365076
1.1034250845709563,21.986114033242153
1.3829636090299742,13.79711493718009
0.09918907379316266,15.807939053728944
1.065077686824897,31.360037811650706
-0.03263778454136099,11.394722123353851
1.1861985431779798,15.764230720686605
0.8223729262076162,23.453608247422686
0.6606118809581819,10.910268869452544
0.4581042444455359,12.939984806280066
2.6838840708294764,32.396402184388045
0.5845640587299861,16.666666666666657
1.9553946214734637,24.790764790764797
1.250966515611258,10.257768361581924
2.463536353287022,34.40957326710318
1.3509857843221043,26.441102756892235
1.8060907890503457,34.687686492938134
1.320914978089165,22.7861183637946
1.1493879861848815,22.069688498402556
0.7268005168141058,16.34852723383247
0.8326524089353134,14.453411592076307
2.572866794001694,34.64837049742711
0.45653880674676595,10.952380952380956
1.5356125002989716,21.581920903954796
1.7055935704142027,23.67368352023084
0.7733987708806601,19.16221033868092
1.9884771665375491,21.264367816091948
0.3741909994044665,12.650462962962955
0.8036332072446696,12.121212121212118
0.7836032859174658,16.01731601731602
2.610220876258139,32.340032340032344
2.202242475084058,30.23439974659486
2.1927005085886044,19.471583872299433
0.41024626785091456,9.673659673659678
1.1549440942537834,22.184975073061715
0.8758793081423782,19.249639249639245
1.8804338596474515,18.94820295983088
1.115447423366184,10.013028103480359
1.662668514798259,21.76797561412947
0.7373975572662307,20.113935144609997
0.0018596009389691137,5.1279069767441925
0.08333756065766756,5.031779661016941
1.3312474594435155,21.798124655267515
1.8641171958673182,26.911081849053986
2.2546406851270353,26.285431773236652
0.6248248768428811,7.240566037735853
1.6005059227013994,20.836965998256325
1.554099950842728,17.7304964539007
0.2938484069403634,9.604105571847505
1.7878780780704002,23.693153423288358
0.495117403546979,11.875
0.8543525803777748,22.232189579128352
2.383920639265406,36.696969696969695
0.4564737148609607,6.1794019933554765
0.9053557771736709,15.151515151515149
2.7821785363212816,18.28751828751829
-0.5027294620173827,3.9145154464663534
0.7199835333917712,13.751324152542374
0.872913230925941,15.946728430804868
1.2437176970440758,17.709367759020182
1.686964684680544,33.00572870131918
1.5470804177999606,21.82341037384173
1.397032170498898,23.03107289427399
1.0232923200311514,5.044165504416554
2.0060384862323692,25.63579722458227
1.6098704088330344,22.023052166753992
1.581663279301147,25.010508617066
-0.009227593852814409,14.75227856975929
2.5818535415708004,33.78744598256794
0.23759070459877052,6.167306871532226
1.50807648122382,15.919619381494932
1.7350549383278189,30.481985206394654
2.0126049465343265,24.055305305305303
0.7929542999081353,14.410344290387918
1.7683042423676087,12.602312589320519
1.5892683712453481,30.198019801980195
2.18972694093393,25.353875782378424
1.3978594585016961,27.95837633298933
-0.4112867024595076,12.058576233183857
1.8687751446183016,35.74061074061074
2.794460492651836,31.571505521141937
0.5549511132797872,23.854337152209496
1.035981280616757,9.649082250681957
0.34587633413466123,16.628852335034985
1.965446296078249,33.40996168582375
1.434176816654677,20.443117536140797
0.41880123186679596,10.745984784446314
0.9193289745440778,14.88711041707333
0.08398546620056421,9.503215790640937
2.1541096127820487,12.271094624035804
2.455018903741291,33.00389942180987
2.1780832459737973,21.988356471115097
1.2327121728449681,9.219858156028351
2.6847158410687935,29.707401032702244
2.2043251106106987,24.120370370370374
1.0635010715179927,16.23376623376624
0.30905801858081056,9.332568368712955
2.1091315095870247,14.597918637653734
-0.608729186941221,13.770334928229673
1.2873613153395271,15.602655771195096
0.8380047475115585,11.824632895383964
0.6295250017391679,20.936775902019193
2.371262034332805,20.732142857142854
3.1153350482963256,43.33010335917314
2.2051866142073777,11.328828828828833
1.5383871735820493,32.12989840348331
1.2691447826268885,15.625
0.870617013266267,11.426654740608228
1.091822446090515,30.220955096222376
1.547823476036961,15.17747858017136
1.55698792769237,24.940698068451383
-0.16068260396525838,7.006020799124251
1.1604295432293876,20.437721274541374
1.2964207992472723,19.358433028383757
0.8348835488865223,12.701252236135964
0.6550894525365334,22.71550129485756
0.9995007102110613,19.423616091804128
1.6115122780893334,24.486921529175056
0.4647074358632195,17.245490358697907
0.138447183797145,15.851164254247948
1.0789279300258836,26.475247524752476
1.8173743926247712,19.1008991008991
0.3361222066333045,14.186046511627907
2.2743528604284315,32.034777920064705
1.33979625594658,12.758757961783438
0.38601241919038276,6.509945750452076
0.45454370917373776,4.195566435468514
0.9187447376763132,10.857304004512137
1.3127726884070023,21.885628410978406
1.2000111004495524,31.93877551020408
1.351566113877499,16.591688905833017
1.1465142983786805,15.77152600170502
0.723988855612489,14.697469746974697
1.1160097094614827,14.659340659340657
1.064429964851234,14.712732919254663
1.7096192481253596,32.4976642790408
1.9426942185611218,23.03191489361702
1.6833036048857526,27.1875
0.9530999123187766,16.880341880341888
2.2831605040884426,30.326086956521742
1.9487945103392272,21.251002405773846
-0.053793224017289865,10.7197393871526
0.6329999797814019,23.05458768873403
1.8494724255181614,27.34234234234234
0.72097684753876,18.04184516048923
0.7417374921935023,26.20031796502385
1.3738860733090064,26.470588235294116
1.6093286930259665,28.903363795450133
1.1782845581452421,26.576006746784735
-0.5323499354729191,14.733578318787316
1.0379779454237326,23.708487084870846
1.4478449480252942,11.828981640302395
0.5631843474445678,21.500054389209183
0.7015773329192179,12.871351917288308
1.624562246914143,33.22751322751324
2.252726074237941,27.334662678630778
1.1393154398621874,9.784701557850518
0.9352394611499077,14.285714285714285
3.196760886465728,33.594270486342445
-0.0026346453977711404,15.501778258852632
1.408366473788144,21.278721278721285
0.8787689688122352,20.275913497390007
0.8324488896681453,6.2526620666155495
1.440193162656678,-1.2801204819277174
2.6482837362570937,28.723404255319153
2.0790829435747966,27.87627310448888
1.1255022757071265,19.83541916680953
3.005420973650624,35.66001899335233
0.9377241549895012,10.85794655414908
1.2628576775468612,5.324357405140773
1.7310748703350645,23.34332334332334
1.5454057912994177,18.177503559563363
2.543267541152599,32.20577871740663
1.2446257400461305,8.185753640299097
0.5331102715063029,6.378205128205131
0.9346321207228442,16.977339181286546
0.7942851925194748,18.39947950553026
1.986728461495343,24.686046511627907
0.6803940106237029,11.342734518700183
1.4885243723970654,27.1231073074391
1.0262106625314704,18.558011439870057
1.3308614818737254,31.266968325791858
0.44488704733149226,15.138888888888886
1.1539011497002922,13.504728132387712
1.027169419478188,17.09003034730808
0.37009275985092005,16.58866789236169
0.6621632943799224,19.924242424242436
0.42722274724047643,10.396440129449836
1.6683705958188257,22.424323780119472
1.224365445888002,20.512820512820497
-0.2085603804727597,5.898107368170464
0.20300543309547842,5.607113086968603
1.678804349864472,12.531532868378108
1.2003705172468404,25.483870967741936
0.22485392899782153,10.504201680672274
0.354114942635888,2.597402597402599
1.8542378949858542,28.131783935640414
0.16497510721813838,8.386267392619487
0.7409379198518441,19.07749077490775
1.2718736052955877,22.249711364011212
0.9319570077638848,23.267622461170852
0.33036638250350103,2.5542784163473726
1.8152362812965102,35.82391324326808
1.748892256269362,35.502901353965186
1.993600958974189,18.07154920927377
1.8363928614377991,25.56390977443609
2.066722116078951,33.78926038500508
1.07059594527715,17.65680775114737
0.49862278101961394,2.3809523809523725
1.6255610493596044,34.12343470483005
0.9909365880542708,8.12631578947368
1.0938396787427738,15.210863927937773
0.7011066714947396,16.300772071164822
1.6623326591760876,19.210711768851297
2.094728638220899,30.64211520302173
1.8367884372543724,19.260504201680675
1.31012311354137,18.31884057971014
1.3054958595845383,28.28920978740473
1.2749425335787672,25.52920579341079
0.9705025188621552,16.488757665228256
2.350445656153394,23.20242050308495
0.9571934865166132,17.230769230769234
0.07541483121236786,12.558139534883715
1.5561731788478896,27.333333333333336
2.6884678248731615,36.588050314465406
2.03608546103235,29.04040404040405
1.137896536480962,18.29244548286605
1.4468520774457927,10.597255851493138
-0.03459247063068732,13.670033670033668
2.6994560894161115,29.927130994746655
0.675966689211949,15.494227994227991
0.9429862430310638,20.985772357723583
0.7324356640114622,12.433862433862444
0.22996122695034185,7.480041652204093
0.8227336666133629,11.310782241014792
1.249011778710281,22.832606324972737
0.6296828388724409,7.813299232736583
1.3062823126023788,12.617756208963748
1.1079664467415695,17.554615318193598
0.3121598525399491,14.606539705353939
2.7138958079543842,24.724205061648277
1.04642053496196,15.719696969696969
2.319607605876329,36.166007905138336
0.19358117716315615,2.73871206513693
0.04817833088246681,4.868359557563487
1.0469623285263403,29.411764705882355
0.32467681263916326,12.688172043010752
0.41403015776006774,4.62148365374172
1.467498981568303,12.173913043478258
1.0288515376361471,14.535137494543875
0.1299290302081566,10.9375
2.6641150527272797,29.611528822055135
0.8162044702871876,8.377971208570465
1.222135365704359,25.856050531914903
0.03141214909872697,6.06529874822558
0.7800258943792593,16.048387096774192
1.9233608713218464,19.557344064386314
0.18699865109762928,13.741712139881471
0.8772646787722237,13.514189273659206
0.6499281141041685,12.958715596330272
0.7199988946432201,11.018711018711024
0.4677772002629903,20.183982683982684
1.7835023116621507,21.417278373800123
0.9690265020561888,21.050365906155832
1.7973615230633206,17.277429294596686
0.9817258486564578,11.644349893630341
0.9307610937828086,16.300848697688032
1.1754532286390411,18.522553933318804
1.830993344867875,20.34064319529847
1.2687825357696576,34.06166219839142
1.501834055120877,25.45320014798373
0.7978581838761475,12.391193036354323
2.7554566028239003,28.328886732961436
0.946587766637022,18.57704402515722
0.8543524632013827,17.763845350052236
1.859821186989369,23.900074571215498
0.7000394736248605,10.183129855715869
2.219751363180671,30.985410188950013
1.5534721685206612,18.451730418943527
1.3794538591106562,14.220808723307584
0.5145024041812264,8.970588235294116
0.8953331849718891,26.685180509972227
1.245842949307817,24.279835390946488
1.7097327601877663,23.48045397225726
1.038531030905592,24.62732919254657
0.7285476314186744,13.079346032698353
0.025891137827997235,10.037348272642397
1.071557311857804,20.66753171856977
1.5383757315381705,24.939783219590524
1.5404812812401916,23.175923175923174
1.0562309794634603,14.922663568368307
2.550636659189724,39.43611705924341
0.9962854094602205,16.559600285510342
0.8246893489134771,4.448518768696317
0.5233288630678947,9.145367412140573
1.0679662503037384,14.95726495726494
1.3218642464897,13.33918813427011
1.6819642514386648,30.958942830895346
0.9595499081911262,25.485654512851163
1.1249246723111217,16.250487709715173
2.9631211410528646,35.94025138138321
1.270375749522114,33.16901408450705
0.9675005502337903,21.516164994425857
2.111039977225314,31.030810193990106
1.4642287427353469,22.364284217145247
1.529536505170892,23.968705547652917
0.4785844213919821,17.726027397260275
0.584469134244893,13.237063778580008
1.561294554702181,39.41761363636364
1.9292791204253101,23.551465576005448
1.0363949912591623,14.970604703247488
0.4138084070111024,13.130007753941591
2.4759771776440704,27.731092436974798
0.8338348551238663,20.28596961572832
1.0022056365849092,8.188614146060957
2.118451658757219,9.84018073801355
1.5245313060941506,20.093527315914493
1.2743194610732531,28.354646206308608
1.0669508719085228,5.798319327731093
0.6375633688543011,20.708378054170097
1.8860572451525466,14.058795637743003
2.572082934157359,29.173265758631622
2.3451561407800576,25.786384976525817
0.04769160517630289,3.847615428462859
1.1576893122520688,18.79833129833129
1.9060655336150616,21.45574855252275
1.2529159605569853,29.491525423728817
0.28729185865019685,9.14719954967633
1.0237037868819392,25.21951219512195
0.2362284778930254,19.5630081300813
1.294630908612193,20.7004377736085
0.9753029510015545,14.762443438914033
2.4747666341497387,29.762580017826757
1.5036781087067006,31.70556035724576
0.93367267527305,25.126050420168063
2.0020290600675286,23.564814814814817
0.6442521721260728,12.680171406310876
1.8851244351662548,23.276407337128404
2.3203604266990103,32.93988269794721
1.805371069550475,26.804558885605744
1.171285843595822,17.806657546739615
1.5346796778803387,24.973262032085564
0.49548673993930215,8.853754940711461
1.1568577150129808,12.934124335681624
1.0726453949182781,19.94238156209986
1.361192318133578,23.968897903989188
2.176435990142522,35.195797516714435
-0.12587230898759721,3.84239416497482
0.7979950049138584,15.380116959064324
0.41073879452824674,14.027303754266214
0.3309408918407761,13.010316066725188
1.286582731395876,30.0
0.01658647891244085,11.613605790788554
1.1480479169472313,19.257086999022476
-0.70278602373766,5.6149732620320805
1.1122181679660956,15.839753466872104
1.4721795274313871,19.916707496325344
2.157679455203988,38.589324618736384
-0.0238806498612424,3.5113035113035096
0.5793984926195808,11.104011359602417
2.761362511454903,29.224566203470374
1.9776254435144236,27.456853515903582
1.6712879964325067,33.95730360710905
1.1218805616183813,12.095451155853837
1.3119482556043698,15.938511326860834
0.5305572185800975,14.112577430649083
1.0461482705858134,19.381539903170378
-0.3416566903508549,3.691123188405797
1.0592992417079459,13.982056590752244
0.9906588264743653,18.3150183150183
1.2194512053115938,8.84870403857746
0.5834994647060199,13.775687913618938
1.7937443086921308,18.30357142857143
2.245417497894919,31.584249084249088
1.71299007622553,22.40809582817017
2.459848557867975,36.36363636363636
1.354041441992115,8.36925729769677
1.1650789235582493,9.263705482192869
2.5629757548641376,28.39660686969824
1.5936265838924464,24.404182879377437
1.2138549522107533,6.086620262954369
1.5062576857939804,28.446829922844692
0.8332817884964432,10.47254150702426
2.679726694100676,9.86274509803922
2.925123588556842,39.58333333333334
1.3017623819302988,13.36879432624113
0.8960274665468702,24.080239009816466
1.1720380210402674,17.85714285714286
0.8950636103480787,17.060677698975567
0.8413292973987765,15.65217391304347
2.107975302003967,11.640343240890438
1.099708838450972,18.509127789046666
1.2107461570785034,16.63145539906104
1.4884336752614162,22.04439075947456
2.0093854015960977,25.47047970479705
1.2845884297212915,17.854031231150728
0.7304440910627128,14.45182724252492
1.539986144905207,16.171792152704143
1.728418682475513,16.067477876106196
1.4287510835064525,14.485101506221362
0.48667204729117086,8.513931888544896
1.0477316378679165,8.490566037735846
2.180128142694996,33.4211682037769
1.6748443045781025,28.74805138956083
0.1739826151873231,9.406779661016941
1.749899577685534,25.48387096774193
0.8037874414589796,7.375630857966833
2.682895120455422,26.63761801016704
1.5451347159163158,16.666666666666657
1.1178182912851018,-2.2213994816734584
2.244171965992304,20.367700072098053
1.7219077157117995,24.789133530507186
2.6656981922087124,19.148520652280055
1.1296350243806201,17.832015981933473
1.9758517334962895,27.813953488372093
1.0611672396142982,22.294843863471314
1.745274653652014,37.570281124497996
0.13226307031401374,8.537344398340245
1.1872398901634862,12.855113636363633
0.8992066885838967,14.516949152542374
1.3633745846548315,18.575747396708095
0.37579267889823387,19.776919776919776
1.308826488715865,26.187782805429876
1.4639103690790556,23.446775994827497
1.262946692150766,30.494126911214643
2.418890518979751,21.519921298573536
2.1779205846356646,25.688255100019816
0.6621860366497441,11.30952380952381
0.6540806651971043,4.573877608374893
0.20249295630815747,4.780334728033459
1.8655992827222398,14.37229437229437
1.0279894864530559,20.139581256231303
2.1576402091539597,30.496453900709213
2.001735609202596,24.385119268322825
0.9591439951739602,16.868592730661696
2.089236711483183,35.93703593703594
1.5115433297896839,23.021257349615546
-0.049579930516302745,13.184906034611004
0.03684988255895982,9.319727891156461
1.3149976531853285,13.969370860927157
1.586606524309313,6.658912474556558
1.2513870782646808,17.22765466070463
-0.27666897979673094,11.647675890757817
0.9249873292034669,19.167572792074424
1.3873022459155788,19.02705989662512
0.434001096049693,22.091152815013402
1.6901151303430928,29.782679510447203
1.5914335705269669,22.827891532927502
2.133520310571402,23.265306122448983
0.7709384861177098,15.537488708220422
0.7371823324980561,24.21205754000323
1.9845350321777464,35.432661027976586
1.3208258957255514,14.532128640930061
1.048148768752569,23.47819724904887
1.922265745526878,23.436738671430895
1.6080945812744645,21.591249625412047
1.0372805363710167,23.810297222673377
0.5894977756823792,16.86960933536276
0.47940217182554046,17.83935242839351
0.7054371819733956,10.338461538461537
0.5428484838778873,6.346228490102206
1.3917360160700758,29.629629629629633
1.1601534366595887,9.649122807017541
0.49607756564476035,18.5672514619883
2.1740479589226025,38.86446886446887
0.10202999009960735,9.872159090909093
1.482176553610862,16.816553337720265
1.2371835040396768,26.432423323222096
1.6790731080921604,20.91616248919619
2.7369111576286453,33.99999999999999
2.157107416606542,16.97722567287785
2.008109000919678,21.8152610441767
1.874976789224348,39.348719989388506
0.5023247265290126,11.271102284011917
1.5761536091527808,17.27545318249966
0.16054162865614938,12.45984784446322
1.762258116047009,34.739583333333336
-0.11394585395769168,9.751773049645386
2.824233094113003,29.318181818181827
1.2641607426904882,27.104925053533194
0.9839809581009187,30.89410164881862
-0.21522566821423983,9.443037974683548
0.24382647941317503,7.611548556430442
2.566536359451392,30.855057351407723
-0.06433115498074547,6.7210936016707805
1.693733253393915,24.85945427121898
0.2005476942259585,10.195068089804927
1.1082476158798862,24.47941888619855
2.3432917439723786,43.15218342522097
0.8639581948515297,12.388220422304414
0.12525541615250102,10.97471264367816
0.7668096378792577,21.475095785440608
0.20448493662363976,15.277859800389763
2.750815776738766,41.905127712694465
0.46231185587439755,11.252847380410024
2.3275274440189913,14.875635564106098
1.5722808873028802,12.872841444270016
0.6309867779095899,12.287712287712296
-0.036728374846726475,5.83122629582806
1.8873911685796037,25.694638044791382
1.8087393650843007,16.87523003312478
1.0846937560185643,19.464755776542837
0.7128916929893163,12.032085561497325
1.3128451646153012,14.36639331579763
0.78819434928755,17.860320284697508
0.46377836893048646,16.630087789305662
2.365818863995594,32.69537480063797
0.4574346566616633,6.643164904034471
1.5058296815410772,19.20387732401081
1.49798119221323,14.953412620256046
0.5094537116633402,13.777850589777195
1.3676992113162725,26.54203450464486
2.3784928581498166,13.457498949726926
1.683682836544085,26.35517799352752
1.7716940890732529,13.5632183908046
0.6032382447338057,14.373088685015283
0.1353618322613427,1.0149130074564994
0.694944520090351,13.871071774106852
1.569932547578094,25.184439973172367
0.3244466274658878,7.740112994350277
2.0170458512301646,36.345381526104426
1.2914790170068837,26.794871794871796
0.36169985404313615,18.552971576227392
1.4080439719924633,16.125481563015974
0.07131666653010738,17.301587301587297
0.7355694375153546,17.52130249543518
1.2374326990542572,19.47439353099731
0.8854242913947054,6.776019285190223
-0.5860488632802658,10.009246417013408
0.9713652235284733,18.820861678004526
1.4458762895685089,24.666854354354356
1.2936120914712914,21.698650959528784
0.956046971542228,27.043010752688176
2.1434455387166884,31.11702127659575
1.5952998768306412,20.977494121598916
1.219640609157036,17.95918367346939
2.2498959700017727,28.69642857142857
0.7972347185024813,16.249707739069443
0.4925140879250092,16.090173808294615
1.3269154126262497,25.25857654889913
1.75509018809688,9.126260785028556
0.1768417966581286,9.918207943408746
0.683315447112133,11.527500712453701
1.1250747992136527,14.871794871794869
0.5179066450600648,23.82352941176471
0.2775322430748982,14.821210159004252
0.6382458224638388,6.137417121398812
0.6683310691653327,13.663133097762064
2.3947089266220463,32.555448408871754
1.886985589678744,24.711488347851983
3.449082529198299,43.47376340041376
0.5156293259553703,9.96253030636985
0.8460973838682505,12.467061923583671
1.6150609169269663,23.120437956204384
0.001029105435026545,5.232974910394269
1.7065753442636342,14.557106889448391
1.1131297762586307,13.877319197273756
0.5785758967536823,16.05994944023113
1.0150589656652376,15.835351089588379
2.3686761459460564,11.081579918789217
2.544165586105536,39.42708333333333
1.0229983590200318,21.721274886170875
0.3549992189709282,6.235632183908045
2.401725636713166,27.833018325252695
0.5651746338754191,17.924321959755027
1.0042547162720095,20.750051514527094
0.4951249606273119,16.071502633652692
3.0805728622686637,39.150668993600924
1.3186710450939347,18.376068376068368
-0.3665917953835622,5.662787397104736
2.6943157992779345,25.662027343268882
0.10126245642899406,7.6190476190476275
2.3745551670555116,32.670335927120895
0.6384759150466501,16.229613047649508
-0.7855357368316344,-3.274336283185839
1.2591474463778076,20.250597899552865
-0.11855817958720852,7.202755315962861
0.031166999651173033,10.875181148005794
0.923329797791894,14.5655098197471
1.0137186107909022,11.416666666666664
1.0218202296379735,25.117435755733624
1.0992169249770676,24.485806561278253
0.8384319840330388,15.032679738562095
1.84912647412312,31.45228215767635
1.0335137828021643,16.005535055350556
0.9979113343042065,12.298245614035089
0.9953535694566704,24.88425925925926
0.037424446941509204,5.643274853801174
0.8988290225451699,21.329923273657286
1.9282398662844666,29.979759495178
0.3838607611738104,14.608636977058033
2.1925770330115926,24.038749625486858
1.3848164869301458,20.354238207120908
1.6547161979624596,36.950904392764855
0.1865045855564501,11.132075471698116
2.204253534177719,28.66725507502207
0.8318421136587817,5.619311436485951
1.9824923050001118,31.440793311296908
0.5047896475029344,7.6417978036907
0.5995809429278984,18.79781420765027
0.7475366808712519,14.323708206686923
0.3573145619187116,7.48494407800402
1.028782448405516,20.745216515609258
1.453799580845584,32.18772851160008
1.916839630015735,30.705261474492247
1.3092048363706374,30.935960591133018
0.8096980717607536,9.3913043478261
0.9136546445835918,11.027568922305768
0.6064330336488472,13.797280184991472
0.10853300680855835,10.257475083056477
0.7834068176877013,19.312544294826367
1.5135398040429033,26.349206349206348
0.040704589391301005,6.1000000000000085
1.8761894619706436,23.415977961432496
1.2080842066238302,19.606709080393287
1.9287894974623958,15.688085499406249
-0.6096018282218701,1.0757254069355966
1.2614169327828366,21.741074279874823
0.6410067887687084,19.08337803206389
-0.1566019266107527,0.7160647571606447
1.4379040176328082,22.892857142857146
1.836807502272896,14.309099662975441
1.5887106060183815,21.844119176759044
0.3410898036633363,13.978199975642418
1.6294520203733935,15.2112676056338
2.3455328848137516,14.866654057121238
-0.6894346022401209,0.1270244522070456
2.421494845231904,22.756410256410255
0.3228999871097472,22.559793148028447
1.573064959005709,25.036075036075033
0.853723570539527,14.754641909814325
1.3221568127615877,12.633642195295806
0.7504181036592169,26.438705563526227
1.0709638403527715,7.032786885245898
0.9527626343708602,14.750830564784046
-0.05215752326160581,11.725526641883526
-0.36589506051703913,10.784313725490186
1.0435869172643277,10.944969992879663
1.6819811185831561,21.40570322388504
1.423289019760428,13.526088401462289
1.1294067883824106,20.42145593869732
0.669204471230431,8.616198616198616
0.6194886485222623,20.45941501818725
1.0729081971405168,17.210144927536227
2.415122633064741,14.604639560987792
1.7722041820884114,19.125980819529204
1.0970837690653954,18.685508267373912
0.6869199355759908,12.708252615265408
0.7024700544764333,28.146879189632052
0.8379441670249519,18.890500362581584
2.7165101571165584,23.63572433192686
1.4293276410989348,17.459652064556693
1.4025181195532122,33.64864864864865
0.557034953394223,13.425050531394675
1.2768952443479447,24.781884781884784
1.6698267208958704,15.706122448979592
1.3000728686999903,11.211017527885275
0.47205484895254907,12.738095238095248
0.33196563919247224,15.485416373115399
1.0140717119747489,16.549570647931297
0.5342293589370746,12.942430703624744
1.1479111901154626,20.053709298422298
1.0080035805074148,10.222837718746064
1.4720953058753932,23.581932773109237
2.1301784173166554,11.825021235286982
1.9063881201561559,27.821067821067814
1.9091829645767944,22.88527397260274
0.2516247163081632,3.3712121212121176
-0.18061717553357548,7.929806043013592
0.1497040503310863,8.243927559866101
1.569941125146063,21.412147921057674
0.8550102281290989,25.324675324675333
1.5251029109725072,18.822684852835607
0.8798081967035472,15.332842053549484
0.7824650032822831,17.560975609756106
1.1821275822341135,12.812500000000007
1.5614278514873308,12.111801242236034
0.40836052465086337,11.70634920634921
0.35290405377206957,17.177186468646866
0.6479335196430664,18.318523581681475
2.009870961337203,28.23749415614774
2.001328373441544,25.37774725274725
0.24254932190042156,12.254493512677058
0.624160669808423,16.20804669585157
0.18532261643478987,7.091675447839833
1.2418838999278523,9.935080943380711
1.4669058930534042,18.640350877192972
2.22164338288047,17.57073742852954
0.871295467335388,18.26313405797101
1.827613242471912,29.33533447684392
0.9555615418170612,19.67592592592591
1.3864126633976632,17.107292750295954
1.0012270403864216,26.156365124846502
1.4339234970713328,20.213572602047265
1.3310912714871779,29.890764647467726
0.47306088628191834,9.24547034003475
2.0499281117000097,36.1065950378172
0.628346013678553,28.136243703526027
1.6651790762419345,21.59663865546218
0.1084123169542236,12.95641931684333
0.704460287865024,18.711755233494372
2.8059101873284327,34.066951566951566
1.0886343975342503,10.203735144312397
1.2829481006211658,19.154580827732573
1.4352134358544155,26.498328557784134
0.30159533400719696,12.088974854932303
0.5087663129817042,10.525663789899653
1.0388217516723592,23.40022296544035
1.158776033068126,26.213121118012424
1.7763868403036482,16.448087431693985
2.972889380148067,46.16883116883117
0.8466572535466051,18.297101449275345
1.2307977637638214,16.879672052085844
1.1906085931902455,18.685255861048375
0.24170997532659352,18.84021693783896
2.6748054332466284,39.99884579870731
1.8316034997357624,26.16666666666667
1.6858785087385775,21.477162293488817
2.5796917981585494,16.321717366191756
0.8863395169012571,11.593430034129696
0.9775617593858752,8.21889305035372
0.24362337455872873,7.136524822695037
0.7002569904684666,22.08094066174459
1.0894810464445115,18.35187872923722
-0.2342385663172034,9.132113479939576
1.067047658751446,24.99474016410688
1.6104685942205217,23.062858583948056
-0.17109485525353801,12.484848484848477
1.7553186564153587,34.49883449883451
1.1107823457968926,8.131631705051099
0.73904102329027,12.012012012012008
1.6346756691399855,36.351039260969976
1.7319668024000212,15.620641562064144
-0.17277644238505824,5.906927551560024
-0.12497063742808263,4.116541353383447
1.612676877596547,24.299528886684847
0.42773380010883655,14.324407510003077
0.7418255670251527,24.856407209348383
2.130705973939552,23.875577973938626
0.8087950186498484,4.939467312348668
1.175795390117562,6.511627906976749
1.5625953461181699,23.272532188841204
2.3661444672734686,33.87126352466534
1.2376083059495866,16.543312832273536
0.7193705814636822,10.474358974358978
1.2866072560088804,18.421052631578938
0.7375907620152209,13.219544846050873
0.24107908851636514,7.317905659089362
1.5568085113063974,32.39179954441913
3.1620950673890094,38.43992248062015
1.779915303987932,25.224646983311942
2.5593103860700603,30.49054373522459
0.7784598039143585,14.56989247311828
0.8399444011634931,18.13775510204082
2.479506146594849,36.20573482069327
1.8389680251190605,14.37229437229437
2.1660110265010024,22.446406052963432
1.7946199607275433,22.6083561108942
0.9351144422937658,15.63336306868866
1.0849526342073448,20.27284263959391
0.04673315977799014,10.900863842040309
0.2768078190031098,4.448518768696317
1.0998967127850006,19.844236760124616
2.0502633035924225,16.90831556503199
0.7813865962134052,10.56818181818182
1.267885155985272,25.28839815425181
2.0475051842420515,29.403942428035045
1.2114706003448497,29.081300813008134
0.3335406846742257,-0.2756244616709793
2.517662898161683,14.201388888888886
0.003913518473588118,8.894984326018808
0.2582907927715396,7.399887196841512
0.15714112955041915,6.703052140737597
1.839396560537016,17.912178956089484
0.09797925536171037,16.167741935483868
0.48383268242942656,6.120041936047521
1.549932228034184,24.87260373695706
0.6545389013113443,8.336409499200187
1.417258555798274,14.147727272727266
0.4779089747791922,13.252858146515933
1.9852709002510465,34.488304093567244
-0.14857218630666524,-1.0360547036883503
1.8763153273075335,25.592783505154642
1.1157249224181436,25.986577181208055
2.320944396170088,28.417508417508415
0.49263839938358045,5.540873854827339
-0.5097324412358998,3.095238095238095
2.2551549817753966,32.99791811242192
0.7905819689000692,18.05116412762287
1.137426964654073,10.155763239875391
0.8260312512116098,13.03395399780942
0.020309505764106117,-1.8368266846968737
1.3730255820904018,15.924389119409867
0.9815767965171043,21.266073194856567
1.2043046870755265,16.232088325111576
2.2444966470183116,22.85637149028078
0.20758105471173963,13.467794404684447
2.0317967359086326,5.45454545454546
1.6086820929538796,22.945103857566764
1.2014536907609905,11.121284258072386
1.7363444724734163,18.401759530791786
0.7750823518326349,16.53739612188366
-0.38218498529630357,17.403730445246694
0.43929566014889165,4.5466155810983295
1.6088519381460529,29.89648033126295
2.6784688860585004,39.642857142857146
1.1059012622825235,21.48989898989899
-0.3634979740505382,5.183682668469693
1.0997512198843347,9.902152641878672
0.9982205843320389,15.608465608465607
2.37451032519217,38.79453879453879
-0.3032569611862818,6.1100292112950285
0.34965904167964307,5.9299191374663
1.7843409162709902,24.112225535375437
1.59990349878924,29.100244498777506
2.5015096851298635,28.48972103814817
-0.28641405314289814,6.5056360708534555
1.9767112430164187,12.690102218898026
2.9215705227743602,35.46063081461312
2.2654484372909396,41.527313266443706
1.6341099569482735,23.555380715097478
1.3320859403383563,30.225726654298086
0.9197655819848457,27.950043066322138
0.4319001026425908,16.215170278637764
1.219232333427135,10.10998307952623
0.9837399492424695,21.89873417721519
1.8752765253708739,30.827167019027478
0.42508858378610775,16.340852130325814
1.751206245989461,16.05042016806722
1.4081115913660927,16.16847826086957
0.9354268109064061,17.158555729984286
0.8438401450895961,15.498693714461346
1.4317036163157961,19.80198019801979
-0.14918273789221081,21.357627724187203
1.3249412396630353,2.913752913752923
1.1686563527137153,12.727272727272727
1.8823536093924154,30.626780626780636
1.0187194079779283,15.160709206409415
1.3643142052604333,18.74039938556067
2.1817617452859777,35.881486331641845
1.062757726308943,15.377982178787015
0.8346277377454162,18.28598336210956
1.266893876589458,23.698805460750854
1.2348040845854784,12.738095238095234
0.6722941898705691,9.612095505233626
0.542285805341501,16.151603498542265
2.8753078535703764,33.68298368298369
2.209523085900531,21.442112389979698
0.49901002256856897,10.344041922989291
1.697904556519743,22.545454545454547
2.0733080477324366,16.710526315789473
2.2446430129057733,27.64014014014014
1.6458726415196285,31.243872549019613
1.3781445202398568,20.2465097260354
0.5172302295257407,9.261557555072919
1.9892615038271813,30.718954248366025
1.6813777740784035,15.054278416347387
1.179537205847855,19.720873786407765
0.5067135095744039,9.477028347996082
2.0962764957606432,35.387945231261476
1.377559850025282,37.142857142857146
0.5744062693423433,14.617431803060548
-0.041859043839462484,7.891156462585016
1.2786087016924508,17.908632968560006
1.0138739075138261,21.421982076963623
2.1181148579736098,32.232112290311534
0.6427425275819534,13.561164110614662
0.580783119031949,17.357644164676934
2.357751206689002,33.36664244186046
1.3114855754891588,22.424242424242415
0.4063255242197301,17.80303030303031
0.07952240453006901,8.24997524017035
-0.14596165062326466,5.344528855124608
0.834756084870398,17.394636015325666
1.7254464057575634,16.447908121410997
2.760287245323677,24.742692466035408
1.1041982020596288,20.383653044203513
0.675483588079596,8.239596991235928
-0.07648552053078472,15.055315055315063
0.3402043275723094,9.914486921529175
0.910078061589638,12.52784392042399
2.116205668202425,36.67485194279936
0.9588236819705269,26.24423203691496
0.7953523173205442,5.9664694280078905
0.7645861315412837,15.346007604562743
2.6837954658679246,32.146709816612734
2.1543546445017374,23.459218463152375
0.0317944250745994,6.135957066189626
0.7974633298376473,16.377127116008353
0.2115015901792935,13.202069923008963
1.444351295396545,15.696969696969703
0.7717883028187205,16.157005933363763
0.058130665991467774,9.723601456471357
0.05786877902432935,3.5559796437658946
1.4013230154868614,18.0
1.4155242940696215,8.802542812662168
0.7967385096775504,16.231519345706197
1.1704944168756677,19.484548383247834
1.5619123023926427,20.67340067340068
0.5263699964096045,18.716069489685133
1.5768483457439044,20.966880341880334
0.0342429482208218,3.2325180148178276
1.5687763073743426,29.5125666412795
0.22962098809811773,10.03193769961063
0.39678258847378134,19.188575751844148
1.335212017774694,20.168439716312058
1.9598951492564003,27.366946778711494
0.2010999845771998,9.888888888888893
0.5261012767584953,13.616223585548738
1.347335618844802,15.65001081548779
0.4418895014357378,6.499999999999993
0.637821276251811,16.293835363602803
-0.06659943090448278,9.940159574468083
0.637646001811378,11.590992986341824
0.343477285068829,13.96364284441276
0.3763570098591384,24.565826330532204
0.6398974030527812,22.11302211302211
0.5899464098694198,7.775426088893845
1.721756835591561,28.147163120567384
0.7880320505692842,12.132977432661974
1.5914763759927673,12.924507895306078
1.2982719297395588,14.230813353217854
1.6231673480360977,15.903440821473609
2.7994862633763917,39.46441155743481
1.0529984294992976,11.911332680494965
0.6185028691994581,18.38428317385045
0.5474523255945554,16.904220891000485
0.4192499481903448,20.89225934276149
2.5314890725425645,30.922586185744088
2.1698609450108775,21.650793650793645
1.983340982642121,37.42997198879552
1.4376479924095578,20.45454545454546
2.694780966631141,38.53259435207178
0.6731798393016657,4.319864882421719
1.847318489860714,15.100775193798448
1.7023203427063636,22.83431455004206
1.253849949543267,22.53925698965913
2.5152388404593653,42.530505864234094
2.139053919598517,28.08659217877095
1.0213334172318342,16.39152476277134
0.789340391018962,6.137372682162443
0.005326277036806659,9.130434782608688
1.7509199046424175,19.36392616205797
2.2112005285015948,23.16631130063967
0.11838410807102719,-0.9657983342193788
1.8866847241065094,30.17618040873854
1.24895081092907,19.337390128465188
0.4435894951703604,20.527069125199965
0.889164925899339,10.0
0.5854702305822655,0.12939958592131973
2.2155907497024883,40.90617790310177
1.488092981043145,26.571942611985058
1.3709160481075935,28.287337662337663
-0.25542774714501815,12.546296296296298
2.0604056719069885,23.369863013698627
0.5357013883721995,14.245771005172664
0.6743776579712021,9.844110854503462
0.2863547634612662,9.164619164619161
1.082931157244465,23.82193268186753
2.416005789985658,31.3527180783818
0.9447849660470438,14.89361702127659
1.4807969140864423,18.539865513928902
1.9787062377973137,22.936507936507923
2.968049094578901,43.210483210483204
1.2272773568049404,29.52967719541825
0.9695837611853223,9.404761904761905
0.7101641490481176,10.147991543340382
-0.03517925239440545,7.042957042957042
1.0330202983944203,23.84014699127239
0.6214263798719987,11.938131313131315
1.3326710250952754,30.45508851960465
1.2793941499951975,10.25596276905177
0.20583737796688478,14.957511162321765
-0.5596005317972845,3.8348925230307884
0.1368830440090108,5.5976430976431
2.6060857293326984,43.186362201410084
0.6987773457548986,17.197640117994098
0.8102750469642457,9.3355919442876
0.6173632968475182,3.7692307692307736
0.44799940309757386,14.205882352941174
2.5494546570267818,44.00119527864934
0.6059628569531342,8.516023678301693
0.5173528882254381,10.740740740740733
0.9710447578716896,11.591880341880348
1.259437452291445,21.65909634233803
1.6179176725104139,13.75
0.5344493148804994,22.529411764705884
0.9469892807771283,24.365079365079367
0.9870150189261218,18.044361137144648
1.4154950474527643,34.05807073070042
1.9426204135367664,22.230014025245453
1.5633521695958905,20.378787878787882
-0.1208694325159616,19.68253968253969
2.4712239699393255,32.70908543922983
0.8069204400034102,12.124530663329153
2.0144446758664456,29.80544747081712
1.0365572775158924,22.10084033613446
0.5622438931273134,9.64200477326969
0.18008061522896487,7.51456948206517
0.0069351307290820285,3.7112700034048274
0.970046799638672,19.261933413557962
0.9554762643998433,13.902932254802842
1.8443921346698628,16.49380581964853
0.5668165449748929,5.24370524370525
0.898259831829267,14.066992524439335
1.0760513608117006,15.116279069767444
1.3571215408357213,16.370896184560785
2.0747720548201016,21.504732239127833
0.6683518504831294,12.314735780243659
0.11451903554637566,0.7773631840796114
0.5135509236825049,4.444917962923512
0.8541124949150112,27.615384615384613
1.1243813152523117,15.769933049300064
1.0665205181015691,17.719780219780205
0.7204806557805785,6.184716877405165
1.115765681357271,11.436925647451964
0.5989843739167939,10.968660968660963
1.6585825317799587,13.498554316398177
0.8431486069124046,23.809523809523817
0.9249313405450246,14.015151515151508
1.5252777554298012,25.914910125436442
2.053107007679842,24.669811320754718
1.7407276620890502,38.18860244233379
2.404164454222337,21.34581105169341
0.9816189997122797,10.655737704918032
1.4881571745581321,25.12836970474968
0.10741708590700035,4.783792986040183
1.2296084507986773,21.706036745406827
2.09481681552663,31.381278538812786
1.379444977786786,12.389455782312929
1.2558757455571445,13.605442176870739
1.8575379851670675,28.401639344262293
0.3472186940244121,3.9327385037748783
2.593214942671809,22.753872633390706
1.2192597456194507,23.0379956860793
1.4527236360117053,16.945054945054935
2.7210227492474313,31.366878735299792
1.186301254088164,18.954248366013076
0.7514160302532337,14.899901542500821
1.733770106638597,27.846153846153854
1.4898365156762665,20.44817927170869
0.6527332777182282,8.479635719706557
0.9950636801028259,12.428634167764592
1.5006021896013009,29.88495082575617
0.7327568067018342,20.381836945304435
1.5225837949966676,21.186440677966104
0.4750451513439992,19.730392156862756
1.8177219948262375,24.214452214452216
0.9066960092040157,15.477243063449961
0.5092649990484542,14.924242424242422
1.86607421548158,26.247654784240133
1.2056397673970662,32.65205004335439
1.7317212064879026,23.002058768482122
1.8341826104132843,31.779317793177945
0.8296592196694448,17.221439691600565
2.0416037255316146,31.93010819549807
2.2976595229936416,17.12027216329799
0.41740872449341937,6.471494607087834
1.928941875264941,30.311437265079654
1.796000175764294,16.261022927689595
0.9308075634510603,6.616379310344826
0.49056228440716465,11.001642036124792
1.3283202568854262,18.48862802641232
2.241313267895663,31.630531630531628
-0.232267727650118,10.285714285714292
2.406513885477679,22.99248120300752
-0.29637711790898874,7.6937799043062185
0.7527693971619736,6.8584282569158574
-0.4110354799250264,5.674497915877232
-0.07370945297681653,7.8125
1.7208141950164901,21.865229110512132
0.09045421824091532,13.863301400147371
1.6720506933876318,7.070094591317002
1.962762789181937,28.445576993083364
1.698462074976822,20.883383383383382
1.6283430358305355,29.27631578947367
0.7536975392443244,15.181598062954002
2.030557387887244,17.797286512370313
1.8366404896859283,25.57142857142857
1.7676001575977893,29.206637872243697
0.8780926372169695,27.03488372093023
1.9618222624136274,18.648648648648646
0.7054995366623413,15.461181154611808
1.3788475963707818,21.58333333333333
-0.01666229692863357,13.477088948787063
2.1430880213044023,28.066037735849058
0.7766046325458706,17.395104895104893
1.232382092919373,12.911600810536989
1.828460835359813,26.23002689447872
0.3987659219923007,14.202898550724626
0.3029963392755506,9.172482552342977
0.7627662325748717,10.74005359719645
1.7675091285750255,24.66069142125481
0.9942781106197887,17.48986170323385
1.499203627653607,17.122443951712256
-0.4248308457601747,0.7503607503607554
1.675539458854829,7.627017334130301
0.3960046679888838,17.562346329469634
2.1281416605725085,35.94833771824923
1.337757204585849,29.5751522200178
0.3821235950394681,9.01130231137359
0.7914533286055844,17.296953071421562
0.7284633828870856,14.399999999999999
0.965452425478418,10.10928961748634
2.004117267213428,22.957271364317847
1.5265575549074852,22.90788681517158
-0.5626324992254209,10.958904109589035
2.2526951162094084,31.301115241635685
1.9122986550408534,16.98717948717949
1.295187215535898,27.427895981087467
0.652508369698557,3.74550834918621
0.7908401114708302,11.783824640967495
2.6126628737944197,31.61774838087365
1.7419119222550712,14.544760450467642
0.7590787845599489,7.502569373072966
0.4809999251939573,13.755122950819676
1.6201087293293976,10.876944837340872
1.0235433279674186,9.937421777221516
0.02911579789048012,13.047561177705347
0.7164804590503361,21.928794992175277
2.7656141878217406,35.998235998236
0.42297984870683225,17.918832802280733
1.0603449373124287,11.9895065229722
2.133426355511064,28.71376811594203
0.7520174867548197,27.434982151963275
0.29912500468954734,18.04783092324805
1.3340177451411688,19.15536414475799
-0.2402962258701906,8.741107330652639
2.2587717232123214,31.792435592910664
0.6201350832767352,14.75642847913167
2.2983644492575954,27.890295358649794
0.34579166604672995,20.148401826484026
1.8943096218736546,21.266073194856567
0.3265170186449423,9.34744268077602
0.1571370497011783,2.0689655172413737
0.22834525211315848,14.899762147468572
2.0699464719893452,29.588882455124505
2.2344783001850144,24.796819787985868
2.6110267897909036,24.583197123242897
1.158161755050644,8.440748440748436
1.0038532611185524,21.533978406246504
1.5116203961412258,29.551282051282044
2.059234298061766,34.02298850574713
0.36743178217327044,15.953654188948306
1.5761174138337486,26.803381903220007
0.7345594245177166,24.395220052462854
2.244333176610104,27.087087087087077
2.6065114628815618,34.390735146022166
0.9103547448920996,19.19642857142857
2.659664139994461,23.277893277893284
1.069912084359904,20.0
1.225393954286908,9.857789269553969
1.1043261552759205,17.185581966298415
1.3277918425127457,27.82392922645377
1.4770104847363164,28.051282051282044
1.2749842354961873,18.43944099378882
2.1917419892054224,32.5516693163752
0.8184691012615476,0.6381705776773217
1.1962452192169528,27.506857665345926
1.6383701093913816,15.713949658903779
1.744649761731772,27.341065292096232
1.388542706380864,16.0548885077187
0.36034237478753955,15.269360269360263
0.011488228018563626,7.575757575757578
1.01475571767938,27.522333158171314
1.450080195123037,29.118210862619804
0.48986094382045925,8.858594742499754
1.1992018619382458,12.825723165192443
1.747555265918694,31.194125159642397
0.5161806730404929,13.816518847006648
-0.4985954271424363,3.622303622303619
1.291860761444954,16.716716716716725
0.4220982957761423,11.27744510978043
1.72504082441437,15.953216374269005
0.3971998409008597,15.430820215410108
1.3046320611058244,25.84848484848486
0.5097852412070594,14.48261416003352
1.0245476092090424,22.57773190556057
0.4743302131452182,3.584368530020697
2.4709138096924317,34.80392156862746
0.8062747432855435,9.965635738831608
0.5404272252233285,17.08619374523264
0.6906483219586641,15.649666059502131
1.23499428394073,24.767629824206907
0.5211973557305735,13.080639167595692
3.150587190687369,28.638838475499092
0.1246507141089534,19.967951571263242
1.1260264970102203,5.535714285714292
0.6724192343509342,15.887611749680723
1.4865087702916902,30.8125
1.315756116066588,13.044409538769095
1.8578227758382329,24.229386456061768
0.9956374868298077,12.148711943793913
0.5986130803704497,10.437272254034355
0.6312539003928492,10.5010501050105
0.9419404917279367,10.055096418732774
0.7017581116927566,13.365051903114193
2.30776413928979,17.83288043478261
1.0620793075972321,21.302989736724683
1.4141830988201387,13.315068493150683
0.6542776558854797,12.148997134670488
1.5264765661393067,25.313588850174227
0.2602416408215349,11.590992986341824
0.3528749528375667,9.677419354838712
0.27123761451468714,7.343308865047987
-0.6756928995378149,0.852970054000977
0.9643490457377921,26.275815429433493
0.6111972470431575,9.994278085065808
0.881298003943864,10.396927016645328
1.1404002928708348,25.510923185341795
1.8246384263627047,13.56625295932276
1.8789452469578514,20.895721925133692
1.9566029933220943,27.37207787508143
0.7712443532794819,13.686995265942635
1.7086635437058528,18.857431749241663
1.2189085784327063,12.066425605999733
1.5917083374863188,19.3669882384036
1.2378405968337862,17.93745523991405
1.524843408724072,17.489475698430923
0.6708232090823415,17.71604938271605
2.39613762851086,25.58254425689585
2.133767766551135,25.0
2.336792114808505,23.767441860465112
1.4395442292808744,26.989010989011007
0.7394749231359277,13.933189655172406
0.7512161970400848,19.290780141843967
1.3516580804114164,20.31055900621118
1.987071962092599,31.75150992234684
0.9264319833420843,16.920208799403426
0.6190269216953048,20.70552147239264
1.1125605327198826,16.60959729925247
1.2554005273248832,22.486654804270465
0.7555540307640675,16.054671562627504
1.5473757529937324,24.552612741589122
1.4900481541810333,27.145250582750585
2.6631486763834715,32.849879136450774
0.7272919107444538,16.184597295708407
0.9073267980986666,27.25226432284689
0.6405339848569169,15.540780141843975
0.22296226977472106,10.832534866389864
-0.23238887992351642,11.094239811912225
1.2108536657356874,8.758782201405147
1.1108189719401518,16.05151650312221
0.9525818419413856,19.63218390804598
1.4184695108506893,26.920863309352512
0.9421053487587339,29.155529155529145
1.577254453128881,20.188816267247645
0.03274710713009371,-2.94393619516773
0.7322063991626032,13.044752784834863
0.21442394236101486,10.632598392746765
0.9472507570176505,10.376687988628284
1.6493205325041491,15.304089849544397
0.15164803834237794,4.394442766535782
2.1229006172458593,24.339430894308947
0.13507251723713737,4.632999386628498
0.22163093231979744,9.691098661686901
0.433703725447474,16.082849263627295
1.6247100376945238,25.86115527291998
1.8258582426259642,26.362900323857495
0.008576262777005406,13.550527903469074
2.350784158058312,24.100823342481583
2.5641283892230553,44.68735766803306
1.9377692514359888,29.825372367745246
-0.11118052802778719,0.8450704225352155
2.227004520628451,8.772255192878333
1.6089032124008438,27.85447224618924
1.459971006358017,20.970855047288175
1.157165344231172,20.558176100628913
2.0225823070254183,25.424419394268646
1.5542520557784423,28.009200102223353
1.679119377016869,26.02495543672015
1.2766859099416537,29.533742331288344
1.86637757018542,31.395348837209298
2.7565098161324535,44.24663482414241
2.114954766531377,33.6188103394581
0.2893782976677975,-1.1035052519768627
1.1094978006245109,16.34128705712218
0.6952799420253597,15.691489361702125
1.7921980974122373,29.70744380436011
1.0016179054226624,12.011904761904773
0.9285081541384955,14.6485260770975
2.4879216832064346,19.467787114845933
2.0442528475209802,24.172762103796593
1.2365137182776897,18.559789120536777
0.03650548368115453,5.6998556998557035
2.7815632621156814,34.30555555555555
1.7975144181834146,20.06704980842911
0.9418501467334877,22.89855072463768
0.30607327758532643,11.574157236093654
0.17317878468688713,4.646513895660654
1.0338728002804687,16.923236946120234
1.8654627364894585,21.46480951941703
1.4516923617436543,18.86945254292192
1.2457296697040399,29.582172701949858
0.9246081958632661,15.21035598705501
0.22427474256601154,9.50923855478404
2.060072201445257,15.097588978185996
2.338363802734181,34.06007751937985
-0.10114904554844881,4.433302546510092
0.6137185750417391,11.489000895002128
0.9909181297403745,16.007905138339915
1.4095430943733602,20.813771517996862
-0.11652702574732193,3.7691401648998664
1.001400926180654,18.67867867867868
1.186115913642644,19.029267202859685
0.7849505977566985,21.395234586096777
1.6754460001955613,30.536633178142615
2.16538444739518,21.206290781328427
1.77285939772379,24.82635342185904
1.9358020103873428,21.4156236512732
1.7821584556808503,18.248740798140254
1.8199418891368264,23.2736013986014
0.11783492270220355,6.682769726247983
1.3071204418286704,28.142589118198885
-0.16811865874791293,7.564935064935064
1.8508251907417457,34.97453310696094
1.1356897499194352,21.400176678445234
2.0329415045212857,22.875
1.6017892714469573,14.519523030161324
0.6836858922475724,10.531069364161851
0.07100898825660801,11.138461538461542
1.1250975831865415,20.746339159187535
0.7349674661313227,8.154761904761905
1.6854381920598234,29.32422969187676
0.17758186397848197,9.408958388550225
1.9087943358325812,24.49596774193548
1.9408992106441194,26.157635467980292
1.2298215263648737,19.71351142082849
2.1989765989404932,21.56707209589282
1.0076347295275268,19.18032786885246
1.2827224013630323,14.734168027581198
0.7803660777939354,15.522121257262015
0.4689806360892135,19.65277777777778
2.615433208674965,41.09286939475619
1.0420854045559071,11.28747795414462
2.7456760187830747,15.113240418118465
0.7544871494845099,13.854895104895107
1.0339989882646279,19.29906542056075
0.9222806271148524,35.541208353260004
1.4844538797465447,28.52125043905867
0.24945642148776304,7.100994243851389
1.7808983753697603,26.050420168067234
1.5756837596373514,20.377574370709382
0.6675828965440522,10.061145080600333
0.5951802595361431,14.263600176912874
1.5734096671016573,14.645593869731798
1.0821751733856433,11.904761904761905
1.4266963823275183,14.359243697479002
2.061557148444635,21.34996331621423
2.596180127956811,41.0681597932594
1.9568819025309936,27.07555414316358
1.4592336037218079,27.08108108108108
1.5647568954782105,18.172171375513997
2.2070739752615856,20.447390223695116
1.9163880059940417,27.671494129566724
0.5597441928368199,8.048245614035089
1.5008804422376318,23.18262411347517
2.03233163304031,8.516924115809914
2.154737290727551,29.564564564564563
0.9915184131559973,21.049493142516397
1.0804534998525073,22.49667157171887
-0.12440944221448563,12.853107344632761
1.0009131449332676,24.360587002096445
0.6083288416729737,14.673046251993611
0.6555955029779011,12.385509227614484
1.8474097025757543,25.671714704445527
0.7910915431866408,26.41744548286605
0.9039885436856927,11.803600654664486
0.9692159976730652,11.554704656793731
0.7698560672992736,13.769696969696966
1.6866782039003012,23.643002598132142
0.9268638815361306,14.870533776941997
1.5689654970983382,16.865625956535055
0.6628277291478584,21.764705882352935
1.1280015494546094,22.69635126777984
0.5284984626569977,9.504479283314659
1.1818081072758908,24.638111058376836
1.4658114786965326,25.84248390761074
0.2444183377157329,4.7104749512036435
0.6787953634698853,14.387755102040813
0.5954002338079458,14.560236511456011
1.2887660161906154,27.615012106537534
0.5559901039051964,15.346130839088588
0.11892485519461063,15.359609914668837
0.6873876155033777,11.666666666666671
1.5873585407123139,20.163398692810446
0.4025624730888609,11.327050547864907
0.1722569213929178,7.45454545454546
1.402200410746334,31.17266591676041
1.2898384526431634,5.2488687782805385
-0.37669460684579703,2.020808323329341
1.2140752911652488,19.913419913419908
0.7387581561663576,24.581395348837212
1.8614626933628227,17.374213836477978
0.6790640390236822,9.46996466431095
0.5737961875572045,15.371148459383754
1.5374869350163234,20.655270655270648
1.143298424151354,33.407598499061905
0.8971125777149755,20.376928914748284
1.1571971068125495,16.401006711409394
2.4622216308769556,27.05355116859542
1.551016194232808,24.386123000675838
-0.4334812319641478,2.6054590570719682
1.9552764911542273,19.242486620008243
0.26485352120433703,16.78016413480006
0.3220136457690917,8.42730790491985
0.4942922407119068,15.276117618933782
2.0514689595211517,44.01860355586954
0.2925696584469455,8.92857142857143
0.9375323967326763,26.833890746934216
1.1013376134654438,24.827586206896548
1.686980814241389,15.902777777777779
1.7548708218357572,19.9972187456543
2.5192273770633378,25.705039297272307
0.846717511335588,9.097018572825021
2.2714377531501464,39.58837772397094
0.04838331875062221,12.560837389159275
1.205447105504771,23.30164388987918
0.936373826294534,18.472644376899687
2.279863392097587,17.738510541483393
1.4492370078257695,16.31166436145689
0.8995532538968405,12.15529986501253
0.9883127856489057,3.781779661016948
1.2892606174913066,19.906890130353823
-0.37259437366641146,7.915975677169705
1.1735623243952022,7.239484252800679
0.37586942520732,22.250554323725055
0.7369281876824438,15.647584792766146
0.14133864640093305,10.448278251229816
0.6401004013674451,18.967741935483872
0.7959996203465951,24.245068947460283
1.4910925633029684,20.61992061992062
-0.136753805444645,7.782202781223482
1.715394552154756,25.81494754112517
1.390755630054157,9.457831325301214
2.342213889049827,25.201465201465204
1.630806243489659,24.21682882497594
1.7971359402907128,28.347934918648306
-0.03645715113645931,9.747913619547454
1.2530230796713893,24.565018315018307
1.9012004152367088,21.705898268398272
1.3857692970915185,6.826484018264843
1.7897915018091968,25.846584216725574
1.6137567454484585,26.711988061681318
2.884920812765012,41.756719312829034
1.0127508073511378,16.53325123152709
-0.09098824278269826,12.424817980373533
0.9227205955153122,11.211755233494358
-0.28690545100678444,4.602750190985482
1.038907643488428,12.708620425662225
1.3977774123451427,24.092465753424655
2.3829590030396393,35.83102065988282
0.9565620669711654,13.7832502078138
0.7549846792084522,13.076241134751776
1.6988755999599938,16.182069920387683
1.0805758706275093,10.490006447453254
0.9845510734841036,18.217418546365913
2.3207193206499035,35.39614380735876
0.7805178954703076,15.783410138248847
1.6247301219222396,25.33730158730159
1.2641857142831237,22.488687782805428
-0.14628684375915893,13.305471124620063
0.9244527801095603,11.56240369799692
0.657719200831254,21.45200984413453
0.5210538915116208,15.164043744998672
1.3700192802058533,13.415892672858604
1.620493106522588,16.274245410227152
0.5619121966383666,9.749594667627463
1.8834138322345078,26.06837606837606
0.9196247533223791,9.124933166993408
1.0599798028013168,14.841565703634672
0.23121131366380926,21.71652222532849
1.408569214385849,21.86234817813765
2.3977574205021805,33.748006379585334
1.9574175669054301,28.57954545454546
-0.23931736119681196,15.64320579436309
0.5292409010130481,11.66666666666665
0.5332997976104079,6.877240143369185
3.103313898585551,44.668570009930484
1.0278388803466878,11.459968602825747
1.3750576233701464,14.86486486486487
0.2772356631513996,13.636363636363633
1.009087249321944,21.689189189189186
2.083892092791449,27.367521367521377
0.1947830670621145,7.037037037037038
1.2488896181675362,14.313225715094873
2.541620142971352,36.79245283018869
1.6655313144700306,21.992830589484868
-0.4132559550929065,3.131147540983619
-0.2690641883281077,6.1189559264013695
0.9349717192943351,10.379376336823142
1.590098978430583,29.523559292345425
1.9495989736850432,13.609022556390975
0.9563339453147022,24.51209992193599
-0.2715151469898428,-0.6586685485767987
1.2953484569425557,36.34048388676657
2.642359057999754,36.167341430499334
1.2164208826296399,10.632034632034639
1.2128639849126088,16.47667020148463
0.8657516660941024,20.879703232644403
0.9066318322324829,16.785714285714292
1.2414568625986657,31.21951219512195
1.64117918781777,14.125973106864826
1.3047263299253204,15.39804889798868
0.0014634514465923787,8.33608451634202
1.5182244579120665,14.609929078014183
0.07779174684107215,14.224180127263821
0.9355477672496018,8.683439179286765
0.5838723601393631,20.960387574807633
1.453622989406608,19.696969696969703
1.2223917990897213,17.412587412587406
1.7188237893231062,29.41052631578946
0.3223422736498408,23.410059676044327
1.4748895488835343,28.827838827838825
1.6567729737857209,19.596774193548384
0.6329709009102992,9.380116959064331
0.9227423869550254,4.981412639405207
1.0337206157922076,8.448275862068968
2.2154431854357175,34.185463659147864
0.9714312376723031,16.437571592210766
0.9476735290429996,3.996856993190157
1.7549238963610823,23.15414507772021
0.9067553095144061,22.61069580218517
0.052034609171707435,10.263767240511427
2.0680154924530196,27.029780564263326
1.2447908534667764,18.317443502824844
1.9786622777826506,11.162079510703357
0.5591572029873053,10.627177700348433
0.9499232819304944,14.57013574660634
1.3706682872378542,22.949260042283306
0.838767866634558,13.4812693867812
-0.1416183181498944,8.936811375835774
0.35199336755133914,9.267294310274252
1.8323979018479002,20.143950437317784
0.9325094544910004,17.17679305619003
2.684059758844455,31.086474501108654
0.6058257516890138,11.745981219162815
0.5017848949638541,7.6190476190476275
2.7736524167589787,28.938921496698462
0.918084546920535,10.642351660315725
1.2286878320942605,23.641231593038825
0.99880132940447,13.333333333333321
1.0618525173432707,14.429515888249092
2.3719595596585985,25.676809273240302
1.2692619715270288,26.283750613647534
1.6200521587988714,5.751905751905753
0.5342962516814691,6.843177189409367
2.140087792107002,21.29221732745961
1.4898131329632276,23.036988968202465
1.5093180242380644,28.219287715086033
2.0942256224366553,20.129870129870135
-0.3008385988490353,2.3822714681440402
0.2957909707581376,7.4259550722564
1.104257185859503,14.438626212844596
0.25690187615793003,11.946232487694047
1.7567569120302642,19.645872533410518
0.32741387708186276,13.251879699248121
0.5116493130344706,10.31746031746031
0.9489093179228376,15.716374269005854
0.2891175587121449,12.623376623376622
1.2088640207051293,25.435570122477145
0.3011043082491289,9.748243559718972
0.8090554767926763,14.93960062453776
2.56841460038173,31.665006640106256
1.331540583989972,30.173069608216053
0.3107790097728411,15.806878306878296
2.440058381276308,20.886075949367076
2.6179977937163805,36.981402002861245
1.3726082599743639,20.380952380952372
0.8183586770295277,22.26666666666666
0.01644141825478554,9.121621621621621
1.1786163039596447,18.596181436927495
1.503955323145635,18.120155038759684
0.027799185662950948,6.178541682441129
2.4412648665781806,31.13904953482524
1.4983694831107486,25.47590464757331
1.2076407013896402,24.035087719298247
1.6688517355296042,26.900269541778982
2.177892803969728,26.532258064516128
-0.27142916840654574,7.779762871528341
-0.13951203684148816,7.78846153846154
1.294656929654345,27.92696025778732
0.04515143905075664,5.260068960457772
0.5089492481043512,11.200796107916844
1.8675200008542912,24.089442139234663
2.4422635764682195,37.73777173913044
1.2745071996421342,21.099131476489973
1.7375721952996246,16.74812030075187
1.7394662841008046,31.947248864209996
1.4698623454298658,23.353596757852074
1.0712543214013164,14.591326589931406
1.16433398115346,16.077026421854008
0.436811452513223,14.06555772994129
1.379721551534001,22.27884965416819
-0.09608002045073526,14.75066615911686
-0.0004990980416910429,5.855338691159581
-0.8280160149041055,15.733000623830314
1.497971541285638,19.316666666666656
-0.28014061207783203,3.67647058823529
0.12920701340741006,6.050619005366116
0.7591441278673277,8.2261476018979
2.095863832232868,27.907092907092917
0.49916078078906784,15.967585459110879
-0.05754381167767603,19.548872180451127
0.09977232648948353,20.43103448275862
0.5821741018171419,14.798850574712645
2.210436111484858,29.91452991452993
0.8941658490093096,5.371378305569294
1.3302426848656932,19.354838709677423
-0.017242333619267136,9.868305531167692
1.3430666357977197,15.587977182974988
1.6652273343272959,17.650349650349646
0.47453687392628874,9.227148872925447
2.557156715835961,19.842775820005414
1.36183270739901,10.40650406504065
0.32192200446710817,14.387755102040813
1.9625966574305829,36.15082482325215
1.8516228480651276,28.219906894258493
1.2596350358802773,17.82581453634085
1.3082048798851467,29.625126646403253
2.6733048622067375,37.61363636363636
0.9942977152518021,28.646244350383824
-0.4168212219263021,10.337995337995345
0.6485300223224504,13.58108108108108
1.9716932589777563,42.743362831858406
0.7871990844097411,17.61514347721245
0.5180669356787855,13.33487940630797
1.4555096968491092,12.284268546128125
0.8285887769994051,27.7027027027027
0.15962597743369022,11.64082687338501
2.273767467822488,21.978021978021978
1.3359708977713127,11.624649859943965
1.3080459233126311,15.83600713012477
1.0474945527705755,14.952153110047846
-0.2141902633185312,7.139625373269382
2.7376907306244807,31.906130268199234
-0.07085153021946328,3.86078356789654
0.670068495018551,21.977498093058728
0.6896313313941115,22.97678275290216
0.7075245110294425,5.666414077629035
0.6284663888666232,8.886417006550488
1.2895281646915562,13.325206301575392
2.876929508553589,40.19386410690758
1.8237037540584402,20.181405895691597
0.9834717363427519,11.379681703960756
0.40572332473832196,9.82250907624043
2.5176288615145963,28.7449178942922
1.9169176270770376,20.710152968217486
0.5397450232704085,24.432104997476024
1.504048722500574,21.49906015037594
1.1171846011535234,17.759985442634886
0.811445365893442,21.103274559193956
1.360185097250951,19.2658383332546
0.7186303115833402,12.692967409948537
1.624268189158577,19.0949070790183
1.432674619668375,20.119348555799583
0.34005760908218485,10.993288590604024
0.8339288266241198,15.570065293822196
0.9367718371552243,21.368421052631582
1.6392363412968132,17.415993748371967
0.7906672109980453,18.66658686935184
1.011954302602442,15.084560829241674
1.0413452638530791,20.723684210526315
1.8318748309477366,30.565805658056597
0.9838388149669693,22.916666666666657
1.6286785736650018,27.759279812553956
1.721468055919299,17.129928894634766
-0.040351656550540765,7.452991452991448
0.2912295438350224,4.8160535117056895
2.027626713741097,30.221130221130217
2.412311732756924,23.02971576227391
2.4016980875168352,32.83018867924528
0.4344655703702694,4.960137901314376
1.6860344294144345,19.913559540704426
1.611183398635175,12.080901316682507
0.9501996336606513,16.215535057210545
0.6464815195005049,5.029027576197386
0.7231799736471398,20.0
1.9678970278560173,16.914113888366856
1.3932464294175058,5.043018996507371
2.4633259789957354,24.9236551562133
1.0330929141890246,22.062350119904067
0.40464953443009744,14.39807383627609
1.8775080498902046,22.719734660033154
1.7764412670116259,26.74107142857143
1.2965332490800872,34.14174972314507
0.7684534191560284,17.632850241545896
0.8125750991464211,30.996015936254977
0.6987974014567192,16.93958215697345
2.077293500805476,27.47145822522055
1.7316890639788904,17.626121943670682
-0.813059617966285,-2.0127931769722807
0.5365158429728822,12.99674267100977
-0.17086695715201544,8.895899053627758
0.9948825308750728,15.228494623655926
0.4169138861972198,14.767080745341609
-0.71534866427334,13.775032753134944
1.216487853720119,26.0072843159572
1.5555051270522227,12.850498338870437
1.8731566888796964,19.360902255639097
1.0253028515798952,20.27444253859349
1.6320532279929505,19.52214452214453
0.775547870738592,14.734168027581198
0.870010668280665,17.20744680851064
1.2944788488859578,21.42857142857143
1.4288884000490079,11.762165274978415
1.2336542777225215,21.872616323417233
1.0969593247501994,6.353337415799146
1.733177018112076,22.8395061728395
0.4314757920069733,5.265322912381727
1.3301148087042443,17.55225198704739
1.0542467305105263,20.57142857142857
0.4914775919813561,13.896858954998493
1.7272370704302507,30.73734455470418
0.7598814478454179,19.274004683840744
1.6345636411079296,27.319062181447514
2.7614361407735863,40.82125603864735
0.9946055584537419,16.559861052883747
0.85932013554302,16.04881062712387
0.19835659089742003,8.515158474965546
2.298087376873808,19.39811457577956
1.5592107750186397,15.064381837544786
0.25615516039917774,7.905405405405411
-0.16968133973297916,9.14182369756724
0.8676984162012658,23.939318162874052
1.1577414100658097,14.596743657705417
2.656681615679433,33.24324324324324
1.2496576832445967,15.373109523018108
0.7821914490020225,23.51875954954445
1.84584955773458,14.403183023872678
1.7956200284438821,26.591700981944896
1.8012290209854827,27.37924438067909
0.5789133219757301,21.08036890645586
1.3776145090127354,20.429000429000432
1.3398492764996672,20.38111612579697
1.5323392823223372,13.292011019283748
-0.6355757292421803,10.277777777777779
0.47021509974433756,13.04347826086957
1.432724828764131,17.419889216752082
0.7705683922693793,7.50430292598967
1.3726013137543278,14.589896795219992
2.206178179224603,34.520234520234524
1.0692803850179078,25.757255936675456
1.287352870728404,18.364733857691597
0.9031689744077986,11.42857142857143
0.15894660311428233,15.782508630609897
1.6718129057167899,23.975488318651863
2.2988402227047176,29.71786833855799
0.7896342070884448,12.635281385281402
1.0419345360073697,15.329768270944726
1.028721884486093,16.200980392156858
0.6366674745170287,21.73745173745175
1.4376108881283192,19.484203739522897
0.9173633086980263,18.680851063829785
1.130626119271918,6.638237384506041
0.7684161947114028,21.982083568251582
0.5578867826146432,12.370129870129873
0.8875740354355679,12.896341463414629
1.9771826500171648,12.715572715572712
-0.4520964111276461,3.7487856448939922
-0.016052272404951107,9.349456947710223
-0.15277207128750017,10.064532141970702
0.7398841075461936,11.062335381913968
0.9285186187823962,17.796610169491515
0.17450187766379271,6.666666666666664
1.9364306247786094,31.798950753088505
1.1221480161067543,12.845394736842096
1.6997384922869228,23.514344262295083
0.7869846962552954,5.555555555555557
0.42363151673387633,18.9453125
0.2897967252098991,5.491803278688522
0.3069557175682578,13.072100313479623
1.5199967902077915,28.574142079270608
0.1461430522045415,11.945025017417194
0.2539259566851527,11.336009813761564
1.3742264283374168,26.52302243211335
2.217235936310799,39.965723131357805
2.597522336209636,21.13991612657263
1.0862604665048528,18.527547537786447
1.2974495551304757,28.924218335983035
2.177324153531604,32.137651821862356
1.3644588644600042,18.176029432573934
1.8541961711832586,27.070707070707073
1.0945668295162625,2.8202225995095276
0.6834178228697336,21.248640811888365
-0.18787438229571443,16.5822447347374
2.0750377788378325,25.672594619243057
1.7012349056181957,27.317466720451797
0.9712534706208671,21.28732581287325
1.4391666527958105,19.590643274853797
0.4703794370744303,8.607764390896918
1.5462911446712186,25.145888594164447
2.539545534051335,28.151867914479197
0.09424931313932933,12.297901616787058
1.33516900221576,16.334396597554495
1.7804997854587072,26.2587187151984
0.9345069349190089,26.654240447343888
1.3067012403422031,29.269256089532583
1.1925298936087738,14.869281045751627
0.15849581634167875,9.448201509360004
2.043662886329398,26.69590643274853
1.9162008510180653,27.5
1.0343543671543092,17.346938775510196
2.123681592975929,16.584529676451673
1.6647044716270163,20.326086956521742
1.7327019355943527,24.247382198952877
1.1395412081356895,22.939468394013844
2.251111420306713,27.820677820677815
2.9744367769997537,36.68242710795902
1.3368973112496025,20.333951762523185
0.9367680362748158,14.656432748538009
0.8111252047085434,18.50931677018633
1.2187977440718194,16.379310344827573
1.3073638297108616,22.164338148235856
-0.04032550178682069,8.789129686962504
1.3482794410258758,20.03038503537008
1.0998415344130437,29.302811550151972
2.067396259862874,31.07336956521739
0.5816228434692093,2.4826344224337618
1.2626600754809794,14.865067466266872
1.6553381720340532,23.07692307692308
1.1011204195924649,20.637533672553126
0.48912109500240675,15.114312216947674
1.1884462433430318,13.362381989832969
0.6199096616506545,12.044072948328264
2.1349594939720773,24.12291933418694
1.309849882328074,17.726608187134502
1.2042125704437099,19.230173482032228
1.6660721040890982,9.473684210526315
0.6906794919554285,14.871794871794876
-0.11222113584827922,-0.4863221884498472
2.2766470950846593,19.668607254814148
0.6414106960889495,6.751212234240953
0.9205925881247128,9.691403798984652
1.7364682675540417,26.48572163622331
1.6690956636436882,20.10190121243572
1.0799547253108006,18.514684952775262
1.3574412035823902,16.574730759127924
1.020127347795605,19.55662179572616
-0.04994663518843501,9.8087098087098
0.5612160628016521,16.315596666361387
1.3272504302132977,29.077635327635328
0.19357427525272597,13.582718651211792
2.2892787089653988,28.225190839694655
1.2578687714451342,13.555555555555557
1.3069361833336748,18.625442354255917
1.9584197452991887,21.641597510373444
1.009466094578491,18.83116883116884
0.8669894978288655,22.733557179537826
0.6479667037224205,15.93586005830904
1.3968157131219705,27.806074325598935
0.4905696830074565,15.186368477103294
-0.0006710415059207886,10.107816711590303
-0.1381121628149071,3.88615216201422
1.9016292243304906,20.35714285714286
1.816196008997442,23.137254901960787
0.05630675643202124,11.803278688524586
2.415312838519359,31.29032258064516
0.5365190784415085,10.19011406844107
0.7521459261169806,17.57471140360341
0.529625854996679,10.398607827685836
1.6392265092863745,23.76033925347442
1.5171252515302918,23.995103040195886
2.080839643608974,22.417582417582416
1.3274386880036217,16.4375
1.7931404746224018,19.378557874762812
1.5939151387535004,24.23806479113385
2.3619694355934193,29.799635701275037
1.0543409915748676,15.384615384615387
1.1719473661091766,8.449396471680586
0.8426808623590313,13.818248108650081
1.1915893782905336,18.256029684601103
1.1853044745829053,24.27536231884058
0.967155541559002,14.299784549092031
0.6054151627046371,6.402590931738914
0.6647312697823915,16.90677966101694
0.7352397414518322,21.088435374149647
1.3204919591888915,22.444158075601386
-0.1005892403175565,8.730158730158735
0.7839702145794474,11.715529088410428
1.8624968467835776,20.11726384364821
0.7299810904146211,12.946428571428584
1.2744971000989849,16.022294618675666
1.716568611339011,36.59200202480385
0.14205074854514588,18.584356819650935
0.5953000580710992,9.639639639639633
0.29888861463703065,3.4579860328902967
1.2883538147945504,15.036505538771408
0.8684989877686655,3.4589972794403465
0.026255776736009484,17.623444399839435
0.0023097208683048875,8.020938872002702
0.3752473687523602,13.30101499772762
2.288096552746513,35.45918367346939
1.167690877668551,13.70240386429677
0.5000471806434414,16.867989646246755
1.2424712404525509,10.363247863247857
1.5439598062558884,20.58946488294314
2.2474794181930142,22.91744629892972
0.16666466975229538,13.80764163372858
1.3898879999052942,34.163879598662206
0.87816799002068,11.850249832202245
0.11658096834191056,14.935988620199147
1.8891899810031778,22.221130221130224
0.004819450107925921,9.761147300913997
1.994399861803889,25.664556962025316
1.2043008944877114,21.264637002341928
1.1741093686277657,24.545454545454547
0.828592769041492,11.23251748251748
0.4526850141021781,5.4516755706653655
1.1317215011640296,17.788117394416602
0.546808792498382,5.471905986044803
1.7155882107392864,22.347597418120962
1.3162142471316174,18.93068617206547
1.2510307259714766,22.039473684210527
1.1792343708577078,10.498561840843713
0.5167673867919457,12.252964426877462
1.799637952285695,15.727112839026198
1.1645301044005592,24.25075251930376
-0.17223043903368349,12.222222222222221
1.1784767595735004,27.55681818181818
0.9853939903306096,12.047423620611028
0.9736618982240323,16.363636363636367
0.5881897397726015,17.009727900747222
1.2436761710460544,13.317969131922617
2.2224447813009487,32.24452554744526
0.5920112508543302,7.606425702811251
0.7002608521486136,21.99488491048593
1.9952083108122787,21.440281030444957
1.2345350329669569,10.432401812688823
-0.11832863438296096,5.642633228840133
1.3805323309012651,27.244805781391143
0.5075105826155291,13.983050847457626
0.7795077067098595,9.852795645719944
1.2280042615047246,23.801169590643276
1.698983614599531,31.791611116808532
0.10592194508185093,-0.43859649122806843
1.4546417893626606,17.524439332949974
0.5125368174460564,9.34770591487009
1.9312415455498295,18.536585365853668
2.361994185485582,17.816323786473035
1.8271357598226832,20.546389287422286
-0.18569563525787303,-0.4660880745741025
0.6734732918179741,9.431186662307944
0.842691737575676,12.279226240538257
0.40476800795687057,11.96775527077304
1.9652198168109456,33.85851096694469
2.0869909598469785,31.719322344322343
1.0887229084422436,29.16666666666667
1.8526227403535507,21.139827700463876
1.0091429206039932,15.169769989047083
1.0309069533144188,25.048100048100046
1.285073208412721,16.267942583732058
0.6160213491369726,12.16116540660152
2.5904435173659905,34.817244611059046
1.691207859169427,14.955044955044954
0.29967370326008,11.245551601423486
0.2033576355406796,12.381581846221636
2.211846603521451,13.814634146341461
1.3500399438772654,22.56902761104441
0.5630409794008173,16.2327926945618
0.11387241302966888,8.750556297285272
1.894550377731175,22.840022296544042
0.7600792550126295,17.74768353528153
0.9594788116765065,21.90640252655757
2.0507678449507147,36.39455782312926
1.4816638434323544,14.88647407014755
1.1589473185756882,11.722036848977226
-0.18230223294595907,5.470479704797043
1.7092631818836024,19.970951343500367
0.8111327212778922,10.907594155175957
0.09170185536984138,7.9975533297652746
0.8166298385278121,14.932401640589397
2.990653133335009,35.60323383084576
1.3513630062286341,17.429049885422188
0.43545614298324486,13.948880523083012
2.519955798552965,20.100775193798448
2.2376225465645856,26.43308570794988
2.7658436610576653,33.49358974358973
0.7563859709406766,12.654320987654316
1.8442404750114727,10.877192982456144
0.5335464429327785,13.48018608822376
0.9406093676922781,15.228758169934643
0.5677871061243212,6.919945725915873
2.0034650424914466,31.790177785601124
1.0027202134516455,18.90756302521008
0.7099643152756729,21.126760563380273
2.141171524747257,36.447227393241945
1.4608188606128087,15.732479219095545
1.9827753799064918,28.677966101694913
2.1183079528295288,34.372642695499124
0.6321517564375007,14.942528735632173
1.071078139571953,17.305585980284782
1.1635172560767857,20.757603857566764
0.046221374289664885,7.8324225865209485
1.349639995023067,12.57954545454546
0.8869709384574651,14.709371293001176
0.6483163028173492,15.625863498203927
0.06427090328587648,6.752850489802462
0.09374153683886535,10.9375
0.4621228269559642,18.661070005691514
2.4899393392199713,24.967797337913275
1.1017326381741255,27.311738648947944
0.17970811026124733,11.012145748987855
1.5190440585958815,23.823395883777238
1.7050491245923154,30.64533921676778
0.6462691968501664,14.086232239098486
2.004044114666476,19.230769230769226
1.5723399816657726,22.987346414817537
1.4565412113570975,26.31455765330005
0.79818321394861,16.933638443935926
0.8495932228762285,17.819680319680316
1.5754104762619399,28.120300751879697
1.077877694565176,12.121212121212118
0.5681467478791796,11.944444444444429
0.5047670742390357,8.370927318295735
2.064458249397125,30.82039911308204
-0.2645375863572763,9.407507914970601
0.597194981663114,14.724184719038043
0.36592902741062144,20.28084714548804
1.9616347480705838,24.821417079606157
0.8413814698147879,24.11067193675889
1.0938862169771018,15.661673708018604
1.3558204727680818,27.452685421994886
0.8815368296565482,11.512773807855787
0.1496915351001853,13.516483516483525
1.0487984007799622,15.51335693595108
1.4539320922825218,18.737356121381225
-0.1724070161383271,13.5
1.0640249347044364,24.576940433213004
0.3752164193866494,3.0892448512585915
0.6006666021646068,5.935672514619881
1.9318133390354895,24.545454545454547
1.327428997842369,22.278911564625844
1.296671220835311,25.575216236078916
0.4083234376816407,18.92857142857143
1.7878388268512997,28.572901629201887
1.3477985343630348,23.020527859237532
1.4712114977273438,14.009465855307639
0.04429088845412947,6.709956709956707
1.443249047531785,20.516641828117244
0.5993969228941582,11.660541262946879
1.9219423773753541,34.33026448831888
0.9932087750754262,14.874203287487411
0.5857410550898057,18.52900867976244
0.10000233364175143,5.5062823355506225
0.6442621017830903,9.192131634294192
1.5938642301764352,29.630434782608695
2.2589341327664023,24.366616989567817
-0.08466761496197903,5.770562437485573
1.4582330667577794,25.218733916623783
0.4810077177704699,4.402277039848194
0.9727095697332321,13.795045045045043
2.1060805674548853,29.694968280177285
0.8324965702648315,15.347960992907808
0.944216567102545,17.988080187827343
1.2146327088696975,17.18205574912892
1.774295695963905,23.46631785480706
0.7760546435045159,14.058355437665782
0.20170107183150837,11.84130829800121
0.27822472527289654,1.0761173685343195
1.5055943875774833,25.013376136971644
1.748464689491145,30.122377622377613
0.42043518962900994,8.537127612272116
1.9047186545299892,23.928055243295326
1.3236849222556528,13.61052460613935
0.9789470672058096,10.734017363851613
0.45900584047139015,6.84281842818428
2.0578911766969274,22.85714285714286
0.6397604764967937,28.415551072803957
1.810478203476498,20.250865051903112
2.1301009505484605,24.365314869765918
1.3382270044617053,19.519867549668874
0.5660318602485918,14.909478168264108
1.6335919134334127,25.86115527291998
1.2400510716991464,11.2489554541364
2.591163326591178,32.649253731343286
1.1589999361542294,22.882882882882882
0.4520819461671104,10.986622073578602
1.4380427894883487,19.554017685505578
0.21962941104730493,9.012742152698635
0.7485608047614272,11.078199052132696
0.5594367913489046,8.534161490683239
1.5948896822569925,23.570932654478135
0.8585156270382299,10.002642706131077
2.07695548211554,25.6955343130261
1.633501980371729,26.530612244897966
1.8747430982504438,34.62626262626262
0.32532492921188655,19.104690848480033
2.159798998581146,23.522727272727273
0.8581311536212143,18.043981481481488
-0.2713096863777649,4.457026713124279
2.2768412546714947,28.114241999234984
0.6160328776294459,21.11610988800613
0.2903984272189432,6.341808742847022
2.2517339645850036,26.811349434217192
0.4839236693057247,14.849719816607234
0.9126346969738206,13.767665786612831
0.4957958391674318,11.468253968253961
-0.2330320000359683,11.598915989159892
0.5032967955079908,12.240437158469938
0.4187705407695964,15.942028985507243
2.0566103563022096,27.703180212014132
1.881684225667821,37.35192682561104
2.1547549177807146,22.22222222222222
1.7947410751771335,8.598838232705525
1.7683848662640202,23.46451997614787
1.4638710898971263,26.04321907600596
0.6229005547788224,16.348305626598467
1.8502862713748423,21.93675889328064
0.558498275222175,16.95873374788016
0.6346436341732802,1.9514661274014244
0.8891944001708745,14.155184207954647
0.35774216664440844,13.42657342657342
0.14327943331271648,10.49402306146196
0.2714913886259938,11.696190245086143
0.6127497641538022,16.575591985428048
-0.9429981730812154,1.6478405315614566
1.3556935907748136,14.423704477222294
1.336623078744095,20.981355505165034
0.7422519239272327,13.267539154687832
1.6698205450291344,16.286514605842342
-0.05911932671722131,7.977011494252871
1.6100199655189535,15.472527472527467
1.1831266848281055,20.270270270270274
2.140183722736036,42.26017441860465
1.1061583005594484,22.021456804065494
0.7425586608478396,12.318840579710141
0.9371331112289047,18.159505659505655
1.876675467625314,34.53486931747802
1.8557841487916629,17.479166666666664
1.9338934121500504,25.18547959724431
2.1499918606682655,27.777777777777786
1.303050335894893,21.915303651727037
-0.24837367319771017,4.159354159354159
1.4063804283141104,18.207282913165265
1.9699871651894678,29.916376306620222
0.5197754435813162,5.7842652152399765
1.7049533436820181,7.118783020586633
1.9327997243910997,31.061253561253565
1.8423911810732427,16.799152093269733
1.3350464124734138,27.793040293040285
0.3635694562229814,16.95046439628483
2.7453015128961065,38.31006086645185
0.6191538937893678,16.67383820998279
0.44751375139510174,7.37324760198166
-0.3384188914912493,-0.4509407557145053
0.884788782567579,11.199454793275777
2.924847284320786,32.97872340425532
0.6432203106435082,18.093220338983052
1.5161842029828583,23.511904761904773
1.361378248162875,16.666666666666657
0.5009663344687889,18.562030075187977
1.4589086342010638,31.49717514124294
1.1544687246551089,13.129844961240316
1.557523102729514,17.492534527808886
1.190378649552104,14.171732522796347
0.7518048774559813,13.416680651115954
1.028712020629957,25.531914893617028
-0.04206759100549515,5.989086845046344
1.4755461654844155,29.48148148148148
0.2703297771289901,3.063756953359011
1.960150954293436,20.37037037037036
1.1713528079558202,17.30023852116875
1.7015902218301264,15.92852908798374
1.8280748301856091,28.19793086855401
1.839886461743326,22.128099173553714
1.2919459941580318,22.57189106836792
1.7341447281101878,23.5061791310995
1.1756519344504786,16.044657097288663
1.0205255671631266,25.560053981106613
0.1387616484130115,9.171987432856994
2.1184920837629906,25.207050329156935
1.5930504451810126,36.26296184435719
1.4457018011922724,35.66970310391362
1.1725275259325936,22.279635258358667
1.7979794328677308,27.895030709101064
0.6171276617965055,2.7714635425773793
0.2804581311489921,8.231707317073166
-0.49190943903432205,2.856451222464301
0.4203066949387799,9.543712991988862
1.7667223155083631,36.48510811913505
2.5838453705367193,35.17197986577181
2.203607361829995,25.408320493066242
1.7644059740166673,21.34234234234234
0.49509332887172497,8.436233841404587
1.44989304965645,24.276315789473685
1.9217293686032597,29.16283876894809
1.8314542250797128,33.65858279651383
1.4943710884634596,12.230470130788262
1.5697887621974354,25.191815856777488
1.235349853160702,24.62850853054485
1.1055850415856465,21.77777777777777
0.9042261248380312,0.4975124378109541
1.4284031684637986,20.13201320132012
2.148446154225213,25.726335520149952
2.8143966700733842,32.368967306694344
2.622211221541281,39.07959260656357
1.1401657434476735,25.523333973497202
3.2558367847396665,47.8706261510129
-0.9712030665142578,8.667180277349772
2.4539878644871402,26.05881062102261
2.640318607123037,39.886863607793835
-0.07329906078722537,8.837209302325576
1.4994187890114392,27.700278995615797
0.5826638249868694,9.567723342939487
1.537160230005743,19.540459540459544
1.0589150362215662,19.046196734368777
1.4875914542863915,17.398058252427184
-0.014834905091786373,17.055555555555564
0.8196823051208867,10.600632244467853
1.5013661238454106,15.106696100073577
1.622358872341476,7.438914027149323
0.39965343707538115,11.875
0.8864665529296315,18.75411799940101
0.8588238519138314,26.07329842931938
2.1040176121709466,25.766688205179186
2.1080963612764676,33.01906557720511
1.043969987847676,16.085583553521936
1.9206540758030621,16.792541892848718
0.3247365696431201,22.340425531914903
0.8292952442133563,16.95717131474104
1.431396579794886,18.676802958701458
0.3639098560378473,12.300375469336679
0.2921552037215107,7.819980849026486
0.011785595170965502,5.960479429867185
0.9591869095279887,13.75722543352601
2.241761844214332,23.233082706766922
0.7776434663594417,14.381703601686063
0.9671723487659032,18.937198067632856
1.647362110885364,16.422287390029325
0.0901689064797511,6.534954407294833
1.7341831852048366,25.38377192982456
0.6680058981275199,14.529346622369872
1.0974385856768833,11.308218294413628
1.8522425088031977,29.06588824020018
1.90049961027075,24.659994867847075
1.7943427390962245,31.357403748278543
0.33524429179762927,0.9495036685368987
1.6591026594044633,29.825834542815677
1.2734802149653575,27.666886013014555
0.9122488143820184,13.714871194379398
1.1300215174030142,23.31002331002331
2.4605665075657037,24.84091172046743
1.2614108041037722,18.24978237492958
-0.5679872893246622,4.031165311653119
0.5849642568474716,15.872302158273378
1.8151962461464564,25.056818181818187
1.8760016045837273,30.289855072463773
2.172627467729443,25.194805194805205
0.710057431905001,11.63475699558174
0.9610869564936452,4.991948470209337
2.341739237669048,27.180598676117384
1.3751444992581274,19.77562862669246
1.3383355964713226,23.55703160787906
1.7468699500696259,9.632979282784724
0.6689218031746941,12.997711670480548
0.0012188058436305577,4.926184926184931
1.2422421656419425,17.197840473702556
0.4415337023092145,10.992462311557794
2.032197819839198,25.299501951810477
-0.6342091139453361,11.448415795223973
1.2072754593279165,35.270655270655276
1.2127464708202307,26.923301594719312
0.840174756422648,22.828026674180528
1.3421629951702452,20.58448006809477
0.5457010458999643,6.464011180992308
0.7382996795713651,24.0
0.7770831181541543,17.676767676767668
0.30320749422707544,12.655279503105596
0.0647721713683529,8.55951026599491
2.201128811021,21.42857142857143
1.253763424997315,20.566280566280568
0.19449597775879904,10.504601713741671
2.312479819505975,31.224729359593063
0.840483389718535,15.28886051707628
1.4150435745309027,22.62911507097553
2.3035590559868018,33.3033033033033
1.7431738508651455,24.83870967741936
-0.34637650996803115,10.398898129999466
2.2508764865493074,28.568443051201676
1.4104619678722061,14.974001548843901
1.8895571675430525,22.485380116959057
1.3625019873006121,14.374657909140659
2.7537877996415503,31.77226813590451
0.15331935459736934,7.236227824463114
0.23739520614032938,21.10523221634333
0.6546204848424036,14.205756929637523
1.3618405938545286,24.621212121212125
1.0436536304064001,30.014708586137154
1.1663687191175618,12.610465693575605
1.4005324783825488,24.778095381375053
0.47703826474752387,8.443152454780368
0.8788868936525837,18.816631130063968
0.9900730695617472,13.177191166321592
0.30388421808263333,5.592225889255587
2.1792582887730036,23.118279569892465
0.5741662662189488,13.701311411235075
2.0754485757908365,20.866642441860463
1.150318811678929,22.123789274746052
0.8282914030824793,24.404472532814772
1.0729662567176195,16.730158730158735
0.7452099442244098,23.89610389610391
0.6302866412226193,11.912568306010925
0.6727066366256333,11.604524507750313
1.3369280864852824,12.563847016319919
1.6564536766583635,27.077779752384345
0.5483250352913317,7.302904564315348
1.7850479937961747,30.161725067385447
1.3766650012214678,23.73913043478261
1.6086256289155352,37.72727272727273
0.9532543980146976,12.025819265143987
2.643837107650686,24.978632478632477
1.6654750426291152,31.782605515324406
1.8399091766027325,32.17703349282297
1.1305804853762786,13.511038272438064
1.7971752089085435,31.5013331882244
1.4324921471024106,20.756050167814877
0.8874024525174158,20.394692530477535
0.1717577512188419,13.89155010538417
2.6544391374443324,22.55851493139629
0.17592993671980228,16.90265486725663
1.0788556577237784,12.252687334475773
0.41546644451816533,1.3317572892040914
0.9559677674094326,10.894030791392815
0.7370634685251722,18.009950248756212
1.3171813595053083,24.78556640047323
0.7402226599627904,11.241997439180537
1.4590122433110293,15.075549450549453
1.341250425591406,17.04221704221704
1.6139522073884875,29.913071736128032
0.2999993889762814,4.865047804382769
0.615246581689608,6.653315531820212
1.0758061790235067,12.205595315549765
1.5753937550424404,12.006717044500405
0.38955697779903564,6.994535519125677
0.7142069037273515,14.539905188648596
0.7161470058485819,13.049674267100976
2.2794634775378944,37.81325928497049
-0.28595652688375917,12.09817689879533
1.6438507486755363,21.127888355067498
1.513149836168,17.717996289424853
-0.09939248596143177,-2.0912147961328174
-0.4875715459862814,0.7142857142857153
1.7017050232654929,24.907635467980292
1.9142215156642632,37.477355072463766
0.9547541963915771,23.31719506481337
2.4094099672093936,34.112466124661246
1.594009846197609,15.993830730672833
2.014854012230612,23.493788819875775
1.3622905120109163,18.730736901092747
1.0206483696752722,9.828244274809158
1.0226910478168554,17.71908250013366
2.320177895062192,7.7927927927928025
0.6161535141727182,11.269676526552495
0.7571009739009917,15.918367346938773
1.984521510912796,19.55882352941176
0.6412908118204641,17.15935145758271
1.358052585406608,22.66883116883116
1.4157815674959655,26.54404778064341
0.059557218247212815,4.947735191637626
-0.1923969621476871,18.870056497175128
0.8282009846981393,15.666666666666657
1.4818802387060677,28.20767195767195
0.5041312174669133,5.167173252279632
0.39732643168422244,8.294886115293096
-0.2332046237144445,7.706766917293237
0.7516215425919913,22.250639386189256
0.3981452434279535,22.145873002732024
0.9026648594898058,25.887323943661976
2.907960405481518,37.831412103746395
1.4012347500749514,17.016806722689083
1.1861031698406277,17.66917293233083
1.5748079537172195,22.310654685494228
0.5490598466401885,14.733069232220338
0.5683192147453928,15.603448275862064
2.1090888835876456,35.28059900659797
0.2573449489835275,13.445959296581705
0.2959539634320053,12.743280815569975
1.5815566896530087,22.873711340206185
1.116431064606234,13.157894736842103
1.5170621468393233,28.311878768127755
1.7393139657951582,30.05952380952381
1.090773175589507,15.122239747634069
1.108191549828487,14.718104222821218
1.2581466083825716,15.945998826061434
0.685608303626354,14.988814317673366
1.231869898267578,17.239831193319567
0.08742122442241917,3.830799286503023
1.5695643283408511,12.06896551724138
2.7436728365064873,34.027777777777786
1.4132467016370278,27.773578567229357
1.4113561059247641,15.339025615268703
0.09064277504193663,14.964514453868794
1.0046997036643,23.376205787781352
0.08398116826423416,3.2128002716237987
1.9089016914142722,23.22784133433123
0.6605590446031938,10.0
0.4009609545876,6.3505747126436844
0.7717348772444279,6.093906093906085
0.5930505999897948,8.22014051522249
1.6644268784361023,10.483870967741936
0.5176129657439629,13.569321533923286
0.49280838241456526,15.16961299569995
1.0615985753687411,14.828431372549012
2.334811290778697,13.071253071253068
0.8603330460231144,26.094069529652344
0.8097206243838523,20.91422277295883
1.772189844224246,23.356973995271865
2.1796414273166924,22.98804780876494
0.8175087969803323,20.755287009063444
1.4923164358334076,24.49392712550607
0.06876306956725609,9.171421570343398
1.7595766237841444,16.1413043478261
0.7730030739497922,16.585537505131654
0.9220357441556499,18.143656716417908
0.7381696504713775,9.280475237922047
0.6732355695874108,10.353348159130213
1.5927403756759775,32.148148148148145
0.021586066337448993,7.864340132710744
-0.11719822405618122,7.993825088932148
0.7048259975179948,6.644295302013425
0.2729086465331488,8.299319727891152
-0.1204248748515222,5.3352953542148285
1.722957813495932,21.140539250775475
1.4316065664668798,22.942661377569415
1.1609212224747767,5.638658733248064
1.1438353826495569,25.509552784987875
0.8670044642485649,16.909620991253647
1.1372061121464778,25.279414753098962
1.1464063568653082,19.753653828476878
1.1332341730537716,14.859437751004009
1.6746315003012422,15.052552552552548
0.44842235719125745,13.875598086124405
0.15844300805967523,8.849129593810446
1.4884692534437653,8.728702490170377
1.056688200315766,26.7433110367893
-0.515629996763332,9.198355601233303
-0.2528343918922755,8.034246575342465
0.3639800231209646,9.387755102040813
0.08127045157545426,8.68656716417911
0.7493842631043193,24.451410658307218
1.6918251402193798,31.375661375661387
1.0748027410553043,15.238095238095234
0.3493511558696736,17.55462575546258
0.5130569676012144,12.758310871518425
1.5047065516680758,29.3937969924812
2.3218002096247674,18.421052631578952
1.1286697093344622,13.400807477462536
0.5623971513162688,6.81569143107604
2.956884194571982,38.305436231669376
0.3379162296874079,11.838006230529594
-0.4459158406276611,7.137555665512124
1.7643500411307267,31.218993621544996
0.9055924846031944,18.87048448188139
0.6332156237449329,16.409266409266408
0.38540203823528446,12.089724558799269
1.7153283173027702,26.88385061266417
1.404386027289792,37.17948717948718
1.6271874753990696,23.680324843115535
0.015253981850067683,12.73631029986963
0.9979736215417405,21.948232220135544
0.2974830178551906,17.151956323930854
0.79315289593314,18.568033273915624
1.2631104850327362,27.61264514695261
1.4354191465107538,27.228682170542633
0.8150046480845458,6.048541459306335
1.8772353432851496,21.226114649681527
1.5958157631929728,23.497091144149955
0.6190498106720408,23.829601628380352
2.3050246215404635,25.758124050083232
2.412940773965734,21.922280617932792
0.5544980611059342,18.397448674506677
2.1252142179169216,29.565217391304337
1.328693897386717,6.818642350557241
2.490428036966823,30.42467948717949
2.4521184283065995,26.039575566389452
-0.8023949154428925,1.0450450450450504
0.15714359498211816,8.124387169071298
0.3515351334352041,17.429826520735617
0.17839995450304236,6.959122632103686
1.5005478769394687,14.14516683866529
-0.03798305419748105,6.642276422764226
2.1193131267341943,24.48388265121332
1.0535962429461834,32.459446174012776
0.7506530629295664,22.560927204890056
1.8000554743152732,4.242424242424249
1.6545164246231832,24.484052532833033
2.4351769267739996,28.554852320675103
1.0175553865133893,9.772595503446489
1.4653897853873352,26.704743330779408
-0.3461423690434786,-0.5916305916305902
1.8098891941871789,20.9149855907781
2.3702238276624237,31.724137931034484
1.5408575491459493,21.931853222325003
0.35117614219880866,5.888594164456229
0.4411459492036304,9.283104749356163
2.2781743393315246,9.916666666666671
2.748991702124119,29.620512820512822
1.5787382875715452,28.41244301421292
1.7562832217347053,26.873440285205
-0.5391635468603312,7.834757834757831
0.789926212910651,11.549484997760864
1.455364263627235,29.47073256221521
2.0088104555701087,25.213675213675216
1.2694718726857523,25.399709302325576
2.2317706614764523,23.15702932310223
1.2095762997037427,14.362316449430779
1.059648948727578,19.25726265348907
1.7272072185326908,26.781716417910452
0.5682705508044086,12.208767627222564
0.9155493180131812,13.097300050942444
1.233234970366684,18.57073407875548
0.5528317221047034,17.072774528914877
0.4701249056833531,11.016949152542374
1.8789678006421953,19.414969888156016
1.6676484777200375,26.373157958835712
-0.06452444078054807,11.265684669939986
1.661616481887214,24.31550574549582
2.63653876834275,30.516927770932355
0.8981235470923639,5.660377358490564
1.5342099218189056,33.18719173256087
1.3755100098213318,14.669987546699872
1.222532695554235,19.94928148774303
0.1831233990994685,8.525345622119815
2.064118351058274,31.4444696797638
0.9104581770184004,7.848036389262603
1.697146038843884,25.257482546485107
1.224375513843095,24.256410256410255
1.0058875419328366,10.798816568047343
1.9041136324904229,27.36555479918313
0.5434513164536307,21.492625368731566
0.5362976095492423,15.66692466460269
0.5032498486556786,26.626139817629188
1.6473164102030635,33.355928668265726
1.5145359556250106,24.249084249084255
0.7551808730996615,22.746832416925656
2.620598350813173,27.930402930402934
1.906240884837302,16.989664082687334
0.08782489641145896,5.423728813559329
2.6730905642648084,32.893199345641506
1.0909239953699998,14.435080159685697
2.555856503003454,37.185732243871776
0.8126517815257845,12.639627893865175
1.1976565911194057,13.335875921688285
1.1808844932232003,11.85281667209378
2.395985644025522,21.92307692307692
1.1180041470571633,10.20676691729323
0.8236604477840421,7.567567567567565
2.417200865657178,26.70549958018473
2.1556801100961835,32.99888517279822
0.9916584186959929,23.37662337662337
1.7777726857154685,14.846789883268485
2.2247321886235647,24.933065595716194
-0.17626708361466983,7.3321735571019175
0.7955269669659149,15.411685089104438
1.4802366676422607,22.346234141641226
3.3058333181426445,40.2766639935846
0.6478125303956617,15.8041958041958
1.0652363658356574,27.312138728323696
0.8767135043591845,26.127488032249936
-0.00739740585334317,5.594405594405593
1.853208356784748,28.592436974789912
2.1745910852012056,27.909482758620683
1.226094508274762,15.136476426799007
0.8220044637781362,24.71801482436352
0.11055274186939176,9.23913043478261
1.4530046723491508,19.230769230769226
0.4770732119237394,12.515632515632504
0.4278637977920272,8.969696969696969
-0.017544228162269804,10.11608623548922
0.3491496155980281,11.998923863330646
1.3324640884819547,20.858447488584474
1.305456966241545,13.459383753501392
1.5268873922754465,19.12568306010928
0.5874570022524482,10.450450450450454
1.7618295861317272,32.95956873315364
1.115409073219883,12.871794871794869
1.6161447942594354,17.698753321070917
2.784392938191203,41.197580913138836
1.530490571801716,4.121940747101753
-0.5187539211552501,2.237710931768156
3.0411843918618198,22.159404302261443
2.169318536636734,11.646145400360751
1.370950117835861,24.768518518518512
0.8368238579693105,14.258967284193929
0.08122416620136991,20.97276951126272
1.563219177451841,16.085271317829445
1.39801301616927,16.383912055388194
1.4652852051588767,21.153846153846146
0.7709895381949373,6.385281385281381
2.346968923835107,12.795073554567225
1.5450360627852207,15.003103662321536
0.46616186448318153,13.535353535353536
-0.05227102187539301,8.805970149253731
0.6376121229111259,12.537673297166968
1.4094652206495828,20.354838709677423
1.0750837113162206,14.608109373536848
1.9103332693398911,33.84468954705783
1.484960666242059,15.957446808510639
1.4033196101438579,17.046482928835864
1.1053625682330444,26.203208556149733
1.5445956753617915,19.820011337868486
2.72005998249178,27.451757864129007
0.586097138206256,20.306224899598384
0.08695582095632848,7.450980392156858
1.4873167187121703,37.180851063829785
1.0486002944013961,18.793660723595032
1.650015236158759,6.254959005554085
0.6740008592114811,7.8221522722801495
1.915299611556506,28.688864327162193
1.9515894570339098,28.58199492814878
0.19479964885766804,5.420267085624509
1.4008317991315216,19.08049353701528
1.3727544091409503,14.379256155055003
0.7372198175308546,16.242837829137954
1.1818023913741884,21.81379756513556
2.0294564471828327,24.132047477744806
1.0850751268151018,25.447941888619866
-0.4397897663269902,2.209375989863794
1.550189033754621,18.927140525300494
1.2333663405896258,14.442732408834118
1.273299312474501,18.127528414563677
2.0958005474308776,27.93659043659045
1.8249705174890356,28.29085807809213
1.231012615319683,8.9453047119027
1.2361321693116076,20.091550167017196
-0.011184583871454441,3.556241140665385
0.8623850488730918,10.309001343484091
0.9902974415088381,20.80270067516878
1.096056943481607,19.41872427983538
0.770045073043973,16.918280275680992
0.5953980867360087,12.318840579710141
1.4253581811307032,14.966367713004487
0.9986124828346135,15.694024645431298
2.0013712864520756,19.022556390977442
2.473739012601694,32.78901734104046
1.137458776115278,14.11162314388121
-0.1325583631111522,-1.2525252525252526
2.297685385859862,38.23943661971831
1.8075351156795572,20.07177033492823
0.2567452687039578,6.280774075346386
0.1284154913868733,6.126937578550489
2.469899402980724,23.570330825851343
2.0573740714571658,18.328840970350406
-0.0010778112360064762,5.901811499081127
1.6166716528049647,30.694444444444443
-0.16444090552401944,-2.3481781376518214
0.5797065645067394,12.753807106598984
1.0404644977302502,7.704402515723267
1.9650551428148346,24.277210884353735
-0.16279614763300715,6.4396284829721395
1.3108793844220004,14.51246091158913
0.06992485571292328,-2.255639097744364
0.4253991475069824,8.066592293829906
0.5978052289194687,6.915113871635619
0.6105834324143155,13.192963752665243
1.0296121178220452,12.62706796890572
0.8672154733563029,26.225626740947078
0.9745814387699916,30.623100303951368
-0.2999977890788528,15.503875968992233
1.7210527955577863,32.66219239373603
1.0710001540035097,9.902929913616525
2.602730025055309,31.36773136773138
0.24156482107167332,7.411823149528075
2.385541413700388,32.12246302029583
1.9362436500610973,28.46648301193757
2.131129558469068,24.877089478859382
2.4947783593300845,33.333333333333336
-0.12420055933000917,7.969297830000954
1.5425083912222262,18.494657448145823
1.9588268014735766,20.470588235294116
0.9223388418528176,13.272200772200783
0.8505946616352322,9.290780141843975
0.6353972924960235,14.749837556855098
0.7690419774820428,24.910873440285215
2.5861235610754236,23.61327847921691
0.7081729333319027,13.698814655172406
0.6807610617578254,11.309523809523796
1.1416011248982318,27.03648175912044
2.5450303851994027,17.337268914090416
0.9307272167843557,28.755722014148986
2.6005529991085785,37.35767991407089
1.1519853918177898,12.857243171125617
0.5631131793805706,11.49409596614565
1.3246493964984745,18.94934333958725
0.3391814118626257,17.65038444142921
0.9406571046913755,19.22980745186296
2.48746448762879,11.15384615384616
1.2125663549553543,23.551305542830967
0.9123661054466381,20.509504720031032
0.48155492784283316,11.955353451839606
0.6111314815294528,24.64944649446494
-0.10694877427508229,11.927206074888716
1.5668624190139795,17.97957063711911
0.9505756903691945,18.888888888888893
1.2188068233990201,10.255365389839717
1.668424668036365,30.20854021847071
1.923562448637259,30.876634853305056
1.3438323206889664,17.315917235001734
1.575274017245599,27.945205479452056
0.7916239126000606,21.532742350586226
1.1774602946019272,19.04288240495137
1.4389390922735918,23.040996367410486
0.8089272207738663,11.02008456659619
1.717713761640118,25.11478420569329
1.3219698295638598,23.532371687353226
1.2777439138485864,20.415057915057922
1.853167081384398,31.673469387755105
1.8206529791250075,22.63850415512465
2.689671300689077,22.276029055690074
0.29508422159029213,16.61877394636015
0.8771101438117681,20.177935943060497
0.0829490005302918,12.967289719626166
1.162913419464768,21.628779518869997
0.6074791053766446,1.4998125234345636
1.676689071541409,14.057142857142857
0.6458057265850229,25.622406639004147
0.26815020058563604,22.758620689655167
1.6520411900346248,14.59885310038051
1.4733355021370085,22.86925479696564
1.1911325163287447,22.1545489151123
0.7729410535997141,14.037083380730294
2.6715763196083113,34.67365967365967
0.5814655422551047,6.747638326585694
1.971908250587493,22.524033087413365
0.5970495544267121,13.051568314726204
1.5257192288597925,34.04993065187239
2.129604722593908,20.533333333333324
1.0401044359417968,10.036585365853654
1.3557385518618623,21.42857142857143
-0.9708806690935575,7.929292929292927
0.27015951593322224,9.428146258503403
1.5706934964588612,16.860240030971745
2.077445088353111,32.14907914385267
1.2596400645975945,24.913217623498007
1.3122436927543784,24.314031832828825
1.5991639257873271,18.815738215816125
0.9012784336936789,16.88015312131921
0.6186909466927673,10.707166089602346
0.8988032687691625,18.02940772296276
-0.5442584147649896,1.3410227904391405
2.05182742904001,36.84126349460215
0.2273049819269023,7.950329370788218
0.15698193615973366,5.767276422764226
1.8888304554065225,10.241097102410968
-0.17351632059864175,8.21661998132587
2.0546613008587764,26.74745345978223
-0.25110401392027915,1.4450711791565922
1.700124168904774,35.54590570719603
2.525236616329138,27.018485390578405
1.0642671547715339,18.796992481203013
0.8697344374209415,16.666666666666657
0.7968404127956132,17.015895953757223
2.118135743685879,29.90430622009569
1.3177485915762557,5.641025641025642
0.9212457353738652,5.9071343529627285
1.1399296507166907,13.799805636540327
1.2670183088214992,15.762273901808769
0.23924874930232154,10.143369175627242
1.0155151669595206,10.130718954248373
0.17758747455399082,25.329385640266487
0.7862200555262864,12.752363915154604
2.223437808510261,29.487179487179482
0.2539935482596843,7.888394512421222
1.712950154941815,24.26781857451404
0.5905893035215015,9.827127659574458
1.1556703663384567,14.240645634629495
1.55780558910392,19.384036675678843
1.1787187530877716,24.657210401891255
0.015869751265885745,7.8488372093023315
1.8423876187567845,28.41269841269841
1.4708296206620246,14.57142857142857
2.7459243789823544,31.457654723127035
1.00467289559782,11.99538638985004
0.748415639634123,17.7381430291908
1.323628694372712,17.42857142857143
1.8658692835982684,23.48790322580645
1.1655231661275205,17.06615532118888
0.07665825375752959,4.244224422442244
0.8365995297169198,18.32214765100671
1.512273261225623,18.067049229839924
0.18380732841699596,12.192118226600975
0.45578210402696884,5.919312169312171
2.490133627940594,36.0211706102117
0.3086405036002148,4.619065145380922
0.7213722933799456,8.07121661721068
0.6568753293829225,6.983137829912025
0.16097064273001635,8.44339622641509
1.127678112244222,25.831262572476632
1.556323509552918,25.775318491828585
0.6972398402142089,14.191729323308273
1.4159216196967588,26.950354609929093
0.9118866618470176,9.932659932659924
0.4823704360459489,12.8005328005328
1.788673772174048,32.53153910849453
0.6765406795424314,28.559322033898304
1.950102269525969,14.086021505376337
0.6528540074153873,13.147764287829432
1.6339840937911856,21.16495507060334
0.7579035128488087,4.782608695652172
1.8091274041489762,30.2295918367347
0.38026732751770154,12.846865364850977
0.9375671224860178,22.231086291716515
1.3574185368357947,28.697218330998595
1.564425151111361,30.35330261136712
1.4163069971261812,35.063581405044815
0.9752089386140796,5.357265662609173
1.553177731926302,13.220539051741099
2.1787314776286526,30.26323335436141
1.4112380976024517,16.59875885413402
2.22246236035201,29.096045197740125
-0.3399591441977232,17.26708074534161
-0.6036072884685539,3.636363636363633
1.6910369858747258,24.107142857142847
2.5026741953612675,28.676304495143448
0.09387846955225015,21.73951828724355
2.5323607887674005,21.73049035931038
0.8196608677622989,12.259697612369166
0.8238175974637584,25.244122965641964
1.4150399695822156,22.65122265122266
0.8500653558304717,14.435279187817265
0.4111238145615894,14.396551724137936
1.9338856105052982,18.694444444444443
0.5223664745048546,9.685211157861936
1.0029203826806337,20.645905420991916
0.4638275880627024,8.13492063492064
2.491258271229927,34.91096532333647
0.533920080795911,5.982905982905983
-0.3274346216100992,7.377049180327866
0.6386811219049218,11.391694725028053
1.24332751476964,14.924525239409192
1.6491008614423945,28.41287458379579
2.909904876932172,32.97872340425532
0.04372210088352032,12.393754897823861
0.8581064199155592,18.287292817679557
0.2971833069247427,13.816655694535875
0.8086628536548324,11.955631184218817
2.2225554639873146,32.44602942112973
0.7620264722050906,24.831485105457716
0.3883659780589818,7.133917396745929
1.2932732844257322,19.56709956709956
0.7413307320712371,18.51252024417591
1.3393712488841671,30.88485673979666
0.8834226322552938,11.622287501184509
1.527085378528721,27.464888636686055
0.011568504145425484,7.61385199240987
0.9571007310355673,13.673953983460251
1.1500433559045287,17.445460436316502
1.8906692731976356,17.73767605633803
2.6931445631574515,35.92465753424658
0.22510479835992903,5.645933014354071
1.4564672632196216,27.777422449632233
2.255993188407776,23.70791844476055
0.7441829154450201,14.017017465293321
1.0333176273587787,18.600420669660615
0.7932747443154903,22.20826353992183
1.3284045865483067,26.701248461403196
1.6903118021927996,10.772621208192895
1.5972189117302036,18.340548340548338
0.9343173984725072,13.61947231512449
2.3861522483329782,16.77859988616961
0.6041791792722289,21.604468139121607
2.515320425763888,34.68328141225338
1.4291691617928302,15.802129852284438
2.65456028781422,23.190975020145046
2.2193743687589267,29.450672645739907
2.290239286568846,20.758417783589415
0.7707486929488173,21.12953942906467
1.4758350749438247,23.008534850640103
0.48655681610447926,15.983781476739225
1.2084327962109864,25.492632700159767
0.9073128531592304,27.858460119870905
1.7896014848572666,23.20099255583127
1.0356598982571557,20.42800499701265
1.451221655789379,14.576195441680326
0.7171727295816089,11.028653885796743
0.5244331048166315,16.996546786827253
0.7268947675266074,10.819870315419273
0.6482771982656022,8.451693460277816
1.9946464107163306,31.414392059553357
1.8977267184676336,24.173246108729984
0.9288635179367658,13.864501024290306
-0.1343254246620147,5.399036983915579
1.3819263612951533,20.631182289213378
1.9140760428293144,23.076287296470788
0.2050271936698208,9.740259740259752
1.3084975929785077,25.302727877578178
0.8776621621950853,12.238805970149258
0.4523140665749117,11.834816182642278
2.062701803347193,21.59563409563409
1.4430006170510175,13.220230473751606
1.6638375302755577,17.258986928104576
2.1394223886333292,29.516129032258064
0.8486846505499714,14.234326824254886
0.8339849198293566,14.86574375174208
0.6494591281141713,7.545956374939706
0.6914024536691981,12.094709897610926
1.336365009171323,23.17798235519755
1.5123838211116063,6.922406277244988
0.15907270538513685,15.327000365363538
2.018365124364913,25.91349739000745
0.4371554366461312,4.716451431779902
-0.6016327338090559,8.086785009861927
1.1766332882574029,20.575555679973135
1.0746855985054173,20.750750750750754
1.3035325108723672,18.898024297459813
0.8750284002496234,13.005385419178523
0.7369077073607706,8.418332653338766
0.7706072386028939,11.090272568142034
1.166314966608292,14.713541666666657
1.2830846722398153,23.336834733893546
1.8159675255338552,21.52875175315568
1.3480412543074531,9.882703081232492
1.4204846145290846,24.966887417218544
0.8220890273371352,18.012422360248458
2.787759004812311,23.971508454267067
0.5298735776133823,14.416666666666664
0.11944684288973888,8.610480207657368
1.3071416237514302,13.544232922732363
0.4297772582624716,13.062558356676007
0.8644240645651584,20.66027689030883
0.49529946226116245,3.6344755970924183
0.8132253268458236,18.955811989867705
1.4400251353550757,15.337518007820542
1.36214179092278,26.468085106382972
0.14479359204536774,9.424354243542439
1.219627493857366,14.98771498771498
1.9368330529357416,40.72639579070448
1.7446260074484157,18.01276935355147
-0.030777470125558315,16.45630484433226
0.2324704972038975,6.984126984126981
0.7382017396530378,15.376259993048315
1.3235440697097105,22.937710437710443
1.1211315308404108,23.068406484776595
1.475038301139905,27.131825703254272
2.3060830675609054,36.119711042311664
0.9187874375823207,8.135053188755847
1.3435645778127503,13.283636175389546
1.7109937447346741,26.710158434296368
1.4265028350247995,26.018146200639244
1.564173245605954,21.583011583011597
1.0141527169753286,15.037367405978792
2.0115437131112346,18.172861621137486
0.8574362019181249,16.461974492205954
1.0889333914521506,22.686455475180843
1.3997787444519993,25.974395448079655
0.15513977340120216,4.922644163150494
1.1002619136163716,21.42857142857143
0.6017858619836128,13.097072419106311
0.8570501091188949,23.647416413373875
0.6168312593125702,27.27272727272728
2.8016470086984313,34.895209580838326
0.30252874931218204,21.6082087049829
1.7247677587340458,26.30476190476191
2.5593614820335757,34.51313512663205
0.7728990859733231,22.025143748172695
2.458382212927215,42.236024844720504
0.9110439721684358,10.424813366512609
1.2619139784941786,8.640105034590718
0.5328368223704972,18.49413938449102
0.9915614320388981,20.62895569620253
1.4989160076286445,7.581293386919988
1.1075296661577922,12.594962015193921
-0.74913039292747,0.6934481109516994
2.76238258781157,33.3604027935683
0.3741168414905437,20.610358908231248
0.7656122360629969,13.54570239632659
0.4298250463429026,12.173913043478258
1.7311242141840544,20.762141451796616
0.28650035996676515,16.763056431826143
1.1024619775820947,10.196806908324135
0.9186295862048834,21.574148565298998
0.9828909827392819,14.824561403508767
0.6797647559470716,3.5428571428571374
1.1554440136345403,13.460144927536227
2.3223265195032656,10.070598006644516
-0.5277647338165796,-3.638606228800498
1.4705532729982878,20.652173913043484
0.5913650693614545,12.414139721896461
2.0517633894727765,12.976973684210542
1.8102682951333597,26.847662141779793
0.5672405255837873,8.717948717948723
0.3501638239119751,12.689103011683663
1.6444984375418468,26.541459957476967
1.349554001936886,20.870471119342525
1.6306736346878892,16.077779052426294
0.7167601831426107,11.7374213836478
0.48205713488803814,9.490369181380423
1.3584789294818131,22.132796780684103
1.6882469742974866,9.414410010753741
1.6493793100221021,37.70935960591133
2.2107822617449755,26.06606606606607
0.9830609444601501,19.4964194964195
0.5874712248486691,19.206392945715066
1.4765570366983156,29.80439604759023
0.7612770800523417,18.608923884514425
0.9811288891800845,11.000325839035511
1.5798532108433037,18.06755143599466
2.086054191639608,35.34937376400791
1.7201771547299423,21.389949109414744
0.6184194942635183,14.294554455445542
0.4633960596925275,5.470431809547925
0.5857092304059608,16.577420794288265
-0.10760547049262321,8.292363159619796
0.6917923671019626,16.941341872998507
1.5044357642679875,24.76190476190476
-0.245828051545689,6.283524904214566
1.7587943412462712,28.82688649334178
0.9264068732894737,16.401043175891047
1.798027226948808,38.98623279098874
1.0356135313001864,16.9059583632448
0.14201164276865452,8.543177323665134
0.49853826356269576,5.783839779005525
1.7640337716370942,19.379432624113477
1.0306981255247254,12.208067940552006
-0.15271619907647474,13.794069839134579
2.115553535984034,27.917448405253282
0.8941699215603846,16.666666666666657
1.5361555798326036,30.553665326322303
2.523661589814373,29.532467532467535
0.6406399695204604,13.308406037944884
1.4955260494174871,9.887529353602758
0.8127159934752313,13.572751594978385
1.9393572501298728,38.14861460957179
1.1775459126778935,18.912881608339546
2.073532407096467,34.334595794697655
1.8395268587628384,19.918283963227793
1.5541386907042325,22.47902364607171
2.6698518770777877,27.77977044476326
0.6366459934925822,16.781411359724608
0.5623819509673796,15.032889459329382
1.2919600387862857,23.22057787174065
0.8277242897974451,12.56109481915933
1.2875885408641616,21.22436760963928
1.1502780162882194,24.57589777484028
3.001191490613685,31.15544967242407
1.3437848313872176,29.731800766283527
1.4889372637127791,32.74463007159905
2.5991318744831027,28.663948189014157
0.6607390037994445,12.53210066769389
0.3119359535956612,10.922281852514402
1.6627801594000609,17.33901090691768
1.2255391733249656,18.87164326188718
0.09946639476172975,10.943178796206006
1.5087945889680912,18.682968682968678
1.9207334513195224,26.924307036247342
1.621427868395041,16.57258974937909
1.5472605283296463,21.191604603926883
1.880150586120041,37.5
1.8728481998924669,17.914979757085014
0.603629380158659,6.738916256157644
1.7577932367316458,22.103386809269168
0.9594415312260032,19.972717059861985
2.1047922216033244,16.777615976700652
1.3575790699543808,16.989750445632808
0.6028584643726947,10.37593984962406
0.04952024264244875,9.192524367343296
1.2163362948771141,26.734331888056758
1.402841891879552,23.422836287799797
1.7621211578849367,24.59207459207458
-0.3951628977066667,3.365060646900261
1.2136312264629336,30.093265503875962
1.2652264474484336,21.453239397706852
0.6447104718705282,11.03930552206414
1.1725735609359003,21.373307543520298
0.7178373248438257,18.77394636015326
-0.2046291147116392,11.10132158590308
1.9017241341164142,32.49059203900991
1.28684974221997,25.14182568334192
0.7894974511045132,15.383670209498064
0.4177500817545748,19.09128516271374
0.4643943165652882,3.996034469610308
0.6433117529794763,12.327672327672317
1.367118544128664,21.412829594647768
1.6782309779815072,15.512820512820511
1.6810001457697035,30.843495934959343
1.0868827461761144,15.558263695450336
1.2371504360357957,20.006293266205155
1.0947676815836367,10.183150183150182
0.7469009493958723,13.93534002229655
2.1854855206063437,28.93617021276596
0.7247397020737081,21.82274247491639
0.008951901874224271,16.80421422300264
0.27247514204128376,2.608031427324306
2.8108050161198443,26.1211247296323
1.5307466588530025,33.10749774164408
2.6586756763960113,32.05353997886579
0.913594300003817,9.311740890688256
1.088019364057419,9.67790113008413
2.1824075755625065,15.49734244495064
1.818409096887182,24.58333333333333
1.189037359552221,13.057024169184295
1.6957062569257715,21.94394752534287
0.5890561809897574,5.04794308691617
0.0418369792577063,5.73364177131527
2.578110681030574,22.601449957631104
-0.041088167122424565,7.61690703627395
0.9269622350868041,19.346938775510196
0.8021307153913899,10.087794801170602
1.073137359612412,25.715429257554533
0.6913475223220367,24.85614880235515
1.1494444779149424,15.536447136994333
1.4043810463942634,19.58063521430774
1.206203024444548,14.403256539061154
0.7985670044710456,12.638940926689145
1.1362557456165123,22.799343903772552
2.229133749498469,33.98654331370899
0.01023511602020577,5.90836012861736
2.1125424537897213,21.647458232824086
0.5335827274055867,8.805506589440107
1.902160787323379,37.06746328105551
0.6942208084927606,8.717494089834517
1.1308025434076008,11.168771262180705
0.7989171755145383,14.704286489419424
1.0012733248132877,13.602941176470601
1.5591966685730574,32.1119592875318
0.9682215332298041,10.740589198036005
0.6945227860934927,22.494983277591977
1.7162774993423424,31.62916475330374
1.608293569016578,30.80357142857143
1.2350820306344596,10.553056804930876
2.171082995865343,20.91503267973856
1.7417444229564778,29.09583641290959
1.5885774030230375,20.625
0.8640483229405143,26.524390243902438
-0.018400227292992344,2.324393358876108
0.4719661849750347,12.009803921568626
2.7488933565832077,45.62647754137115
2.581635513463452,34.120892300311816
2.169222329033026,31.38516080020259
0.5434261264715934,10.358511220580183
1.2363080444412888,30.667732906837266
1.481368861117638,4.194438060216044
1.342627272836466,25.48209366391184
1.2880169416065101,25.273948391657832
0.5116332110029669,9.172624053826752
1.0196298631340055,10.604775178766218
-0.3918654215115442,4.363612786098685
1.2797182090653225,22.401202749140886
1.2620271794772968,14.134560092006893
-0.00010696538088128538,9.37052144195789
-0.33790869254358963,7.514153371075665
0.6785395825018368,17.367693522906805
1.0657837016782614,13.225520602569787
1.2032744753684341,16.314935064935064
-0.5940758779616648,1.9791666666666643
1.7230003543927448,29.99554962171785
2.6524472006394784,35.645161290322584
2.419987114874769,40.43168669336893
1.1435703616214683,26.0
0.5911697746393685,18.421052631578945
2.379298154431135,26.16288427490747
1.1701816238325469,13.144435351882159
0.6891987967544893,14.42010950721751
0.9695809242206511,13.892924401398972
0.9931695432894876,6.910613909401519
1.391314671047764,6.669024045261658
0.8705348057103032,17.00526711813393
1.6427153825607674,30.9666431759455
0.787256906503752,22.781207794713488
0.035758683416545936,4.629629629629626
-0.4495463698342248,1.425344653010356
2.112678068923684,24.73766307430516
0.3420041195463106,23.513197460741736
2.7110040699761693,25.46462546462547
2.422388225452087,38.888888888888886
0.5474126374856414,18.615984405458086
1.0887710082254431,18.710575139146556
1.5482377817901405,20.243161094224924
1.55133038644944,26.810608636518182
1.0943051057358266,2.8318873792764734
1.7504271031532337,27.378048780487802
1.6629261320289705,28.044871794871803
2.1929842057461806,29.997453526865293
0.9534676795231131,22.251157407407412
0.7647091048747088,19.81900881265991
1.78276486093598,25.290286037949585
1.2738657160797118,26.484709546260653
1.4071760062553205,27.71118721461187
1.7600787152013628,25.28546783865933
0.7265365748357053,16.773118578172735
0.8347504807183318,12.469733656174341
1.3354930881760756,19.24255082149819
1.2518599799859529,20.97848511641616
0.8869565063604027,17.493966210780364
0.4775316931750706,14.932430048339867
1.4391090717775512,31.22065727699532
1.5364030863424087,33.61344537815126
0.1335348294174361,11.022470416168069
2.1263666127786105,28.04089527493783
-0.010692701990702103,12.836254046210513
-0.29138563543778273,13.048245614035089
2.2726916247512494,26.739654852477273
0.9482427737176502,14.220689655172407
1.9236879308878936,16.780045351473923
1.2165267654433252,3.183658446816338
2.1782647149559313,30.723943844212968
1.5802408581600096,15.290880503144663
2.700559570977064,40.893781319313234
1.9041283876379094,21.42857142857143
0.5022823692253121,13.043478260869563
2.21376110803785,31.727085175361047
1.1895041076977453,21.514863580833456
0.37076431008391103,15.336266499057189
0.4124594493993896,7.500672585418343
2.0756539653750985,36.62674650698604
-0.1574995841676218,3.152480504396884
1.0074638805021023,17.272727272727266
0.10538535298080332,17.402826855123678
0.6067265148765439,14.310514248280384
1.5352184978137984,21.32511694854263
1.7758256398689214,31.11757105943152
1.5763873804596904,19.4632132132132
0.7199919549448103,18.02521008403361
0.8278592410084824,10.27597402597403
2.091974085310645,24.325241894415207
0.7686193880274355,10.972461273666099
0.6559060449798937,14.285714285714285
2.3464800771807526,25.720930232558153
1.4675890813233552,28.423076923076934
0.9811149960124794,12.247199458687312
0.7305167660607883,16.15625753556788
0.6946715656099506,27.515762925598985
1.8193271993982594,19.280648429584602
1.329851952609356,27.5
1.0931188225348634,6.292995622263909
0.6069201663537651,17.097862767154105
1.135956529641519,14.81481481481481
1.0781754011625688,11.215502055196708
0.42540539778981445,16.122202056866307
0.4140173818198534,13.219708707778118
0.6381838432895766,12.064459930313589
0.795812626745266,16.145833333333336
0.8278460723398378,14.750957854406124
0.8356795172817455,28.306683066830672
1.1383601317665033,6.681844052361981
1.6057022789089685,26.84840974803801
0.1148730834858468,9.735240119818336
-0.125554040625525,10.01934235976789
2.412771804092582,34.85288424312816
2.257191438270764,34.43877551020408
1.2661741343324717,17.1344262295082
0.8825492588861475,13.283018867924532
2.3290519962788925,30.240384615384613
1.5115700739431743,27.540106951871664
0.7409574837210399,13.913742837036295
1.7173129178901472,13.894878706199457
1.3141169966162711,26.984126984126988
1.6408356242172237,27.054206524405203
-0.4744552256996052,7.547939616483063
1.1426916401933398,20.82209377007065
-0.5906949448276739,13.022113022113025
2.7239942943942053,30.527165142549748
2.366518664939165,36.80701754385965
1.2087656088304168,12.942762593455086
0.9520900579938343,19.550328606018667
0.48816761819200905,13.07146855756671
2.2267587263289084,33.089380255372156
0.9886537783986814,20.175089534421012
1.2710055474023276,24.889856687091708
1.6078939162764183,18.525369978858357
1.9531802435018468,35.56367874549692
0.4642698554766402,14.178082191780824
1.4650638945029206,25.106238313785482
1.4583821843022906,16.105571847507328
0.5818689226503556,12.41134751773049
0.6029653173267303,12.911763049721259
1.1449316035030361,16.13812544045102
1.8145452859792088,33.37774816788807
0.9651732758838668,21.140763997906873
1.1133017596674368,28.202429149797574
0.33809237482889776,13.815789473684205
1.3792813282056855,7.371794871794876
1.4432377843607853,30.59113300492612
0.1867994512936758,9.44845832909332
2.16978374070417,24.298187444739177
0.12617353980283208,12.714285714285715
2.207361002852752,21.176169341072033
0.5729044380673081,14.071146245059282
1.9997503671002304,31.493506493506494
0.6238280857159838,17.579168596160017
1.7117251344736204,20.847716597815634
1.2899644881780064,22.666666666666657
0.5175777611790996,6.835269993164729
0.8798169515081935,11.490857946554158
1.337921939904983,18.36080586080586
0.14934355207404287,10.002667377967455
1.403669687880757,12.709656407751183
0.9541366412939407,11.94017686132279
1.126529461929915,25.791855203619924
1.9617623357768805,6.94471200154112
-0.1448036667911818,6.143635125936008
1.389089280535399,20.238769552524936
1.82415029504782,24.387477313974586
1.1983590092820444,22.10977033865317
1.1940302014321336,9.523809523809518
1.4417519953531506,29.40952380952382
2.4580875540860916,32.87190082644628
0.4964269911110188,23.242424242424235
1.408030167330515,23.86473429951691
1.8222902889241075,22.027044104637937
2.474169064495764,28.849206349206362
1.4473235971966227,27.056520675311965
3.166394623030377,51.4338919925512
1.6035677609881618,30.498487020226143
0.44513157815960236,20.13725490196078
1.183184156466946,13.780663780663772
1.331186866423292,4.166666666666657
2.401037956712515,31.400742115027832
1.0599625545123097,20.84051547237955
1.0256874110787253,14.449285075960688
1.5120935935476172,25.21950640721405
1.0596189204265503,13.016999063043762
0.5894671832302968,10.445722799321281
2.4477865308396822,26.875355719977236
1.5858531968906417,22.692361402038827
0.49764091065535176,4.7173439302653435
1.1423649289754785,14.746099290780144
0.37327431036480685,13.851548801870244
1.3645962924094954,20.75
0.7886824493842872,15.738284703801938
0.19972316006525243,11.636363636363633
0.8441241559716444,16.527266644362655
0.6336842318376845,9.412108803743791
0.49855362963113103,19.850445786597646
2.4105784359806792,28.293135435992575
0.49914007654931253,14.46421809920485
2.8070333559125293,30.381995854308563
1.6411162934043537,23.54957805907172
0.9888565978607157,21.648351648351657
0.6908412846172629,17.048503611971107
2.4736631728655833,44.984677039132485
0.542321816283087,21.470588235294116
1.1986427442213061,16.650016650016653
2.1535560851402815,25.852981969486827
2.524778800677514,33.69883040935673
0.06433096655661574,5.9887478495373685
0.938696874004847,9.223224173390278
-0.23427986920316907,8.492047238719366
2.204009056651137,36.426031072565046
0.9279193205142919,24.2489040949428
0.9200642894403444,21.71043771043771
1.3037764805045486,19.630380887987386
0.4684839849291462,14.225179200823739
1.1334926786946826,23.644003055767747
2.0832827247814634,11.31878866818625
0.4031424379526143,10.33812341504649
2.185846004771352,26.662517780938835
-0.5198544003013712,13.360881542699715
1.4300435988360007,22.31040564373899
1.6790805131425157,14.207221350078498
1.1046150442685643,19.76777116964034
0.21378438011023576,5.985101464166455
1.5855649323560992,15.548281505728312
0.9211557808216317,8.22393822393822
0.8349421640347011,22.742398164084904
1.8522503241580128,24.62654716175843
0.14977383117423637,-0.5646527385657834
1.2712376486999717,18.254950495049506
0.8133328657440102,18.015925680159256
1.3804550951891406,24.140603805759014
0.9707325608426096,22.9005229005229
0.6557100787554028,11.98412698412698
1.2533431111641566,20.228586271835837
1.3327072759736132,27.80544747081712
0.47103474085436065,13.423162203650008
0.47624181078218236,16.28352490421456
0.8430422475777586,15.630885122410547
1.1140929046417045,26.470588235294116
2.882081968376219,25.824175824175825
1.4924147260388119,18.903128533735398
2.697119374440082,38.33496785441866
0.8969852398874761,21.770682148040642
1.1900396845054733,34.10356921807303
1.6738880333985722,13.725490196078418
0.0025275883057263616,8.233082706766929
1.5049162097363096,15.736518277234893
1.5541623981761379,23.647768002606718
1.7912385863365279,27.0
2.6120049739283284,39.40568475452198
2.2581349306035094,22.892525431225124
0.2988729395365919,14.25101916905195
0.7208942385778334,8.035714285714278
2.995187444715153,43.80195487348132
1.8650143857264774,25.657336726039006
1.663490810681204,27.955812101910823
0.9116303273545543,8.603238866396758
1.986202389961659,31.04014598540146
0.67717665084905,21.25902992776058
0.992249757873897,12.502901353965186
1.6347433903074982,17.090909090909093
0.37309459363646647,11.731044349070089
1.5423276410475357,35.86314407614047
2.0279228740846817,32.83887468030691
0.9359672524940743,26.551141166525788
1.277071903224134,22.656641604010026
0.6711659207304317,18.002560819462225
0.8325000826578124,12.52568357831516
2.1908542778179507,28.228155339805824
1.0224400766330746,9.574468085106375
0.3764772496490174,7.349722603959883
1.5714441015403766,18.21581196581195
2.7346491208619845,26.7158873393492
-0.42365852833125445,1.5492303609341818
0.7253071440686236,19.630901287553648
1.5420665312456727,25.91703476089878
0.9732827601213914,24.39849624060149
1.036496365330915,11.589374555792467
0.405267796925734,5.989110707803988
1.8201941492363314,27.238175675675677
0.593286303700246,17.460317460317462
1.0670133042434178,9.805447470817121
0.4101618817289986,14.715359828141779
0.8664330651993368,21.545881126173093
-0.026709906252371712,13.073770491803273
0.9655928298495494,19.24995976178979
1.9602782324843062,41.50474669505812
0.8576505040632469,21.25440658049353
0.45154056720281255,14.329827270095528
0.878679876629914,13.959085439229831
1.9986119063928094,20.91759352881698
0.41312920797617064,19.025253556599274
0.30741590967458987,9.224598930481285
0.910868690080826,13.258495145631066
1.3467323833501514,10.644257703081237
1.3768130370093292,20.134030488253927
1.9517068498937884,24.231678486997623
1.133871327260533,12.674323215750626
1.8157461036758038,26.829268292682933
-0.0736088312180303,9.635758248410859
2.3046608209756334,19.70507211148923
0.8963062779561923,15.288924558587475
2.7307527804373377,37.1112335353333
0.2436426314450264,7.6883425852498135
1.0526765850687565,9.940013122129528
0.9132305878553337,16.600877192982452
1.7083769093190906,23.702737940026083
2.25812363404163,31.517426273458447
-0.2624466145887741,11.042852861851962
1.7777243018198274,16.22529644268775
1.9259153344618054,24.843113152616944
1.980259702678314,28.85063993443037
1.7517547171742112,12.098037986585595
0.70844518736292,3.228130854589992
0.1398454528781749,4.399224806201538
2.991687710053148,33.8271103896104
1.4330928630297668,23.802521008403353
1.4496848527372568,18.111366245694605
1.2661515183882297,25.94105631747884
1.3204051481646208,21.931818181818173
0.6683986285220392,15.481344052772627
0.09628214741419028,8.943248532289637
1.5038264829767618,5.637897617147409
2.4919654570059455,32.678668848881614
0.5094313150342564,11.285122063565169
1.6719552401343465,13.854166666666664
0.5977301114103246,13.715515554685972
-0.3986614231634188,4.674857656577771
1.1331169048263665,17.914223295389213
1.6129405343005638,28.76010250344963
0.8988052372320483,18.845315904139433
0.8556071405009865,19.521103896103888
0.32133205060658054,4.782775855440214
1.9956332991217642,24.1367351994055
1.2664155924416225,15.517241379310349
0.16194518906629485,9.429400386847192
0.7707622588264599,17.743616466909835
1.5821223126211739,11.237373737373737
1.085950739256328,14.38263229308005
0.8561616226286785,14.678518791451722
2.161566831539431,24.28367444074251
2.4081670712524628,31.38528138528138
1.0254411807287613,23.315068493150683
1.5320321767957692,13.027139874739035
1.2993230540964076,27.4489737904372
0.4858333437586978,11.575757575757578
2.6664031583603878,27.036250568785086
1.1244744389738655,17.666815942678
0.090741721134649,4.231974921630098
1.4973175329681572,27.386594448205827
1.1400304835236135,20.39464411557435
1.6342367639616424,33.062930186824
2.075307715944674,23.6582535538149
0.10252598490688183,17.510145619479594
1.5229256112033123,5.312633527987465
1.1591467116627663,7.459128065395092
-0.9636758065321847,3.9024390243902403
1.6312307176987484,38.09523809523809
1.1925929467318572,23.300892133008922
1.6980096212901208,27.143330023171124
1.3298327410461788,18.437118437118436
2.3146587309593696,21.837965955613015
-0.15508509773917642,4.876250658241176
0.9508164606227777,15.613561934116753
0.19117081148549186,9.853162650602407
2.173703359002376,29.935789117945255
1.203391551266071,14.864007444693542
1.3093666953780634,17.821390937829293
0.7409072546288005,14.049586776859499
2.0687161898603037,29.95870434894826
1.339284758504151,14.208002950396455
1.3730838612176068,19.482868695467126
0.26351190521187046,4.867724867724867
1.6759249321567993,27.360866878950624
2.57547750999582,27.217915590008616
-1.4466739727997138,0.3896103896103824
1.4821845288270377,21.111111111111107
0.4125733820721052,22.30392156862746
1.6705123319508564,21.71717171717171
1.4742187188095734,23.529411764705884
0.7902477728637981,20.33430704316779
0.4494182530590831,14.829730530056253
2.344428391499464,43.68305587817784
2.9607563341211103,20.752242926155965
1.6782324674738995,15.191879178014354
0.6220056345040151,12.56324817968654
0.07432901839128554,10.702440180052122
2.5124141318118935,22.59902333152469
-0.0377133492765499,12.452651515151508
1.526977009307744,21.455146754857367
1.4985799797123587,25.95495758993858
0.6719449276790521,4.011678200692039
1.3245258761454215,20.119352088661543
0.9591307394788835,16.095380029806257
2.2428469693263406,32.4634887686263
0.7816606737160479,8.764436006960914
0.7201096372650803,11.968476151267424
-0.468761073199754,5.892255892255889
1.0966690339240368,26.905997873538062
0.5781701147280274,10.074211502782923
0.6847391893770064,11.432973805855163
1.0034041333949446,16.329941860465105
0.373835890727592,19.640782771870256
0.7381115190282769,14.077747560390335
1.2920333443444547,12.399614519755865
0.9542798091223268,20.5316742081448
1.2561019273660752,21.00773339711393
0.769898049515677,9.772195018096653
0.8579078103491052,12.7840909090909
1.1719325927802178,7.4761904761904745
0.692866208840461,9.79755538579068
0.9286201888754397,33.08162802990259
1.5241036957154175,30.8370870870871
1.9383898309959848,12.57309941520468
1.8024383559546546,30.253766851705002
1.7086770942147143,22.855745721271397
0.22047972521635625,8.338368580060418
1.0399863790877615,10.800255061374138
0.8615846228216603,13.487323256947825
1.6256977917801845,31.57164869029277
0.6234464989120988,17.5141242937853
1.494961124183496,23.14202276655343
1.3633058024915636,27.722593462163623
0.9763189679238352,20.37190082644628
1.659987638870048,32.44134432466709
2.994667399941876,42.54587155963303
0.3837274238454658,22.131147540983605
0.7022881824265763,5.6174708497068835
1.185269374915697,21.24675324675325
2.6049180923464132,33.807106598984774
1.4299211712905986,20.769933049300064
1.3049130158916982,9.4950934707527
1.2624105078141987,18.948824343015204
1.460221569359741,7.214076246334315
1.1130466495577764,10.606060606060602
0.7820595654417571,15.438541828945311
1.1155821526403331,22.811059907834093
1.8977827048074474,15.73188523261468
0.5526892200514644,5.81223628691982
1.2075928874766477,23.888582460011037
1.6214185645589143,18.817204301075257
0.23415456913368654,7.5420656819780305
0.6448877424134422,21.278721278721285
-0.17670888019264167,2.683500306685751
1.9199342892727755,9.115545700911554
0.01605900283415096,4.882920110192835
1.6432511379290904,31.032592141334142
0.7285123846291914,11.256218905472636
1.2538989156189564,18.300583027423876
2.4521517832898407,25.714919086677007
0.8189849255155572,10.527372507027167
0.43368461006252135,15.872225384177575
1.7162988646212607,18.80213903743315
1.365864682395423,14.625984251968504
0.7127189757238253,12.29891022314478
1.5334071699163903,22.69895213820447
1.2470101833886749,21.509009009009013
-0.15092180350926404,0.2229845626072091
1.5805289607586106,21.04978029254199
0.8428848645263731,19.575060954371295
0.7662638225289023,20.549450549450547
2.8418508217760783,35.204736767013834
1.2288823183785786,13.798836242726502
1.2854272895210532,22.172949002217294
0.4088705936697944,8.547617742200778
1.2573267685418217,22.417524412773822
1.0925947544315084,14.03296703296703
1.1515148317483053,17.891531561188394
1.3816501680427538,25.464895635673628
0.7546612521581118,12.510019113385539
0.35933207927749555,11.504975124378113
2.5567419785702,32.5
0.2797065191898379,18.083670715249667
1.4385140420849196,22.385509227614484
1.8312384706174987,30.840606338998633
1.915938929271126,24.144559784698203
0.7417590333340291,15.098934550989341
0.7349684041986352,15.485395189003434
2.8263315397835695,43.06481213174924
2.118113398688301,43.046834118262694
1.837256113782218,27.245640599814386
-0.029232006070354963,11.467413034786084
1.7593086503200432,25.69514917799878
0.6286310543901032,10.0
2.1595139903790828,22.584343268915816
2.54092855210007,19.43793911007026
2.329424275360175,24.091748768472904
2.2774079767419435,31.920903954802263
0.8399381528824006,6.872660667356854
1.3979485805971446,19.073397960468334
0.7016781413092179,15.099747764274234
1.7395145154425824,19.858889361960955
1.854901032027997,27.34128616481557
1.2642427508524072,25.619103773584904
-0.2501454276486409,8.281456328994523
0.2955717363464051,26.47157190635452
-0.20786454740586954,1.5282392026578009
2.456415573109516,28.621794871794883
1.547678407756404,25.814536340852122
0.768781433276732,18.93617021276596
1.5414272330335845,8.793565683646115
1.644049400555466,18.0
-0.42587529546915187,7.898773006134974
2.261127026158389,20.69582382332983
1.2945658319397078,22.14032214032214
1.9173616549869548,23.94144144144144
0.4730583594082931,7.230172927847349
0.7021300110659549,15.147694524495684
1.5784784673066083,19.57321278062983
-0.13287399237313377,9.548810500410177
0.8346121949791262,17.24101921470342
1.0329667149846238,12.312941749939057
1.168875583331882,25.982872713117942
0.962408142449708,19.930525401650016
1.6385053478468925,15.300324675324674
0.48219953440748303,10.000768108149629
-0.09320965028220851,5.116301330525523
0.24174994527577276,15.007012622720907
0.5544844435233669,21.978371501272278
0.45283784566350793,13.333333333333321
1.8536673577534142,27.68145271563747
2.596126078746925,36.55473655473656
0.6418409120831395,18.42965481171548
1.052681442793124,25.43044077134988
1.4156214525072421,16.36363636363636
-0.01898051272149512,6.694533762057873
2.3517298894872987,26.377611351990538
1.2515872405707813,15.732172019597165
0.10954944654906745,14.75568181818182
1.6442285532597536,25.040976142779087
0.6760738436555325,21.136363636363633
1.9959005816437685,30.333333333333343
1.0676720847363594,18.72251099560176
1.5971181122648757,15.611454091685282
1.4850368870067134,33.93807450411223
1.6672135603308247,30.560928433268863
2.8371167962334622,26.19047619047619
0.9762551832580215,23.977353149327676
0.901800345673869,14.733542319749212
1.7771078973342602,33.619846261355704
1.0328424331070152,25.40650406504065
1.0974978362932983,18.127413127413128
1.2027483317723269,21.752342365155748
1.5500053617038163,16.34297064665637
0.6089760798443649,16.849208983294623
1.1169075735233402,10.664479081214104
-0.553515821982691,16.004505426991614
0.28256513452650267,9.520204960987549
0.28945745665588263,8.636363636363626
0.24602436180402365,12.661272687513666
1.6582394929091404,29.204776422764226
1.10827930966737,23.489319258582
1.5384630911501564,19.532997762863538
0.629295805358796,9.830964595071904
-0.16663243262267466,0.5666486778197637
1.0372533919118447,22.924397031539897
0.6444369416212165,20.690589031821254
1.967696313953525,21.108808290155437
1.1384766060355431,10.281879194630868
1.2632401438492868,25.9953161592506
0.8685584613693624,15.719063545150497
0.9072987426290134,16.087583584633542
1.9266442783253808,26.821572002294893
1.732418987003056,33.72916666666667
1.3781375192368641,12.645523885989562
2.9988778960248226,38.92255892255892
2.294205365844582,32.08167330677291
0.49416297094581163,14.771417595082596
2.3088412625829715,36.24338624338624
1.8102900991819528,25.96611460118028
1.2983746831740948,20.1388888888889
1.3116137261784049,18.978978978978972
0.5287617585102046,11.979166666666657
0.3743101073477176,9.968637992831539
0.188881306099697,4.495614035087712
0.9782333841683197,19.164212076583212
2.8449950522688248,41.078349944629025
0.5918744630776587,19.5272782456939
1.5897612932512541,27.736681370885655
1.3489530303071504,24.36721574929691
0.4143009398851494,20.13256006628003
1.405971821911491,27.295373665480426
0.9390151728381328,14.221158958001062
0.26296195069961475,7.952069716775597
2.1042084201887796,19.673247106875422
0.9124161612583839,15.596378566164859
1.541659067955982,9.2586864625219
1.0377724436723543,14.743247571260817
1.132238464836543,16.568539994052912
1.5997213218349484,29.51555328913819
-0.4366756823101845,8.419112974965046
-0.01507445565982038,6.916996047430835
-0.409330680453419,-0.9867531765341937
0.30866334230928494,7.625418060200673
2.155506793696031,20.265251989389917
2.218449356606267,16.090008463185143
0.8021009199123589,25.442477876106196
1.0496516026077778,11.154497900243129
1.647364579774958,26.89526957240239
0.9545055128040587,13.24683965402528
1.0573855729266932,18.007346189164366
1.304367717554437,29.817073170731703
-1.2073097974800302,5.610021786492375
1.7590700540913196,16.866537717601545
1.1753744510816675,20.28427598460172
1.7391418518722084,29.06446443978799
1.2684889012433358,13.227513227513214
0.5726704914566619,22.68110621634851
0.6087305619192227,8.8029865125241
1.719796554331443,29.533275713051005
1.6442345444082678,17.57326007326008
1.4549264990163988,30.368663594470057
1.043516374364398,9.05844949865493
0.32813435021723103,15.964751040709302
1.9293848049192224,25.68721851219133
0.6351323097249857,14.095345345345343
0.8691450249138184,15.645524066576698
1.8950509978737482,26.186440677966104
1.6187631181272337,26.895450917797284
1.4286241341918782,17.930232558139537
0.9314622186292923,27.142857142857153
0.9633631060784438,15.294316835035843
1.27228333178708,25.34391534391535
2.046481190859535,18.463356973995275
2.0993910685300228,24.1462639109698
0.5929820286027411,14.404761904761898
1.641595348021838,33.26046746258618
1.2679089520895572,15.63706563706564
1.1745671098863866,15.755988023952092
1.4852387769091162,24.775319283123984
1.4696895071164489,23.343895070370642
1.375207399855186,25.386996904024755
1.0339654330412118,20.86359967715901
0.4797518787237732,2.500000000000007
0.31030871669526106,8.013245033112582
0.4923614322657399,12.276119402985074
0.8396214281118219,17.420349434737922
1.7915415362969183,22.88447387785135
2.14072798268654,28.895448190150702
0.5016334179806787,18.77104377104378
0.9128679415841799,13.427197802197796
2.05898936811969,21.98721101819971
1.5898249572374645,21.143445789338138
1.3272745821173015,29.142857142857153
0.5804686550003728,18.064784053156153
0.5886184059774199,10.01508295625942
1.3278936190419304,18.756312220458817
2.3213416587894775,29.48717948717949
0.9945732593575001,8.096038972336594
1.7356964310953167,26.321138211382127
0.8762123482563167,19.761418929524396
1.9505845949519935,27.54020467836257
-0.2960671767427043,12.84884138029988
0.8586272533145949,8.641862170087975
0.8656093429793577,10.465116279069761
2.0072164299179236,18.38882510524303
-0.3844216310972504,16.81927031976334
0.44792112709649584,5.716824644549767
-0.05022253205507132,-0.21008403361344818
0.8790632183495796,15.544647031323045
0.8013866773055669,22.827277252364354
2.2295317461522703,35.4504976427449
2.3419031803765678,17.90508602760447
0.09454180104763621,15.252747252747255
0.627480359637208,5.928975178176465
0.858055153085927,16.19309262166405
0.47158218808993135,20.05494505494505
1.7046218192648084,20.411554192229048
2.1832119714571023,37.11677256184072
1.9834236411479533,20.136434108527126
0.47512194099965466,8.682926829268304
1.0086053040561112,20.687727145652772
0.34678793757721715,12.56701356039104
2.0844507448346903,17.823555754590238
1.8411542617636023,21.110079985858846
0.4097212000969833,15.725865880619011
1.2142537791042467,15.271565495207668
0.17221218415864648,8.918105496594322
1.6727505117013444,20.542005420054195
1.3982932921524986,22.24702380952381
-0.721996072039773,1.1270845313398468
0.8697605317781596,14.088085827216268
0.4967484463788241,22.651364672993445
1.3746006468533478,25.559868617497763
0.7378569889333897,12.169720347155256
3.048805202597976,37.401574803149614
0.8400557547072853,16.49041639127561
0.8656214833092699,16.561895551257244
0.30960772151852284,6.946846101796858
0.6803427257344971,17.148449262270404
0.8157758824426518,25.061425061425055
0.5712199772942874,7.460474308300405
0.8251858302086386,19.478592623993222
0.8054488683766461,11.071428571428577
1.1451758335255304,16.330645161290327
1.0571384750459272,27.350002759838823
3.1763968609708173,45.62443845462713
0.19083336167779913,12.46105919003115
1.6144530270567383,29.5363173411954
1.075825302351546,25.461088618983368
-0.9357909021632421,-2.7985074626865725
2.0347511626847496,26.35182998819363
0.4893700879137495,12.157316367842682
1.0626408871284037,17.876741241029976
1.665602562839293,15.200506542845083
0.917258770634773,18.02723705470494
1.45032361670393,22.054998141954655
1.3984544347474968,29.74169075144509
1.7115412729421469,30.28537805236835
0.822829219386778,20.26143790849673
0.45830233417865557,10.261324041811854
0.6030312763001493,13.92483480176211
2.5297098544762235,28.401527550463726
0.060358248879002985,2.2640195053988137
0.7004255522961943,1.9875776397515423
1.542466704267365,24.85270049099836
1.6734313752003642,20.651949659583252
1.3791372656278928,15.83693263620519
2.168394067736487,23.787553648068666
1.4731437259951163,17.71929824561402
0.7456997777625624,13.607612650433808
1.6252997494723664,21.825555112352085
1.0950236064290624,21.48721557588552
1.5582083012357217,17.3293735907166
1.5133176492479006,25.922148563658006
1.6010481371863818,14.264212902784429
1.8390390815370892,23.333333333333336
0.6589609342454417,2.490535963339312
2.889789128802442,30.335265204313693
0.6649652181186854,6.957697201017808
0.5983050409740768,4.757852390530722
2.4779350310123274,25.881860075408454
0.9575234088694917,11.757086254190796
0.6029617786463626,14.597523219814242
0.8006495315478999,13.61704360602402
0.7026787495285329,19.9719887955182
1.6439059189017695,29.273334393385262
0.8164615106187276,17.865853658536587
2.885232221983951,34.60788138899728
1.4571370034112432,21.1765635494449
1.8607602940455474,21.312111801242224
1.727342688777553,26.804429503658284
1.8232534521884176,24.053104256149936
-0.04507588346839819,14.167832167832174
1.7208532920835946,16.78127479502777
2.340517450877433,31.354515050167215
0.648243974271149,15.449076063601204
3.075991731589311,28.744038155802855
0.7026809204520534,5.9978974160349665
0.5014939965946907,14.920175720561446
0.5265361964922733,18.311735497153926
0.14422506756074413,13.11256448047164
2.7285057339716827,23.82371591629677
1.4396068412112926,17.519557526533454
0.837367085100949,15.969131977693912
2.364469797631409,33.26501332240212
0.17669922124877158,12.063882063882062
2.5393248420662244,21.912008345094193
-0.5307060666518439,7.722287682407313
0.7744254050133951,12.986325115562401
1.597079441462475,9.585062240663902
2.2100102600739104,42.146433041301634
0.49356098509110674,13.172270523967072
1.6573691796619017,17.516025641025642
2.2682520426952846,25.56806444949391
2.177645519692882,34.54545454545455
-0.27793087454485726,4.599499374217771
0.9007212404912504,21.010101010101017
0.33007844603245484,10.966340933767633
1.0367097292493361,18.417711036272294
1.686237239699771,28.75931098696463
1.2986170636065713,15.36207107094883
0.010154537422186583,10.38095238095238
1.6555985757865677,23.420454545454547
-0.26945139497492204,1.0008242081714371
1.6631026896031127,24.886843114691224
0.539008053557313,15.67555251765777
1.2998443093089236,14.0597237347395
1.4258915174156872,29.322751322751323
2.1860630755227595,21.279212792127908
0.5821613412405657,15.217391304347828
1.5898370334527996,9.671558350803636
0.14315395649009666,12.65813788201848
1.7958363395184183,35.111360658805914
1.7115725305297016,12.55681818181818
2.787032202072945,22.151675485008816
1.3895445423985007,21.043338683788114
1.5417243490897,23.010356078876434
1.1691575935449443,23.901063693451235
1.843735117368246,23.016181229773466
0.8127827140837247,22.92011589403974
0.8332447779540026,13.136227544910177
-0.14129737693651556,11.027397260273972
1.9363488287709514,10.261233019853712
0.8789356762661799,14.14452214452215
0.6352223221127438,5.261686423618876
0.4642462775237533,16.492262343404555
-0.011220000619698366,16.044290056448105
0.36862207791179374,13.588934724581414
0.2864204657525054,8.308065494238939
0.9658989130847597,21.181845872677435
1.106837377725602,18.04866383691038
-0.10684902709565532,14.47081287506819
2.003251107206512,24.28678678678679
1.3298984627574155,26.54589371980677
1.9456121673785485,18.937287611986413
1.4959212957640795,15.820504421880116
2.3426744807331796,22.434824204735712
1.4823071582155172,25.21929824561404
1.3604360209641302,21.795227524972262
1.6167359616396992,20.018213428263927
1.8837930971692176,25.832555244319956
1.9782691048061791,30.36761053154497
0.5165998775774155,9.781149301825984
1.915420181465808,31.183631183631178
0.012709178327434956,22.28634850166482
2.482753078959311,31.46167557932263
1.3249846697515606,23.075221238938056
2.0259230167613427,26.556473829201103
2.852415711607167,43.72168284789644
1.6658363558753941,32.188999630860096
0.062111886017933826,13.827433628318587
2.0587249930196427,29.524997772034574
0.43856890967632267,10.80131208997188
0.5292897325021166,14.28571428571427
0.219509410782233,15.240893066980021
1.7039691198494826,22.0
0.12467242755862842,4.807692307692314
1.4745438249504739,17.296389588581015
1.3571372790941503,33.63095238095239
0.5943857734329316,11.740531452855734
0.3802511964120489,4.629629629629626
0.8880788533222469,13.41354723707665
1.2495055695708983,21.414445804689713
0.0576342587133348,7.515151515151523
1.464864105992071,14.272493573264782
0.7406334493914929,14.643545279383424
0.334165979562816,9.957230686982093
1.5974775296349972,20.736808236808237
-0.29343938783955437,6.136705278981346
0.9920151597169429,22.126022126022136
1.368083089100999,23.076923076923066
0.553435066865184,10.352614208789305
0.9504251708841011,15.046710395547613
2.040449406399066,25.59668957363482
1.108587078821673,26.533742331288344
1.1937339967804501,16.96173076318354
1.5639399689456521,26.667820867959385
0.2095825223708055,8.188905715407472
1.3897776931406849,23.24857291126102
1.4566701106634052,26.508295625942672
0.22501508860679134,12.318840579710141
1.0700829719031097,21.102413568167
1.823850770855129,11.478810629260096
1.0741942924016208,19.99224605841303
-0.014287439887355868,10.938845822566755
1.4925086168463884,25.310283687943276
1.70392870748435,31.55012948575657
2.0799350112153046,21.22089904516683
0.8529623642166693,18.276960412558772
0.616475088264226,12.151898734177216
0.14933434023826964,12.329633956386296
1.0771404261007116,11.432858214553633
1.0996101293521423,11.933614330874612
1.5140853779154704,31.48148148148148
1.4847600374832652,25.91377694470477
0.6675573501104826,16.212121212121218
0.746884617890136,6.5075086638428985
1.7547184727686473,29.10401828892993
1.1844167782342143,9.671547289275814
0.2584764699690235,11.688311688311686
1.7662901135870641,26.06791537528636
0.05498967567163407,3.82183425661686
1.8117909761313806,15.053763440860209
0.7018179084126184,14.65679589583739
2.2533869019326622,21.17185140440955
1.5315612577530908,18.55172413793104
0.9389890223242668,19.681742043551083
0.6455882116334215,12.84606866002214
2.225286655973742,24.627546366676818
1.2490132525361417,24.42676097848512
1.1588348649736933,24.594684940665218
0.4849071891796757,14.700352526439488
1.2366106080515897,19.78239366963402
0.38526582129508513,14.215686274509807
1.0175956212935402,31.75245806824754
1.28067609355134,17.904180187058593
1.568247771873906,20.703607957738555
2.2258464081003906,35.87702643493502
1.9931453289400227,35.62310030395137
1.473865152135127,19.762250251144096
1.2407301595919975,13.221414203930067
1.941691662136098,35.88586680223691
0.15530239536773927,2.1801314263625855
0.9657711423554505,14.145658263305307
1.4685013837442913,23.20918479455065
1.2048033933645295,24.815432245772797
0.8999097815597616,18.846938775510196
2.6205367046960966,23.71514371514371
0.11998038089894392,14.794372294372288
0.9898041547817611,18.933276668083295
-0.9322645183098209,-5.693462655487977
0.9723929791807444,22.02610183996577
1.469031745672952,27.185534591194973
-0.15713355023300596,-4.360661268556008
1.6127202377758638,21.487603305785115
0.7562432424013549,10.980083857442352
3.0715313689088433,31.89322093431683
2.7637530553673235,49.89290813898144
1.5588779904441052,26.051720327120016
0.8243535847139902,7.572684246112239
1.4313537273897858,17.806884607057796
1.8627940277250739,39.72618499769904
0.9101389511841789,16.64580725907384
0.06630209466102328,6.924208977189103
1.3033065681816507,18.390517779164078
0.7475447501474454,15.859826589595372
1.1963486066814901,20.53391053391053
0.705454290302992,13.799504950495049
2.457269128209203,32.97872340425532
1.1648630310123664,19.294425087108017
1.5820290621609212,22.053418279833387
1.9939101445454293,32.19059125575777
0.03039752933837292,11.737182677949214
1.8362936724593524,19.322555812163195
2.337281318604611,41.806615776081415
0.2564426920441827,9.5542911332385
-0.8045660097480831,9.057971014492743
1.7173743001458144,11.989888046226078
1.033218458591914,21.003474427466664
0.9079877494877174,15.39162112932604
2.239939252798869,20.169030224896147
2.18721097707555,32.25865209471766
1.8075566356678263,21.519909892002914
1.2484522143621408,14.80181366096241
0.9945632994756415,20.377241805813227
-0.19337766146793092,9.608843537414977
1.7831440846510755,26.092200482444397
1.2960029885902848,20.143831553973904
1.3260995234736983,28.908424908424898
1.104561099841001,15.298168117448355
-0.42916710889554754,6.234866828087171
0.45873668399159584,20.717171717171716
1.998174819436651,29.583333333333343
1.430444929852952,26.532945333610478
0.8942374607075716,14.968680250557995
0.21017396927065612,13.602445383439715
0.5775763240597408,10.635934462649267
0.6374082833287235,12.263033175355453
1.9186088942603947,34.5449551364219
1.1053717257101539,13.541666666666657
-0.09683432514753743,3.228200371057511
0.5149327264233153,2.725502920181711
2.252006007036529,15.480572597137005
-0.26325155279247014,20.053120849933592
2.530444659432975,25.496031746031747
0.7412878776798306,9.857382550335572
1.2057888103794594,16.64182811723795
1.8687577439569636,24.500090073860562
0.12309324439872693,13.569023569023557
0.6712297206790572,17.01130964331125
1.2545773361862254,21.39959432048682
1.6337070720974465,13.68421052631578
1.3636957694304954,19.907485281749373
0.5304740455399427,10.924210924210932
1.6205226060209468,6.3939690073991216
0.120772645286784,6.71374932951904
0.6771774319287827,20.098039215686264
1.6568732536025403,30.374925178211896
0.4166123340771487,5.02928444104915
1.4505875304490101,28.66887905604719
1.7888508506176166,17.956656346749234
1.8557999656645061,23.2770120053357
1.1686766823747856,23.24857291126102
1.2934007253939568,25.798011512297215
1.2523727606379262,21.596244131455386
1.758152988105818,20.210580380071903
1.6706078636362212,19.79166666666667
1.366899230533769,20.151957919345413
-0.15220179841842213,10.262130507529271
3.1416118556951753,35.57594291539246
1.2661588540221462,24.078509258718384
0.9908492424307942,11.502614230506929
1.3323028963114387,16.573172743771657
1.6574628892925074,23.475881758163325
2.1420347363728234,25.59214978569817
0.7416332393353304,10.628618693134811
1.714762560126697,40.17070979335129
2.344856702181712,25.01743780516159
0.08907459304032139,12.675755145682977
2.1113851790020948,20.4870506378044
1.2170259707134627,16.97463768115943
2.493127621706854,31.895734597156398
-0.09853426655412517,13.527169169996796
2.61028689185417,34.22260247336082
1.2381068018922312,22.766364070711894
0.5797319024055562,20.49856527977044
0.22395047857270378,10.58955895589559
1.12683612513172,23.906849993806517
2.3685754953958273,23.982683982683987
1.0658858854681152,21.992401857323763
0.7883885596950337,12.83412139341889
1.038036023848049,23.762376237623755
0.7820697418683183,11.91222570532915
1.13115299231508,12.92490118577075
0.8903821797223397,14.379699248120303
1.4737836248575444,18.94570849290381
0.5513350976610923,16.65824064711829
0.13211549253550833,16.393921683226182
2.1514128065293656,35.258620689655174
1.7758937741239949,11.554793401927157
-0.22236683644725067,9.944827586206898
1.0806742184571563,6.4789034054401355
0.9307305010553384,22.555017806593014
0.501407616212136,10.978464419475657
1.9736823161242052,33.580315951349085
2.104748324780267,12.290423415743106
1.7398988058809284,17.150737363503318
1.9493273101360866,29.04075091575092
1.0746996088855678,17.42598558061053
1.1372185066706475,17.59478189971464
0.8468189407344694,16.97425381635908
0.98845701132403,18.924976926119626
0.9510860106583385,25.440329218106996
0.8898000728171525,28.351206434316353
0.39102740997201113,16.11355976147265
1.2174238845495475,13.632361034672542
2.7300465462775234,34.97631195335277
1.7806335776045545,22.08989906324885
2.0756134006401714,34.08153360834749
1.9541831541107322,19.41457586618877
0.6574334456852519,18.708297069915865
1.4896563785044936,31.664759725400458
0.3945537838229008,11.931589537223331
1.893145076331069,21.60478749389351
-0.1537788220818905,3.1943903389170316
0.5767094436428511,19.451536643026017
2.5666171637224218,33.07736720554272
2.108832377312353,35.15878969742435
1.5243304648482827,15.024059882373905
1.2107861385661107,19.30592991913747
2.4870087026802667,27.220927220927223
1.7198758880336251,22.30403436109833
0.8742172536158392,16.19405059772032
1.5428512195426989,26.140947559914572
1.3271523426176777,18.00356506238858
1.1072898688271806,21.881720430107528
1.0560107303230284,33.04965865519498
0.9924059148218052,14.534656898868604
1.969128937001658,34.87646061903488
0.4894842215063594,14.52020202020202
-0.6608850001369423,0.9649715333397637
-0.06620983430741935,7.558775287042096
1.0123512361451659,14.44375730090016
1.619429580465562,18.9955824226924
0.5817847041394417,9.997845291962932
1.1506454177254377,19.705882352941174
0.8633287957380789,15.727699530516432
3.1748676113888785,39.3193013882669
1.837336422711827,19.470899470899475
0.3751197906388213,7.9274891774891785
2.502498991317898,37.56313131313132
0.7550388403257365,10.379568884723525
3.0963002871168386,44.97109826589595
1.1119975138260771,12.564102564102562
0.22659735756969795,15.312952867296936
-0.07820664945922845,9.346846846846844
1.5671962881305626,18.758967001434726
0.49017507663094145,16.35666124157172
1.2472800067955891,14.141152049818366
0.6787431407976389,31.15449915110358
1.6755882087195115,20.013736263736263
2.0027676791513267,34.1728624535316
0.8314276450747784,18.371932250259242
1.5149612631855858,30.527334300919208
-0.027734353957989955,13.434891824001298
1.3644206354645756,28.18877551020408
1.723933208246881,21.24596215966774
0.9877411211779592,23.433734939759034
1.9534135415794776,25.808353808353807
1.2770576889931875,3.3862876254180563
2.5110019696425123,36.834733893557434
1.1585703153657478,15.044871794871803
0.9996940123376981,19.754901960784316
3.3946894281818554,48.979591836734706
1.688296011482373,23.03327877795963
0.6668097084654004,21.186440677966104
1.2361031698291185,17.955773955773957
1.0350103062348568,13.106166972675233
2.6489346110742185,38.015206082432975
-0.11407437245566132,10.605642863707388
1.991683995632572,17.321288295365278
0.6845925420739836,-0.14018691588783838
0.7381221773818172,13.325867861142221
0.3894019546725299,10.811111729666543
0.4981361197776815,19.942748091603065
0.5175903786254156,9.876543209876537
1.271242744952984,25.43158567774936
-1.2936780130216798,1.8580935096361557
1.4020739206084403,11.23935454952936
0.10165051157245847,13.840996168582379
1.7407876843188497,22.13927576601671
0.6770862857863281,5.210489993098697
0.5851790999628839,6.761412575366052
1.3677367422903801,22.576596530084906
1.751982354802819,20.741819811743618
0.5096883128856665,10.330692704495199
0.4801929964769686,11.491677336747749
0.7163638794298366,25.323741007194243
0.5756920396266562,15.126811594202891
2.2346304815780176,33.91509433962264
1.5009737654318023,31.083394472976273
0.6401014269030235,15.77635327635327
1.0425205334514338,22.904727793696274
1.6392548724851776,29.605383909452442
1.7779503784673643,28.546868956032156
1.8097140308943307,25.887161084529517
1.127447051925763,18.78787878787879
1.636823994706468,22.458439897698213
2.028704969964863,9.002869440459115
1.211169463269972,16.295609152752014
2.4777446405875736,34.153005464480884
0.7040059712131717,4.8172757475082975
2.2868418010110734,32.38299274884641
1.9133668798471681,31.769856160100076
0.8368319150064145,13.910045286125971
2.1304294377806503,40.47619047619049
1.8473527843361897,19.879434589800447
1.5252104325853961,20.54075337970862
0.99959552981626,13.225138121546962
1.7867430244808404,14.679841897233203
1.0836242516462784,18.71948779511804
1.5785521276644618,9.848413520384142
0.40321238571175794,17.813455657492348
2.796638087295091,34.56332161915918
-0.03431974771709003,14.34270516717325
-0.2351793595699907,4.577505490694712
2.1738426462436586,19.72054163065399
0.750549941497042,21.310912834591626
2.58392642939316,31.590909090909093
1.3350572787301536,20.278759324695713
1.8250867657472836,21.41527001862196
2.115236569798601,12.798471824259778
0.831784872537096,14.002959674435814
2.006420202391098,29.285968872519902
0.4061970047554988,10.337012219156477
0.6765933951400744,15.868945868945872
0.8418816802414306,9.576992880078173
1.092060928244369,22.58090227961103
0.7488502651443388,15.727078457311492
1.4486358964765946,22.933715220949274
1.3306883648210408,18.59286875059746
2.0019945089894637,38.72468527640942
1.929499883012593,21.57287157287157
1.0963738701134078,24.974062546316887
0.17478913275123753,10.687830687830683
0.5870440503648275,6.88895879207297
2.4359191234317006,39.40788725991589
1.8190798941628312,18.87116948092558
1.67731844496768,26.400313356835092
0.538738275256271,13.748378728923463
0.4404499975747437,12.536705219632054
2.670435007927663,40.59602649006622
0.6114310091828159,13.39790153349476
1.2212023075163414,24.467682048950522
0.8488314223634206,11.777880245043143
0.5887467851813522,16.321776814734562
1.524801391577669,17.93484793845414
2.473281556196521,23.77892795526207
1.6266736946996878,18.245790399597894
1.7412207753400533,25.335308796007496
1.0253354914476824,6.9340548570216
0.818542167025567,19.48857032158078
0.47008315480528295,13.539509249833245
0.9022025235979445,5.442176870748291
1.7303631539188298,21.428571428571416
0.15483857973309476,3.4426229508196755
1.3120877381420772,29.681488489435523
1.7514870289897597,32.0861204013378
1.1235431981413457,19.516051419536673
2.536415385338467,21.464237516869105
0.6276728698803618,13.363074811256006
1.131709321587062,19.58333333333332
2.2017336243626104,40.29876671877714
1.0817699911318144,24.562394127611512
1.836928234633748,30.18394648829431
0.1690708184627504,10.958254269449718
1.5977034481585326,19.22685046448906
0.7582030277472026,8.695204774644978
0.8549978537382623,18.072866730584856
0.8470959211536578,12.31941161019175
0.6481687105518599,17.44099378881988
0.8333375896155718,11.507183518568716
0.4932629638678177,14.23592493297587
2.3723070862926194,27.90123456790124
0.772099144892278,21.067821067821065
1.3148315322790927,12.352092352092349
1.5401644935383665,20.348267312460358
2.604523048698644,43.18296280307935
2.1796888831903756,15.509777578743098
1.5385425002106947,15.104166666666657
1.2889956171074604,14.130434782608695
2.4322047359559504,24.218700675547694
1.5008062131726023,16.301886792452834
1.6117347822297154,27.64771460423635
0.7966227050575725,21.601581809194272
1.85405011446667,12.349133201667769
2.145530219725841,22.988086554826154
1.1503063001199898,23.789173789173788
0.5952895896967351,9.695885509838995
2.6354104638532867,31.929347826086953
0.16422747671213905,10.657662947739276
0.3742407910141535,15.768398268398265
1.5119350148085147,22.55281690140845
0.9416179744484081,29.9917149958575
0.5920603984647973,18.02469135802469
2.288063613535421,29.603366321203147
0.20188599357537873,7.493796526054602
1.2683428323970187,22.702018812916002
0.8752315963051949,2.2868217054263553
0.19357850441827543,10.903426791277255
0.7842587820812338,14.257028112449795
2.6431575865528356,39.343001538123495
0.40496222049797936,10.128019822424122
0.4868226757192803,6.825269535774744
0.7178400988139212,5.234113712374587
0.5919385611726793,8.92857142857143
1.1257969163099506,13.322259136212622
0.9794877145091525,13.566983295119556
0.9579428979194585,8.42568911622621
0.023911442800944607,11.923431734317347
1.0976136771067018,15.367839488223318
1.1546108941917368,21.213335470427957
1.6139016675833004,18.660701399913407
2.2070057304328414,27.155631253991906
0.6858417705473677,13.83512544802867
0.23482159443868805,16.805595477627662
0.9777804044301699,4.612534732942265
1.7689695504689944,28.178963893249595
0.3005368100632414,12.529550827423165
-0.034587885058926404,16.41686182669789
1.982307584226894,38.66147532358202
1.0230039306869383,12.956180510137344
0.9808080729806965,12.574999999999996
0.5931395499240029,10.606060606060609
1.1353652389303308,31.56372650278869
0.7018723797433575,20.769415148609774
1.661983378060647,11.783338612606904
0.56242959555441,16.34510374954496
1.8809788804176248,22.03942262921
1.5044406649605495,21.371591856173353
1.7739235168834013,22.926447574334887
0.4049054567607673,8.602806589383768
0.39921002987167564,12.573529411764703
0.12307597742122343,17.241379310344826
0.2352469042524405,5.111633372502929
2.2946298812487926,37.71645021645022
2.7110929240057815,31.37175324675325
2.097814421824343,24.362464183381093
1.4404658739598484,28.78864353312303
2.131802383696075,7.46596398770312
1.0872807839054692,10.578532153956488
0.6464572695901862,18.350055741360094
1.920401474992126,26.060291060291064
0.4624611418967385,11.91222570532915
-0.18381378048443334,-0.1246105919003071
2.1422850037134022,38.63964571098489
-0.09613329985713281,11.890798786653178
-0.06564698883423843,1.6627265563435714
0.25312578254473417,8.227731864095496
0.6903655157747882,16.87164179104478
-0.649679055306289,3.521825396825399
0.5397887933566632,11.009414225941427
2.3554663034895165,30.508474576271183
1.1237335483342108,22.67175572519084
2.270071217302541,28.463302752293572
1.5010024225381504,12.045392398140557
0.3460425379623718,13.319913589945003
0.02748584477186455,14.238592633315008
2.8790643929417152,36.833333333333336
1.235526826936383,7.003154574132488
0.7451001999248084,18.6474959328145
0.9929285747022358,13.003663003663014
0.9691265870037692,21.699363732767758
1.1486281791417046,9.026089774752876
0.5840005404597368,19.565217391304344
1.534895796521675,21.2156312869597
1.1872240984174198,17.684377478191912
0.8678753253516387,14.037267080745345
2.3228451598627937,39.36796536796536
0.20014218412841744,3.0176116838487985
0.03923050328365327,12.443158329888384
0.7414977219521539,8.748290013679892
0.6528759039659816,14.626096756017063
1.0070802864304014,21.08918128654971
1.1194580546358628,19.008467296600813
1.30769620903746,21.130221130221138
1.4589970170923876,25.071698113207553
2.0116496355918674,17.947041516835576
2.1773977119753347,30.342465753424662
1.450198382584169,9.545454545454547
0.10686506511095789,9.051085486052955
1.1904448059044197,13.906303993681192
0.8850108668589853,19.111111111111114
1.1993935531164066,31.78904428904429
1.9924692443229,27.939406809655274
1.083268243843844,8.308055274688243
2.165855332167956,28.752598752598757
1.5104516390962082,17.018451216102882
1.6040671454426028,28.316032295271057
1.2156946066857155,14.161810543434065
1.5713542305656012,28.609934539853676
0.2657815669770127,2.5462962962962905
0.6071437167349478,20.161764705882348
2.8630018679589186,38.3107088989442
1.6462229210477395,29.804341999463958
0.03155124111338348,16.205533596837938
0.711084419271253,8.330968931763366
0.6670840324762071,16.259569814072194
0.394496936922574,8.835668513087867
0.6681802087115918,10.992907801418433
0.4628641658242906,4.00426604615086
2.2599096747092537,23.516260162601625
1.3888016192970156,14.895330112721425
0.5561741206537307,15.385920271416452
1.398334513089496,4.20765027322404
2.3697309893712255,27.069767441860463
1.0201460679248433,13.695529145444254
0.7111028707949291,10.633116883116877
1.9820745429152686,35.521387739010436
0.8499444225169885,25.789473684210527
0.31416830581371447,11.026516145970078
1.3029642388870943,15.499425947187135
1.887016193148903,21.38983050847458
2.1782260349650464,27.354443309499494
1.3943828588055056,18.582423038728898
0.6204591551147804,7.794871794871796
1.6785761716257244,19.757575757575744
1.2606091769906025,25.08591065292095
0.36189236466902386,16.899567255679777
1.6999939085686009,28.0022766078543
1.1847045038631872,15.314773286659737
1.2139666335269252,23.56044349070099
0.4756674770145325,13.899613899613904
1.8817598078376503,16.81159420289854
0.21896360618708358,15.292215292215296
1.2426211609717477,12.308943089430898
1.111931685099937,24.877932594974396
1.1722806573590443,8.516886930983844
0.6957880587022667,15.302089215132696
1.9001573040059487,22.407834101382477
1.5092729256847792,13.337620578778136
0.746480020009272,11.72487526728439
1.2175800242239165,16.132470498667686
0.3014894614457574,9.596844872918489
0.8252405006065251,11.880286271958362
1.2152319372038811,13.310961968680083
0.29235442883303775,10.505050505050505
2.3097149970445106,31.30586095072372
0.6423376420860516,6.8592767295597525
1.1099490180781395,19.581410412112376
0.565408099867475,16.53061224489796
0.13243849823181583,10.009187423438135
1.8053853121696277,28.709055876685944
2.050488655475215,12.920168067226882
0.4774965818548237,12.458471760797352
1.896723717401485,18.56623907367466
1.4611286798359207,25.582573454913884
1.7282616420030792,21.326164874551964
0.7984975486348349,18.444117458895775
1.6822853158537425,16.476190476190474
0.615104015407661,13.707850193256029
1.1353490876415542,10.409745293466223
1.321213886224097,25.041898686273456
-0.40146266143902926,10.701140138252988
0.12120909326692944,16.263812154696133
-0.25901080228989803,12.100893997445723
0.3590011982599996,3.174179781275008
1.9708995744969693,17.93766578249336
0.4304062435955926,10.288520564763658
2.0698132405077745,35.5897435897436
0.6119585746222658,9.668109668109665
1.1969046811817063,9.502982107355862
-0.354936102359654,7.132298595713223
0.7920617168422085,11.464149427595906
1.0946022335736245,33.22787670613757
-0.32730840068916356,-0.5644811115935724
0.49843775846590105,17.584088559090077
1.526648765673074,18.566433566433574
1.7631278346308417,24.13197016842002
0.9566743904625509,20.03325942350334
0.777938016686937,5.790960451977398
1.3548527070509453,31.48148148148148
-0.08999296879238514,6.2668960432538725
1.042068798639129,21.625544267053705
1.1374906610570714,30.075757575757578
2.24498443546071,26.688892788208456
2.095394388009023,23.668430335097007
2.688407360588646,36.395348837209305
0.941354662941954,22.038369304556355
1.6885513592899772,25.590108654926937
1.0531441996698185,10.508113860069166
1.283580222198849,25.24545376931615
1.0772024069975612,27.093023255813954
0.9765687552512541,13.850195503421318
1.7022319973308855,21.634671320535197
1.8613557516973929,20.470588235294116
1.420477194590176,16.619250829777137
1.1070274736172736,18.031674208144807
1.279917201712407,10.620815581253808
0.5172300460131337,16.79452054794521
1.2561402468309422,12.313481250810952
1.7706271840246672,34.38967136150236
1.1342539261701758,21.574618096357227
0.9307195085684196,16.301282051282044
1.47088175485481,15.21647751155949
2.6390763699238233,24.877250409165306
1.9692800605772425,16.716943187531427
0.5972169519196956,5.425935973955511
2.328011163346134,38.68347338935573
0.31996507262064056,8.056478405315616
1.4594248718448257,24.283121597096184
0.3124967711277006,11.26186571243975
0.9235156932118107,13.381782945736425
0.817771661932652,12.06896551724138
-0.07011820734685872,9.24741498774118
1.461304295258534,15.46601546601547
0.7050693383094857,22.14285714285714
1.1213847893730262,24.098258706467675
1.9801884760401829,26.579290133507
0.15004655946812073,9.180672268907564
0.9276110925902379,19.737448180561962
1.5864971794801637,24.841370558375637
2.0861240240463768,26.231060606060602
3.0477708347717645,42.99811439346323
1.0971812948152082,19.73435729573208
2.7363678162928027,30.893424795047686
1.7725024798532292,24.972235443439622
2.3316668986443103,17.411387631975863
1.2023968375953489,17.03772418058132
1.2517065345251819,19.14567183462532
0.7512715874060603,12.321909896033887
2.0563044782900493,16.717042548244606
1.9799606843859734,19.00584795321638
-0.005748273093786671,-2.7213352685050722
1.1443436812998355,18.469834850016838
0.20654004338689935,14.324110671936765
0.7233949913445382,6.150102938424112
0.9421478720074913,22.645468108914578
0.5088933379592623,6.175637393767708
2.644832715705613,29.977691020635817
1.091481318949977,23.426870748299315
1.572651931976909,28.242444518791118
0.730564497774801,23.440955329500227
2.309530807065484,13.53346107444468
0.4773708521083283,11.148648648648653
2.5038095311868216,28.647232230592856
0.9785594826748966,14.840534979423872
1.8890925834596604,17.29906542056075
0.8768272413073962,9.241913325839889
0.22471639756075784,12.962962962962962
1.1077759181702254,26.226435894609203
2.3574193079238186,17.528402504057496
1.0261190665209914,21.04430379746836
1.0089440185133314,6.507924354949857
2.3339309096277256,27.00447093889717
0.996655833818937,19.12769311613242
0.6973627270372713,20.457491422035837
1.060882526204158,12.376450365277186
0.5318726917412682,13.914924297043989
2.5472753943978086,22.235427277872105
1.205205946618709,15.904817011427738
1.398920092579803,16.32024634334102
1.0321568651239388,17.814793901750427
1.1334045969313489,17.927051671732514
1.7862955614306468,22.622850122850124
0.5840015408897773,20.683453237410077
0.8612982595401244,7.286949361877312
1.091160740533467,18.266384778012686
1.0109133372243464,17.65201010060523
0.4670880184330816,18.492911516167325
2.4268055458512756,18.245614035087712
0.9031043982339293,16.63615560640732
1.1276329053304397,8.281726592106473
1.5462736611690682,23.87755102040817
1.3617525383883762,16.280594405594407
1.8885554621742016,23.86515890455008
1.0422489107302597,26.82566483748416
0.7506030755875471,13.358585858585855
0.8749509574292447,1.1792452830188722
1.364177800833845,13.963963963963963
1.5289412223523153,34.72972972972973
1.8168316389478925,26.00247306129659
0.8405873839009999,14.714714714714717
2.1930153569613413,26.219153936545247
1.2447838800855018,28.11764705882353
-0.2544843312207903,-1.1453113815318545
0.9843419062614404,25.07874015748031
0.7623655303118118,19.358784523273037
0.1651357089781576,7.812908283250593
1.3602677813507666,22.727272727272734
1.3634428469613327,17.91666666666665
1.6265585046738655,24.3936243936244
2.2081165556636013,16.94599627560521
1.9755748234036465,20.299145299145287
2.2358646276595446,34.072164948453604
2.007494636770511,26.51964418087472
1.3641874036467376,26.430449480405656
0.11121094577142793,0.40594468143662965
0.35796014360916334,11.025641025641022
1.3968575417924005,29.760348583878
1.1816810454209437,15.11857707509882
1.683915387866003,18.59302067126027
0.4576133232635665,7.727272727272734
1.4437637133880865,16.114790286975705
0.7718034110088172,14.74358974358973
1.676657475075317,23.86167457919725
0.7575092778114441,11.33216830219115
0.5563356108165944,13.828238719068402
0.3369028053028383,10.935280990058835
1.5070430870784164,22.731970601745523
1.6465536273049217,18.526315789473685
1.342683891591583,16.919781931464186
1.5886490883346334,26.819104605192862
0.9050180994716073,14.779288952517291
0.6743105600393795,20.70036225633949
0.5387627008842287,3.032221753201071
1.1556623940321793,17.659352142110762
2.4687864826529453,29.061976549413743
2.0720172604765406,22.552171029134136
1.0761155600713228,25.0155655482532
2.808349188670717,33.240968801313635
0.11706023909503538,12.538699690402474
0.5306857938092975,12.727272727272734
0.6083984521898784,12.63444084602775
0.6010440988511948,17.649467649467645
2.6027323854970645,31.385390428211586
0.9307570823260951,25.255165546427676
1.7156967155316936,14.06003159557661
0.8324861225615027,21.040627227369917
1.6392625794178435,11.744491611077429
2.3406006051938615,27.2005772005772
1.5458807808830388,11.200000000000003
0.893794882049975,20.110146862483305
2.2987681285114165,32.041698449021105
1.465636858415823,17.66077060194707
1.4477335732081777,14.766714766714763
2.2479978581291546,24.33715220949263
0.15704861246012242,9.819688109161788
2.076286276602177,30.257320319432125
0.9965054239227433,12.577792335407793
0.3772706163989211,19.189277541680283
0.942198275446646,16.967418546365913
0.9402282353520965,16.108905275099254
1.1970289527495837,23.11171415649028
2.478329779740884,27.879291251384274
0.15273876578956533,9.528730880529132
-0.033789399938762926,16.01851851851852
0.7531617146805557,28.159066482419767
0.8389723741668508,16.533466533466516
1.4754361532978955,30.233997771449815
0.9618060800578586,18.75
0.9990881572361093,19.696250593260558
0.5705085062821034,11.400720491629592
2.532876687680063,44.987468671679196
2.38752534779264,27.389705882352942
0.8915335158083089,14.475965327029158
1.7606721902350628,17.743589743589745
0.7378955303817945,14.915693904020735
-0.2598267905262985,3.6074270557029138
0.9131961136091271,16.552684903748734
0.9343509821117575,8.98979685632871
1.0467981473990138,16.544781897960945
0.8501624527317992,19.83171093878898
1.8508279705971715,26.477993286087276
1.4594400676853074,19.097222222222214
1.2643425093121186,25.88149763722283
0.6115423192234762,17.33500417710944
2.107778823820873,27.384356602186728
0.42358464951598573,9.590792838874684
1.231381183589922,17.728180003629106
1.7975387492241006,26.838095238095235
-0.13096545973295365,15.97405717030987
1.498866649937674,31.29332541097247
1.3676383801885406,16.34268258816995
1.4561164922409264,18.01788375558867
-0.006639021911055094,13.478980470043034
1.6341153736249936,29.602390255113768
1.3912465877466087,27.253731343283583
0.6854639502736487,24.642857142857153
1.8156459759457813,30.60845906505071
1.000462828553451,11.427528294998169
1.2578174342417439,9.540117416829737
1.19945040168084,16.717479674796742
1.0117436791691594,28.785644051130774
0.7750727146539302,18.948971820258954
0.8870072334352803,18.78101539636087
1.7007185634296502,27.126865671641795
1.6927255109074735,19.19786096256685
2.5499434159831402,34.60514640638865
-0.12899088133960912,6.645273432277037
1.6731724168635258,29.19338096110399
0.4171148126167982,16.041244083840432
1.1089679802903092,16.88425713849442
0.2796351939826032,8.206831119544596
0.7126533224285359,15.957613814756677
1.54603263437342,26.47849462365592
1.366440349212235,25.784004453516417
1.1393810246158602,16.353225172626736
0.7769970270718647,19.384236453201964
0.524748697071602,12.842712842712842
0.6389092488986234,11.118737131091287
0.21500162532565448,12.349929378531073
1.4096423594375067,20.304257146362396
0.25178670441407264,13.24144720649766
1.2087333031255263,20.875166432761155
2.4989082902696196,20.841661114812354
0.9861116920463321,9.528214616096207
-0.3451778036637006,1.4600388218415077
0.1102802236956257,9.117647058823536
2.2520773401951133,15.471759184334033
1.9483904692746004,17.433739255014324
-0.08501931785090103,5.521715445946619
0.7872146931820734,15.80732700135686
0.831782503150043,20.631779536792727
1.9266903573806935,25.40705563093622
1.2780253547199258,11.969507338718849
1.0403413982980814,23.60088795420026
1.3883445330783157,19.61028192371475
0.38529224799877065,13.89621811785399
1.4003290959478978,10.8961163716207
1.7291804715405847,26.138147566718985
0.33558810931656174,26.985559566787003
0.49521678415481674,16.90251572327044
0.46855616283835555,12.642669007901667
0.756745567920735,6.423316355404644
0.2881929960828031,12.048965316234337
2.2238292564475324,42.029719689294154
0.5175220173862864,20.956183456183467
1.2484715210905843,24.999999999999986
1.8712750742145023,19.674256543229887
-0.12552204971825562,9.688013136289001
1.9031961887596243,14.755877034358043
1.4008350932209417,26.767034900772316
1.57751139517888,24.192607003891048
0.8236458956529679,11.911357340720222
0.9650263024045089,8.768012989648874
1.4199754145431767,35.13016411997736
-0.4129539000853998,5.200613340148216
1.3712528367083885,13.085864266966631
1.114606949611104,16.860857818304623
2.0589471684101155,26.846499678869613
0.7194509382214141,20.23305698881095
0.636618014048185,20.779220779220793
2.144858655368338,37.04484195050234
0.32498689281680093,17.26386063735461
0.6200514783789274,16.59353809333865
1.9120721494190542,19.150326797385617
2.366397068758875,39.05494505494506
1.0688791259181825,18.374535673113876
1.923916573804188,34.38851409790695
1.6378739715177362,26.873148397522215
1.9366790250629982,34.180790960451986
1.06325987309015,17.351598173515974
0.6234041902702894,21.15270350564468
2.1384656251804635,27.70394979697305
2.002282838745979,18.93657487802861
1.7139787062607084,25.314685314685313
0.6944638887409437,7.206604194555993
2.0425408467824337,28.611617608752283
1.1455275325966725,15.334886867623851
0.5221415552103161,15.628090999010873
1.635124766358005,29.79926165205353
0.1625089254825316,7.193452665837086
2.140151290851677,35.41458541458542
0.9600594364155509,19.945967316816024
0.5272428714968388,-4.498525073746308
0.8786064748597303,15.238990332975298
1.9081139811224148,22.168613509395634
0.8972181781647615,14.538244387686511
1.914111028648379,22.186046511627907
0.33264367798473915,3.096338689559026
0.8483086966942698,18.49194962537861
1.568718663454407,25.310173697270486
-0.19818065328668286,3.0619168787107682
1.3351518912206233,18.035674961462227
2.5054581761423647,30.859802847754665
1.509477709751683,28.874143835616437
1.7477138891190602,18.11547344110854
1.2701489807992408,9.032730825598435
1.537158549397995,15.654901960784315
0.6182283802287211,21.904080171796707
2.024893118212715,29.090909090909093
0.06138803283598902,5.99204716851775
2.091439253587863,38.05793553651571
1.5823703356233663,20.41874376869393
0.7065289690684712,19.544861917743262
1.3728098851336572,25.360870530757268
0.9839168117705868,20.060851926977698
1.9595793146438796,27.492668621700886
0.961963775844288,15.079113924050638
2.711817565639286,28.130774697938875
1.8156409731401615,8.987463837994213
0.18029785789041897,25.073843124384645
1.847079847976191,28.835008870490825
0.6755845570457097,20.462962962962962
1.231121816300017,24.04312668463613
-0.01830020196011478,18.27731092436975
1.5545205065285148,20.75358851674642
1.1519516169629114,9.790542684861947
0.7628383551196425,4.722142240138211
1.0254820363564867,22.10989010989011
1.536926761227106,24.865735767991403
0.5180465283093585,21.013621794871796
0.361542487010791,9.89664082687338
2.4711545684345984,33.720930232558146
0.7045228721981964,16.46983311938382
0.6352452608530679,18.199408149328484
-0.15199179306817995,6.134934248141789
1.6655249489232493,24.175297276563093
2.268615276301401,25.015713387806407
1.4370021572701848,17.400265957446813
1.7532979488092582,22.764598540145982
0.17978374700857377,6.8253968253968225
1.2703614479205951,12.11509629800485
0.11238448719319824,4.779158040027603
0.9735246999603333,22.483552631578945
0.24538398201338635,9.962335216572498
0.31118685162183224,5.118733509234829
2.01754118472257,35.62091503267974
0.6151463100963326,15.013345195729535
0.7439621882668752,3.7864732669927506
0.325940633609622,9.441930618401216
1.6165953125430204,20.881622516556284
-0.09687849877309962,9.819004524886878
2.634361885123553,22.197802197802197
2.2368551756164097,28.92720306513411
1.2514092520997635,17.214912280701753
1.0820284411152417,8.42961061189559
1.453846006270806,21.935595567867033
1.5715656637537532,21.422222222222217
1.53909177311627,26.2149983907306
1.8485600639465756,11.145069274653629
1.5274171810459602,31.71073178611814
2.6277253066631117,38.99638194116722
0.5188260635207866,16.399217221135025
0.9529696436248322,13.911730156066447
1.0787591628518918,24.0798073615411
0.22146052877429323,12.087912087912088
1.671517363723555,18.958333333333336
1.7098791646785916,32.521367521367516
1.2805190214907602,25.61038961038961
0.23195009105501152,13.312058354228405
1.5250782757788768,15.053763440860209
1.5238713307712053,13.250517598343677
1.3989496580462064,21.378708551483413
0.8548272050527603,17.35537190082644
1.2433191243484987,24.243361691157517
1.4333875348259413,14.073550212164072
1.2672030821347477,33.46924510717614
2.1490028957016896,26.07142857142857
0.10026959462428103,11.475625823451914
1.8345287245636235,23.660860992441677
-0.1822842888844274,0.7534246575342394
1.278076107555939,21.42857142857143
0.8660354099393024,20.43227665706052
2.6370048582064682,20.60037523452158
2.6883242266804865,33.61485571977695
1.8875120267333791,15.066762901479613
1.4692323013036872,8.521617852161775
0.7050192040526291,10.466988727858293
2.53597630971084,22.358974358974365
2.7842262192559826,32.80328480776409
0.3386413050448356,6.9822485207100655
0.8475327787590708,20.044091710758387
1.6064505080428169,32.5884016973126
1.2971026165941573,22.217365967365957
0.5932038952730544,14.988175009854153
1.7658937150346223,24.200201207243452
0.514504904655279,15.00254496097726
1.511210993931475,21.936758893280626
1.2744531091385767,31.29818069688561
2.5211401232057713,32.3695788812068
-0.5999237410347313,8.978174603174594
0.7792942515143291,14.64138876199177
1.5181918859620918,21.987230646448523
0.8135915924743397,6.225063938618931
1.4332468939070562,23.26811511773404
2.0711280084756516,26.580459770114942
2.8058287043323364,27.204502814258916
1.3480193020246158,18.657367044463825
3.0253224835124506,32.66778233019793
0.9710846648638098,14.309646796035182
1.5272950411457773,26.039711547960096
1.8108281037474523,21.791682860474154
1.0309725964605405,16.824335085204645
2.0093821579996005,30.44767920900852
0.14861052301392025,14.623158407402897
1.7599754838357438,33.17195064813368
0.9291369055378946,26.016830294530152
1.1273208950896416,6.8354430379746915
0.8326475998729286,20.599072863425647
2.221721232816811,21.598457253053347
1.4249449709763908,29.174440298507463
1.4511387795676942,10.316455696202532
0.2524260959685608,8.894724823018954
1.0466875696189581,14.918414918414918
2.0132856411496567,37.243958573072504
1.5119829010260568,13.57680722891567
0.2526988461893718,6.641025641025649
1.3060311255687929,25.568268497330273
1.1116728477146856,19.478908188585613
1.600523102021987,25.675675675675677
1.2501316021667987,18.352717431058444
0.6877076961694456,13.665389527458501
1.4380447109050676,15.418355818435579
1.9146135334019547,20.413691209061803
-0.047247962508669805,7.610410094637224
1.9018668186596694,13.920745920745922
1.636250652075668,15.656288574955433
0.8108588673515215,14.646795501692331
1.2749599468411437,24.105865522174547
0.34448479908910457,8.809759314210353
2.6927515207488324,42.42527173913044
0.6448466343716802,10.770597379524766
1.2053842768653849,22.74353410357164
1.5267540493804335,14.49709277097979
0.55738952474861,10.569105691056897
0.9800247554498226,24.522724473457316
1.5054853619102264,18.84834981200389
0.6794952829305849,7.976782752902153
2.075694308017299,29.431818181818187
1.127136609648645,19.787882339153875
0.4365906708078687,13.80450070323488
1.6584759704152214,16.050159775346188
0.9008811424745321,16.989247311827945
0.8690489924253664,8.21339950372208
0.4038943710068856,22.876447876447884
1.1014313997251564,14.98532648569332
1.6807170848760744,26.03305785123967
1.3539687431111096,17.776872964169378
1.2088816413661099,29.553140096618357
0.14197657411668518,12.241200828157353
1.6330080202510366,17.764438676184305
0.554784955387232,24.204090238245833
0.796985435108208,17.346938775510196
2.2324515037141266,29.89368355222014
2.4168575409435755,35.17562506326551
0.9540621034153485,16.359938008523834
-0.30749053346480826,19.557344064386314
0.1658513057618896,11.990261716372487
0.775137840236928,16.37323943661972
0.6410300207042264,5.019305019305023
0.6904369843796253,18.23654090716404
1.586986083465522,16.91220440337048
0.793717772818414,17.848970251716253
2.897441736730416,41.021517302573216
1.0981564811421003,6.913774973711881
1.4503384486817676,22.708688921525827
-0.37288535002262274,-0.9636333165745015
0.6640317965175806,10.526315789473685
0.6076039975343177,11.358974358974365
1.248188338548751,20.4069200779727
-0.5842115509236382,0.06006006006006004
2.2502214462345105,33.319943763808006
0.6162053707158067,24.141272746850433
0.46500690603389166,9.957889521922212
1.7532466129177453,13.551548003752735
2.2569792951165604,26.174090183339757
1.6566998855463173,18.621179815209672
1.0507928215886955,28.445044234517916
0.777643942508073,16.964285714285708
0.899304374536996,14.4307982994804
1.7032868442693263,36.111111111111114
1.5311038081245618,25.25778790839032
0.2939541397109792,10.8739837398374
2.0802727212152585,34.764691829909225
1.572429573495636,23.20497729947872
0.03131021914604604,11.167163494611316
1.052248000066893,15.00141723356009
0.6728034703785918,13.141380583241045
1.7506220677560347,29.42397509081475
0.2040117772212245,15.910028235144821
1.9176678480985165,13.826847801059166
1.7913718943329942,28.954285177884167
1.4190024834093347,14.878598247809755
0.4920138109350824,14.380491303568228
1.470166676657285,29.875239426411966
0.9812050780012291,19.76670201484624
1.1080144689691815,17.18213058419243
0.9507499052863863,20.156736760124616
1.2068977197661623,14.019607843137244
1.9360618226004171,24.211502782931348
1.90593918200739,35.1063829787234
0.5747093882725611,4.683111491024555
0.3511515359009106,5.819397993311043
0.8871770518071262,12.954876273653554
0.6832476148683869,12.738589211618262
0.4821237434991891,21.009627052827454
0.20531460124983109,12.757575757575758
1.0396431987866626,14.683625091174328
0.6489969651759567,11.670461253056736
2.5295000773508076,34.74158494566658
0.8977205335704804,10.49134240623603
0.572191076708355,18.97959183673469
0.678707108002673,3.6781609195402325
2.353056707360947,25.405844155844164
0.9916032658409066,20.853011344271884
1.1882976678358022,24.054026188266832
0.24656496727755864,7.192636423405652
0.6386899264923221,15.928162095783868
0.7129111570853823,16.26666666666666
1.772267816274219,22.714633298574903
1.5581408596084185,14.356160577858041
-0.030178671170336846,23.792936623125307
0.54897351254542,29.9530972020055
2.0007354069659313,38.864468864468854
1.0808008576120842,8.496560759908284
1.117821958445095,19.092045782437246
0.2763889015760272,11.66093928980527
1.1473091971664422,13.692880335788395
0.8690689094451656,4.147465437788021
1.0548576412450101,10.954293779177078
0.8419690227445531,25.75288843992677
1.0537977939652234,7.420443587270974
2.6210488031700185,32.18164794007491
2.1640187409020797,23.196478921669765
0.9636412156233954,12.969696969696962
2.65251048396876,27.568612707449383
1.3343734174192496,22.75818104547387
1.076298649690662,11.323459149546103
1.6449177342761154,24.352761405806596
1.393573547573325,24.192909487027123
1.5744330307223202,25.372960372960364
1.888299181226989,36.62674650698604
2.3503261921697627,31.684981684981686
0.6866151265683886,15.234262719172172
0.5404294227190398,12.950962375471512
1.2023233003035658,18.068887634105025
0.10422479580493815,5.187074829931973
-0.5790562145444269,1.3014508998069587
0.9512562914692364,9.847832328452476
1.3810082846701097,22.246412666996534
2.0176697018257657,13.440598082236306
0.277831045455744,7.713673131273758
0.6508297534580165,10.465378542966697
0.464274347563444,12.3483335893104
2.2740426646686394,28.30162668872346
0.8212161377980386,17.580843225542374
0.8156189228572623,15.487590384991215
-0.3988761858586681,10.884661835748787
1.8959158092522672,25.195643404598634
0.9199743692705631,14.09375933114363
0.6618819389102893,14.405338637749047
1.1205857792287774,23.57526194735496
0.9563312800418342,20.110601564607492
2.422075697106205,13.756515264333572
1.6988303641141669,17.009900990099013
1.6758902579014123,24.179206566347467
0.40613946159859066,17.09776109025171
0.91861428952143,18.83202099737533
1.3098310345107071,11.909295482084126
0.42761392063147197,18.676649129906927
1.0389680988102326,17.94148380355277
1.041673882590123,20.06495564005069
0.9897668278747596,14.653929343907706
0.08257499999120141,5.785714285714278
2.216341055936245,33.47550908090259
0.6557326340265391,12.665624228458569
1.6881688334188516,27.752756639229688
1.9492674420742984,29.67790262172285
-0.40713390584277187,11.611471772536774
0.5970519144632807,8.829961727720068
0.12068015765630169,14.079291315713043
1.8188434679169418,25.159154570919284
0.9985359655526833,21.933774834437088
1.8821233707078908,20.833333333333336
2.0354618086445755,27.2505574136009
1.5644621497865079,37.57004236709034
1.955347603213863,32.92027470886832
0.3816046994688086,15.588235294117645
0.7986553335829945,22.818652849740936
0.39252672031766805,14.340821420467442
0.7834257625554835,17.808393927796914
0.7491024642258629,14.937877174298897
0.7480738006336338,13.243988963342517
1.389046401982348,21.245120197246756
1.3560794523136959,24.335310920676775
0.5108346177599057,13.54037267080745
0.7807139016321025,24.38725490196078
1.4730739105834103,17.513036502206177
1.4839547709111365,21.055437100213226
3.2147612897023867,36.02367973741282
2.110628804482788,30.20637898686679
1.4611561995494131,28.623845646437992
0.4185224537185937,11.393437054147704
0.46982883713937085,7.973590655154908
1.6337621271284777,26.02108036890646
1.0403197996809157,15.727526013532724
1.0595776529187495,24.150010302905415
1.4453965956974206,15.446859903381643
1.5771389923459131,24.9521622655951
0.4482331649460467,15.663832570307385
1.5132930279301702,25.864462392730942
0.6714930199172339,13.66809552969994
-0.17468256185023712,6.515679442508706
0.8916571896248786,26.524766932494664
0.5240891444482672,11.169201520912551
1.5068144000923145,34.91680733060044
1.2555501474211486,16.769626769626775
1.5947171680875154,25.878993396394797
0.5896742024543504,17.343987823439875
1.2743772739303367,6.345267635590211
0.684931829789202,10.620347394540943
0.3173830156232791,11.935816413428356
2.4324146353417353,42.180841208078554
1.1538879199679726,20.81884057971014
1.421858040712803,12.368600682593865
0.10557139253475983,9.73111395646606
2.338546914359087,24.503591043514987
2.123096964814539,25.109364319890638
-0.530353644858818,8.15188528943176
2.802379443473723,39.12801484230056
0.42581383199228257,14.170040485829965
-0.2741984972928524,7.26102941176471
2.3187444528492316,34.45605884630276
1.0831646976525515,6.132016502062754
1.3270689679765493,16.49073422472437
1.3329353858828104,19.158719346049047
0.7118251830649355,22.39583333333333
2.59499287724492,20.134042700200375
0.35677345814300493,21.955307262569832
0.28090113439898323,9.279538904899134
2.3300254986786224,24.868464868464876
0.8208929944758876,12.214022140221402
1.72014410640223,21.870199692780332
1.6280275849506194,15.23153942428035
1.2668270778355053,24.538948527387838
0.41398266284428875,11.214285714285708
1.3831078264225645,24.316223304608464
1.25077296941287,22.07923655292076
1.4505789281275185,34.209555432577005
0.4294839236285117,16.787439613526566
1.4198361106466209,18.745497334421977
0.6777035625910232,8.9200908527772
0.8602436763275623,7.406015037593981
0.8754156566329718,16.91756272401434
1.761270305354188,13.034188034188034
0.6577897006403421,15.813598166539343
0.9107053631284167,16.969696969696983
0.821504953378733,18.32448781601324
1.8647223766764536,16.385240775484675
0.8044715769649535,22.18487394957983
2.404734737692745,24.263640753259295
0.8126512789522653,15.46190476190477
2.174616396725114,9.463680467867349
2.2296789281914884,28.714349708824848
1.0511437815985063,13.204062788550317
1.3834687651716644,21.58425123037263
0.3452444298078159,13.803269900830877
2.4621164916445957,39.45328437372501
1.856291752609676,30.893592004703116
1.1510313683144322,18.11777456647399
2.123465369261007,22.497446373850863
1.4106788903026959,22.927267285243936
1.2190045759942036,12.262737262737268
1.8316114932284142,30.977130977130983
0.21238707980326688,5.464693035670955
0.8043481599561509,19.723947550034502
1.3622851785607772,24.004723346828598
0.44167862129643715,16.811188811188806
0.6466599322106352,23.983982787473103
2.2849474682444786,33.64779874213838
0.061581208469012216,9.634784233140294
2.40480910651454,32.67615411315516
1.6184095164642485,26.4751552795031
1.0298845729658253,16.525252525252526
1.9998553505971015,35.6904761904762
1.1832302869362121,14.720394736842103
1.2134298391685563,23.46607593632477
1.2688767163845964,15.312872344796425
1.867137723327362,19.719227579670658
2.022620270603417,21.1467522052927
0.44409942946157377,7.701525054466231
-0.7198153933049869,-5.536332179930795
1.149568390393661,18.4760223595175
0.352921169702621,18.06692125841063
-0.06380784260751254,8.177613320999079
2.773503702331195,23.627157324204816
0.5546798991399324,9.235209235209233
-1.4812012992530827,-0.9637188208616791
1.95989052821212,12.083561727267195
1.3107971866508088,11.64434523809524
0.9900795893502679,12.644514512086666
1.2527397258544437,18.379173153433662
1.835454720396883,34.01978598828992
1.6720877241756618,27.18234323432344
1.0466603783449848,18.34742351046698
0.3650420670876699,14.112903225806448
1.5475750024266333,29.712751984466898
0.17696091162207117,-6.884057971014492
1.1469179730888235,13.278875379939208
1.5331056340609988,24.476190476190474
0.35448735830554756,12.033511043412034
0.9613683403768554,19.225948764225194
0.530507243451853,6.2519118996635115
2.169340539196579,33.81410256410257
1.2953395805108863,21.054147465437786
0.522378068373595,14.213375240090798
1.5620098438676817,31.528003133217695
1.3632270678547487,27.77093596059114
0.5291334029431154,9.85306828003457
-0.21116268686728024,7.206156716417908
1.699704117711832,24.029451137884863
1.3790048074591794,34.225983076157284
0.5751167752400739,14.295103516266856
-0.3081779213423067,6.620879120879117
2.4728638245985923,33.346389868128995
0.4622184404544699,14.172813487881967
0.19857433361590987,5.188734369522024
1.1530249569688078,15.842911877394627
2.789937864219888,29.629042485732413
1.2656879550234121,28.545261737202345
1.723575352156719,22.819472616632865
1.7001656487149348,30.866114561766736
1.1573612292269626,15.188001689902826
0.9265860222126254,16.195063214930755
0.665178071231213,12.406576980568005
0.7083044489421657,19.429046563192898
1.9615703936998998,30.0650054171181
1.4241317643323372,17.511972765564593
2.3150836980755756,42.385986106916334
0.10795194425961613,6.626157407407405
0.489373984323196,11.999999999999993
0.9963034355684472,12.096188747731404
1.4733419174635256,21.870270270270275
2.3907752943073746,25.801886792452834
1.779393062306708,13.715498938428873
1.7057238059234792,18.130921619293716
-0.16110935120250458,1.43645512092192
0.5126205609481355,16.938490214352285
1.7140796772716558,10.117897178198689
1.5412677278046736,27.90385805652982
1.3422591054579662,26.01437258153676
0.7798357802191556,15.43611075003249
-0.23500890539919295,8.775935003021551
2.707545181361051,43.659420289855085
0.15667533596967356,17.23764875586008
1.4857681250555297,18.53906065612461
1.170946079118254,26.805728518057286
0.21555543796015814,18.085106382978722
-0.3220630798624378,10.951232791475462
1.3121783914973804,23.81340949272405
-0.21905781224129922,14.767932489451468
1.627257843483164,21.275121275121258
0.26041540047292805,8.853359628116642
0.8202101481492587,20.93429636533085
2.5424999028455018,32.18092252575011
1.4220524483829213,18.98774983881367
0.5305808082422648,2.905701754385973
0.231312018947059,5.70637119113573
2.699436353977376,35.76086956521739
2.2636827168204157,32.43553008595988
0.9966783490063913,19.62878210017798
1.1359838263423188,17.58130081300812
1.4533193116755412,23.851992409867172
2.1971578999513013,22.257907542579076
2.3280206931747407,38.82591093117408
1.8901368402775522,28.835582208895552
2.429029859028469,31.94894146948942
0.819549683607119,30.582181414589847
1.8661078788614474,29.81442044417402
0.9014921846110207,19.611679711017466
1.7185197909373824,20.9149855907781
1.373099774281358,10.594080564162837
1.32745382540268,20.088199513381994
0.35534434941662496,11.254370629370634
1.1889239488106018,26.402050181774847
0.12809100131376203,5.419799498746869
2.6513046409231986,30.250237567310748
-1.2110395116275365,-0.29350104821803313
1.026603318223504,16.040903540903543
1.323320678512782,20.25641025641024
0.23675609509393233,15.096507352941174
1.510086661973642,15.682062298603654
-0.05435154382374108,13.51010101010101
1.5627622423009626,17.573051948051948
2.5032900067598343,33.566933638443935
1.8814795192546447,22.639925373134332
1.4169183529850613,15.634115849423544
-0.18236310077294882,9.269573010690735
0.8936298885442933,12.100103199174406
0.7083031988764728,7.568673290473413
2.6404750050580525,33.06666666666667
0.14715592340823064,-0.3678724708767618
-0.707339147846447,6.694664031620555
-0.29551107047460945,1.8710595891803976
0.45433266504731473,8.797250859106533
0.7383415034386376,19.53007518796992
0.8685935202090576,12.802107002685396
1.1014076216989808,14.812942366026284
1.5497800299367284,20.6803720019579
0.036046611002318485,3.9532163742690116
1.0773783697882577,23.1413612565445
1.397202767847773,10.332355816226787
1.1810874438058165,15.999999999999993
1.191821505637114,20.529718194941317
1.0422973008464171,23.10629387855647
1.253073136051076,10.63162356930902
2.024846646108026,27.70673486786019
0.8829946415423472,20.081615120274904
1.6625385312265988,14.685977843872578
1.6857157291567169,37.79329608938548
0.45347367247852255,10.831426392067122
0.9880955075372748,17.83193402184412
0.24236249751860348,13.595461658841941
0.6114337927781761,16.724170085788877
-0.32584178307925193,8.445945945945944
2.1397312743810195,27.759067357512954
1.4675359891578008,11.04617604617605
0.51295107704075,13.74255611543746
1.4654166270780289,22.09057071960298
0.69829648737958,16.402824228911186
0.34328302790011134,14.603174603174587
0.42305312355519786,-1.0383806519453245
0.3508174818208499,9.462926723200688
1.8944446397541523,34.03444381705251
1.1318249252840913,13.372260668973482
0.18004779216995115,13.443017656500814
1.6052806527761347,25.1245157719978
0.454192648055208,14.815688388705446
1.2927039150470585,24.227304227304224
0.8690674687169083,21.08108108108108
1.4397232451215147,22.558788361897157
1.908359449729594,18.964858670741023
1.4884240537042501,13.473244825786999
0.14288568694454706,13.970223325062037
1.480556159093814,12.784090909090907
0.5081406448852129,14.60617895949126
1.2265954670077301,12.845849802371553
0.9213822508590365,10.257121075611614
1.306449155275454,11.367781155015194
2.251719914344852,17.304617699614397
1.0678866076439413,19.866911829086767
1.4705457890082827,16.981830292713624
1.493374145236399,18.012422360248443
0.274258451247586,18.5867786237814
1.1457931478281016,23.19767441860465
0.9698584724429579,20.331562377016922
0.8010197940498982,9.745596868884533
1.942317128922864,13.544973544973544
-0.5616699289480955,2.57352941176471
0.36778561623050754,12.19298757365381
-0.4556205750459472,3.603931561703668
0.4472825327542311,9.383468834688344
2.503471887997559,32.47419247419248
0.507343042158837,11.325928972987796
0.6196937511605254,12.04061895551257
0.3056662718108627,9.927164823307251
0.3590411292942255,7.813646368305214
0.10667297077088356,20.0
1.7572226739852654,21.53551728019813
0.9295677082604261,21.42962417096536
1.6510283343856282,20.222222222222214
2.3077340867315534,31.905860636825103
1.4140446484025364,23.849725622625577
-0.09772229230136925,7.204227493917273
2.033624447224629,19.0988431093972
1.3294811610632356,18.156819610307984
0.8448793215295926,17.853323147440783
0.8148866523741246,13.071589205397302
2.4915951219211245,36.64141414141414
0.44894430795011797,11.148015004688958
0.23716561257440685,14.514393327952646
0.9245663310150214,21.956684092606423
1.260150864572592,19.90526103608144
1.9411349171003607,28.910569105691067
0.1520647047197699,6.789890607317993
1.6132889888257587,19.550466497031373
1.5607264263658935,23.333333333333336
0.17003021059783124,7.575757575757578
1.1590193090309682,12.62605889471562
1.5974950952573628,21.284080914687763
1.2831957502852012,29.10609857978279
2.1221626573082704,34.59353146853148
0.598502202840293,12.272575064181275
0.8498220258883291,17.619047619047628
1.7445843866307391,21.49122807017543
1.1165266686205226,24.607413312076524
0.9973789174429475,12.697259136212615
2.0227471217351107,21.85600303951368
1.542918129205763,18.617283950617285
1.1112163901230279,10.553191489361694
0.6760714120306288,6.862810803565445
1.1044063465004421,23.570481661511266
0.1687036618946093,12.599113441967908
0.6216829877469262,20.19714765100671
0.5454729101225859,13.72033276241742
1.1162826170545788,19.454225352112672
2.4113289297551255,31.3978494623656
1.3824751530735164,17.768090671316486
3.1605338778199172,41.20676968359087
1.6649560510986823,24.0633514986376
1.8122434727185492,26.06753197893154
1.2229382195344822,10.606060606060602
0.705307648382685,12.5
2.2709001970334253,36.050432487905
-0.09936782272368218,2.5994575045207995
1.1971169244475728,28.014565919059834
1.3405194425724414,9.200702678963552
0.9433168515335546,13.271162123385949
1.1127418337429058,24.29864253393665
1.5814958823182845,19.92042440318302
2.044269771693129,28.70973035059891
1.7372556763941376,26.211180124223603
0.5458153491634244,15.079365079365076
0.772383050338466,15.523156089193819
2.1852080546320476,20.015775981068835
0.4072740441474203,11.474654377880185
1.4718720434522716,33.3033033033033
1.565999940953752,19.791666666666657
1.078732309596149,16.71831955922864
2.5702827656767453,30.760796221322522
2.65322368827674,28.954294000751915
1.4355569668095145,15.873015873015866
-0.2007535200204149,21.764621764621758
1.4227873610865,18.609267415172752
0.8181165783832016,13.121418099426897
1.2170005198250802,25.3639846743295
1.114589498673403,19.28706114752626
3.0593587527104265,39.907407407407405
2.77529609443011,25.43193573236492
-0.5480673949996597,1.7415636485131927
0.48030570667197897,10.859728506787327
1.102349160622685,31.19125530877951
1.2589237281772039,16.62057678198544
0.40163579976665376,5.8234868579696055
0.1714401551407274,6.211519364448861
1.6481668426295886,11.705734925549173
2.0795695151851596,25.934431422236294
-0.20105329023124538,9.306207616066771
0.40116097857449956,16.80911680911681
1.0973891957818132,18.94517696044413
0.8141381566455832,4.57875457875457
1.4635853003661876,30.065573770491802
2.3701011590566687,41.38245116891002
0.6593238614238812,4.9022873639795606
-0.3900077994456841,1.850220264317187
0.2693392203834632,17.39885827748821
-0.36241515054745715,3.7020213490801694
0.5602631067590651,16.943866943866944
1.6948350610179468,31.551116333725034
1.0153610757304836,10.880925718551701
1.5966056242131808,19.102218225419662
1.1270413422731096,22.96624239070284
0.23419913850017332,16.469038208168634
2.3274540365789886,34.40684875662454
0.8362108272660903,23.307718008686933
-0.3318424481434877,6.143299425033163
0.5894943452955375,13.072176782895681
0.2414310520370097,21.551399523032508
2.329335858157946,19.99481999482
-0.004330359403465489,11.18841240875912
2.4506894044674725,10.792299148463528
1.4878170263965718,20.398089171974526
1.409578338034209,15.961865849506289
0.24313624219372282,6.284340659340657
0.030834569389164047,17.62639078664845
0.9868636895485875,16.993998908892536
1.6264149335128355,22.32459248759745
1.7367125449087482,20.346889952153113
1.3652333729427681,16.161616161616166
0.3848984914705909,17.865229110512125
1.1653000108369842,17.836257309941516
2.2093740265340576,34.642857142857146
0.12132469173957214,9.764437689969611
1.2833877789909824,30.258453366023083
0.3947530614785266,8.723564954682786
0.5322943450332854,17.401181281235807
1.4329109077032485,26.22662266226623
1.3003978152946458,13.186991869918707
0.4007836073898195,2.0882491741387454
1.401022538379702,35.569884977344024
2.566389734782834,42.009210301893226
0.21262672124310616,18.58631371444664
0.2913814787044951,11.442125237191654
1.6083156547471011,20.921568627450988
1.5011845898050926,26.26728110599079
1.0926985160996068,22.605204872646738
2.868610046073319,43.379934210526315
0.753120953144197,13.342062193126019
0.9258589832045419,14.42864665613481
2.0077406673578766,29.01353965183752
1.4719018223932432,27.562724014336922
0.5907590389318589,6.927374301675975
0.8616653751702915,20.20905923344948
1.2266023726501265,20.011006688680048
2.518069715358764,32.390126429861525
0.9752233531791885,16.554054054054056
-0.9646957025936529,6.907467532467521
0.3751077030596993,11.037527593818979
0.3089792010898033,14.034265827867756
2.4343845492250598,34.60370194589464
-0.08227640242642129,8.43518332999399
0.38168972558180614,9.060497549943463
0.4525271238367815,19.090038314176248
0.37593881064209794,13.009404388714728
1.4141385766073447,18.360914105594958
1.3230272089726478,27.52846125596769
0.45877641207701114,6.427699284842149
1.472418605748824,25.3621232568601
1.734775162385815,29.325202174201245
1.927871435660622,18.347826086956523
1.6697814448398272,22.56020278833966
0.1343519856343895,9.839777081156392
0.06366820657007578,7.83896386196902
1.6004519063913274,24.547619047619037
1.3132303112700208,22.954545454545453
2.319928313357086,40.15003261578604
1.689120307271018,20.300196850393704
-0.3636632424228567,1.6806722689075713
0.7729225631686972,21.94664569596516
2.051834685924121,25.62174667437825
2.5715922513042537,27.589679043423544
1.214662369824005,19.890109890109898
1.96960671709393,28.830495928941524
1.6883086751560066,21.05943152454779
2.192174382483403,17.374517374517374
-0.0594670730658593,15.293445666143093
2.0803892637075294,31.672394043528065
0.18186051758867472,7.734186684398637
2.6077044330361767,23.226544622425628
1.2064502812451345,14.316239316239319
1.9506571596743685,19.42857142857143
1.8135053553517628,24.968519517898905
1.671750974758013,23.737206999009572
1.5273551337917444,26.245053895483693
1.4432536782784573,30.495565988523737
0.5926309269711444,16.18589743589743
1.7632038443783111,27.614936759686806
1.0897301076301003,23.165905631659065
1.7841825565268121,22.504940711462453
1.5843589198997665,22.654784240150093
1.5229870042939053,21.783181357649447
-1.0404548316343936,7.996018579960186
2.2300842115344968,26.3452749520861
1.1192072511095204,15.091668436327595
1.0400123541138764,13.416621401412272
2.128635292175823,32.642857142857146
1.0329714650525823,7.740725860452656
0.9394089443362363,9.642094017094017
2.1473929098066367,28.256573947408427
2.276325250637482,39.80237154150198
1.6428652057557938,20.965530748139443
1.404913551432038,24.96713985278653
1.8509608649003553,33.83458646616541
1.1665755826062696,21.345690174804098
0.30614056496331443,11.272015655577299
1.3029017881559817,22.727272727272734
1.0979587947950225,17.46860125021506
1.7831131857403726,22.94685990338165
1.5939652649649527,13.92318556654061
1.6823771120889879,23.791276907472096
1.3071530053209344,26.645883000183375
0.3218447859575946,11.52502096729102
0.7294519367455217,9.300993124522535
2.04856739117223,27.708196000878928
0.09871314591375036,7.204433497536947
1.0033456168232033,17.75
0.5290680428468816,15.134843581445523
0.21422971079601044,17.974349302150124
0.8912283414392336,10.479323308270672
1.0065481040991657,20.992131792476023
0.8314892493483177,18.314895519052406
0.10055659762531294,7.750617494250918
2.0874412792234156,22.59204296516147
2.8298449938635746,45.873553343104064
2.937396878066387,35.05763606124907
2.503795438119498,35.256410256410255
0.4752783563822024,4.997642621404992
0.8294302021549425,28.87205387205387
0.6302220274990742,24.68941882050551
1.1674990072733096,16.697761194029844
2.327366488755155,26.084213846396473
2.2806667636092026,26.213185200712708
1.2355029831252686,13.014776824252266
-0.44663632842252643,11.162373446110465
0.9130812244228516,14.653046847481512
-0.07634399600537893,-1.9474313022700116
0.9530111418952627,13.373692900385244
0.847978634797065,21.397749386580927
0.6694645961628437,13.838383838383841
0.9346579320267505,14.285714285714292
0.5224754082955716,13.180952380952377
0.6358470725128076,5.756191037735846
1.62264265782019,16.366247400217887
1.001167566686528,15.970841616964861
1.322214563013535,21.379310344827594
1.1679977726589168,23.792486583184264
1.174644021382365,11.389297987236134
2.73014410502913,30.04608294930876
1.6704082190482261,12.578361981799802
0.057039794209543186,2.4941126097195436
0.3026857403651313,14.210261569416502
0.5085827923692965,23.057482073586456
1.4653466820694052,20.244651863876157
0.7415153850341072,27.958210311151483
1.6016206254767191,26.796529710263556
0.7499028790532499,15.271467077396991
3.1315460849080994,50.93167701863354
-0.27982609878649395,7.229718474096295
0.49015926563130136,20.389315146348395
1.8352829758560032,12.706640515550582
2.201500736506947,19.686307757524382
1.6185873402217072,24.799721351445484
0.6402901007935183,17.090909090909086
0.4899767625105149,18.583919081090343
1.4820527613076018,12.510822510822507
2.4941275938739618,17.79511007854851
0.8797124514617968,17.91666666666665
2.7138335149064403,39.88831615120275
-0.005244580017341197,10.599650251029502
-0.007316188604088669,15.773809523809526
1.6997857514758408,23.216627327563607
2.541734881006347,25.063721325403577
0.5193907569797828,10.395622895622886
1.2386082756908032,14.14835164835165
1.7087953268739657,22.591645353793695
-0.1788926967589566,6.42604216964429
0.7398209850563664,17.501546072974634
1.1648703956554387,22.91666666666667
1.4988090917439238,22.243923611111114
0.6125227954266692,3.405549784834548
-0.45002304874702764,3.930604499864465
0.5568781260466824,8.11592526175739
1.2884419172412747,27.853143841515937
2.3157534664635437,25.086625086625084
1.2506154526334667,11.018711018711024
0.628755506534678,14.54860018873859
0.869024855344524,25.371888281724345
0.600035413608282,5.18566198656314
0.6680061112903569,18.44763423710792
0.523775120409169,19.48706377858001
2.0187657986087584,33.18181818181817
1.009045211607049,13.120016568292428
1.0062564395594815,19.821162444113256
2.289360446884671,18.097602903256607
1.2161701125447428,17.764268828098615
0.8769659493582977,11.741741741741748
1.462675999633475,23.809523809523817
1.7498709751201986,24.973803702410066
1.4023093420370807,16.76811309640683
2.340482977967011,39.264069264069256
1.19895476858974,18.479094744917518
0.8572429223063502,22.581971425634713
1.270264515474651,16.812578166875113
1.960819349350163,39.682388740966154
2.102852533003302,29.83333333333333
1.5162659667393772,28.155162993990153
1.825301263443932,16.43880474826033
1.733053049002164,33.08823529411765
0.5617160518403885,13.169642857142861
1.0632113277439963,20.7282913165266
0.42833048443222543,13.27527753772518
0.7547348121730757,20.804032872998384
0.4344494337959338,13.89066496163683
0.8289366006021406,21.883804527348687
2.298296831834925,23.215377894276983
2.2863899119162907,28.114973262032088
1.519449712143041,16.976062530532488
0.556546316073941,13.747412008281572
0.5033227098853823,14.866920152091247
0.8534925166610046,28.87205387205387
1.3605026576730501,28.685588316340592
1.6655168455946783,16.306792622582087
1.3503087238828195,23.76482213438735
1.710080126749716,17.436708860759488
0.23506146116915203,8.439231019876182
2.2617933720764625,36.55437696701247
2.097043577621834,13.693045563549155
2.005347911466747,23.443223443223452
0.34334843368802104,7.491879189992403
0.8862985724663017,22.345647119607342
1.9142919868829282,28.741258741258754
0.7729412832252001,14.462627156125606
-0.010604080748875332,22.429653679653676
1.1231460743407138,17.889740781307054
0.7675522969414174,10.96491228070176
1.3707231825709107,23.645320197044335
2.2076900699228057,32.58758970029549
1.0368822292596886,14.15021789284799
0.984749681837414,17.214760888665744
2.408043466512525,40.071556350626125
-0.533311371395059,4.728822925712485
1.199892094607593,10.585585585585584
-0.43679732548337136,7.093075539568346
1.8093733206596734,27.59816059426955
0.2844516354643323,8.373904576436232
-0.20069579063807744,12.309928443649376
0.17066930097759458,8.587076675710989
0.22172680120391816,6.693648816936495
-0.29852789404521074,9.010503040353775
0.4689643217768181,26.55659072041324
0.6862675265795031,13.381261595547308
1.7178360054971962,22.09027434163505
1.1554153693931835,17.051820728291325
1.1915024384920208,11.273160887910478
1.564959548528868,23.68421052631578
1.5248661850219825,28.76576308211697
0.6476277888860349,13.934426229508205
1.750116667866971,15.095457537853846
2.2664982257646957,27.337201805286917
1.1467990028764254,11.09237156201349
1.517307774504883,11.435897435897438
0.8483120455835205,21.077607513593662
1.9556103574003232,28.605833556328605
0.8325173151669718,17.118093174431202
-0.26090698573703774,22.63125194159676
0.3014067683301278,10.485767326732677
2.200252614739231,34.773519163763076
1.087144588736184,27.88235294117647
0.7010010259723701,21.239481065918653
0.4871501797395884,12.599520383693047
2.3018991020847324,35.68939771030362
0.18837888728804156,13.606237816764128
1.681381561724749,36.7649162970382
1.7063660225648372,27.561699468915954
1.0843658040859778,21.749683410721822
2.372802371116299,29.557124518613605
0.2984232950907918,14.069264069264058
3.098677862392262,33.69852863342861
0.023176776752296818,7.31150793650793
0.857287398949942,16.65856425214715
0.9798938712358439,19.407894736842103
1.9353676601667928,31.73394928867657
0.520310841377635,14.308004368856288
0.8035427699810276,19.261989871909442
1.843767237011292,19.298701298701296
2.125020685140347,27.77598762647419
2.0623132085030718,27.940981871112868
1.3424134867544226,13.614035087719294
2.3714037434543633,37.642276422764226
0.7207432558182272,12.04278812974465
1.147928913703882,28.44036697247705
2.2119821184744715,42.99613487938158
1.1118292817589266,15.776081424936379
1.1433625523433046,24.020316306726677
1.7981518469818605,20.277251029882954
1.1261952871625538,16.6267783539423
0.5763378764105621,16.72730422730423
1.0961479077816345,13.774867791488283
2.575277878196114,29.35032749159143
1.1970719476084024,30.136239782016354
2.30704314702713,35.83278035832781
0.6722227878669681,19.076893052302886
1.097943594272111,18.40336134453782
2.1616314582802585,10.932297447280796
1.7696904349932532,25.325752191423838
1.3006003058250752,23.41064691910018
-0.7053595635416796,-3.8866636997477997
0.9392735802982916,15.37698412698414
1.0481722782506955,15.95629889398434
1.0958715524872864,27.936229340353954
0.6727895134092481,10.361111111111114
1.1864816265292844,27.9701973419251
1.4666810642686379,24.209452567154024
0.7802073491885666,3.0888030888030826
1.3942369227229245,24.493272014988918
1.195038711616959,13.854679802955665
1.1597771549561664,7.603833865814693
0.9449690710820622,17.53914465996727
2.034729128205056,24.158171146122953
0.18780913864344778,9.290819131390876
1.9163221585422419,26.439179042215912
-0.627059478487357,4.008881213765882
0.43306844356434454,18.044613194114845
1.0122094831220134,13.31309982774178
1.8867805467236378,22.722218103640003
0.04221338381810713,6.6189624329159145
0.8134280898552336,9.266247379454931
0.4311812568796199,8.629860601614084
0.02372923797581611,7.208486468426322
2.42190935725127,36.75244010647737
0.19305205794853128,5.990566037735846
0.3523567948474675,13.380519042804174
1.5469377233229729,23.557036812604153
0.3236921107921423,7.806224899598391
-0.09351182499454083,15.611111111111107
-0.047968236610026777,17.50805585392051
1.1346224234085596,13.30679730557258
0.7580228137787874,18.076923076923073
0.1690967869908808,21.718018892910756
-0.06894363432864331,11.580154263081099
1.3493161715608035,21.847345132743364
0.8814303008057117,13.359288097886541
1.017662973285671,14.575411913814946
1.4274345144220373,24.64080459770114
0.4997063141940091,12.103174603174608
0.38056216183981295,17.53549695740365
1.0613852707554947,14.944356120826725
1.5470024805573748,15.06931886678722
0.21672748365715813,5.34482758620689
1.4868724424101025,27.28070175438596
0.0892891722134428,3.4212993005984558
0.4700631496188187,14.50704225352112
0.7984224119367201,19.871441689623516
0.15363030197968425,9.927510153719595
1.8370186478787947,17.985893416927908
2.641018726700076,27.765419615773503
1.5229424523201953,31.517474222100546
2.917686282565275,27.638126834247807
0.8093539966853125,13.868450390189523
1.5213697576570742,18.51021425012457
1.3350749544944351,5.719902639955066
1.9035396388885455,12.452461712406219
0.771472925770285,28.05578342904019
1.6799737055556252,20.965676229508205
-0.1214349060259941,13.321941216678056
0.7113491040501159,10.017517978978418
1.912180260660527,15.221346270466945
1.0386998538202086,10.31698564593301
1.7295723119931035,19.878415000366225
1.002068366330842,24.82269503546099
2.1021455372047697,36.098310291858674
0.541801993562889,19.215425531914903
2.4756502791803188,36.23507805325987
0.832168978381887,5.770842061164636
0.9126069597656218,14.250510878711367
1.2937563444662232,23.299719887955185
-0.22223683820468276,12.506459948320412
1.6699849024543845,19.59548200682952
2.52588820279155,30.204918032786885
1.4524018936297556,15.461052046417905
0.0024294623491123435,11.0664881749219
-0.16810108095838153,6.109959530154974
0.9110470776807386,21.509258180971237
0.7697680485070393,12.675341454411225
1.6650127233416931,26.012835940633764
2.818871458392966,33.03222499839836
0.9075658003992364,10.017825311942964
1.3542991959911712,7.265943012211672
1.8135532984844867,20.26666666666665
1.170113934325603,17.991452991452988
1.4372137437403154,16.155539251650772
1.105228105386341,14.693285437966281
0.38670939188232645,15.314205245555357
0.08741236424544578,5.38238941711451
1.0733376448227419,22.10526315789474
0.8665500002131681,11.663774821669556
0.6894758001015917,14.942996742671014
1.4966987624448667,21.88940092165899
0.1350645764004996,6.968092090865333
0.6869957836764056,12.774312774312769
0.12089133482441977,15.012919896640824
1.082365352541848,15.1521600340498
0.15627735010158533,9.621091075097006
0.9407355148602795,10.23116438356164
0.4438327203345179,8.746246246246244
0.049758390988197815,9.773081019087414
0.33261353283652634,10.603233830845774
1.3128353550079754,17.828773168578984
1.3102270274528378,17.518105304364852
2.0037979373412327,12.618089213833898
1.7737729351199982,19.8090253867695
1.8707450685266116,27.374784110535415
2.4341421832534826,35.449735449735456
1.8563227990243518,27.27924872831617
1.1944609528656702,26.797385620915037
1.4746596527049105,28.09811770717996
2.6637696550922034,40.83333333333334
-0.04465011719634324,19.246031746031747
2.3212443990579064,16.412948381452317
2.077813576448669,31.39303482587065
0.3826369330301429,14.901837928153718
0.5398638725046229,17.524401064773727
1.4843792435901482,21.068889147919336
1.314208172945359,9.55503512880562
1.9596128126244698,25.611940298507463
0.8529012901870698,21.98001816530426
0.2222292725346407,1.1574074074074048
1.8368806175178456,28.710563556147505
1.6263908916632062,25.725900116144025
0.7651971005746495,17.870108914885037
1.1722040843476595,17.831187045773305
0.9475113333845702,17.703349282296642
1.9887123266024385,22.74197274197273
1.7833268401919036,24.046479835953527
0.23111126033261886,14.097968936678612
1.0709689370395332,14.838877338877332
1.4443920526603304,25.880574452003025
2.6955997641452996,36.49367320740876
1.044093209751308,15.984531098936515
1.565816136972536,12.926587301587297
0.7778940313292172,19.334880123743226
1.1959150753916574,13.293935052531054
0.965905011318744,11.690363349131111
1.9957119659182423,34.65390279823269
1.4153771870468899,22.662499337818502
2.7987118719325315,26.636407071189687
2.1163551230941637,32.66398929049531
1.4006959695876167,5.700382342718115
1.612470830043209,25.502868346525304
1.1301289929771594,21.330798479087456
0.9185258394533146,18.886363636363633
2.4353440241336397,41.873069893489635
-0.11284461519973729,7.473544973544975
1.1861259169900982,25.3270238296434
0.7384618699704542,17.916865742952687
1.0019269499409387,9.68253968253969
1.0139482083653337,8.226628895184135
2.6965930941045895,30.34398034398034
2.861788786485618,27.67857142857143
1.1016887776300086,29.138950480413897
1.3821503261002146,19.246646026831783
1.19367331653984,18.08905380333951
1.0260276547557559,30.630630630630648
0.5330086477758356,16.70371399462813
2.2991486497783225,24.28940568475452
0.8623958260501026,8.544428402677518
0.21928130375797517,6.916755984280094
0.8219539383215108,16.49029982363316
1.268183051618089,18.38989739542226
1.3134549330951442,12.81935774502864
0.8661472287479755,20.50219023779725
0.7193312192127945,16.356107660455486
0.8884064688551084,20.938791973379047
0.8405609566173954,14.756068252823837
0.8254427380347218,15.973500184026499
0.10095209452141897,4.157706093189958
1.541819494859546,12.162698412698411
1.2065268678955725,19.28191489361702
0.8487335376578792,14.063581995593324
0.5534236054769626,20.65676522687015
1.3642915833847011,25.473660538595595
0.5592577968399368,18.46463395759171
1.4506064805849985,25.0285388127854
0.785343563840436,9.084580577793247
0.30208302576034834,3.06288286035754
1.1679158265108285,23.646723646723636
0.03259110505479068,8.363636363636367
0.7364951187390173,20.826799714896644
1.8282970755113546,27.78361344537816
0.5775474676026109,15.483091787439612
0.3541869652047381,11.92307692307692
1.2050117274658863,19.265423242467726
2.257796204735192,35.96346322028957
0.2328034044915632,12.070476858345017
1.8862774030112748,19.52187075895187
0.700997169837152,21.020036429872498
2.1213442377847564,30.437317784256557
0.9216993886719735,16.823315118397097
0.9490022088779768,25.643776824034333
1.9143918932481365,26.331089351285186
0.7212741309640491,14.390521758942803
1.0756585182332579,17.06102117061021
-0.17532084464572828,7.293050022133684
0.05063776643764473,9.38775510204082
2.0376708600897766,27.683794466403164
0.7654784109127379,27.501516070345666
1.3204627968598175,21.572152312469363
0.9379236721321687,12.735229759299777
0.6680188171906614,5.1559251559251535
0.9271576492476796,20.0
0.9186599410739851,22.201375859912446
0.7568620985586588,22.187520333138153
0.3896991019934688,9.896440129449836
0.2275374455895463,12.14353257353308
2.180055904032678,30.544354838709673
1.287505528927491,16.865904365904356
0.9716958371812978,19.59381044487428
1.7870056846827178,29.862632957400187
1.2727303705598014,26.23033992897006
0.5134939690433534,14.618235730170497
1.5872083564096795,19.08621960206338
1.5446367054985424,22.198884148342636
1.0407387430300656,11.840269227612247
0.8003942712056105,20.088777600728427
0.6879437142305975,11.28886885984678
1.5168953742401663,21.557673348669084
1.6324008130931975,32.70785899348355
0.5940444418571094,18.036529680365284
0.963333559966929,23.950546290971815
0.24786448102160957,2.3126734505087967
1.6141656977421113,24.33558789369407
1.5173074662734924,22.866127583108714
0.870711031110478,9.603053435114504
1.3543028854081651,13.125763125763122
1.545446634310424,25.457521202202052
2.0132904496172257,24.99634021373152
2.03229861554767,34.36377387029685
0.15972199598323872,0.9316023560524016
2.4585141744660204,25.970515970515976
0.689174520986819,9.73120955699354
0.9967498708183615,14.309389649131113
1.5784829258365414,26.845238095238095
1.2423934842965996,16.724738675958193
2.5271719067836944,26.03041216486595
-0.05756886422583243,13.854925127077898
1.3908918863307984,17.642069550466495
1.9932507262256665,16.006760019314342
1.685546985259235,32.160654959658274
2.974341269346892,29.377013963480138
3.015905276398605,53.253968253968246
1.7876019264260021,37.564322469982855
0.5467626821524615,9.838616714697402
1.7862369135027147,18.111366245694605
1.7010497407722154,20.32520325203251
2.0403463189598074,28.89576883384934
-0.3387578610137237,5.921912946011581
1.1927080430975137,16.423455925905976
0.9818994867817046,20.014003967790877
1.074312942679965,17.975384028241578
1.1149551752110676,25.362035225048935
2.1328626625552447,37.79308083292342
1.092640670010882,18.88297872340425
0.5270650624268416,8.565244279529992
0.5357566192986307,7.751937984496109
-0.5851486949880109,4.0718364644541865
0.2025233695939595,2.4563060935285677
1.045433352465965,17.74069812044496
0.2724286828632467,10.068389057750757
1.2280595164326378,12.609164420485179
0.9601349479289994,13.478872074753994
0.7088106227317738,15.294847920546246
0.8362548881453058,12.727591036414566
1.8795804700696097,8.063068837328544
1.935530755290517,24.187192118226605
0.7939001503807861,13.562453806356253
-0.15392286961569732,17.951138911837603
0.7644419977454848,22.314715359828142
0.3340979331549794,5.45454545454546
0.24845736538192992,3.7343470483005348
1.8275799772325163,29.820576879400413
1.1527057115072041,26.253799392097257
1.8066084934658595,22.91860105230578
1.9178188078478535,9.71729125575279
2.0195264392069867,23.813747228381374
1.3577874291607195,25.682326621923934
0.4068616242057903,10.645750837648492
0.8338004941512592,7.556080283353005
1.2276421613627408,20.32312515071135
1.9305226548018584,25.07507507507507
0.1881088419981703,3.5969387755102034
2.17107200170495,30.373095112979513
0.4808351897149781,11.206811206811203
0.4399032783116279,11.708361505521765
1.077723783788652,21.207832035857514
0.8328785671972998,18.592490376933682
1.2226931842541469,22.401395791477213
1.9860391181410324,24.106502816180246
1.510328659117638,14.335251586247608
1.8248058083199967,30.06044523072388
0.5594603781822711,20.00211550666384
1.496632003979383,17.600187485352713
-0.26903051829994795,5.682451253481894
1.3085263914395602,13.995261025758616
-0.44709163745158126,10.091644204851747
0.7694998223932199,10.040075933347389
0.03341879842513801,10.9375
2.3013547273788753,24.024390243902438
1.061457892831166,12.290842713720721
1.2372519990888042,24.29398148148148
1.255325445793948,9.748104671068724
1.230852129155042,22.436515589842493
0.3257356219519695,11.740161213845425
1.5534321575673344,21.802054154995325
0.3443082185880796,20.93639575971732
0.1856185309273987,9.651645893256635
2.4434223306690668,27.555458895171824
1.3747742595173225,24.790779621200997
1.2418829717778332,22.62615562403697
0.34038729158764724,12.070538157494681
1.3879200472738789,28.476305776547903
0.6724792968122223,17.702330243046845
1.1979950929064935,10.711759504862961
1.5630667197580685,22.741948836824243
1.6104056269179536,16.951834056017816
2.158118307328377,13.18257032542747
1.4949003125969824,19.306344696969703
1.6274600127561123,15.404512933406721
1.0843459645678866,12.871104554674531
1.505831347818499,24.7936320754717
1.1709542708012077,17.90091930541368
1.774388742651729,18.324225865209478
0.7255108838057651,12.948717948717942
2.3355731316907606,41.30992196209588
2.786924471359843,32.27778882481607
0.4940951935414171,15.852126577735241
0.5557023901942608,15.093729799612134
1.0907452604066545,16.104868913857665
1.0208600538239467,16.565787577460725
1.925860864716128,28.597770513787616
0.11675009610829898,10.628428927680801
1.994900439706377,27.3567335243553
1.368925768376747,23.408239700374523
1.0543172328234813,17.67519466073415
0.6888356761756947,18.94191638919719
0.5988679821673574,23.89598108747046
1.0275774913850868,19.30473372781065
2.2746413979288707,22.957477305303392
-0.014309281665396412,6.721105527638194
1.648543179371719,19.060756160260837
0.669746717637946,12.34861591695502
-0.013864543927052234,12.358882947118246
0.5529953807784338,19.948849104859335
2.018533677126034,32.07236842105263
0.8293585198977798,17.973959987297555
0.7074488980122194,13.459119496855344
2.8729490984161963,42.847833170413814
0.6166767206832056,15.970149253731343
1.3012822698344173,29.57001879699248
0.1184526838050391,6.259314456035767
2.105285754917276,29.832572298325736
1.374707345753249,19.20188218260791
1.5050304456155064,18.154761904761905
0.6127982898338318,3.381123058542414
1.3863275618675952,26.861555432983998
0.29333406073396084,9.988294966835738
0.23892152267854846,8.75450214941327
1.1407863180364308,16.06791338582677
0.17836461878649962,8.936170212765958
0.9801842006940653,13.51072231334669
2.1144094952107784,36.54408265923459
1.8014321406602025,21.384384665854334
0.37953406363896297,6.2104430379746915
1.10760880859967,16.402256301780362
1.1928849413992035,21.81481481481481
1.0826613713082942,5.7606328098131385
2.475520524041911,30.11954261954262
1.5118518011497049,18.716030436728694
0.8028728966844321,8.44215001518372
1.1501872706957046,20.190895741556524
1.501128951676308,28.492822966507177
0.5086210574631049,5.873436907919654
1.3700178763427218,19.310344827586214
2.2522411748359703,23.888888888888893
1.616004317421014,32.55654129701362
1.8743787352316112,32.61347471873786
1.3311978517458958,22.419837262406332
-0.19461595399542453,6.4078197121911415
1.0426918259431481,20.586206896551722
1.4977093461367517,20.035328486989606
1.3637148107740409,16.00845729819528
0.8146075832579988,14.285714285714285
0.8895871330094256,13.9366515837104
1.063848225909821,16.755793226381464
0.36430234349133456,11.655405405405403
1.7781571116156287,10.753281805913389
1.9001831063419674,29.372900335946248
1.2197823260595824,17.841682127396403
-0.16425884018787015,15.400880050288585
1.919296251281352,23.470744680851062
1.0753689233907366,17.462948056252657
1.8019094947666416,16.478646253021758
1.8589841395853248,25.833333333333336
-0.32681369674205507,13.68850491960643
1.1843711311703025,17.691897654584217
1.3746682653650089,12.625650962819428
0.8042159494567688,8.141321044546842
1.422871914011151,25.82101806239737
0.6483582959964271,11.48611867174742
0.7175073001754345,22.665855143031038
0.9952601668135372,24.36553216604368
0.12361093905756915,7.99844690351388
2.5975783693852312,34.79569211276528
1.1556072620517037,17.733763242745276
1.8328427004767405,20.15006920667298
0.9801015769888036,21.86094452773613
2.003344972700377,15.720546532611493
0.8071768176014156,10.547856390307146
0.1124199785588883,12.395277989337387
2.007467038580041,33.5172067949602
1.1931254325859615,27.334767450485863
2.4577583278496498,32.02702702702703
-0.19883788976665573,7.350769879772201
0.4831143896429398,3.2421479229989814
0.8944975842082237,12.479551297032017
2.4106541274268025,28.85745656526513
2.177984749613667,22.033096926713952
2.1460351570599534,23.988808466638275
1.1795009482236107,24.823491655969192
-0.08242667249124672,5.077928607340361
1.6683605386706652,23.230461344006734
3.1425971688979852,40.71620583717357
1.1830887646885144,17.280361757105936
1.1956483100333177,8.335866261398174
2.004658686165851,30.73647595058174
0.7701244557656254,12.674731182795696
1.5773601485477786,24.777603349031914
1.2220385029688485,18.204365079365076
1.1989499380462432,19.072200906871295
1.4703636231054844,15.826086956521742
2.212853608206617,31.487055990367253
1.4658883338460633,24.993299383543274
1.4112213605628023,18.853329288639465
1.425196063280177,22.136222910216716
1.42646584859254,14.292397660818715
2.345229085914232,33.86363636363637
0.44084775916159147,19.117456197274493
1.4073452099416341,22.023080958209476
1.2369725659562636,15.55555555555555
1.481344987726336,17.33542319749217
2.1899162308042834,17.160416010085093
1.5809210309015886,21.85211021974189
-0.11120673382124072,4.285468911027138
1.7602345518403146,26.443843696239874
1.603818458496632,38.03726099035789
1.4870147740289557,23.03846687960005
0.9882790977300391,22.00949303976705
1.5902454953289398,22.017135299867753
0.9307067758840011,16.044661032632163
1.1088853567170003,25.54709341559819
2.2769222864771077,37.22257450856055
1.3574467520345652,20.41522491349481
0.08560801257188282,11.0959148480704
0.8042827950721366,19.361752798285302
1.8009815645372642,21.439759822477477
1.8241798710556991,30.810359231411866
-0.14917693112096525,9.500165508109895
0.9350437839398898,17.9449423815621
0.7217449298470835,12.625944584382871
0.5429872249214184,13.831615120274904
1.4688719808453918,25.49019607843138
1.4896434609502482,24.978289188015623
1.2603950195821971,20.95274066380246
1.2764693651954768,33.46828609986504
1.686843907504052,24.975657254138255
0.2617626865601583,5.016949152542367
1.390489098023847,19.63853965183751
1.5670295442141482,17.5599128540305
0.6661059428475282,17.87960467205749
0.7648584102287721,19.690530674512367
0.33882732334586446,11.93546317680267
0.823148418805355,21.92243767313019
0.8705864321755501,21.896243291592135
0.7205816269694372,15.224989078200096
0.40701658067670604,16.137566137566147
1.1473200854760188,9.81818181818182
0.13705650887150048,2.6891482922611303
2.2965916750771465,29.09420289855072
1.049210250894499,15.998707175177763
1.576658931134728,18.198113942794784
1.584224534582855,25.87330453891036
1.3146936504798614,30.80164735178623
0.5995889051384284,10.746513535684983
0.6054898744341782,18.125216188170185
0.5677476874101718,10.790513833992087
0.9089183875045839,23.224806201550386
0.7902183207923523,20.978590375142097
2.5478142659439578,37.41496598639456
1.5943304941130187,15.586116568434832
1.0234762494470808,23.003663003663
1.5832595543686587,23.912529550827415
1.653624929512991,26.601019624275438
1.0455760745074507,20.257500590597694
2.2487995596155903,18.878718535469112
1.0381456436607839,11.973180076628353
0.4019126637728395,11.330798479087456
0.9005628457378362,8.5127996749289
1.0789495925208645,19.78744939271253
1.7470369844961244,25.50802139037434
0.1657294830524506,20.102639296187682
0.9243380000414726,28.333333333333336
1.6594524955654721,26.59229938826916
1.5579333192697598,21.0442407333599
1.7155041309908552,16.10360360360361
1.0855915802174503,27.997290584782114
1.7221597454082687,16.832779623477286
0.225153528083666,16.122269561100964
0.745159899850275,19.81541573601921
0.38067539361380226,20.403642628599556
2.5412546212318334,9.44348603923072
0.2920573362640885,17.11864406779661
1.522027257440717,15.788235294117648
1.8130669514532596,25.06393861892583
1.2164487210491102,31.851851851851855
1.426573780724146,17.816890535741862
2.712953447410387,28.998129530044423
1.4561946402622081,30.2660406885759
1.4389200899482673,23.040293040293044
2.3996024621635854,19.316520467836256
0.7057256139506202,14.781966001478189
1.1076416647387206,8.909370199692773
0.5670169717889648,18.995290423861846
1.9519984488664435,34.82612383375742
2.5147428849984905,32.87171468989651
1.784775926927775,20.048309178743956
0.6812562812101375,5.837458745874599
0.47936361864561466,11.163021457807922
0.4448640576559901,6.241956241956238
1.2023082993959258,20.691005613332756
1.9277451826758336,16.8944099378882
1.4713590972461457,19.722222222222214
0.7086650996294785,19.105984138428262
-0.04652102860497265,8.650793650793652
1.6242031475647156,18.570284632743686
0.7039091163220731,9.308510638297875
0.9077177680399839,20.208891637463054
-0.05154683700440346,6.110351117191058
1.4608531539152494,20.471667212577785
2.0782877913147746,19.701280227596023
1.641654573189367,28.82697947214077
2.142693512933484,34.089834515366434
2.01311098772569,27.59609868043603
1.2902375047231143,21.55067155067156
2.1132592130127716,26.01190086967894
2.661969062582551,16.45594823295172
0.33713090878363855,16.175488793514546
0.7006340102368949,12.694063926940629
1.5439989564016106,27.789501450804536
1.1183318386329109,9.180284309817992
1.3451292073936076,21.355932203389827
3.1494259136512412,38.112745098039206
1.1247501593089018,22.320574162679414
2.877358300385503,22.272990167727016
1.1259190913054398,12.578173858661664
0.5334723555434722,9.501661129568106
2.34716447005947,25.2199413489736
2.1176092425350537,32.30017219352331
0.46809332558325334,8.558558558558552
0.3103058093687696,15.250669728281679
1.4850618431141889,33.50640359986154
1.2131883749821533,19.43297380585515
1.107133062955508,27.048900589927356
1.1351742854524003,9.53147456165565
0.3026971744194107,15.606972272191555
0.7683066110258087,9.659090909090907
0.26260043921511456,7.738095238095241
1.6589614930144565,19.528983062284908
1.2358928991531137,12.454400364797081
1.2516263405247594,21.767340376665132
2.1361254198342623,36.06243154435925
1.6661683101636307,25.135135135135144
1.3096959107110515,22.89377289377289
0.6699272762276149,23.54088132068113
1.1222438550782607,16.2464641495511
1.2187835940105636,9.432515337423311
0.5648782755997718,3.5435122459614306
1.0748744326153268,23.154761904761898
2.015169515831146,29.988774717209225
0.4856929147529598,14.628897161470455
1.043300358099755,13.270661966314151
1.5201758077350245,23.03051398074023
2.4587422642644903,29.34553642768941
0.8942179396283965,14.563562905195909
1.6986526648617692,26.02257733470165
2.164121987857603,27.405405405405403
0.36125497448633637,1.78745136186771
2.086709474562798,10.13189448441247
1.854351949051622,28.497215081405322
2.103843120069414,17.297979797979792
1.4141114435694528,18.10798444291924
2.317196920793111,36.494803753405314
0.010625565341129128,16.424242424242422
1.081938076091496,18.868201143527344
-0.5632718320826718,-0.21985888127620257
0.6277125072680246,16.236022147432408
2.016061946390624,30.334928229665074
1.6189874913648852,21.86670997780304
1.965780777226341,26.648438321590078
1.7962673994508052,19.063926940639256
2.16484252245556,30.2096305520963
1.339671435876176,24.303916941953737
1.3726029020757815,22.678132678132677
-0.16735384035317946,8.95061728395062
-0.27260456722592075,11.432427221900902
1.2333790685495067,25.250035216227644
-1.0424094847044907,12.324929971988787
1.6614027711718784,21.20634920634921
1.236022605667483,21.761133603238854
1.7263359283538897,32.19363574813812
0.4769394469908368,21.31543624161074
1.0063387121060159,14.923715005184413
1.3045686407615773,7.729049066435088
0.9625008462990775,23.932376877254796
2.7374474434128806,25.790731008122314
1.0874647435999072,20.000000000000007
0.7517021032195194,15.910947712418306
1.4158064698272652,16.0069197110003
0.8584416009969267,10.924964605946208
0.4605643947175615,25.872652313330278
1.9610503424198924,17.74193548387096
0.49841557413887894,25.13435625827556
1.3494135753079612,10.084033613445378
1.2290472397515453,19.54639175257732
1.608997823745939,31.19114877589454
0.639077067076301,11.448493027440385
-0.39692566187643025,-1.571856287425149
1.3220714158472822,33.5587108406581
0.907212236772954,14.780816785312858
0.725350283936176,15.45454545454546
1.5908573174404932,30.08333333333333
1.4060388906673573,23.416927899686527
1.1240912674305217,26.64780763790666
0.9295659436557511,21.83574879227053
0.8728009148647278,13.060273060273055
1.3271386943193526,21.461675579322645
2.0739975516107183,30.45095657455208
0.8495250559031557,22.614035087719294
2.0942891647024995,25.86124401913876
1.4654722253543133,19.01744186046512
2.757269793453801,30.415058921681087
0.7196122733436654,11.279043537108059
0.09118115974836037,11.399231678486998
0.24355958906315994,3.526315789473692
1.8106032087031665,28.22159431458173
1.844895476451809,11.216069489685118
1.7483993715432653,38.35420393559929
0.5758157051569871,16.46276428885124
0.8915162569010083,16.418393782383426
2.1895559852065114,27.161290322580648
1.9293839954829222,22.947506931716717
1.7919368259295023,27.194391704396097
1.8199441058193753,23.28767123287671
1.1023778407934488,24.390243902439025
1.3438240816957467,20.52865612648221
1.6354182709934653,25.384441429217546
1.7434703839555994,19.900353397833264
1.5905272232148215,24.06504065040651
1.0502980806996185,19.287981859410436
-0.09124757113827636,13.375492996056032
1.7825442445548925,26.403601694915253
1.717353636903551,16.446619622126114
1.1087744969658506,21.076923076923073
0.5205364395802182,15.834729693976541
1.9428628241135135,43.5110154469486
0.8849678710498385,8.809523809523796
1.8371579557762558,28.41027421034363
1.1934790995727274,16.930132708821233
1.6278058749860183,19.195804195804186
0.6839445329847275,3.90119405705952
2.3766236888518546,25.50776216481561
0.9347624104396476,20.09605424239571
2.5056165885689112,27.658894921750232
1.6706280937817837,17.027417027417016
0.39195489284993484,13.102632357290744
0.8546055009380743,14.490848417433519
-0.43229049780401807,0.7575757575757578
-0.0004430917340477736,14.497559754724058
1.5033845705505466,24.989491382934
2.0047983040817656,26.001765225066194
1.005345539989492,18.501619075654993
1.1102810862150103,25.662696888205915
1.0610243065207399,13.588934724581414
0.41393733354620205,19.27536231884057
1.6422397383186607,27.976247485873003
1.5570946499430816,22.923832923832933
0.5188420409223249,18.366013071895416
1.3368868636289464,18.93685434767736
2.395877273683528,26.61764705882353
0.824734448214469,15.164576802507831
1.4437463422678083,18.236173393124055
1.4976159991278273,32.48338870431893
2.5204602773194207,27.777777777777786
0.6550388510268401,10.661845277229887
3.017439040843416,37.142857142857146
1.3905291687582724,22.418670438472418
1.3734420179889462,9.930805964330958
1.3950550386063556,30.28694223233473
1.5600986128449073,18.050361505858888
0.4913904972952977,15.214384508990314
1.3023851307161265,22.482287449392707
0.8912573735576189,15.646258503401349
0.5503123234179229,7.243827763663596
1.4384384270685904,10.215818040837426
0.45692665901076523,8.062015503875969
0.15816308329452078,7.20509998165474
1.4499957358760551,21.898496240601496
0.9229026797334954,7.852715621388796
2.3288706236819876,8.986318407960198
0.9728258594660555,12.824178068205022
0.8057607835525449,16.467532467532457
0.5367265011302552,19.809166116834994
1.5346112351747405,24.0992414664981
0.24615509490988416,9.661572052401745
-0.3467303360060708,16.13876319758672
1.6260456107605106,18.885630498533715
0.927987112298209,14.50471698113207
0.13208367016774258,11.09447004608296
1.1863133835620088,12.974465148378194
1.9640188095662983,22.71090047393365
0.3875425293944949,13.511611541168193
0.6417257796656324,7.861609346717131
2.301655774154985,29.204545454545467
0.8584638495791477,14.053426248548192
0.8281469284981762,25.01422232335875
0.47835070318261413,15.555419623195498
0.8623143179047096,22.857142857142854
0.25143670530884155,5.352965460299984
1.552511052348692,10.931174089068826
0.8616981132244557,12.410138007031534
1.7364067267067855,21.421052631578945
2.218332712789749,28.304284676833703
1.4016882066545224,18.04632618188723
0.741567318981848,16.79197994987468
1.5957065306571478,17.033480890329812
1.0311571162245876,15.794334975369466
0.9840302936787331,12.331862126944095
1.2299088322965508,17.771883289124673
0.9700665887022608,21.748699479791902
1.12568418374447,11.299982887456501
0.13686040284410203,9.368421052631582
0.4674152189458392,13.785468263080212
0.21649385101547183,13.980137509549273
1.290809090089595,8.253507498790519
0.6406453377657015,17.239586041915857
2.5930257273123347,31.745293980943522
0.3687060450360534,11.758310034172105
0.6616109291290405,12.905803616022375
0.5307728878873106,18.807118807118805
0.03709362719277323,12.434146590967217
1.6241011867915827,19.07663631801563
-0.3926533291762841,3.144219907116863
1.7814780082271793,18.90182186234818
1.1644506609208694,21.13916617733411
0.9360733553941916,21.185397867104186
1.1291210350650296,22.856039144990973
1.4622830499663348,35.48364745011086
-0.2403960880667755,6.883445945945944
2.6038473864126086,17.038467038467033
1.0188765850833013,9.359262830815396
1.102929146835643,22.401315789473685
2.780050361253932,46.0
1.9903064309377798,17.23657548125633
1.8273557294646898,27.211868037703525
1.3671277511558448,23.93930318458621
2.777235305348964,25.21761392729134
1.2763484892459878,20.511017346460385
1.4186946320695002,17.09039548022598
1.5157708589793595,36.06346483704974
1.803308481555121,27.337997054491893
1.8222842420595855,19.19671094244149
1.5801918591145103,20.99206349206348
1.6376953390539306,23.898153662894586
0.44215779263955723,13.461094435465249
1.3215072054481503,6.81818181818182
1.417403910693157,16.585623678646925
0.1624691545599895,6.666666666666664
2.258913845703484,35.48233046800383
1.1674937628113358,25.11650329423108
0.44842189751917577,12.191063475750006
0.8923344656488227,25.784313725490193
1.3462587025770063,27.095516569200782
1.718322211998812,20.739495798319332
0.7015055715472113,16.96048632218845
-0.3863565725179524,5.08431756458031
0.7078799253295921,9.880877742946709
0.3129712119051385,8.143939393939391
0.509918377109718,14.65633929914273
1.5308173355564636,27.993216506500843
0.7545222211157847,4.357976653696497
1.840303493650504,18.644986449864497
0.4697402562115969,14.423740510697037
0.6874805027886233,16.326530612244902
2.477414483359344,20.60644435064021
0.3909812645119933,8.769786012674416
0.41443420106817086,12.368972746331238
2.579397693359816,35.338551146705505
-0.3222218089622897,-0.26862026862026767
-0.801796682388814,4.499886078833448
1.7185045569787565,15.053763440860209
0.7224449766130421,10.91840756799369
2.5489287673400765,28.141025641025635
1.263017120741741,30.54035567715458
1.1668392213566956,21.905247070809985
2.9197876811534114,46.157243816254415
1.7395764738173163,32.03221809169766
2.4680901921575726,31.919953596287705
2.2807180224244004,18.252290345313597
1.2533382892106188,14.32502246181491
0.36040735813111974,3.8023917334262123
0.4552755926114197,11.340112994350278
1.687792998629345,23.11893203883495
2.64136571550425,30.49261083743842
0.4263995075661067,3.801945181255533
1.6676671435998807,26.650660264105632
0.5870675760826825,20.37427887997748
2.342211231735126,20.75291550160268
1.8752032253641708,23.476702508960564
0.6403025138697573,14.048921789507567
2.3584058814478333,19.999999999999993
1.709808643721718,31.896673743807497
1.4644127780703566,16.135593220338976
0.17443240070529092,19.287969425058165
1.3877362160133375,21.641502129307007
0.27998690575159224,8.18181818181818
1.0634882961829497,23.351648351648365
0.38080703497441587,7.7748917748917705
0.4867996654231319,11.327321626324952
-0.49701332474109045,19.188640973630825
1.2083192386697537,18.27837666455295
1.0058299800862929,10.308376467157544
0.410585701560963,11.322188449848028
0.08775263498723197,10.634205835444227
0.702165732727969,18.169934640522875
1.3711123777774445,11.868240616385094
-0.3464410834171857,6.1375661375661394
0.15723539921478935,14.257537334460416
1.2898374757319302,9.986973512809378
1.3412503847991644,9.726315789473688
1.524281432705927,37.699817616135604
0.876590965137853,12.818780611383211
2.204879202862584,32.32260726072606
1.5571031815676288,20.770376675888492
1.008565782197154,24.544940644431883
2.6375786742861855,32.0578152506254
0.6700704133369354,15.593220338983052
0.6946042456627677,17.736549165120586
0.9851100950041085,15.027554048325563
0.6347575683744552,8.26947637292465
0.7249125120082088,32.229767968307875
1.9867755655074464,22.592592592592588
-0.47509795480089917,3.643724696356273
0.9055608030855367,16.36436117201515
1.0834649367253952,16.93147278253661
1.4875029516272678,21.910886541111623
1.0325338053566195,10.33791523482246
2.4652029077731434,31.193319565412587
1.3675537272564728,19.48920399613278
0.9992448112355484,4.614573261844065
0.918606926712149,18.920817817747476
1.7691572962186628,23.42342342342343
0.7476421411843936,12.99120234604105
0.3350269142831907,17.1459174425311
0.29892263164576355,10.59980334316618
1.0958869776386408,13.074894514767927
2.0344113884269936,35.11889093621128
1.389011210448473,19.19191919191919
1.044401656989849,16.07606601323615
0.8700754602368672,12.267742227861866
1.4382988856633345,24.896779521056978
0.6604091648247711,13.782136231115821
0.17941957575156536,15.7795076793604
2.538400536166381,25.034932463903125
1.3267201927342986,6.1798839458413966
1.04737021550663,17.58241758241757
1.4438677404426832,16.75263511998206
1.4450775061489374,22.123244602808626
2.3828299611561494,30.0
1.9783485321354095,30.26895432413633
0.9205742383453597,18.396741107150653
0.744321132036911,13.546518024129966
0.3599450527174858,8.515051859347324
1.6856714042728504,33.33979328165374
1.5402390121015461,30.226251355958468
1.190991166795527,14.856557377049192
2.2329255672138384,35.57262216220778
0.731394035122661,10.261867905056754
1.5930547681903655,24.53891138101664
1.1529547484082103,30.83315874013548
0.1990483209843136,11.421705034151273
1.7959632352398425,29.7367145856889
0.8485790485219882,16.516620498614962
2.427642223145753,26.954677975086142
1.496532667366682,19.292696952271427
2.4184176556094417,40.18018018018017
0.2734241969321321,11.448834853090176
1.1784217044976444,26.096866096866094
-0.4479749143853739,19.682539682539684
1.815692899632299,32.25230054498346
2.040507068643477,36.34470190054674
0.6536253006511362,19.89308462238398
0.4692427122282776,18.104305812135856
1.1751787157521383,29.613466334164592
0.912896310414531,25.157322654462234
0.8357015382463926,16.4832151670649
1.6424498194219486,22.261446298673498
1.5782470601154306,18.464092984640935
2.0172118443495615,23.974358974358978
1.6542840457106527,16.046319272125714
1.7590888380327383,26.48351648351649
0.953137196857774,22.477324263038547
2.8174654263320678,27.225471085120212
1.207386272130588,17.518939393939384
1.342477613493164,18.47811170577741
1.2780590833283376,18.974492451848008
0.07853106266993787,11.730969760166843
2.533562571621238,31.09289617486339
1.8595397982785282,23.57033639143731
0.9128533272815385,21.994134897360702
0.9464616617145315,10.64719594131359
0.6361762595305775,8.15047021943574
2.9390764802145046,40.76157942328946
0.4642844481766685,11.623419827012633
1.7148856186568198,28.780594405594407
1.8623507652196367,27.432864174078233
2.9655404485350614,42.02054794520548
2.3543558538278617,31.490514905149055
1.2515331310556703,24.221052631578942
0.8831779122620635,14.952322986406983
1.7371380827063736,28.600929272070218
1.6253664073754126,28.475871954132835
0.742319045006748,17.71545827633379
1.1561487455697832,9.73998678916712
1.6444599646548816,19.727403156384504
0.3550565471647971,18.251661129568106
0.026791679919910494,-0.03128519584532086
1.0156002517862055,18.49046015712682
0.9724631449637755,12.012818292049204
2.4343148775704284,25.19014152305766
2.044453921043498,23.347849755035384
0.23407297850307351,9.101796407185624
0.0834305260089771,9.434384082271407
1.575678106266235,19.9109907120743
1.2618371453335278,28.493475682087777
1.2717389199836848,13.12797461660498
1.1915077126905416,23.222663298448218
0.9427208764295192,20.19927536231883
2.1568879519111332,22.19551282051281
1.2446634593883437,16.129032258064512
0.9551054302502079,21.661631419939575
1.4109116786391214,18.15961707531504
1.487268552945077,23.19209939471169
0.6027650847304401,12.31944444444445
2.209137593218589,34.05883522162591
1.192936171442527,19.900682805710744
0.6622576422472926,20.337790288529206
0.2410928233777963,7.6800794833581705
0.15472557271299628,3.4640522875817013
2.175811965357304,31.241271666803584
0.5559285701132799,11.004983388704318
1.5746520699692215,23.25423728813559
0.02791276340233051,15.606645410303749
0.1894543195023084,15.39019305719205
2.9399078992812435,37.26851851851851
1.731931065245193,24.043603455368157
1.310899140208454,13.043002516686734
0.4765432842009802,7.561151550921373
0.39695396154957063,1.7543859649122737
-0.39655966564962347,3.0405405405405403
1.9259136299197395,22.990708478513355
1.2489310570966794,7.482059940903341
1.0592227256803757,18.140243902439025
2.493186190098781,30.620300751879697
1.3078302155595884,23.088842975206617
0.9021096193386213,11.52518978605935
0.6637716095137677,14.610389610389603
0.7739150799693751,15.02490315439956
0.2797049687204874,13.877797943133693
1.3755418176555856,13.522355507088335
0.5731470821045753,14.985906670842475
1.3487877110946938,21.839080459770102
0.6171422302325482,23.53312302839116
1.5835312645639539,28.57142857142857
-0.07667215151738555,14.416301656827272
0.8990226872385965,17.45193874226132
0.5512220223383607,8.719037508846426
0.6094381490160461,22.431459429520906
2.13020004314735,6.469854469854468
1.0616420267889937,23.6873508353222
2.215908177077329,27.909764603312986
0.5906504139940804,9.513158875717586
1.4055477364342326,15.251839275608368
1.9311676874699,16.324818909645437
1.8776401207617812,17.537735849056602
1.4459543452342798,22.433159310235716
1.6028083211834843,17.563025210084028
0.7775979514799939,16.710302696247297
0.13585991809943515,5.741206030150742
1.4486547091924509,18.854166666666657
0.40192933369642414,15.168513281720827
0.6478581235864351,23.624161073825505
2.365955068988928,21.20483682983683
0.4905069314409868,16.01624836790947
1.9231969132710522,24.822996318323412
0.622548472505916,27.380952380952387
0.5949367220132838,12.820433723046548
1.2793556543089473,16.317016317016304
1.6669316037586146,25.101845195303127
0.6218423382813885,12.40579400288631
1.0802497398688604,17.586912065439662
1.5934784414193817,14.090582314881381
1.5458306062431524,11.541578862052198
1.2456769804642773,2.664002664002659
0.46629271181324644,10.463283958398982
-0.1120846175082865,12.912692589875277
0.718039239048343,14.406779661016941
2.0326717468726883,19.895833333333336
3.032384086856489,38.90968063872254
1.644405898634216,28.02572853767392
1.8443446525525236,17.960413080895016
0.3214962477489195,9.562148998558719
2.2324606640193445,28.707750582750585
1.40286694750815,29.854899622341478
0.38764325166938124,0.12318029115341034
1.2022043057494027,24.2876526458616
2.2688158506805207,36.04606891300209
1.3321596556052075,24.8396316290886
0.2982393416030671,12.126696832579185
1.5609218763508035,13.582554517133957
1.3441865450546346,19.048123807504773
2.1081223299729674,29.992755373098298
2.432540755915462,20.706783990916833
0.6115320934818151,12.345060723675985
1.2214749859613152,17.687211403332668
0.3709408810852638,6.91011235955056
0.9778617777684369,10.720551378446117
0.9441246863159303,23.120608899297423
1.6851942821393997,18.89605734767025
1.294533508952158,28.268061860429327
0.6715387476254998,22.23943661971831
0.138565427490525,7.662835249042146
1.642728412797372,9.922279792746124
-0.053678365416170895,8.08146112817198
2.4665665507831074,33.67929423975092
-0.06324824586087516,7.795992714025502
0.578649607672531,16.042244835029294
0.5244241752706749,10.105721393034834
1.1929247997629626,19.31992127706102
0.4016140612081299,3.1924882629108
1.0795919161984258,26.24419095901986
1.1089988703684919,21.805195242747885
1.2075207083238408,22.959183673469383
1.5602404258675784,23.81849315068493
1.5651719596859306,25.111184318893088
0.09946488093236393,14.786368917000125
3.186845422043513,40.218181818181826
1.1218232975487292,19.60843373493976
0.14540776895303864,12.803030303030297
1.7645196250955206,15.538847117794482
0.8670314914444504,12.7507940196762
1.7809618267706033,40.717299578059055
2.7340964555634852,33.39016976795907
1.8003550206087464,20.911321416053276
2.117808953601713,34.59972862957938
0.3109950544017875,15.606523955147814
2.7650094079105094,25.10668563300142
1.0928439555942169,32.54545454545455
0.740172827569969,17.713787085514824
1.1878189189965327,29.518190757128814
-0.2841219292962589,14.387464387464377
0.4115050609734747,6.707716494170057
1.3266451490789466,21.164680068789664
1.1327933786439184,12.634952766531725
-1.1164108912423745,-9.767441860465112
1.3822725967705478,28.86709454099661
0.2826111823784461,8.078270138571654
0.9242790544266869,18.37464485157244
1.9389676019309483,28.3790523690773
1.0398694499187224,22.718851320055578
1.117374816252253,9.93343573988735
1.214074873521035,26.310536044362294
0.8513468602448458,12.887880562060886
0.7575880780673474,10.649662088511015
1.4366748491232413,16.28263495307999
1.6917042934456674,13.075483468496564
2.524443522530543,37.07307185568055
0.9330529681476962,21.12932604735883
0.21637174590586936,9.234234234234222
1.5652151168432282,23.237441429661104
1.4842659643391043,16.534480440919474
1.1245401833686315,8.803024932057184
2.0703057832998,26.321138211382127
1.8175270619278083,36.27067669172932
0.9182482813948134,18.124999999999993
1.5827710394105388,16.213235294117645
2.4891219400693423,34.024064171122994
0.9403560137366272,13.505046989209895
0.45946396232392817,17.492138364779876
0.807307610204764,16.88403519798868
1.7907919910081107,28.744239631336413
-0.04679742905146625,4.750957854406131
1.5512782122102062,26.427112125946408
3.0393242873651705,36.04107648725213
1.457270555204076,19.26100628930817
0.08772660275056798,11.825885978428339
2.2906617463805916,37.290969899665555
2.2818712632465137,30.368852459016395
0.8349913380749183,9.214677071226966
1.966818828429433,32.23146923854709
1.26099310998037,23.699633699633694
2.0175681871604816,35.891917742706845
1.1028211685863267,25.322599063606262
1.2028074876927994,18.603018603018604
2.0162626105133814,25.56994089501829
1.7999402315343427,33.03212851405623
0.8675272049944516,8.291019325502077
1.0241913206674407,26.97297297297297
1.6319426865634765,24.755894260538213
1.353836563127082,13.299663299663294
0.5760249092623689,9.29374884750139
1.217237577363323,22.631208171891508
1.3389573532008323,26.177606177606187
0.9889847581156994,11.241997439180537
0.0037222354534496294,18.980741737448497
1.9758968616102712,30.546955624355007
1.0757359348521602,13.082039911308208
0.6959603912195396,11.529083942877044
1.3247911136736104,26.63059163059163
1.7078087656894847,26.680474486913944
0.8645288440966117,6.349408321669422
0.8546203486778363,11.992437201764659
0.48051415789833835,11.056831134994312
1.6345629656547083,14.6295422369042
0.240347745385437,6.491228070175438
0.24462749076121687,15.099585481751092
-0.23899853994991788,-2.2325761987963375
0.6704343816070581,18.095712861415755
2.173821075666348,8.462389380530972
1.6835154727963553,30.278232405891977
2.371361357665631,36.11111111111111
3.0742447310390117,47.932131495228
1.31260713344405,20.581113801452787
0.003939220518116293,6.286215978928894
0.22984714034870804,15.051844297127317
1.7262142693974527,34.359288779889646
3.051770530839982,40.07904608788852
1.283417332990371,13.484949832775925
2.3443808864199127,17.268763625038936
1.3200268941118232,24.981516470878177
1.7048429174603204,19.544648137196923
0.43162459906552947,11.428879775523427
1.2449419340412902,17.02127659574468
0.13067822333165446,12.476572958500675
1.7567720509243343,18.54979108635098
2.8467168876291793,18.226852189116343
1.1796368880044983,17.832315146408263
1.6576861107151555,22.725274725274723
0.0840795417640241,9.113820584428858
0.8400469953964149,13.1806216228698
1.716406987500118,16.220756595321056
0.41382085475309943,7.377049180327866
1.4446431830246604,26.734926052332185
-0.23663780416212812,13.333333333333329
0.027456388192139178,3.8359788359788354
0.7443824445308007,14.724660814046288
0.760136562450406,17.877617148554343
0.8263644156878828,18.042276422764225
1.6359277404641706,18.523361227336117
1.3533729017300908,17.123417123417127
0.2895009688645468,8.664169787765296
0.9497606930182657,7.48903334918873
0.2469404101629926,17.681888831322617
0.5354108392040203,8.664688427299708
0.9712833437626098,17.967967967967965
-0.34443895476520797,4.948646125116717
0.6186216006254682,10.903426791277255
1.9535165105778143,21.58006362672323
2.2485514489918597,26.118175018698587
1.2063801387904909,17.70334928229665
0.09426527296736237,12.967914438502667
0.5140100983523146,22.356664184661206
0.4364105703593807,21.759907720194448
2.426231646046645,24.436090225563902
0.7147163687647357,10.357142857142861
1.2485153436593632,22.251796646260317
1.415849751887316,11.600707781278317
2.308896268326798,33.724489795918366
1.5342299233412624,30.792700815584105
2.4105479175204696,30.955094597674957
1.916741286825086,14.022842639593911
3.0420523613067463,43.39519650655022
1.4230715676375172,14.222222222222221
0.37471162241529904,1.6295491580662684
1.1583854817200003,20.58823529411763
1.2282854377445376,23.579806221315657
1.539712695890547,20.379620379620377
1.3314036222797794,19.230769230769226
2.3046480182634728,25.664556962025316
0.724171508373922,6.716947648624675
2.3197116757087626,30.0
1.0558643404577408,7.938686799359417
-0.34161592741737173,5.8587275277317445
0.6099522338856541,9.5276114437791
-0.32664365135069406,13.243392070484582
1.0468112667890679,21.80451127819549
0.9285979250965575,9.437386569872963
1.4466311532221294,16.15186615186615
2.6448777419355736,13.230132301323017
1.8054089495207095,33.784174046977284
0.9627352554298777,23.202143004327212
1.6052041612291255,22.602089268755947
-0.11890901004109464,10.035727616914627
0.6301183048250019,13.302180685358259
0.3695306071633463,10.002774694783582
2.474979100674037,15.789473684210535
2.285543215630813,20.96952908587258
0.7487600156888644,20.367412140575084
1.224592549224743,18.194740582800286
1.0963040888744136,12.531806615776084
1.5564861251875501,20.54871220604703
2.135151415542013,27.13828936850519
-0.1557157712443693,9.143166294718334
1.2567518393224448,19.806184668989545
1.800707430580575,25.129399585921334
1.7397495949047344,30.189766781945558
0.19886412627877575,-2.321296978629327
1.389331442177268,20.731707317073173
1.4060859076503744,19.636816806124266
0.9471378995819402,17.34046410442349
0.9291760313337761,12.5551484334106
1.9661327593338664,36.456442831215966
0.761356104551014,21.377450980392155
0.9479168274690006,10.226236088305058
0.9088259140362601,20.51056338028169
2.2852207999955607,30.376447876447884
1.620354995492387,24.23860051620305
1.1742960128756574,25.627313862607984
0.4973936991623476,7.41017964071856
1.5750732927473292,18.17478731631863
0.28614892181245655,9.090909090909093
0.09086877488916878,9.801488833746888
0.19603571873123368,10.331125827814574
0.048907033823467526,12.205882352941174
1.31163307610357,14.657210401891248
1.65275119647557,21.001317523056656
0.1730223491231347,4.908571775712289
0.49360795460455104,7.436131386861312
1.5295172360329796,30.769230769230774
1.3536230063703187,24.27536231884057
2.045964279963947,19.403120464441216
1.2707081825207807,22.843210802700682
2.2091715276898176,16.274509803921568
1.451854275033333,24.016100178890866
1.66625716687749,28.0
1.6892518966817587,23.27841540170308
2.6310539421534296,26.95652173913043
1.0729666802892417,20.341880341880348
1.8906705978878717,22.28241242325749
2.0670646642531922,35.968935682268324
2.56090244702659,39.83421958085705
1.1487419129815284,21.16550116550117
0.9396586603690044,15.38461538461538
1.10839141017971,23.13274336283186
1.3568291811110988,18.884770889487875
1.0332881864310637,10.867640548915439
1.1061833183247585,14.55240665766982
2.3823885107620546,32.90246768507638
0.5608760466668409,7.095217200526548
2.245501235440661,23.247863247863258
1.0614796404362272,17.127581120943958
3.010634386931052,35.5297157622739
0.9300666724733627,23.143736051631585
0.4105737913069436,19.64285714285714
1.804619337333982,34.36363636363637
0.7443739658943256,17.327188940092157
2.0009852470229013,34.84806502262862
0.6240163099292786,16.45962732919255
1.7886083217623985,31.717171717171723
0.7506906127666348,14.844097445273498
1.826259166489682,26.29629629629629
0.22338453359623242,6.937500000000007
0.6601325154186553,10.323488045007032
0.4993968402597798,14.873206539873202
0.3892859105271733,5.220818486124607
2.5349122720779165,28.20512820512821
0.15446481116152727,10.130266075388029
-0.20836896798913293,9.83784435469287
0.7806393068685341,8.78004973749654
0.394263537450121,10.173992673992672
1.5867572369913732,18.908290073934246
1.9740436063229703,24.267198404785645
1.7087718081737202,23.188103675908557
0.940479491018608,14.536106566954892
1.6396246112469524,12.606893657205816
0.8706742074721111,12.108959353053848
0.970571118523347,17.180722891566262
1.096677753447666,12.960526315789473
1.7555448677820642,19.76688102893891
1.3027417971285675,20.173745173745168
0.6565820292677494,20.53846153846154
1.3679564240754325,25.592607472880665
1.0248420223265864,14.666543676782581
0.2134209246950336,7.373304280593246
1.3645046231904607,8.789519906323186
-0.1291055347584221,8.411337590761967
-0.4226047212606525,1.6883116883116855
2.0238348148076186,25.82023711055968
1.0792866926653477,18.134321269117507
2.078356261346924,35.3699651032117
-0.3057278316916394,7.261496937610303
-0.29893315826402106,4.783715012722645
2.7275045730857292,36.96175278622088
2.1413591801278455,33.88481939883809
2.2372227084059193,33.06459842841106
0.398936106074015,8.723404255319153
2.0667361138722353,9.738008090926591
2.312377049237179,27.917827298050142
2.0420755188523048,33.97961850013064
0.6006642092256138,14.304276804276803
0.5239101046976566,19.237336368810475
1.243777664800512,12.678526685041348
2.2210452039805504,35.21389439328593
1.8242703103097204,30.191842056248845
1.4285965036488448,20.536336196888776
0.8041758588306005,12.055682482333559
1.4186234776057909,12.78604118993136
0.5548937478393252,7.936968992810982
1.1882743862411393,17.864947552447553
1.8840352451056521,31.251829446775297
2.1982557079917,27.272727272727266
1.6847836749823806,30.38986354775828
1.6535935135346156,19.683098591549296
1.0649968337743478,15.661285754743695
2.104385836194702,32.95454545454546
2.203530632535742,31.875
0.285205949460612,12.924832547754903
0.3378211229963197,10.750750750750754
1.6111032546491497,19.1016548463357
1.6402295394819482,21.73728363597749
1.362676943411636,39.96179560649475
0.34892916180416417,21.150892118634054
-0.01169343647337566,2.4068322981366492
2.3484189152551873,16.982730531117625
0.7163488311343562,21.26359992364955
1.9318403111413813,21.292460646230325
1.6098524370518406,20.87912087912087
0.8215060163905243,12.515605493133585
2.1214756643547767,30.940386230058785
1.5925077649217434,24.64364903389294
0.13556788052084257,7.158119658119659
-0.5965374957471965,8.963494132985652
1.4355190547071623,22.397281433426016
0.15624954721930262,14.476699770817419
0.9041881764435763,18.506131549609798
1.5234071913004739,17.929586274685008
-0.6067766063822376,8.505707664578146
1.1645175323392791,17.30367374452308
0.9395205023403725,12.047876987593924
2.1019720516281466,36.06567850753897
3.0562234855998107,42.23616922361692
2.1885791305093396,38.48528503807367
0.21463946931165248,7.575757575757578
1.907162986455944,24.970725995316158
0.3618517753670713,21.666666666666664
0.3802862237985484,6.092896174863398
0.20446061512349117,12.74509803921569
0.16509455777072624,8.263736263736256
1.566107725059652,31.254355400696866
0.8434830652042115,20.141939844542073
2.2133856896029274,25.596455351056576
1.5889930842484654,24.65526751241037
2.1729844683452013,15.65452091767881
1.5367472579638313,21.876981610653132
0.7234784686269576,15.984141791044784
2.511617305620582,21.130952380952387
1.132318284435743,11.738562091503262
1.3188053590695088,9.126984126984127
0.42201283329985606,8.196721311475407
0.5081086828186029,12.11917562724014
1.9773417178055923,24.451951951951955
0.585462339186566,23.940345368916788
0.7090849981446132,17.689320388349515
1.7096533515881827,23.728700745473915
2.3416411135470594,31.614463967405136
1.3637271195231222,23.2838589981447
-0.45886124573821296,5.853658536585364
0.7863531041114485,17.653276955602543
1.1049884235750465,14.18047882136279
0.5097569243729101,14.382566585956411
0.6663818232754414,15.272244355909685
1.1259833379497304,18.03444782168185
0.8587201374854729,23.07221542227662
0.1873357181108959,5.587301587301582
0.8502325946765319,8.55569031736406
0.34701748292199336,12.098034377827126
1.5651253227379818,26.580969267139473
2.93318623787929,47.00793078586878
0.21024311482550095,14.37824870051979
0.04992376984290181,11.97822141560799
0.7417693295905825,16.395174782072736
1.6295391531007475,27.43144604458473
0.6467698913571476,14.669783752191705
-0.21095420671715243,5.590062111801245
0.9275697478328989,-0.05681818181817988
1.3932263402323029,28.094126100233517
0.6705388205848544,21.07007575757575
0.9015892977628882,16.371625863151287
0.8497225737167784,20.0
2.0540268762802296,29.69696969696969
1.1843383826612923,19.75210970464135
2.1101583413650515,35.83393156257477
0.44961395576166924,2.2186147186147167
0.9335253481332497,13.265306122448983
0.5943995127304798,19.758267584354535
0.7629186196161533,10.0177304964539
1.557265162955845,10.987810004203453
1.933585944990538,22.97396406307297
1.636586376863641,20.73437073437072
2.2441456409884726,27.37951807228915
-0.5252289505573361,-1.1937732785789308
1.4975200683872294,12.422786547700746
0.7683463993646701,4.997022036926744
1.0703382085944226,12.689101574560063
1.3665254400681146,28.827586206896548
0.30395486949099504,8.2986832986833
1.6522208461906245,22.706783862970482
0.7960928401551015,14.63414634146342
0.9943709808777056,18.411330049261075
1.4518572617911891,13.56066613798572
1.646205117946041,21.69312169312169
1.147001251628046,12.429739397036279
0.245540047315719,9.480519480519483
0.7863072368977011,16.34146341463414
0.9045170841554839,12.197606315253374
2.6790782116827825,39.231601731601735
0.9633081107905037,16.617631606598714
0.4123187309404942,-2.9902912621359263
1.780664989505822,10.574712643678154
0.8910832967889402,7.610668900991477
1.7973037061130135,31.270903010033457
1.4021844397667143,21.14570674265598
0.11014987283702155,12.89492367767128
1.4038661240177195,20.35641842944075
2.376000486013575,37.437472575691096
0.4314105386196466,21.130099772794622
1.6088388886351852,16.458868894601544
2.152318151882816,34.50520833333334
0.1168506528502315,14.144674387696988
2.4525207364601647,39.027527656290204
1.2281545703272565,23.559718969555036
0.6733590794331353,17.322654462242568
3.086988334227994,37.542735042735046
1.6492882273231808,29.441736818785998
1.2901613722443235,9.577677224736043
0.6744701768535619,10.319410319410316
2.241435519318616,23.446697187704387
1.3127915647161124,18.872850122850124
2.243864486807099,22.430555555555557
0.7752474578315898,11.606843341160683
1.7422070170063073,27.662141779788847
0.43284562837081086,17.557976809276283
0.8212568470795126,24.312599291213488
1.3951499370907205,22.924999999999997
1.0145932409025895,24.440822240333247
0.38045269534743914,13.925438596491233
0.10891048965551364,15.145380934854607
1.781447984800214,15.582329317269064
1.088515935082623,25.59235668789809
0.6563109961658542,1.3669064748201407
1.8316455558637634,21.595022624434392
1.9939297310826782,15.348837209302317
1.152499407996649,31.311953352769677
1.9396404561565472,28.082542937708276
2.2079518708590613,33.58890954151178
1.7031153304884614,28.316295110235252
1.212086987916544,22.90847838293095
0.06936880794818218,9.788780377015676
2.267444312913682,19.983579638752047
1.4338443137652992,5.295933574622097
2.303931748450296,18.013055895552824
1.7614569093060672,23.314889336016094
0.4989211723229492,12.25324675324675
0.16047434082546375,8.40336134453782
0.2609886245034693,16.1325752681225
-0.22737850210094102,-0.0206043956043942
1.2316836698637976,16.466750841750844
2.8953372208436328,42.02127659574468
0.9482335934605024,23.107531055900623
1.3910455930604435,9.007681784699571
1.546225027561441,28.439050636695157
1.8185356169518476,17.760459392945037
-0.288096448079061,11.818181818181813
1.3850467022650046,16.571614795502697
1.171933158505639,21.333333333333336
1.0499393540738295,17.533526640086983
1.195367049595354,11.20663650075415
0.6243862403144631,13.963963963963963
2.371068082606261,32.03252032520325
1.9777425224948333,27.639751552795033
1.9145566997265036,17.501244400199106
1.8585811524408122,12.531969309462916
2.6732638407873677,23.598268738933704
0.5052422971748083,13.792948573995055
2.0812952256273243,22.309711286089225
1.330535542197655,16.666666666666657
1.9109595072782393,21.04851330203443
2.194976336522267,25.74237356846053
0.9829069094260144,21.78916679453736
1.9454053844939363,30.93401294944207
2.7690752532916756,34.97420874992039
0.17522498649266044,9.5038271748844
0.770163026659617,13.02146129732337
0.9136714229667617,11.278439869989171
2.3700186378550816,28.6011982287054
1.7699866539424964,31.855203619909496
0.8663969510607975,20.664682539682545
1.3059684702271963,25.188972876834157
2.8389739196205714,26.402188782489745
1.0314474309817965,13.44086021505376
2.0005216807551363,19.687660010240656
1.2818068338044273,19.764492753623188
1.8651251077115152,23.40798442064264
0.3528316701487201,16.513906447534765
1.6921356253945274,26.503844414292168
1.7617376378665621,24.819322936477754
0.733210137835653,11.512605042016816
0.1334324599655402,2.503770739064862
1.6482925928135264,17.562724014336922
1.4203367813047016,28.030908606448172
2.6896866176828578,41.96640409983867
1.536262559899107,32.433497536945815
0.8597213205499279,8.828573878741096
1.4688821376061973,18.857142857142854
-0.06628942987034675,10.874472470311112
1.8373968143937613,16.299197369693445
2.513625462232494,26.72212768639315
0.9156767005277295,15.29568697198755
0.922966758030185,13.785310734463266
0.8529352074801821,13.297700032393912
1.0320255522161605,10.23391812865497
1.965594924152926,20.340788072417453
0.5303349111547597,30.161943319838066
1.4807058423079553,14.33370660694289
1.1497085697585376,20.99125364431486
1.0864669056831615,16.971869399205175
-0.045078817182211045,3.6942257217847683
2.309205733316186,25.71581482472572
0.17566911217382308,0.6452295324730173
0.6121375553702756,10.797851937092439
0.33594391325021333,12.097264437689965
1.7850321378998926,20.70542538529007
1.0859845817430247,21.89304812834225
0.860841665727544,19.836956521739125
1.7929526205540818,28.246458725839098
0.0087680170856973,12.068419385492554
-0.03489131165314649,14.291162689332019
1.3809281324463474,16.75839295542103
0.11021178679444019,21.14556416881998
1.9796337109873852,24.42632414489826
0.5979408359214832,19.20269511510388
1.1880078822478097,21.62844798936524
1.0711866998204138,9.542483660130713
1.4049414070911763,18.30036812878268
0.7952282099293129,17.461430575035045
2.061976243989655,19.824275951838594
1.8310620517548035,21.770942212931168
1.7394732367906511,28.463151104660547
-0.7721791946984033,0.4848093083387326
1.4581038209373631,29.97589351221047
1.6767071637975062,20.954223081882667
1.1446669803424487,10.461393596986817
0.0021419725196102357,15.48571762369297
1.4072729223844713,22.724014336917563
1.0776366778570194,22.972153294733943
1.2696161603093241,21.460746460746464
1.8017591819017642,20.309653916211282
-0.5781100760211911,3.7491115849324714
1.7823138090786466,26.302083333333343
2.8116176017135146,22.875494071146242
1.3512450780638083,28.229813664596286
0.8662329219469913,10.614373772268507
0.5121744176960225,13.144563536500826
1.7546688910721104,35.3227931488801
2.1578030058538813,16.305418719211822
2.429311628590529,31.945278611945277
0.8584150833135985,14.141757246376812
1.0682641354361189,24.748603351955303
2.2665515215860044,27.6041305703791
1.1184989337151816,13.402061855670091
1.8046265672706538,32.44354522908236
1.0395477140123441,13.797828607568249
2.7308452643253998,20.481162692253427
2.225970734756924,12.117157300029739
1.2447264239735578,22.665964172813474
0.21822232958382015,14.39248928994622
1.2508632533688187,16.34466454715905
0.8507657916027644,6.244653550042763
0.9259223033590649,24.820472646559594
1.376035914952617,15.032679738562095
1.7129922068819967,15.310497663438845
0.6730150818916897,14.306151645207429
0.8544959539174126,14.911838790931988
0.9595317702478675,8.335970631052604
1.833443582022777,29.977649469174885
2.1814351476370115,32.529474812433016
1.3332527515202186,13.087087087087092
1.5872271544584151,19.77445580907421
0.8420988120659916,17.79130434782609
1.024911137483106,16.400266400266403
0.5916433980772937,6.5386680988184835
0.3452486817343524,19.530193088181036
1.7907272176111575,29.8356300846754
1.6772095443542008,24.348564954682786
0.668681078635937,12.722371967654986
0.6631867975274859,12.287104622871041
0.48379966395788304,8.39144583914458
1.0645397328011676,18.348753776435046
1.1139810193910533,32.92682926829268
1.4657200857457187,10.695652173913047
0.18805118382536087,15.135135135135137
2.0591202066988767,19.22480620155038
1.5940314728989833,17.250571210967244
2.508071343964453,27.477034120734913
1.8666945739414416,26.496424923391217
0.739184296467158,9.649898887765417
0.22249973083109253,14.039735099337754
-0.055460600603803034,13.18012018840345
0.5260255666409219,9.04123199205167
-0.18805527744329087,4.961790980518792
2.0083232756200338,31.204212454212467
0.8885113140367755,13.157894736842103
1.7734651262889827,18.788209606986896
1.3407738625092493,23.395088323998266
0.15416995696427327,6.444444444444443
0.735298711591321,5.2242825267369355
1.6846269841834296,25.527950310559
0.9045912313334871,13.407476058078466
1.3727440573627647,16.48471022758133
0.6647360250750669,14.01627218934911
1.6139974834439155,24.444444444444443
2.258134332152085,29.714609001760138
-0.06404440807176065,8.406165580804071
1.0412232572545246,18.5004074979625
2.0646091674108296,11.758134338779506
0.6691983279596087,14.257172540557825
0.9835860764035362,13.968253968253975
1.3857221252776548,19.230769230769226
1.0568945776514989,12.746688294133541
1.2629951375017305,14.199814986123968
0.6536769784908041,26.00362600362601
1.841053090463463,31.747368421052634
0.5422133661487291,9.01717557251908
0.6918663785302427,14.829713059801563
2.8270569160812222,32.104911211828515
1.6925979531837485,30.248604769152713
0.15581767533851,9.788359788359791
1.2611126772022732,25.521207764198437
1.009128963454439,13.177191166321592
1.0844454732014759,21.372549019607845
1.818912175470346,30.70213379469434
0.35652006094984806,22.58779127010174
0.0714184443988052,10.185397116044868
2.449154647049232,37.45701719312276
-0.24986620269107757,10.096459614161546
2.2332288276468772,26.794590220783725
1.1260780123742238,13.87478849407782
-0.11331752493110203,-2.4764150943396217
1.894547384906306,29.259525521207777
1.4306440588587788,25.29790051068659
1.362440055595276,15.394418249012361
2.2812137567863426,8.206828360379227
1.448486558195977,15.038327526132406
0.6198370420569932,12.167423750811167
0.03081567064389998,7.391400709219852
1.5083758094710427,20.467836257309926
0.46042638902342803,14.800480448418512
0.9927623559242357,18.09634709104239
1.476069738204529,16.589834515366434
1.144188971506108,25.276104417670695
1.1190411389082888,14.89820808706257
2.5652506160062876,31.77099393565628
2.779120526883845,23.334112695814824
0.7978415236794321,17.06864564007421
1.2423942872702205,21.962095875139354
0.19193609577590393,8.994565217391305
2.6223538522893968,41.178741474713675
1.7857988062964703,15.90996784565916
1.3938371043802358,25.29390808692554
2.3102772870327373,19.1812865497076
1.835159418869619,25.434995112414462
0.9082438297006816,24.11067193675889
1.5481451512300408,28.90637418534415
0.16690291716854166,9.368191721132902
1.3797761165155382,17.873262321718727
0.8904422560763539,16.626041607618603
0.7360327446968253,14.6030363364858
1.6997698650368216,18.904761904761905
2.143710696914037,30.083224543080938
0.7114643968117583,16.00373482726424
0.7988888414870774,22.206466250709013
0.21910194611791112,9.257679180887365
1.7311553199262792,21.731284200721852
1.6529446114743538,28.018783542039344
1.202966999970891,21.10051227698287
0.8757887311335643,20.861629881154492
-0.05642911354248155,13.952874978020049
2.141087925066125,25.18382352941176
2.7888427280307897,25.06493506493507
0.3050967443087358,7.578585828417822
0.45723117798880547,20.53842813721232
0.5888217687334889,18.858833474218102
1.5678903404491056,23.116495187520748
2.1953912139452987,32.90864935550158
2.268047307053412,36.42773928505732
1.3374720630046215,23.51809756950515
1.1249916373783924,20.936576494657878
-0.020745422711923645,12.518237525532534
0.5408063032737112,16.27565982404691
1.0828660147579394,18.17634173055859
0.28257971053567016,9.888053467000844
1.127691435403135,16.27995920448751
1.961737074301051,16.158225076631133
1.0326056361315359,20.64599483204134
0.007378583772258487,7.607116920842408
0.7278624701113264,18.191129319558243
0.7798854093296999,13.973672790394907
1.0052188113807787,12.415171516221996
0.9759286962734817,23.707282161388427
0.5687136566378039,10.491803278688522
1.1738475920027844,18.845500848896428
1.6297303014040843,29.239533651298366
0.3669858569116449,5.253588516746412
2.02937729081817,32.20191868433075
0.9775255804328898,16.834130781499198
2.001762397655149,34.364185258817464
0.3580084883644129,8.00499080640924
0.8327906197984335,30.255384028968933
1.5866574108173583,19.13673836823653
1.1834420124624287,11.31652661064426
0.8774287579312375,8.57142857142857
1.609821260403964,23.48756729043835
1.6629104747948174,22.91666666666667
0.7250412697260487,20.53291536050157
0.41057250007419227,5.8772687986171235
1.0013229168427291,16.184210526315788
0.9904652850470291,21.26134734830387
0.21963216819346448,10.548259328747136
2.042769528199696,23.94953905870937
0.3304038313993773,7.681290517111407
1.868016744878565,16.7755991285403
0.3133901402025,4.979201589371087
0.9063550016600437,11.082251082251084
2.254134647000847,33.0218561925879
1.585126255373647,23.563941299790358
0.014795254294233812,6.494464944649451
2.144866552021188,32.413922506801754
0.4955867051709467,10.161530530415867
0.5724914344857817,17.455579246624012
1.2639098407101197,14.15105667627283
0.9597978845892714,12.077294685990331
1.5773896264364282,28.305137844611522
0.4497641056486348,5.868358445678034
0.24544102287399266,6.883561643835613
1.8801233166825466,26.81595365418896
1.589369884157535,11.43080837737326
0.6661421100637798,16.516474232610534
1.5315803628470466,16.105200945626464
1.6749944567086585,23.81321149229459
2.5217999619796236,34.8587570621469
0.27245612937233754,14.118382008433542
0.7764735176524464,8.39160839160838
1.7041794636358656,26.87338501291989
1.2389036750067401,14.419863122712087
-0.10603980125451545,3.5700163814042867
1.150595115558907,7.910863509749305
1.1922806224421048,2.9099678456591676
1.932088968121668,32.940635066728035
2.140106374388961,32.13675213675213
0.12853642017880207,4.667238238130956
0.5571948348830451,6.268656716417908
0.6934454591799994,14.251893939393945
-0.23153234577768234,-1.6011770815302029
1.6284970275637727,27.382450944094778
0.9664540274501865,19.747899159663866
1.68473242694847,30.868330290119708
2.1503962719882934,22.075070821529742
0.5068771004003246,17.142396387679405
0.8530113985738059,16.988416988416986
1.916986121184736,26.06601248884924
1.1470829662325939,13.50641025641027
-0.006424588354731253,1.904761904761898
1.3678288542824455,25.79821200510856
0.7191097620665432,12.448638931689779
-0.03886213699465674,3.7650785914463256
0.5035731720187303,20.728291316526615
2.939131498838316,31.527484143763225
-0.5620745718696043,9.904420549581836
1.8541229337217948,34.744031660921735
1.057230744665047,21.364764267990076
1.230084784854879,21.896611341632095
-0.5448559193425403,0.20283975659230435
2.5281031090482298,30.976430976430983
2.4235814416551134,35.235969387755105
1.698193474571993,16.857976653696497
0.8865204499503156,19.290780141843967
0.5991488744319815,15.167055167055167
2.657094589928108,11.651662049861493
1.9359666071542834,29.52626641651033
1.8177082791852381,18.414322250639394
0.07923728289771514,4.708559425870817
-0.3052318299318423,9.565217391304344
2.1711481126790413,25.0
1.2785581468877518,21.771978021978022
0.015409215193322667,3.87755102040817
2.4815127735225593,26.204351204351198
0.5412698047002863,13.670468187274906
1.2491552801109138,9.190938511326863
1.967410308976796,28.72561228725612
1.445359207496872,43.267716535433074
2.0114780213571333,20.602766798418976
0.09010293334033925,9.759347492530082
2.8717002058077084,44.49226845209629
2.395925173607567,19.816849816849818
1.28667327883888,28.586192641587424
1.2199549092928468,32.34657039711191
1.497328082337251,21.04236343366778
1.7933514953295204,24.34031239614491
1.6039382183797852,28.519031141868517
1.3613182780726847,19.13875598086124
1.5816705862341953,23.093971631205683
2.006001127864888,28.403755868544607
1.506518391125832,12.97923322683706
2.1838833830643427,31.84848484848486
1.4992591645870337,23.767301038062286
1.3849531500574805,24.110417286153236
1.396192115758116,20.645446507515473
0.16812896104590813,13.913690476190474
1.3473510472237407,17.44694132334581
1.6020381285221073,22.54657192241214
1.1855793272534354,16.51787868551851
-0.7071925455722441,12.878787878787882
1.5939882546882358,33.598281417830286
0.3276955091751466,18.24351297405189
2.012949291980531,26.171789840854593
0.5965004229197802,22.602870813397125
1.29523410390183,24.952076677316292
1.5945426224637813,28.851582231466352
0.7739204734352891,9.774436090225564
0.22547531048080904,16.502732240437155
0.7779059784295858,8.850400762289105
0.8723011085526478,18.37568697449388
1.3936422768777408,14.621585311240473
1.2501285721839515,7.220555138784697
2.3734652115222983,16.49122807017543
0.1559755873829443,20.927085095584502
0.9945703842623417,16.33875106928999
1.3763667058529931,12.971049652272349
1.794067248099764,20.212389380530972
1.2699870950553558,11.138047138047135
0.8376287478039972,18.329882677708774
2.421192518096553,27.368824205285343
-0.5239007664481449,8.907507441296445
2.606614288164769,35.61296859169201
0.24348425323469178,15.398782831518254
0.8077533100775667,18.924769980155148
1.0348781042391373,16.407389402041822
0.6810466296281567,9.420289855072461
0.5328403457293889,4.792383390671247
0.6352919492852718,17.21622410271374
2.362004729345194,17.581329561527582
1.3059021653256169,6.115948184327884
0.058331452674924344,7.830415799567469
1.0031204958149365,19.861951295176056
1.6048041705180154,24.849229394683945
0.8382149401297272,27.078876051918407
1.9975067162760425,24.562937062937067
0.10993145004466698,9.5264360570483
0.7473543081207653,14.285714285714292
1.6163502766389468,26.600546760760373
0.9808647857465491,20.9090909090909
1.613976129236705,21.26850740296119
1.2796083649768515,10.531561461794013
2.489044694472873,28.247602441150818
-0.04727945827531148,9.217786432976304
1.586942490290914,17.150501672240807
2.5745777281525677,36.520376175548584
1.4264760528298348,25.632262474367728
1.2258807541024188,23.41880341880342
0.8241162278052322,23.733928102860148
-0.3531908609629657,9.588318085855029
0.6493081985579641,16.877637130801673
2.2211887984397576,22.081575246132218
0.5699075131843215,7.908163265306122
1.1082541748788004,17.016666666666666
1.0373864679161955,16.17627655363505
1.2888887743387665,20.819273856120937
1.035890593825572,19.9242697439596
1.0573206405278084,15.80331618067467
0.5721160494726599,14.705882352941174
0.21006691372564223,6.295025728987987
1.147996976174749,21.913250148544265
0.5414559171079454,17.737073962439126
1.949924139618365,26.713193752077103
1.6565289647849013,25.29304832946781
0.16538547923284969,11.357750647428787
1.6974617750410403,28.159913851123967
1.4157639503640917,19.650793650793645
0.581352152779142,3.8858829316281387
1.0569379143420632,15.555555555555557
1.166780613070689,16.236225895316814
1.5456285145514512,16.00740226694426
1.1609086902594077,14.998621450234353
0.9460296990972317,11.765935214211076
1.4621296483364015,19.61237553342817
2.424855003816045,25.52176505664879
1.3713012392763915,25.57026189805689
0.9933398910929346,6.914893617021285
1.6733674878833145,23.541036968146955
1.0183799819898656,19.66348068498607
1.856405889427608,28.510987623137154
0.3059770866942139,8.469869480699806
1.0983156212401448,19.676494676494663
2.3446875414345483,16.16091795119928
1.453491331659113,17.042606516290725
1.3480201515436603,17.924528301886795
1.4040375817208215,19.991731632412005
1.51001850539998,25.880758807588066
1.4898753715522766,26.85803293279929
0.17679358103354972,13.298525798525795
1.7983796255720472,25.648289387666175
2.042583268581736,34.874184529356945
0.24589609354999303,17.444178628389153
0.37152869769827823,17.052658005397603
0.49721250967553776,5.192217533989684
1.1877318107901034,15.90117199873297
1.0783806548394452,9.838649851632042
1.1736720403544312,19.795698924731184
1.6250853671647638,17.46195689595814
0.5749088053598518,11.393939393939398
1.0980533964199215,12.98121629161242
1.0280411396436855,15.430622009569376
1.6931119586384273,23.32221663849421
2.489369208042459,33.1511839708561
2.1691107035342356,32.190760059612515
-0.0389967174687435,16.787439613526566
2.772598629622278,41.08724669336245
2.0335345676114023,19.15389740173218
1.0051224040225686,17.366946778711494
0.6124086063798342,14.779220779220779
0.673716188771922,11.786016181620582
1.4364569816379906,27.608695652173914
-0.7873396127254322,3.4616193480546755
0.9457524951804882,23.78794010522055
1.8454926922334065,32.403965303593566
2.1222033280593577,31.257035647279558
0.351041812884065,3.3222591362126224
1.8052261557054896,21.98790627362056
1.2555644407695197,18.93382352941176
0.9511780738963012,15.652173913043477
0.7086399986620708,14.202401372212691
1.8647803318236222,30.266843579537067
1.855298366250847,22.053256754992816
0.5995941975479604,17.97224182545284
0.6021832192857202,14.945382323733867
1.4801225887526068,26.444444444444443
1.385082523163517,21.640407784986095
0.33146144462033195,6.363298317374735
0.6355480928840171,12.696072650076651
0.06921343240381528,6.891162262006262
1.785209645358469,17.546371623820363
-0.08747131085931087,5.645994832041346
1.0430409038329402,26.023921710764775
1.2298546473775245,20.595238095238102
0.689825146076487,21.72131147540984
1.3052937577362709,19.907407407407405
2.3282158440682448,27.929799426934096
-0.09368333112467281,6.0529708191726215
0.7897907425218221,20.567121320890173
1.2968446483122533,8.596914175506264
1.8950259283469462,13.931888544891642
0.09660535348818611,11.083068621905056
1.191233182431844,30.408538829591464
0.7404978007019275,18.003952569169954
0.272361163901508,12.996406109613659
0.8279128160895058,12.410873440285208
1.1070476165379384,17.214452214452223
1.9082587283594685,31.216069489685133
1.2480526406022783,31.622481442205718
1.8380317408429396,28.18634423897582
-0.07931342038637558,0.8291397076443872
1.3585962101267035,17.59639378572004
1.4724166716868359,33.82352941176471
1.4536817932627653,21.862745098039213
0.029036901384809063,14.21736158578264
0.9929176894566105,12.812628126281261
1.0408490859610477,18.18181818181818
0.6759681785391363,8.829166489203118
1.3151273885461778,23.862795857988168
2.0019736685001535,18.361297539149895
-0.4709267432380665,2.3914480934538176
0.3631534096053194,11.282051282051277
0.37245042889015034,14.963890226287916
1.5119242065120118,10.160427807486634
2.963263534102522,32.583918813427005
0.7737983314514381,24.541516245487365
-0.28510036322667365,3.4331948392740017
1.5028268966791627,30.896725440806044
2.0099204366839443,36.45797598627787
0.35363000188439386,4.758064516129039
0.5871043290938298,10.896637608966373
1.5164716065625115,11.641609101991072
1.4058325061909984,26.402755591054316
0.5574489479527598,11.01684929892778
0.5429178056927314,19.995344506517704
2.3294396838447318,22.901770218674066
1.8330416984180982,30.07939468215484
0.6480143154517826,7.710843373493972
0.8843839914490595,20.078662733529995
1.615257832507372,28.564439474419892
0.47771918649754275,19.38798402656257
2.3800664571171457,29.2143401983219
1.3651175803681403,17.875731945348086
1.3983647274240918,18.585858585858595
1.652017531649031,26.732045277127256
2.7837742691735743,25.809651341566237
0.7709861924339123,13.092080333459649
0.8022631978306839,13.796829971181559
1.3849424041287337,13.647728851229338
0.5053284822107242,6.378331148973345
-0.48265723884154155,-0.39013617960985414
-0.014976223359369323,-0.9782608695652186
0.8644640022691086,22.50993541977148
1.8959786033218569,28.46077785102176
1.8111597112701463,26.339869281045743
2.6644754386380853,23.09309309309309
2.5763723964085377,25.05263157894737
2.240794810501105,33.04244683555029
-0.26240217284108946,10.31897926634769
0.48052693693763016,10.62190175754845
0.27115656144072664,16.637323943661976
2.527737048186759,44.19438848213847
0.7486706371882583,13.49499209277807
0.40750800126913017,10.6711894567091
0.37781029370116814,14.758847478860005
1.8955039332381978,20.98329355608592
0.9553536435659673,13.930589184826466
0.6989459277526353,9.148003317928662
0.1689824400720055,8.770842721946828
1.1375323620010127,17.074413863404686
1.4557146695904026,25.525525525525524
1.590438985691146,20.280112044817926
1.8494504786751946,27.53781381568689
0.9361679979634024,10.202485443643006
1.623660883400281,9.332003988035893
1.1152806605096703,9.419977592002063
2.771897526181416,19.63562753036438
1.2480980117985938,22.286746676990596
0.6779169490795074,15.664612676056336
1.2979113475581454,17.41730082310918
0.830569791630237,8.035714285714278
1.6169839740026721,19.516129032258064
1.0413720770947152,18.465352242591948
1.6414282862879692,28.537628537628535
1.535830352744921,28.95055325034579
-0.598831999406493,7.013805244139725
0.8478279854607361,20.824972129319953
2.3696189229274784,23.468389117244087
-0.11764623584731182,1.9604734728387143
0.8136434930536096,20.2038811102923
1.4752970929461329,17.53918655875423
1.6228011642766114,20.761381475667186
0.6770847352004703,8.90804597701149
2.2391051742685693,20.357267138383015
2.8960431417850736,27.894185437401788
2.0003226984468925,27.935222672064775
2.6573724854769436,32.001145967626414
0.5031735825031909,15.860321036327797
1.2715857906689045,23.463203463203463
1.3683662423806853,14.153846153846153
0.1485224155567948,14.36040195545899
0.9071003255690744,14.828108797958045
1.974734872295243,27.381889763779526
0.36974889700603625,7.93362717137672
0.16118010363856924,14.280925243043917
1.2996145230407996,16.87957758473854
1.3608116782538076,10.980973813420619
1.1589822288108345,12.97281323877069
1.1872754215075152,22.594585060410964
1.4295841464956707,27.30089301986513
1.8935068848708403,18.13725490196078
1.7275120564262216,24.733542319749226
0.14151843405872644,19.59317278466215
1.2324632130750595,20.68376068376069
1.1795121194970697,21.888984099781013
1.1705767213683886,6.857142857142847
1.173193567304508,21.60714285714286
0.896785979416507,15.323920265780735
0.9538719552502967,21.244444444444447
1.5982857518688731,28.746355685131206
1.3813859346314252,18.30357142857143
1.794564616573587,22.588235294117652
1.4155758215461958,17.845117845117834
1.7402587405848327,12.608695652173907
0.7293752053011675,21.186440677966104
1.7647838560460194,23.80952380952381
1.2470253813159835,15.711152882205525
2.3567456849330606,37.43115080011732
1.0915744063604182,13.99607586657946
1.5412263075965522,29.693813131313128
2.040031977513407,23.737373737373737
2.353196392105837,24.111807732497375
0.9150832561853612,17.76704240472356
1.611015694856449,26.205336951605602
1.66068704983094,18.26265389876881
1.270654701863642,19.413129973474803
1.930434149316898,26.890092529902958
2.242802778001782,25.80246913580246
0.8850344562508435,8.22553897180763
1.242088749068415,11.646196940314589
1.0007959646273714,18.592417921276983
0.47954950678643354,17.809330628803245
1.3626757925258524,18.530545971179215
0.6963396423298128,17.774480712166167
0.2585485873741593,9.023037542662117
2.3488248326883743,22.427871529667947
1.725100501703437,27.6052540013918
1.5867982036261816,21.818341841225127
1.1180509106316554,19.67018021081266
0.581883279121792,3.003344481605353
0.5964307190420293,9.705924960162235
0.43252905368890265,0.12805358550039614
0.8702372321296886,5.274599542334101
2.042112698023339,37.34401588201928
2.5661910994265225,27.276785714285708
1.3555899129145308,18.19663692518874
1.0850728851884945,11.251172607879923
1.5159523687197303,11.576402321083172
-0.4868266601654948,3.058126619770455
2.0208617249052927,29.22998986828773
0.2699353287920339,7.669638252412881
0.308372566393531,9.779225479551208
1.3443092968617851,24.665613480779356
1.266920474217034,23.877030901561
-0.1069585996665714,6.382978723404257
0.726484915698898,9.536440570923325
-0.13587798574465815,7.517803391821452
1.2123413207354712,21.419039145907476
1.2964080878485187,25.212641435817396
1.4806618335407646,10.268505079825829
0.8603942382189554,13.034095813552007
0.8521828944378609,16.45684267729372
0.8761049647966699,22.833191247513497
1.487048307029787,21.98380228771812
-0.29996122952319815,13.819444444444443
-0.6361163877048716,0.6899244988284323
1.8210879417759196,10.009310986964621
2.517654333993614,37.96089494925747
1.847753617449325,29.982754372998286
1.853624238494393,11.822865896114749
1.0607530050689633,10.11857707509882
0.9935287482859451,20.755925688661115
0.3632585079049877,10.368961582350693
1.7708548407230205,22.955442752397076
0.3818997672282962,5.629246198641212
2.5584866476152577,35.13392857142857
1.5766868000346177,18.337510442773592
0.8327173793789879,19.04024767801858
0.786421822011918,21.150892118634054
2.8186484020529687,38.75739644970413
1.2993932056755564,14.732430689877496
1.7361611237290613,24.273441032597532
1.9989261903358964,31.490670207561685
2.153811196374496,18.969752802088138
-0.03169664353632004,6.39204545454546
0.596542975841527,11.53846153846154
1.6629978734345983,37.525252525252526
1.5140481295319894,21.230769230769234
0.28853016528023945,6.630608974358978
2.841756958610578,44.469273743016764
0.5247521326763978,15.762728427636084
1.264258699185471,15.69522471910112
0.8593579514838774,26.036605118237773
1.207844262614229,19.71948175442767
1.4795959439518405,17.614035087719294
0.43270531506224996,11.079622132253718
1.1531660955089162,12.676606913497515
2.7203001790343997,24.509803921568633
0.6719529860160394,17.558528428093645
0.4392969322553153,16.799259944495837
0.9567392108974653,14.583333333333321
1.9413432321094715,30.13980868285504
1.7374243447182867,27.249874308697848
3.057522692937533,31.59985554351752
0.7873228025396038,9.555007784120399
1.5690359090829258,19.64285714285714
1.3936130778894371,20.66195939982348
0.4613973858945766,19.16596137570209
0.8805278428280763,16.67243767313019
0.8543653449402384,18.280263912794034
0.8484839849399843,17.545180722891565
1.4883661580501177,20.02568827832691
0.6510561741280653,15.267175572519072
0.750393803035251,19.748367574454527
2.499020836716058,43.33032219211082
1.2968931510742223,18.465909090909086
0.7648234593534086,22.615384615384613
0.7674972654731212,11.320250967828066
1.5240999428111586,35.02645502645503
2.309619219780569,28.484848484848484
1.4938369449368618,26.302011573436204
2.3393200218338386,27.29495268138801
1.5148591991757694,26.934210526315788
0.42229391419047735,9.319727891156461
0.9716425633506609,23.045781687325068
1.0618974450257135,18.334914611005686
1.505275058413883,25.633640552995388
1.1104942326460752,18.03461188138852
2.131701655003575,32.74932614555256
1.551739740207314,27.975376196990418
1.9086276809186964,21.185212033345415
0.6772447767024692,17.33333333333332
1.4430180062667546,24.77777777777778
1.0063954992856319,20.664045434687637
1.2557285497487847,20.339235972940706
1.9060278831277029,30.720092915214877
1.0556968351466816,13.236734904346925
0.6393671023708561,24.77976697925547
0.38839158094009807,14.731729879740989
2.2076215431676673,33.51934523809524
0.5730639451612463,9.920316594470286
2.1692990501720817,26.102160609466722
0.9456633841412099,21.786437246963565
0.35174201451885323,5.359820089955008
1.272808121230422,17.481884057971023
0.5165112624580528,16.52892561983471
2.7691604856808163,25.50712127751403
0.841320056235064,28.107416879795387
1.1050079966525932,18.06100217864924
1.2022169979025934,22.256944444444443
1.8898953221454613,23.23115161557581
0.770116046098275,12.963649851632042
0.6794525809235173,10.777040218664588
0.12432022790146852,8.365535995420068
1.6120755336552803,18.63381858902575
0.04858027230835179,7.272554425325609
1.166042085591595,17.146501457725947
1.579950145357701,13.40885142255005
1.5027480215676348,17.424242424242415
0.6664193009846754,14.41988950276243
1.5689426076160404,24.555291633676433
2.8406244142062604,39.5646894814948
1.4638272455210513,15.64160971905845
2.726763024722393,43.056402439024396
1.9152995135881472,23.843214942691382
2.641084540218608,17.678432312578664
1.6410115817964448,20.368961582350693
0.7397793028652472,11.229063458362816
1.284642880948726,17.5720358998583
1.2075260572388027,20.280898876404493
1.498963956889304,16.39956621279672
1.6303069275076152,28.148307515777397
2.1049163786650436,32.38749438274379
0.4026733441392836,6.109787348828839
1.6556084370425852,29.217727043813994
1.1040898917719664,22.523417541867715
1.0772302593526737,26.390487149980814
1.1389374896868991,13.644314868804663
2.260857594100398,29.357861375223933
0.6757051035158411,12.188914027149323
2.260242385588467,36.292012404660134
1.1102036577521046,12.387387387387385
1.5870181729204924,15.460102960102965
1.1535358987571982,16.77387431964373
0.8509100007139555,16.761177753544168
-0.4919071326550309,11.99152542372881
0.8245262690080974,9.181833087391375
0.12848375468463724,7.196969696969703
1.4550036990837363,32.90209790209791
1.7316378442387792,15.058106575963713
2.2377107869350774,34.76252635806809
0.5468916189702069,15.081967213114751
1.1553593432847573,24.176870748299322
0.1710660713565707,7.042253521126753
3.0729166520919806,35.96019365250135
1.3071252516198606,28.571428571428584
2.1311251341402007,26.365683137812532
0.3971761430035722,11.519607843137258
1.4690860972169881,27.398072646404742
0.37877246338403886,7.499999999999993
2.3266298576601643,19.98880179171333
0.8768795534609017,10.053066037735846
1.7522933173762771,25.287107258938235
0.23765096471465363,6.621347223448396
-0.02102615706162498,7.947434292866085
-0.10080905662231737,11.151960784313715
1.3953698781711914,22.59880239520958
0.9301895757829428,12.734107997265895
0.30259710055871947,7.107843137254896
0.13872169942980145,1.952520878441078
1.206537520330671,13.907200811359026
-0.4421106188805861,17.948717948717956
1.3515543752670593,43.31002331002332
1.331909645932244,20.561594202898554
1.1026967381653487,11.90052297763436
0.9394316401130788,7.684344640866385
0.5047081386004859,16.0
2.299736390960683,19.323086242144313
2.538313980739989,42.531688934566624
0.00019078285571622056,12.381978328369556
2.3916583981196906,20.293192109908667
1.2261960388204707,20.775481773856512
0.7439847478313943,11.682353871707669
-0.40805783348871993,6.156471514833285
1.284452041081921,36.28034269395526
1.992227117824865,22.598162071846275
1.6793015525949146,24.134078212290504
0.8697151204849185,17.848970251716253
0.18389459799682978,7.865853658536587
1.2584143773473861,9.282296650717704
1.2337837768290947,21.366640913383108
2.0488324243834777,10.991432068543453
1.2129696124795177,11.60201149425287
-0.28507389645501974,5.17083669626043
-0.13283981303420572,4.811938480280197
1.1428923671556759,18.434343434343425
2.1646572463200355,29.226978749615036
1.668496652556506,28.730158730158728
1.606603685197133,19.212690951821394
-0.5202612388202558,3.076923076923073
0.6141728509161201,5.139627659574458
1.5789697990057698,26.7436974789916
1.1892316847986044,26.54903291482865
1.574981369530711,12.505843852267418
0.904114152183094,20.185758513931887
1.1680614491641654,17.580178759200848
1.205670446926502,21.05768123728749
0.5574571683125605,23.748536803690698
0.4590711096870902,8.715016951405957
0.6817658677982825,10.244594115561853
1.3477274172696347,27.33446519524618
1.7771142428766358,29.748888621891155
0.9479952364488291,14.489910313901348
0.9649014236046569,16.681041918233575
1.981438329910217,22.076318742985414
1.1437807336393861,18.1944881535764
2.080683065792046,22.06539637732299
1.7206264013014323,27.948810817336707
-0.02225502203861429,0.7186166629238713
2.2942815410231145,30.815217391304344
1.101925422908234,27.76532501705487
0.6289974798422809,13.37193272677144
2.3922193967649696,37.68337683376835
0.9303026606217772,9.055537789148275
0.1728012506156696,7.886825817860299
0.7570164528620391,14.911408689550314
0.10341416144088268,4.361686712070714
0.5663933605812381,25.958646616541365
0.48130038534370534,5.088941866862285
0.6723593157849677,23.113604488078536
2.118897270101451,16.93725318121983
0.49015372052776984,10.197541241988034
2.7904278372277025,30.02417405318291
2.8699942188147243,28.647232230592856
2.179011045266958,22.26287644244301
2.4035147196118807,26.01674641148326
0.4001274032677994,7.13747645951036
0.7406683648778722,29.390524127366227
-0.1999332685519893,9.23811798423693
1.9311999358845915,17.555238774055596
1.8919107785841232,25.52560527597044
2.747742035456989,38.0
0.9599179386232995,15.87243401759531
0.9746411706490039,6.601731601731608
1.072337115910897,24.74792852151343
0.6361314637830694,8.87919510307465
1.574942930790578,8.790339590803626
-0.005721132530008777,2.4819624819624835
0.8369467236033484,14.944285259471506
1.8454980207360312,31.996487119437944
0.5930686247640796,10.984848484848484
0.684441797247354,12.289562289562276
0.9934207628847151,10.756148011951275
0.43975507438679845,8.159630606860148
0.8032907739293073,12.106907323845881
3.1995906552720053,27.50383631713555
-0.1258419390342167,14.180154820548907
0.7549058578525764,23.392712550607285
2.6857256814278854,38.73110995310057
0.8419880859278923,22.648648648648653
1.3355637177622803,24.51323987538941
0.3326266131354544,9.495077802476985
1.3938251981339065,12.820512820512825
1.3626079269894842,36.39948642699927
0.15372465922001755,16.28106255355612
0.4886182206161558,10.969950110221603
2.197076708996959,32.233381157340986
2.0430756206355456,18.47890671420084
0.5532816739069688,11.331896147717686
1.310412235537671,16.084114805342438
0.8451915213194101,13.46801346801346
1.1497937287970912,15.339366515837106
1.016282630315303,9.449875407322217
0.2398977937759049,20.52238805970149
-0.5469528169321329,5.340054682159945
1.2194961577709473,27.639751552795026
1.3625680007815748,21.974726922253147
0.6230837763751731,22.8978978978979
0.7461351679094907,13.52445001709792
1.052205757277177,18.03329461866047
2.4916092646754566,24.59404324765402
1.6681981366997602,28.10854790849048
-0.3377255499977966,15.447324414715723
1.7950869928056365,27.13503649635036
0.3136458568869791,9.550375607600529
1.5879386920388485,18.608227604767407
1.7388443867602679,33.705357142857146
1.2580188483470947,16.31016042780748
1.0080629558064043,18.503780342220452
0.524246048653414,8.475501569537329
0.84433175350098,8.812664907651715
1.1132127114083494,17.08702882483371
1.5888263863332592,30.28965030024726
1.1644815806805315,28.328358208955223
1.0873867015496794,23.191489361702125
0.9584931532348262,8.212864026817513
0.805990551666464,19.958537504711657
1.5995650426673487,23.042071197411005
1.2599459560115318,29.880528191154895
1.193574891744074,6.604924578527054
0.9738200612236388,24.268922018348626
1.141896464811391,6.170934896636837
1.4343307541941228,14.004039115646258
1.3685157300243953,18.19064573555592
1.1992432233723007,19.021237303785767
0.6056804172244881,10.308641975308646
1.6558472812667375,30.76312236957039
2.3972550728805606,36.10114777618364
1.1008208684097371,22.714025500910736
0.9606734948612987,12.893553223388302
2.1166028848319467,24.206130328579313
0.7441841745914015,15.131578947368425
1.269880973156663,16.681022107378688
1.1290636381428416,21.044614779874216
1.193875991141071,5.598958333333336
0.041516978233909096,9.841269841269842
0.3945963714141433,7.463768115942038
0.12974898592615985,13.283810356128463
1.7006637048508582,21.181088923024404
1.6819213811686233,16.488095238095234
2.209637903453442,33.42661391488951
1.1458882971432391,15.796610169491515
1.709859815226164,20.7078154623973
0.06682702109634242,8.461538461538467
1.2046283776674387,12.99409127954361
2.5491849822500194,35.07377166595044
0.7760096370242908,12.971342383107093
0.9223665964560437,23.011566471512218
1.0700407056295838,10.96923076923077
2.417157024801119,34.312290969899664
2.114083735698178,26.4367816091954
-0.04771429432564672,8.111083924639097
1.6459572632560682,28.843537414965986
0.5984763626681358,12.292358803986716
1.2918673558016835,16.639531097362422
-0.01839878060103764,12.711864406779661
0.5568861693515472,14.756944444444443
2.3432496632055093,35.99723947550034
1.5639256330388365,26.864035087719294
0.46427655968881815,11.863462208289796
1.5124689801581133,21.551362683438164
2.296657370880079,38.340336134453786
0.8545210566586905,16.260477111540943
1.2326467673502541,21.541423260754108
1.2020697802572695,12.968515742128929
1.2888798200737184,15.834366115039735
1.3006069771958035,17.741354466858795
2.329698262669755,33.28947368421053
0.36163269394914044,8.968659702156032
2.5378335101217155,21.205519244734937
0.9356455894807576,18.835910652920965
1.8212515512455338,21.938131313131308
1.1270948709962438,19.047619047619044
3.027716613797488,31.171313690593905
2.0890333808133508,25.922565033272832
0.9467497845498325,11.66666666666665
1.440800180182692,32.54633155623254
0.510583260984513,16.384426110869875
2.391315233611541,14.560886053090947
1.5734580778401002,23.98362094179584
1.0752551646298814,18.429776974080774
2.301514612795029,24.03448275862069
0.7021794012299869,11.158229525576466
1.802366511380102,27.294685990338166
1.986380248421988,24.008233532934128
0.17334725332057688,7.6923076923077005
0.7415955144573996,13.478260869565219
0.31007163292938483,12.894193928676678
2.4430580886208877,36.92038495188102
2.0743624195194235,31.66666666666667
1.497902840805987,30.936004784688997
0.42701262347122354,15.668883961566884
2.042672400017475,25.209756097560977
0.7625265331602592,5.9159039660432455
1.9896086059350795,18.368368368368365
2.6871015313111903,10.42016806722689
2.093611477044282,18.551702329503527
1.7450417095257076,21.342761557177617
0.285300618637585,22.893258426966298
1.6558430351212308,30.5921800409184
0.05207243118509373,13.69047619047619
0.9747528023048261,8.009778544722458
1.5183067881588288,22.77301315037164
1.9533041788542225,26.498063340168592
-0.005344642108871672,2.5103231303663875
2.2669663074728454,30.88243916739959
0.4325752081767826,11.940060577076366
1.5705563716941322,15.441860465116278
1.9068941287944035,27.154471544715456
0.12529818595355938,8.858626983012769
1.1188539771826018,24.487804878048777
1.0664585385716014,10.409982174688054
0.15209560934543442,8.657728961395577
1.7877100806344008,29.356087767101677
0.8126135444924152,26.893939393939405
2.8500313285368257,42.72237196765499
2.0470727826183386,21.388888888888893
0.5311916630160173,15.351548269581052
1.5496042115528699,21.802054154995325
0.2705490988573616,-1.349206349206348
1.2913924649449604,20.97938744613952
1.938739619923972,19.666666666666664
0.7815545879811948,15.328854314002825
1.3895506907461643,15.20652173913043
1.1193530228865343,14.72149175233087
1.1539004208215153,7.113821138211385
1.9038417035993715,22.477522477522477
1.3629580865494852,20.549506204102293
1.2597847874876933,20.64215265866209
0.16911168402113852,0.9091761177242503
1.232625337874794,13.603425559947311
0.6224182764185876,30.831918505942284
1.2236775339009882,16.659067593753555
2.017328871935581,34.62626262626264
0.6985213751094556,13.368204424626995
1.2360841598074945,18.042885356907746
-0.004216699266406276,14.751481988144093
-0.847239757071611,-0.3962313991370934
1.3623812612605064,19.884437596302007
0.36921217774419707,15.959808388830467
1.1226388450509857,14.877855190052031
2.4313931770244994,30.26418026418026
0.5655943995718085,9.885583524027453
1.908848665228223,16.835016835016823
2.392490399185047,27.097170285203994
1.146238097105419,23.987823439878234
1.6060847346682667,19.61948249619482
2.4128653209565116,11.05539637058262
1.7755103817194857,31.737451737451742
0.6643527487183906,14.615493556153531
1.2894755659807537,24.144226380648107
0.44539748483003605,3.334534967555882
1.9483268719135438,28.43049797974497
1.0327393386495187,15.511842633480526
0.7890252403570988,17.78028284484526
0.29334976025702186,11.349277978339344
0.8672295649364136,13.929765886287633
0.008038364107399554,16.175215701147252
-0.43180168996805574,3.2824365150649157
0.8744703258290478,7.0384059135465264
0.8112842447760862,7.537098323903052
1.36176015475592,18.624708624708617
0.14847865325211673,4.84035326086957
0.39962588885648986,20.823079026524468
1.5511321314001099,20.88541169735712
1.6424441566039922,25.453980099502473
2.275836146515635,34.52028740490279
1.889880170561907,28.20823244552058
0.9398211610797839,20.768427051671736
0.0709358166714727,10.611303344867345
1.3852278655459695,15.511760966306419
1.8752135736378466,16.272893772893774
1.3213478723842684,17.070747217806044
0.8319357910274618,18.656716417910438
2.5142285815120653,36.495936495936505
1.4752337822337198,23.912579957356087
0.7584470073780847,11.41976667400396
2.3594121141393094,26.23276776246024
1.1897415447811759,16.578995102485038
2.1492811589214313,28.81375098948321
-0.5414726718860929,6.660441954559602
1.8363391161361255,32.505910165484636
1.06937868359551,8.695652173913047
2.218138699261065,26.702068637552507
1.8863574458500536,26.142011834319526
1.5293455253514505,19.850447116867095
2.4865809986264558,29.32868672046955
2.1732935719148405,15.754096064976899
0.3707474349808506,6.327543424317632
0.07155761824491333,18.358355091383814
0.5839965680003752,10.371834284877757
0.5776893132691062,8.499697519661225
1.9308687652532381,20.79873467773823
0.9664558713686406,11.695460704607044
1.9615929920161947,33.33333333333334
0.8556489750504687,18.373930217248187
1.6743739922841612,24.976657329598503
1.8091728621798935,24.201399452388195
0.9025797618709983,13.581938102486042
2.4713828604087027,32.650150150150154
-0.12604407024263423,9.707884911047664
1.9828567699823594,31.860857818304623
0.8427801364973994,19.319186560565868
2.038610897661045,26.77457677457678
1.066375286841546,21.498978242577223
2.3049738082202307,27.890127890127886
2.420435954275582,34.380165289256205
1.8919342913519182,13.495360141405207
1.6974277918652716,15.648427884077428
0.04371207267426232,3.4462641163478764
1.5769621917146208,19.457817247020323
1.4571972930083388,24.040816326530617
0.6331592169554326,21.12010796221321
0.9074667963111877,12.881651642919444
1.5474457979532343,17.550366300366314
1.5185872746826012,22.954545454545446
1.2319878488160558,11.522518091758585
2.9698948500458155,35.78347578347579
2.0612557802022042,27.58183403344694
0.22841601562996114,1.1352295409181608
0.09327300066601313,15.339865278628281
-0.30791960592644574,1.8906263804222974
0.3068726341967514,4.576612903225808
0.7707979412180705,12.606060606060609
1.2948051524986532,11.619047619047613
1.7348199037640486,23.818559681937295
0.6948606863855882,8.304385584020842
1.2721572309511808,11.94490358126722
1.0989219785309114,14.989939637826964
0.9529444212290672,5.035377358490564
-0.11180716555648573,8.830601092896167
0.7064626299116751,11.513157894736835
1.2376491608374214,17.213848165737495
1.552139628280146,20.07652617543046
1.707711449749724,33.636180092873005
1.012477046422522,22.327152014652015
0.07944990270705277,13.188913666772848
1.289442306205121,4.6305668016194375
1.4874292193397216,25.7366654233495
2.576122253048041,41.804511278195484
1.4168702940136018,21.51243093922652
2.273684961895584,25.553359683794476
0.6417686614112046,11.178761450277001
1.931978806214453,34.01679460099943
1.329691935262057,16.642378315359956
0.947601352421026,11.22782446311858
1.580245852521144,23.004592171441075
0.8942797966308481,22.663043478260867
0.958767693097359,21.5344277245782
0.388818339976578,10.0
-0.3836007571890467,3.388746803069054
1.2572250910277774,29.76475279106858
-0.057838562440752916,3.909240021869877
1.4478229418804065,27.570621468926547
0.8664944298126792,13.227513227513228
0.7226294940871537,18.20048309178744
0.5673301027953257,9.03640256959315
1.3405296544143976,11.690090090090095
0.9779922838269043,12.50286237691779
1.9954715266286323,11.274509803921568
3.0423543178740373,32.14340549669892
0.8068859835096326,7.8335373317013435
1.5970550377182633,29.497934142982345
0.5964393977536779,7.633490505925828
1.0333489921403634,15.177020192270554
1.2976031897932843,19.95984784446322
0.09440524812334855,6.178026766262057
0.7301845521511388,12.374384236453203
1.3374513873800784,30.714285714285715
1.620974029255395,19.692460317460316
2.5953805879671723,32.83498759305211
1.1507794005107437,7.508324084350718
0.4499341399443686,13.615411076711382
2.149401951007247,18.157679738562095
0.5388707089005907,8.471237194641446
1.058981865193853,17.028875379939215
1.6000313477777994,18.061178587494375
0.9446115105518554,15.273530411145082
1.6780921498648653,22.013259369503444
1.461857235841533,13.03395399780942
0.14097695321488002,5.459576191118906
0.9773403280527884,8.360507246376812
0.7154138144478932,12.83891547049442
1.1576591359506065,13.797692990239575
0.3001658131818637,6.728971962616825
1.3926709875327838,16.01247248716067
0.8133285747887663,19.5668549905838
1.686720739599273,24.801587301587304
2.0140457342985045,38.07020256687799
1.6473615413642466,21.707602339181292
0.6973752277355616,23.802413836008476
1.5959158650810408,31.523809523809526
0.4142918806417758,8.461538461538467
1.7552384914531411,28.27442827442828
0.7350790591641618,11.965185524507561
0.282655492095746,7.722007722007724
1.609813506974432,18.87138451279486
1.2192769910314305,17.50989609104404
-0.41183174671598055,6.587780179770164
1.9626274869569924,27.045802425526908
0.3651278558954857,6.685757922871325
0.304950790388025,9.198446327683605
2.1403455335224133,31.128684399712448
1.6980349862661717,22.865051903114193
2.0783669509181326,28.929558669335627
2.057660389611133,31.261893825054145
2.1660974054247357,28.28868234007654
2.5507864499904365,37.85353535353536
0.8667963565053967,11.702127659574465
0.7205918874133062,9.474747474747481
1.6690372209124713,28.739671969416705
1.4501289212992257,32.363132363132365
0.7137603362740674,9.590268886043525
1.6638439354899999,14.503464203233257
1.399760150577019,22.306104013421084
0.8952111423879647,21.05882352941176
0.6122661977684538,11.273080660835745
2.2105599676425918,17.027863777089777
-0.5395509065155799,15.195195195195197
1.9179862253902207,18.820933165195463
-0.028944561417369143,11.03297035692679
1.5107180002010705,17.442595323362127
-0.17118971741441602,2.748763056624526
0.7289292113238726,10.687500000000007
1.1888152134803083,16.976489885183156
0.8893761540656254,13.16526610644258
0.030733905347376883,14.090200662380681
1.3018981728204957,17.35413229338532
2.8571960336951134,38.58585858585858
0.8596793392957305,9.82827913774205
1.495330523397227,22.65306122448979
0.3348827638053531,5.011086474501106
1.3673086177612963,14.554305858653692
1.5905966098511277,17.545150501672246
1.4272494804149825,15.625
1.0991169308012747,26.549752192146393
0.35181014572826996,10.319108035371016
0.6217103043040194,19.481981981981995
1.026090597937506,19.214471968709248
0.3732908085352341,18.51956093442162
0.7503220111003492,14.0625
1.0593248226758831,20.765027322404364
0.5860631634100657,8.146404504753988
1.6192849303982202,27.009591715474073
0.47952980096796866,7.747252747252759
1.363748006808301,17.85313901345291
0.8963387475301869,18.565217391304344
1.1708325083404458,16.107100889709592
0.6754415609502764,17.00268817204301
1.2966439246660788,14.819182389937119
2.161429658482227,8.028741018431738
-0.010462966455991873,7.435044502382446
1.4728804114150926,23.8129303406957
0.27794887205966834,16.666666666666657
0.25753956558661395,11.250535832586422
0.2660369220646872,9.818276413095994
1.176401187640875,16.56778729949462
2.0276188153817554,26.254480286738342
1.3349220746301937,19.71308434330942
0.09687750753254992,10.554036935795722
2.2308621859425593,32.19741480611046
2.559096192497179,28.44444444444445
0.6720169677040261,12.1829151240916
2.171199707309229,24.525745257452584
2.5862736728831144,31.105966536883088
1.282420476148665,19.651086240947983
0.36665791274748505,16.88311688311689
-0.1338042067010392,10.694444444444443
1.5615368947829602,20.992984349703185
0.8817646297206576,12.393162393162399
0.3321755933157754,17.13573929437112
0.7242651087279159,11.418604651162788
1.4520188024356433,20.588235294117652
0.7945745422497139,17.134913666959314
0.4432937341643892,17.496392496392502
1.9743325389210633,28.225995316159256
0.6482625129229294,11.04078032582754
0.6153939315370007,27.161454648365634
0.6020268862386573,16.07142857142857
0.9738155608353398,15.330871344445555
1.3254282017756842,16.095809514810796
2.5809143672373334,24.4998194293969
1.4476974322521046,25.771099310812346
2.0430168356081633,24.920634920634924
2.2888177520760338,18.44052361980649
1.5045458170683768,14.982078853046595
1.114101413580367,25.652239481224548
0.12953730092468485,5.302187615869492
0.32653476806362614,16.927562922038057
1.6431630238729533,28.084415584415588
0.668821804772693,19.00601456157012
1.4304418196255693,28.89547813194958
0.5198369124726103,14.99277456647399
1.4268154915255324,15.67801857585139
0.10975850184338548,15.322343244038855
1.4502297248041272,24.635577711869757
0.32207670533973626,18.93687707641196
0.3722903986369071,8.026315789473678
1.2549016159490338,28.980611045828425
1.4272425303918896,19.761567993534044
-0.004047511588744945,14.870621145654525
1.4333801034024332,10.89964014394242
-0.09416989568024892,10.596089651883645
1.41690245966562,22.01969411271736
0.6662821306858654,24.479166666666657
2.038736542415772,29.516926588056307
1.1947667415042065,14.428055094265893
1.267927440091013,15.15074525745257
0.47258657546912564,12.194930857523403
1.1802500672166243,25.067726205526455
1.005364345709181,12.776551802184116
0.6132578189129028,21.33040131940627
0.9010264179677046,17.35670626225349
2.88058617248452,34.02033143016294
0.4606648666857275,10.473313192346417
0.9469389789710725,17.28778467908902
0.26318491107852693,15.368017262047474
0.9847722615418036,26.989553656220316
0.8464142787199858,18.672566371681413
1.5445144931727834,22.892857142857146
0.34988849560055346,13.548387096774192
0.9291796210048935,27.67375886524824
2.7418030595010707,34.02033143016294
1.1848732402283626,13.035795713634286
1.8806328213139238,23.99962602842183
2.216272049297334,22.058823529411768
1.2801655422926232,24.21875
0.43697515393256053,25.065308254963433
0.8106912386017864,27.360267950596608
1.3357104577808303,11.226851851851855
2.0290481563912928,19.658119658119652
1.2928572926604525,15.208690680388791
1.8382371537593407,26.582687338501287
2.248812567774724,18.77391703658349
1.6559475804966501,16.11721611721611
1.2427871859884334,9.74682039700464
1.7214685117300235,16.844583987441133
1.3282467875176498,18.091809180918084
0.33086584196975094,4.531593504006814
0.44616093218319125,21.34392585236676
1.0805345358669343,29.882583170254414
2.2400690912104677,33.95985401459854
0.33681398111877725,9.97596153846154
1.6100799561571402,17.292213843937986
1.271980162866875,18.910533910533907
2.769975507719966,35.486443381180216
0.5323827026914263,21.131869223889495
1.3199388791560733,28.21706639539888
1.3088581620474977,26.28352490421456
0.4947278191334856,13.378684807256228
1.0123036343688623,15.112262521588931
2.5074567387194735,17.44725738396624
1.986962645902567,29.11958703756811
-0.25153697744220427,6.827062632577878
0.5568689151022577,14.779913989375153
0.8154998550385736,12.038990092681374
0.3660016201167095,17.537237298510505
1.5861622831837212,17.17050691244239
0.19115531170820219,16.691928760894278
0.9964273133034743,24.011557177615558
0.9446639904968085,7.3593073593073655
2.778332513963353,46.02278120550547
1.6248487099890356,21.838015848512924
1.2859320797873948,24.009661835748787
0.7003238150414038,16.89996267263905
0.1361546999688593,6.558674300609773
1.359606181635731,24.571857344632775
1.2955681267348738,23.706925393108058
1.8215502468187776,20.04908237302604
0.9008189721815498,17.886178861788608
0.5771932583756771,3.783524904214559
2.821682693393883,31.8566526877621
0.057942600707404715,1.5143715143715184
0.6830398262455002,21.188747731397456
0.7243900247606917,11.056539120502578
0.3232128697422265,10.257575757575758
0.6034636814105776,9.525258673158852
0.6628582275496409,21.050365906155832
1.066585467405928,17.663484641859853
1.3949603111939717,19.354838709677423
1.000788527834203,15.238095238095234
1.0560653543545055,23.89816589104847
1.4669341243905554,13.107416879795394
0.4951822095180426,10.392316752740776
0.4616931187835153,6.029684601113175
2.448483215983461,30.408517707468093
2.8034534098144386,16.33361478562717
1.1508535078291693,13.869839989242983
0.8495431684797543,22.34118999712561
0.2963661345407229,4.865938430983121
0.9327386869066896,8.320351225038948
1.59903004289426,20.61408209195156
1.947840794675097,10.579710144927532
1.2157977902722736,12.39164416654824
-0.27046536262922194,6.983214318835209
0.7257499374268774,11.423592623069851
-1.4235365469848937,1.5275707898658766
0.2081427435956888,12.00782433114589
0.9780425913403743,25.73691677175283
2.3251618209574016,22.39999999999999
0.5516357325659378,9.382183908045974
1.867989289633401,25.42843909217231
1.9366363425311315,20.492610837438434
0.6971150700870493,14.419129257838932
2.549607837975185,32.708468002585654
0.6953834148461715,17.33012306046014
0.10514985157277598,12.078827419787295
0.5930830563182377,7.096341696992916
0.47962955376103067,16.881667080129
1.87032372295331,21.890243902439025
0.4003857105765039,20.88497694748817
1.9784615425804735,17.938058615672425
0.17418002917961267,16.021614319486652
2.216086144820421,22.66329540665825
1.0670187706448382,8.400809716599198
1.763508940838021,12.751937984496116
1.722755468819465,18.969404186795494
0.6444736857814239,12.477419354838716
1.5276032455293471,25.947585011912487
1.274444454614655,17.374869655891544
0.011005850872570277,3.8130598774163147
0.6191117796845028,13.546725533480497
2.188454657095781,35.152518627013954
1.2353615968586196,18.0302550293046
0.06094732837416689,-3.8859416445623296
0.1941690001781901,17.45173745173745
2.6040660357738905,35.93434343434343
1.796115708397107,15.086956521739133
0.836459008098807,22.258771929824547
1.1693167340891284,18.608058608058606
0.23205004225095133,14.803523035230356
-0.03601780542648046,10.624001762405676
1.3471996331576066,16.870915032679747
0.6767474930969957,12.375713983499047
1.2812754151900076,23.931623931623925
2.1542065413384535,38.25737104425628
0.7399454906483109,10.641794724299444
1.3117403356220492,22.745227123107306
1.8115739209398856,25.64963503649635
1.5212080700723198,13.786482334869433
0.6351987261856747,15.567937701396353
0.836129393999695,17.263183011214494
0.977469443218955,14.765458422174838
2.098022923410033,19.379699248120303
0.8231284659641502,19.474569932685114
1.2564773906254234,16.542597187758474
-0.40429440308532205,-0.07462686567164667
1.6816794244258493,21.116176967240797
1.3061301105847005,16.88001735734433
1.959845858578023,12.539682539682538
0.9113262429593855,12.154838709677428
1.7158394935786938,21.666666666666657
0.6251883324115455,7.349810237896882
0.9949768644441508,24.079106280193237
1.4892162436207943,25.146198830409368
1.104905398227675,19.48114608076009
1.5571161218000116,23.008608477716024
1.2407290325420752,26.10727969348659
1.193819723921795,10.861865407319947
0.21638194158343232,9.38097971680061
1.6822779439172741,32.91005291005291
0.4546566683650716,8.70946538124452
1.4293531138132232,24.78310689147161
0.6352560715490053,7.184658323579718
1.289444344814858,23.068647540983605
0.961878794582492,18.07664497469269
1.735575020507918,17.465513210194054
2.4311009867687674,23.92426850258176
1.197408842337179,18.495896163389958
1.4930115028203854,27.694235588972425
2.08159932438797,24.285714285714292
-0.6720416772637914,7.313665872298465
1.2827744112136845,22.717469446441427
2.7802102529418944,32.62661072819898
0.6064027402520236,14.474708171206224
0.9394185864046803,17.271818787475013
2.537569677741417,30.93311974369243
0.6758870389579956,11.665250637213248
1.0065587755684144,13.497086598352418
1.4466940277996647,27.67295597484278
0.7249917067567635,14.297693920335426
0.15491314959320185,14.458874458874462
0.3465852973750777,16.314801782782077
1.4046721881169535,28.999754239370866
2.3071271144905574,17.13169642857143
1.1302415561889312,26.162790697674424
1.2614780809372568,11.572364502680166
1.5729812963566914,26.430659983291562
2.4827139192864878,27.122166246851386
-0.04215617273239436,11.66666666666665
0.33385018769818764,14.861217214158394
1.5048372209402117,16.849816849816847
1.3050449872257057,16.22641509433963
1.0703466907004158,13.18658280922432
1.7533889113085979,15.949106798612
1.0548101887763985,21.57386219171115
1.0175398854382667,19.621080139372822
1.2554422900602735,14.346846846846844
0.7610222587872292,17.42898913951546
1.7579167988959674,25.30467720685113
1.0754637771080877,19.618464437117296
0.789060409294005,18.466257668711656
1.3274107445617138,22.006606110652356
1.655275068947584,28.819444444444443
-0.008378906881218146,4.1356877323420065
1.1148979058412287,23.49960793775258
0.8767809292120646,7.954911433172306
1.9870125038864834,30.24003024003025
0.3210293966487061,19.15580384854129
0.8928958729098664,19.761418929524396
0.2756688518733097,0.7543103448275943
0.5670048246205329,13.266792554626377
0.6119800247235114,13.343837110653254
1.7401902582049518,25.035561877667128
1.5887294142821402,29.298642533936658
1.4501301134833788,14.86880466472303
0.30567519099408025,5.0986500519210765
2.820920580282668,36.35821542798287
0.7793619554910473,8.710601719197712
1.5160703561565996,17.27323628219485
0.491641008959287,12.037806398005827
0.6886975619802433,6.640857653365103
1.8383883301922261,16.24542124542124
0.7566073121763337,15.478971962616825
1.41758608932967,17.945945945945944
1.5018964274350268,12.662971760358936
2.120551565924001,29.771241830065357
1.952425953412639,29.861206541157067
2.2987352079453123,23.56107660455487
0.953439444368656,16.58107116654439
1.393814929452812,12.063492063492056
0.0840811139733203,8.85381278419485
0.9765913825843591,17.487922705314006
1.4432193465585588,32.051282051282044
0.628485162049244,7.773279352226716
0.23527984074626362,15.462962962962962
-0.36795862176893745,6.456692913385822
0.45694502321734715,12.516890690562555
0.9328874869112085,11.995620894588683
0.8996308726216651,13.102799341331455
0.8468755996783179,10.339558573853992
2.0458508967132403,27.928994082840234
1.4935053595120782,35.54672278076533
0.5797486671564721,11.085754855722904
-0.05640870803037945,11.372997711670486
1.3920193161025023,14.401515151515163
1.6101516101519098,31.80039138943249
-0.35606323827102887,11.715334848749784
0.1452520504861425,0.5378151260504254
1.2943376637002495,17.249589025565434
1.9951277881659226,15.35353535353535
1.1902140426684245,19.61167862058973
0.8965049462932815,24.03377967133293
1.61828474816315,11.968253968253968
1.0392652799420614,21.33538611133619
2.2657802848542317,29.245815309385
2.1728193184311224,19.674185463659143
2.26749661421162,29.015151515151516
0.3712079548483363,16.172739541160603
1.8183989013009456,26.895536371545212
0.8106088597126919,19.909540877282815
2.179972742465571,28.94736842105263
0.6930568573351104,7.1317829457364255
1.0050088162742736,9.924666528440113
1.7284375074218465,22.620946305156835
0.8456240319557253,19.9546925566343
0.6399486799008631,13.99589111453519
0.7946317009297882,21.902946781996768
1.4627824718636617,21.317917327892395
1.4048070352751367,12.746495604656687
0.747030967846503,13.43614505321245
1.6250127843420688,16.291666666666664
0.8480961530152455,22.212276214833757
0.7165604635526615,11.315332899587943
1.142083770843642,11.354232414615332
1.2505875155642845,16.366013071895424
1.1926405448398216,13.191354100445011
2.201964167084048,34.30308037294936
2.0638221960834833,31.19047619047619
1.1663806046188778,21.440620782726036
0.7909041361570419,20.657276995305153
1.9896624486856962,23.45825426944971
0.6834522799001437,12.113201679365567
1.924397926376216,26.57906869525126
2.132347677214576,27.5
1.739910874122275,21.76143852381849
0.9994895785316839,10.888785481619358
1.5364986270783314,20.992780458609218
0.22159918137471446,9.264705882352942
0.17958881314510441,12.695608278647157
0.5524413725003642,16.915904292751577
1.4296640935844047,26.87590187590188
0.5403922693883948,9.679144385026738
-0.5485990528273296,5.715952172645075
0.16191751124557896,15.245700245700235
0.9146469842428484,21.16846738695478
0.6334675368959526,9.808188265635074
-0.12218364623789968,4.625822368421048
1.1297180218951415,11.026569307234467
1.8482073848843266,20.06172839506172
1.0005555313463417,18.624078624078614
1.8074980585514733,32.16982164350585
0.4236841160193436,9.023711639882059
1.1428317870737494,13.84282624369142
0.44082864290153667,21.909090909090914
2.3275868296180326,30.859447719515977
1.5217214958525955,21.245199110572067
0.7910498733638438,13.467741935483872
1.3394544674966398,12.17506013812369
2.4322604111682447,30.19323671497584
0.6849290233256876,12.651406771578444
1.494022727995487,25.015771061535816
0.6673226345181942,21.532091097308474
-0.4645698007643034,-2.7034638130104227
0.6918970426218657,21.2624584717608
1.734850874998138,18.79324379324379
1.5427680465486673,32.887700534759354
1.7616346343933957,26.48351648351649
1.2060256236838367,15.527795572638617
-0.14418508231112462,5.946978743730597
1.8387877284467944,18.57142857142857
2.361730827291267,16.474863718958204
2.1102317993212374,27.004512322110386
0.3228705094980056,10.216835526938723
1.3852214996346892,18.74355271301836
1.232489375676056,18.079620462046208
1.0349481011337816,17.67857142857143
1.4038484150507613,19.478573569074022
0.019200193093616258,13.299172250689786
2.1534628791872796,26.18072618072619
0.9967349794074496,13.289975036131906
2.0332692805231027,26.279715425993416
1.9418316428105915,33.79430719656283
2.1236784044774,36.606692449974766
2.5309630058023753,25.810104529616723
2.171386252947479,32.801751094434024
0.40698066006478995,10.227272727272727
0.9159433261276935,23.592032967032964
1.4154579234365112,20.333680917622523
1.0960129580654796,21.825396825396822
0.5652356670341468,13.818181818181813
1.3458346450589196,31.507537688442213
2.0644000315172866,19.253246753246756
0.821652453885325,23.589743589743577
-0.14669540812112197,11.437539234149405
0.33648299950272026,2.519447347033548
0.7613422069679048,12.394207259732937
2.2891250691782217,19.658209268190397
1.2148139488105594,14.262531554273352
1.581188234839788,33.51681957186544
0.5017383930172837,22.986577181208055
-0.05725683419560984,-2.941176470588239
-0.17839298376124754,8.618564520716788
0.6821740504926684,17.215705179709666
1.0541700939103418,18.81720430107527
1.2974980014437116,11.213235294117652
0.48883146381176046,25.33542319749217
0.6316082424098274,11.494252873563212
1.5445835915186052,25.238095238095234
1.7844258740550563,26.463104325699753
0.041411863956163766,6.992543496271757
2.711105695446255,29.069767441860463
-0.34925937694362313,11.18719913214455
1.598812443261929,29.939727463312366
1.3288724566130419,12.44897959183674
1.8650939776679607,15.860959699758737
0.7067708267468905,15.030303030303024
1.567507685151383,6.114169805853379
2.3204312271946916,32.07253886010363
2.4478085669792877,40.590277777777786
1.3664640831749373,4.6527777777777715
0.883450293151353,7.1578947368420955
1.92078211496237,12.413793103448278
1.5995111833947162,20.456820456820452
0.9739939524845972,12.482758620689658
2.2260490900544507,9.252109252109257
0.08759129022941259,10.173041894353375
2.210709538418134,23.501222493887532
-0.3138253705593361,3.0505952380952337
2.1448613787114934,34.11478894624962
1.8955245912463254,31.370010787486514
2.0135875399963985,27.735610373181537
2.0402322050786266,16.361352454726273
1.7380702848540415,22.44986922406278
0.4646281987855929,22.27272727272728
2.227223664476972,30.27322404371585
0.8018531179990961,11.430180180180187
1.4717708653361363,28.48075702498413
1.5089209150057483,16.9823861748089
0.8874197054281046,17.877574370709382
1.0718697402198287,11.099638616417145
3.1038860792465206,33.18665440693552
1.3943924425192513,20.024028834601516
1.184807850763338,31.637244721356872
0.809076621803092,12.413793103448278
2.4192388250860644,25.558312655086844
0.428861683247062,15.043290043290042
1.7067068145766418,19.92377601876283
0.7267313079149064,0.5584566289527046
0.5177449902598479,18.200788314398324
1.5553234356259942,24.949186991869908
2.1691718315535016,20.116279069767444
1.0462444498553412,23.237179487179496
0.7859214133627812,30.868799834317066
1.3677013011683585,15.567608716338377
1.4986685609129,23.60248447204969
0.6354654051788189,16.914441747572816
2.0900106883633556,13.280423280423278
1.1538356634232796,18.64505295789202
2.421144807139925,19.54322743796429
1.6927844847327185,23.376623376623364
0.37009385323321814,9.298464092984638
2.5282974947222043,41.46451033243485
1.6628336910100243,33.631578947368425
0.58034841905517,17.230098146128682
1.1039905510072305,21.643192488262912
1.120417382765074,8.383006906992144
1.7906500655153985,32.69355888093689
1.8808241872086038,24.949443882709815
0.6494679398835176,16.15724630866172
0.54956950001953,22.07869634340222
1.169661939960669,11.053355756000613
0.006127376948454371,16.15479115479115
0.7404524247291803,13.48060039648825
1.8216166865895977,28.552321007081048
0.6195933754069314,16.191030867792662
1.3254821031415784,9.649122807017541
1.741060852027089,32.59894155545329
0.7147274791866737,13.886285535770064
0.9740832684776837,16.91415429228538
1.3830211285348446,0.22870211549457053
2.8200785983009053,27.372639504523647
1.7914318643043081,29.68944099378882
0.8471865289868816,16.387585324232077
0.7841450187187649,21.944035346097202
0.9900384902960939,18.58940279992911
-0.11624956697469158,7.200506409241967
1.2603324642149392,18.02802008987576
0.4770209867299111,5.270270270270274
2.1807099038735416,30.62937062937062
1.4238206133487807,13.565446828037167
0.6171654053646775,11.997177134791812
0.7968216760405304,16.734693877551024
1.0822869421234136,22.76276276276277
1.751664048068224,17.74442538593481
1.6048979147095843,34.15202042962295
1.4403227949304767,17.337807606263972
1.4381667834960064,19.63495575221239
1.3176281563064622,16.5904117764074
1.9685059747667253,25.641337386018236
1.0304239639721353,19.800569800569804
1.5832261957604163,28.851540616246503
0.5679303165449407,17.226435536294694
2.2696531201126047,20.531716417910452
0.42240731572490076,20.16622020743182
-0.3120396711422757,10.029961478099587
1.8173285807407455,22.152847152847144
1.1969786963766693,8.499680210051508
0.4991413588517297,14.888438133874232
2.126301473369587,24.019262391355404
0.5252188130394151,8.461210571185
2.096940534256503,24.41860465116278
2.051608805986204,17.809388335704128
1.2841732150181115,27.096215681424674
2.513938794004127,39.30727220465651
2.601700015794024,26.05924259467566
0.8212683695321074,16.93181818181818
2.4912525467627042,29.35553499845821
0.3540501389778759,17.36471460340993
0.9858080721029925,13.774614033465845
2.056601475405425,33.064365671641795
0.6343753648271885,19.169931075519408
1.9235809873557232,30.336257309941523
1.4666411388565601,15.079365079365083
0.4973094011666215,12.278333211705466
1.268943348239467,29.31289640591966
0.5984747472790234,17.360826852230858
2.2509083155269987,32.05151460185017
-0.22877895884354107,10.204081632653065
1.2076285024361604,25.283243887895054
0.26990593181978345,12.883141762452112
1.7393234173478365,27.008357496162375
0.9570985750331605,14.808853118712271
1.8977762145924701,13.605823068309064
1.9186883145322282,37.36050460941291
1.312519061198151,16.750162079330465
-0.048430801360939246,4.788872329855941
2.00705878843209,26.038280967858427
1.275044028690502,20.295070169125587
1.323355491870596,22.269950362733866
0.09369724233515445,14.378495399603096
-0.18160487522310093,4.6453232893910865
0.2362909990183939,11.683848797250846
0.5386686100111322,5.768321513002363
1.0242363607795237,17.11177052423342
1.7793704359952647,15.03026407413359
0.62341661869165,17.954536562463318
0.3505703983114544,5.452127659574465
0.0655175096597258,7.686414708886623
1.1341758589094277,27.654802535348622
0.849980787383644,12.682926829268297
0.755366324301954,7.841215388385201
2.8810395131114186,13.919239904988125
0.7537510435007245,4.6404814697497585
2.489749609328135,41.653535035192775
1.1332705244604233,18.56232939035487
1.631816452780995,24.087064163400044
1.8219527237288808,23.31691297208539
-0.8256560238779919,3.7743042317956537
0.6094569517402431,27.28100113765644
0.39900712406024885,14.523827562694137
1.335079118646894,31.41414141414141
1.7140234179964375,26.200040168708583
-0.5021238881994006,6.08118657298985
1.716471577397477,13.003067199553861
1.0935399213603207,22.01426024955437
1.763116623345233,29.34491125015962
1.0543940317649907,20.59547156355857
1.4472973704640344,24.738560283295527
0.7638033493002934,25.47945205479452
1.4781541301203531,11.244239631336406
1.4756767933933574,26.26400996264009
0.9174313127468164,13.994490358126725
0.8692165937426715,15.806451612903224
1.2223919717644063,16.594701832185784
0.1589188877585014,15.242644663988699
0.6348615372864466,11.842812962215945
0.9564302203932292,8.706467661691534
1.4034804831223824,36.285746077667746
0.9059302036261503,11.249999999999986
1.7460403588585653,19.947741694662184
0.8085276120004395,18.03704080594281
0.5805062304696171,17.17171717171717
0.11876692125357383,8.385308385308385
2.214845809181492,38.87719298245614
1.995982416924428,35.26190476190476
-0.09512925329364662,9.695263975155278
0.6966260140237914,13.279857397504458
2.223408962805968,28.283132530120483
0.8619501451890448,6.891425282946486
0.5088598458661399,9.494033412887823
0.36007217525179547,11.227375565610863
0.4159758000509691,6.0109289617486255
1.5102532503861923,17.777185501066093
0.701267035295648,14.529220779220779
1.9748876551044012,18.598303518938444
1.7560712442105717,8.69047619047619
2.4058429119212197,36.87813139510268
2.2616258530736695,26.974358974358978
0.7137326860867064,10.275359384490777
1.3614255265733148,6.5479115479115535
1.5033151117330834,14.769230769230766
0.6938877247575843,22.05882352941176
0.07060948833630964,3.0048916841369717
2.2800674890216195,18.92857142857143
0.9162105453096832,26.609092390418766
0.7806978573710383,4.914529914529915
1.237708709645923,9.299585601690097
2.2416808770913086,27.082510856691677
2.957955547331769,45.0179211469534
0.766531005941052,18.53998731998913
0.6613177376331822,11.343910217593155
0.5129354749758774,12.34764542936287
0.664615901624881,16.444411699697923
1.3186390114019306,13.610431947840254
2.575746500272746,27.829313543599262
1.2165385381796945,19.402360814202062
2.0220951189086858,32.2239159891599
0.5068648142619544,14.658348187759941
3.045228925108509,30.060466455513975
0.7466136163873751,5.386893743058124
0.7239626797613903,15.26872964169381
1.9300581439299618,18.751327245699727
0.804081216611318,10.806642332013773
1.6398564113691245,17.965367965367953
0.7958358049445138,21.651006711409394
0.3033095439425403,10.651247717589776
1.1264994385719307,16.359346867821444
0.9642871181750453,16.1225514816675
1.5624010349444961,21.105821431554325
0.576634165618549,16.101314163765018
1.7985459671339386,29.993386243386254
1.578797626453329,18.14595660749506
1.7055579530550418,16.858237547892713
2.1982666772304427,39.81481481481481
0.9576120034281633,15.604443006578236
1.2669724596823775,21.46456163923414
0.372171492026825,6.935828877005349
2.2655323878850537,35.093795093795094
1.43647134318083,18.75077765335324
2.3525725878904025,15.401265401265398
0.4151796077431965,15.349264705882355
1.9989363574108916,30.769230769230774
1.2590846923326502,19.405722670579607
1.8943529897485467,26.401882906737285
1.7599608555983188,29.993393525655144
1.6135074248992822,12.531565656565661
1.0340131479637062,20.322526173590006
2.379384253791484,26.39221556886227
2.1188837054773204,18.575268817204297
1.3034764242491375,18.22123675782212
2.3375094667743728,28.04642166344295
1.2102630403055163,21.37632978723404
1.0534437403875094,24.88215488215488
0.6625820824928034,4.3687943262411295
0.27461966537959015,11.442537909018355
1.2158871014977055,19.275461380724543
0.49672695685975016,8.485727029437989
1.4392646904008306,23.91600118308193
1.393407036516463,19.226190476190474
2.087534940984696,29.730229120473034
0.8241351374881386,20.9055425448868
0.5217032006183377,14.492753623188406
1.4134988537129742,30.41853512705532
1.9732364501131452,26.20431893687708
0.1283938077218372,7.922077922077918
1.2275341909081852,22.44139508290452
1.745291946869417,27.247742442088736
0.8593360650151577,17.866566151526577
0.3937383541938977,15.425315425315432
1.1523026804530512,21.13072255929398
2.1031305808596668,45.71637098585223
0.8537962513407243,18.078602620087338
1.3909986068937252,20.938833570412513
1.0218322224118273,22.56455399061032
2.0954358192736593,36.70776552022496
2.063594562937451,32.374735356386736
0.955335718506422,13.804912612187067
0.8816695600021309,24.548503611971107
1.6313278170276078,24.48045086297992
2.155211546637996,27.296747967479668
1.2853871795685705,13.053613053613056
0.6191402371419754,15.746780872426115
0.9969645218535158,22.445457056061862
0.13653700424900717,6.601796407185617
0.36898475569037653,13.332034547697901
1.5361083485859544,15.79579579579579
-0.21120237812474807,10.85039916695591
0.06615792970394258,7.142857142857139
1.7444637780947683,20.277142130689036
2.696051645751987,35.392385392385386
-0.28775651389058,-2.299052299052299
0.3857115614481911,11.785714285714292
0.8134357913671795,12.085806132542025
1.0560352858268023,20.458369596750806
1.155263454945017,18.917686402675372
-0.21971358093630267,7.713248638838479
0.4648260285579934,12.149954832881662
0.5990754844929772,8.16441441441443
0.8822157701203599,23.55608910230758
1.3134414700510044,20.997206103589093
0.9367241409012614,19.646869983948626
1.0593077350627147,18.21996466431095
1.9590390513815943,33.503782572149056
1.7674176777623196,26.32066728452272
2.8319410595172823,38.8481084133258
1.4296512518031814,35.8444854637748
1.470928954249062,18.860672614962255
0.5680527151915077,13.418862690707357
0.9884323751872911,20.13646922183507
1.385109971119214,20.224089635854348
0.8374850607678248,22.708680502954103
2.8981068142201947,37.506831015847965
1.5016894812904222,8.148148148148152
2.98303850315234,42.13564213564214
0.8701773401868237,21.143490655685767
2.444907530969753,33.02636330805346
0.6143313045855019,26.0135135135135
0.8001312738178711,20.219780219780226
2.066443588169169,24.524853801169584
0.6925801294108473,17.64116575591985
2.3580703046648064,26.788704096439332
1.1375668065131,15.245769540692997
0.06212549435976358,11.557354925775982
1.696221117959186,27.548076923076934
0.4784893216853674,14.940939934656946
1.8688110379168463,19.326444699579028
2.370656391312317,32.93080054274084
0.415116181762661,14.705882352941181
1.0766232128079962,15.441819772528433
0.9954858166728413,18.73582766439909
0.642105216949179,12.797619047619051
1.9769047978771042,31.411677753141177
1.162617449034253,17.1503357232275
1.257625013759181,19.36671575846833
0.48381153998379084,10.009398496240607
2.6695773931869207,40.54347826086956
2.0542094889350713,31.266149870801023
-0.1985017200660865,12.613322822230991
1.8586617316564902,23.780631943897255
0.10477758490544625,7.493279569892486
1.2067098034182264,22.946985446985444
0.7921871787433071,11.087522918073908
1.6016873545258064,21.04079416783
2.1430206675770203,30.103335750543884
1.1382566032845278,24.21085207344749
2.1511989396455387,29.48038176033934
2.653454798495867,34.530938123752506
0.4922737753970751,15.607529363491828
0.5688725069082238,19.498207885304666
-0.04498152853506318,10.998964803312624
2.2783482780046764,26.595921074448682
0.6119692213896943,10.578914198253344
1.6884329820441588,7.556935817805389
1.4757422903921151,24.504103261990174
1.1742703929226235,14.361001317523048
1.326062327527197,18.669556080903597
1.4493969784480822,17.365967365967357
1.3675017297800418,14.077796632293435
0.6912904895502833,11.418439716312058
1.0835965924233828,21.817082997582602
0.872764499761225,11.702127659574465
1.949352955024418,29.081632653061227
0.8513342906802129,15.695630336514306
2.0089426668861834,15.597551237689643
1.0087036752110807,26.456250516400885
1.7889527539364316,15.533165407220814
0.9211898841858268,16.442307692307686
0.30246361796914545,17.442937757938182
1.4451066660360556,30.024255024255012
0.6468064484277262,8.681541582150103
-0.2502456994122931,6.634048821548824
-0.46689379288223654,8.17460317460317
0.58770707152999,7.233177115571664
1.8020968362406107,19.487179487179482
1.4399228501951866,17.547945205479458
0.5789385826494806,13.006308100929608
1.0233505656272297,17.30519480519481
0.51216482773499,16.366782006920417
1.1053610523570054,22.1763085399449
1.784266229342981,28.26495038884419
2.2058243640120754,33.666274970622794
1.4702167832914619,19.359756097560975
0.6039741125305568,18.980709692783996
1.21564263501732,20.16695272273367
-0.15439561925578094,10.291724051583813
1.350649127023022,19.044811320754718
2.056182948013994,28.743961352656996
1.4753214801791914,15.342163355408381
2.500437135985423,38.98408812729499
1.9257144654952008,26.540309381764423
1.8787200033832767,18.590971272229822
1.4465711276420365,26.17886178861788
0.38385191427405646,17.422392745029654
1.6027469848848561,18.17859673990079
1.7172480899069011,30.335539831088802
-0.1412609751649131,8.03966437833715
0.22761454553246083,6.384892086330943
1.4992378224019134,24.6121083054457
0.45225756363225655,11.37844611528822
1.995402520703109,22.507122507122496
1.8013148476325518,35.51350459321195
1.623805274878002,20.18401937046005
0.1393442992179147,12.956692211726967
2.3341429911715954,28.424023282476398
1.9005165346367954,26.341861731083284
0.8434958477092345,15.843137254901954
3.243808145319538,56.33333333333333
1.3685401258082381,20.212765957446805
-0.12013937063046942,6.145833333333329
0.13918486631285654,16.6565349544073
2.8668481614787726,33.96089036821302
1.0545542931667058,19.55156950672646
-0.3094497526719261,18.184775536759922
0.9804900485310779,23.732571028528092
1.235179243893592,10.12664417387903
1.3586911886527433,9.587912087912088
1.4040648899926207,14.040238321388486
2.3714467266063477,25.07311586051744
1.002113640198406,24.739489759252592
0.5272564902901159,16.959064327485386
2.059625393476571,25.562005277044854
-0.5693761452200262,3.581920903954803
0.6950842772804684,-1.2277580071174299
1.5075548315102838,24.560339599757434
1.1735362789179102,30.288957688338485
0.835396557553022,8.434816049224459
1.8429819243408037,12.972275074748573
2.251724293063228,26.257498846331323
0.614503693917027,12.445436507936506
1.2759648598946345,19.875776397515523
2.648881457902178,23.649754500818332
0.7569182080915874,11.813583815028906
2.173759689631036,24.702380952380956
1.8833059504462784,30.407801418439725
0.5812421961791693,14.70968855146235
0.6249474927315628,9.681528662420384
1.0960797387034082,27.537313432835816
2.24686296410344,24.16134590047634
1.3147223674016169,22.52319109461967
0.8111989068075978,16.63681146439768
0.1298460872904972,7.418761496014717
1.293761646539104,19.277370279815273
1.0111795965210277,18.13186813186814
2.5913886826686316,37.44325551232166
0.7680697549575157,16.291834002677376
1.4262934864817716,22.06497661826237
1.2162616093758083,20.53571428571427
1.129324896419618,22.379301146972516
1.35970329460093,7.972457275593165
1.0573366271221298,27.245283018867923
0.8959314373405167,15.88880049500574
0.9027107458888979,23.58904109589041
1.5013688428419862,24.260874334924033
-0.6691460633708093,9.330808080808076
1.6717725803988388,24.673738347798135
0.2280960389344397,3.965407301131833
1.265052495528385,21.284076898488514
2.89984727287911,31.85373180711659
1.0256387825516204,16.82067172024567
1.5222172399824885,6.5546772068511245
1.359786478144598,14.506789137380196
3.0234856404432433,30.630630630630634
0.9661596707783325,7.672882672882679
0.4700783843919775,14.36345024513765
2.659177925628831,45.3000822143053
1.9274997375433276,27.38263860785107
1.991518588157053,16.397849462365585
1.4260333702992676,16.637313608077953
1.571568268561458,26.40106614294733
0.7387482600085882,9.95370370370371
-0.03480172660121601,5.888015401893156
0.887217675675537,18.960990247561888
0.9065622442525468,14.262328626969506
1.4044413575343304,13.728409767718887
0.022838053157137495,12.148760330578519
0.6580676702720205,23.41730965882681
2.0079552860147896,25.173388132545597
0.8549293570849206,11.879175137961084
1.3602839923274788,17.19576719576719
0.685229403340415,18.69561316946264
2.154753162203253,27.847593582887697
0.6433736803196926,21.452406041447134
0.5737928845037787,11.296738265712008
2.6018298018368657,28.409425625920477
0.8912225558624596,19.094239094239093
1.0034161088978462,17.22348198538674
0.6913018667116066,15.247996534546232
1.5605665890758893,16.317016317016325
0.2472115364604206,12.073231073725871
1.2000298014161777,20.92177672955974
2.2315289861161016,32.8252671275927
1.9485656931185327,19.739952718676115
1.9779060616865405,22.222222222222214
0.9764980211388634,15.818446198587452
1.7501951876182142,21.388888888888886
0.3346659840272854,21.41699092088198
1.7700409912656667,30.536635706914353
0.6104897168738546,22.12635054021608
0.8485453590756231,20.610779165912255
0.30525462966767075,22.35249042145594
2.436334649371397,25.44117647058824
1.6993940533607055,20.459016393442624
1.5493641683586794,19.377289377289372
0.1886044752841758,11.320754716981135
-0.11589201128198869,5.450003287094866
2.248864330960796,9.529137529137536
0.7835003468380249,11.83352512466437
1.1145370109132766,15.56440443213296
0.12786532496005715,9.962096242584053
0.8682439393902182,24.276088144236013
2.176932880010703,27.19661803713528
0.7301468856208602,15.784438775510196
2.3650153090785233,40.88159031979257
1.4256138806192726,15.238095238095234
0.8357397725809235,12.053030303030297
0.3243289810524331,12.298136645962728
0.2144620870709637,13.243587411315254
0.8314788046539359,24.935525467440364
0.6493497654820433,22.138746803069054
1.3574872244041525,19.354838709677423
2.251105644979819,27.635248187395433
1.5198068522340191,28.812415654520905
2.533774334028116,41.41463414634147
1.2041554292938812,23.626943005181346
1.282411066417174,12.43982048143615
0.4875800969387836,13.34611833226792
1.354349219572771,22.44582043343653
1.4444973398424334,24.089635854341743
1.5645682248545714,31.558671213843624
1.2442702879780347,18.89096490057387
1.417332944395241,10.77298407806883
1.0052175969228805,26.26390293225481
1.8589845733327355,13.797893274684569
1.7867333052181529,29.890453834115817
-0.9975439624079199,-1.5243902439024382
-0.02264234464128828,9.28017980718046
0.7208914321838942,15.552915552915543
0.5808373553447469,7.279693486590027
1.176660006246696,19.56241956241955
1.427582412785554,21.34206219312602
0.9204990586788107,16.080808080808076
0.7144516839348483,8.734666060881409
0.27779924663923466,22.039767649687228
2.0134327053970336,8.15412186379929
-0.042780610950642985,7.931148626282685
1.440021144896661,30.55172413793104
1.2173168151845415,18.34511073388338
1.6675109629639238,20.782215662761743
1.28025301704149,14.006734006734007
0.995955282164398,16.69384057971014
1.0536174566016518,16.85126582278481
2.2806975871623503,37.2125928546162
0.40259483841583954,19.373819163292843
0.28166592464943513,5.755226685459242
1.3679961287223819,27.213695395513575
-0.17237296003197577,7.640156453715775
2.0312396462368993,32.55981291599209
-0.35567660833548054,1.0897178767214797
1.105590313475613,16.674152256905465
1.4440010548236732,27.5879917184265
0.422341879568786,6.056475170399224
0.9572217624617856,10.997129348193177
1.4061362947182032,24.213496637848216
0.20862765579495102,9.692519956637426
1.7486221697548088,30.330015715034044
1.791554445452268,28.63773747841106
1.4471381941921353,17.346405228758172
1.6959875536339661,23.065923065923073
1.325179327191573,21.24391727493918
2.5821740277441303,26.403578005787956
0.21332697770028547,16.38568470866607
0.7695965393480932,18.181818181818173
0.2339006773494173,16.245644599303134
0.051451570312517014,8.529301978350134
1.6861586364127321,25.234886590111046
0.5142023090949683,11.255411255411246
1.4837292120387509,23.901098901098905
0.25991029962996853,6.634182908545725
1.43098039387979,19.58144837985951
2.3230649326617425,30.160110120988186
2.2125382265648184,24.810920494373732
1.0799360030854723,12.222222222222214
1.0174908783603394,22.805280528052805
0.7646893226977631,10.744270478783761
1.3767165484064638,26.363446402451764
0.981907356432491,19.789227166276348
2.119237007629749,36.382536382536394
1.5445511387349176,18.22329761493259
0.7036332614274855,21.856725146198826
2.515056199459735,19.439935064935064
2.2164254887365367,35.84781626196639
1.5655165594528098,22.006245120999218
0.7554945513607548,9.357990687913968
1.4416766993832495,26.137710898312818
1.198431655547173,19.362164296998415
2.444687644337907,36.976090014064695
0.033701438161307884,9.945355191256816
0.5208218841698032,14.859437751004009
-0.37779007517011187,-1.3793103448275872
2.4000239979025926,33.48757408755329
1.3822083807983154,21.421052631578945
0.7209114622804279,14.843749999999993
1.3278527636353308,19.929006085192704
1.2603482567039306,23.22638146167558
0.6778993466135872,11.224165341812409
2.1867927539965377,28.55555555555555
2.0477551825935016,31.753246753246756
0.9952600930271005,13.350163350163356
2.788918946935726,32.20181353173682
2.3676222353002587,36.36363636363636
1.5432413970071894,15.008815750808111
1.1400600651908785,11.503136200716845
1.6833576265115573,29.453998998163307
0.03227570994964396,6.438825798157268
1.674665539775928,28.729927007299267
2.100880355568789,23.75448028673835
1.3449401009168085,18.985676702718493
0.9563895260758375,12.948665055696345
1.751535956525038,16.259993048314215
0.3702419934246098,8.55105105105104
0.6528627078956001,20.99557837683639
1.5899913406777428,22.55949490043711
1.2711125338504148,18.651301749893292
2.741973364915548,32.668350168350166
2.290251900884142,32.08048595292332
1.1908294843469678,24.979305953517986
0.2719845490277896,8.51409537736616
1.5985591254576899,18.84761502743774
1.1826896535706648,21.36621315192744
1.4029413408757845,24.06736621979909
0.5425790846747498,12.428098935864256
0.648554956697956,11.184540739501415
0.4750859728634175,15.249266862170082
1.5234479734434914,8.028357922973747
1.711615265919096,28.20910973084886
0.4731985455857777,10.839355197331848
1.801449589376209,36.439981207423074
1.9350644648605477,20.911360799001237
0.7281376438375039,13.988756082581375
1.4654670382594785,25.75644028103045
0.43378548396749006,12.673010380622841
1.834866449405677,22.557851969616685
0.8453474234880329,15.701682852694788
0.5494169394410428,18.036833111828365
2.2344497210386076,17.253239481682925
0.9622805196744473,20.318471337579616
1.2433207927556265,28.490602224779444
1.3896506957009702,22.268608989163248
2.772296128391215,32.616487455197145
2.0689643479905935,12.946428571428577
0.1394683918603319,11.243842364532021
0.6154543738173542,12.833367437419
0.898477535713185,16.495836002562456
0.24136333676579358,12.825245340776085
2.263767703701825,25.98352309543646
1.8811807018651505,17.923280423280424
1.1009606799935676,14.896155545735745
1.5384862047942134,32.016443701226315
1.5832777450650735,29.704613342183876
1.1671186563083853,23.866949377153446
-0.20394637411708072,14.349827387802065
0.05088526923901748,7.432950191570882
1.4585846454960898,18.067978533094802
2.108423507544125,16.129032258064512
2.029645536514053,30.374753451676533
0.9152126867564552,11.694480102695756
1.7653641752134248,19.67801857585139
0.05845633646831983,10.655069312313138
1.9398877173165368,37.1664167916042
1.0776726032763106,19.430569430569435
1.9651504064054008,31.130900485739197
0.08866821074811035,10.275435037899001
1.5992571568836467,17.494089834515357
0.8214446863783328,9.07413482040348
0.9816766670061599,11.410319410319417
-0.8787617083689807,-1.900921658986178
1.8533019230577201,16.55960434313001
2.908306933240309,46.30097087378641
1.7750091838347892,9.009679821295606
2.5080687996672704,22.40896358543418
1.4408684436092063,14.451641724369004
1.7907267178947113,18.414653914734963
0.8037758432697779,9.259968276541052
0.16396196995502488,19.9349593495935
2.3208621614192837,21.393728222996515
1.991865541037032,22.088780784432956
0.8806248981808578,7.301587301587297
0.99328978979687,11.896680188757344
1.830959016087819,12.344322344322343
0.7260248241216444,13.605608543246113
1.6976318983896392,8.732986206266553
2.0664265529230894,30.27322404371585
0.4954039269115222,2.04357463372439
1.3465068742676491,21.05139821902828
1.0468759798627632,22.028898052231042
0.3477389650930296,17.64705882352942
0.5697124605149085,13.526637069922302
2.305017744321637,30.043175821539933
1.3220041391119266,15.678524374176533
1.276523230448525,22.229199372056527
1.1992348578224188,24.497726333195544
0.649866751350281,20.57193678593419
0.9379650702960541,24.18335558522476
1.8361577683224455,22.365951742627345
1.525567078516751,13.94313120931826
1.713781559120281,27.61010703632217
0.8577602368723364,18.78513643219525
0.8804240697696037,13.323863636363626
1.3477534234409554,12.839325018341889
0.2915207326829839,14.010753526065614
0.40662601824775507,8.774892279026439
0.5236760310000129,12.894171046344958
1.177332953034566,27.0072100696566
1.5884457851924032,22.97069203621298
1.109445113264279,25.47169811320755
0.2748529899963484,12.206626783248964
2.0529565025044794,23.917340521114106
-0.24364286407095292,8.52895148669797
0.7947473202801582,17.594404696974564
1.5717515885301863,25.529100529100525
0.4681397165439375,14.61748633879781
1.829360863733595,27.382333978078655
1.1887577029379055,13.845205057045945
1.2537780514660322,17.430555555555557
2.909917777280368,38.67163878250352
1.1234762850338325,11.344086021505376
-0.012949588611321117,4.390206462506718
2.765639021440533,26.531696375870617
-0.47254085653081923,2.9956049040018584
0.8791348478495672,13.194444444444436
0.60516163555609,18.446601941747566
2.808627665355922,24.08589968070862
1.8521948064914773,20.440038684719532
2.111475045521658,23.883399209486164
-0.09414599221765646,2.501665309747608
1.163943286219778,15.142387732749178
1.128872991621439,30.436039787184825
-0.2508059401491707,6.607195955991671
0.5931708825064382,21.318879855465227
1.8251498052214241,27.30392156862745
1.7702703952480012,25.6791669928756
0.9546090183903431,18.422939068100362
1.0213017898444932,19.015392781316343
0.8762451517082623,13.206577595066804
1.6205270350233096,28.322460391425906
1.7434814544476178,20.66345073680037
2.234228724899686,28.425720620842576
0.8745873998535572,1.2653898768809881
0.7137179186771625,7.971493644846085
1.5077484037486557,18.282047062695398
0.21035484679097632,7.388325277526953
1.4588643568333177,16.541879881497444
0.8101673692842212,20.067001675041872
2.5105947388753913,34.08837408837409
1.414691104018551,20.375246872942732
0.2638333188977354,14.344685242518068
1.0837196671054266,21.22499230532471
1.914826258641257,18.775488010439886
0.8825202903383842,18.209989063069635
1.2745664307247828,11.550993809058326
1.8279148939208727,12.850414891231217
1.3218181588824378,20.09820332552171
0.5066232367468309,17.003792667509487
2.092798329629907,24.9822695035461
2.1555284156143326,39.225781845919144
2.2811754012234853,36.540198735320686
0.47040976511831106,5.491293532338304
1.2456246394400994,12.627965795495612
0.7857657937149674,11.654135338345874
0.9261468521799745,21.16589657573264
1.763693312461693,30.80100125156445
2.1289840657593393,26.783333333333324
1.563994538557474,23.74508948057617
0.8549681967980505,24.949367088607595
0.6557067350793933,21.355498721227626
1.699451401259787,26.612517916865748
-0.4043873234160539,6.035437430786274
0.08736812404218924,6.864125232276592
1.8223997656413076,24.802867383512535
0.3995329000756333,21.448220782678142
0.4705384802185604,1.9298245614035139
1.099130582119438,26.55737704918033
0.42008911258944553,15.015618027666221
2.6040730875270546,27.37613263929053
1.5704736465348814,21.5510812826249
1.6511865725191983,30.12987012987014
2.3400424143834213,30.47665847665848
1.7639405114645557,11.57091853294385
3.1311122530141566,37.28693181818183
2.056026727758996,42.796092796092786
2.186871647873247,27.95722713864307
2.991889976453203,39.58333333333334
2.065946832303106,22.231089323376843
1.9062028490653415,21.883449883449885
1.1223476232759995,19.786096256684495
2.1127592920006295,22.717183314198245
1.9089065762953779,30.745920745920756
1.633688515924819,15.079365079365076
1.0795687844025095,29.20217968422523
0.7350343105054131,13.630793932479818
2.127879095975444,31.885549608892546
1.2478527716611842,19.311865056545905
1.1992730408614918,12.484059332841127
3.2561907573118387,52.3046357615894
2.470079753682264,36.365996780391555
-0.7717205134533451,6.136705278981346
1.455827783451415,13.186991869918707
1.8512944568615417,31.287083523505245
2.0354021606342036,24.249211879873897
0.4836925445650086,5.951373610876068
1.4722308420279981,18.670625103084284
0.13761694808242392,19.425891715219556
1.6674301092536932,25.47169811320755
0.7193775480587611,16.99503963654908
0.7043718654191544,6.920125909895731
-0.2615453550323169,9.572649572649574
1.6296257069696543,21.6012166639509
1.857902378398802,18.048299082781845
0.9897987640693633,20.455747065665633
2.568524827290439,27.363730696453636
1.693179319179721,20.95829636202307
0.2982039335745167,4.185867895545314
1.3469951732267385,13.103448275862064
1.3819661115608035,29.46105072463768
2.3775614173439408,25.028089887640448
1.3441742929276015,24.206700068769038
1.3063530901575324,7.847744360902254
1.9912846607948833,19.4905869324474
1.9789087687106333,31.880341880341888
2.7306244369906296,20.53748231966054
1.0425492443735607,12.013153838248904
0.6145128284124893,25.045592705167174
1.9013976384434583,16.66430226509671
0.07953607030727416,10.274991601478149
2.143371416207172,23.062335092348285
0.5117701108149432,16.974136371857476
0.7414352983818367,19.941366519085797
0.7961511816798199,18.511904761904766
1.4373301727999404,20.611584827991756
0.18475890874516887,7.194117906044994
1.3121433095630282,27.173913043478258
1.177163852708968,13.393990689801107
2.359782232890347,22.997542997543
0.545658568620231,2.2356953391436036
0.5896132300225153,6.6345600920069
1.671723928772355,28.164363458481112
1.1510787597521133,16.618828932261763
1.788693189485587,23.85204081632653
1.841834855938836,17.257248044178553
1.5098381224827715,30.81868640148012
0.6508204680050841,4.789847161572048
0.2097473606754615,5.487721223761838
2.0176126706030386,13.188725982459665
2.1708509828350517,31.303282182438203
2.3965371669834044,33.172147001934235
1.0396349192439978,8.998180250933814
2.676299620498293,26.578439481665285
1.5960159353921357,10.620347394540943
2.1010048348995913,30.75757575757575
2.3553565832033594,27.640845070422536
1.9957545596278843,20.51851851851852
0.693931638913721,16.499604326035346
0.9254615973605053,10.272988505747136
0.6714599808505851,8.278487546780227
1.8411474236611058,37.80590717299579
0.6954426988756396,19.219440353460975
1.219105142878178,17.298975994628165
1.6035761958297543,-0.08710801393728929
0.6796384213728721,17.35537190082644
0.8322242739873937,19.29456225068234
0.5696117215009866,15.878023133543635
2.1980470194019075,27.404844290657444
0.46852706574179237,16.85254027261461
2.401226690659055,26.028708133971307
0.4220691374499561,12.390380015944721
1.2266517403882533,24.588235294117652
1.068067090094832,12.478206724782062
0.45648056514099605,18.07511737089201
0.54037976398601,19.401444788441694
1.6343259272034798,24.4136460554371
1.4536123865424877,19.373219373219364
0.4583063746625865,2.1581196581196664
1.6232042532609874,19.816888619854723
0.6566472459100027,13.367781155015194
0.8276320067290213,19.774123241529615
1.1603633562939277,16.552684903748734
1.850766654485959,30.35714285714286
1.4835724537156967,18.95187165775402
2.8317637011012646,48.98550724637682
0.19851350100260787,11.594279661016948
0.3498863383333398,16.728971962616825
1.8773434474773554,31.401340513734453
1.1702817169082618,26.72108843537415
0.7380877249155944,17.492625368731566
0.3702206340072788,8.314977973568283
1.102755182574982,17.504520795660042
0.9209711721780531,24.625935162094756
1.7094444318753816,14.411027568922307
0.6414981467166572,13.96743787489288
0.6037461898131619,21.148927798544165
1.0542631104603046,8.368440214282003
1.77871722734748,24.17423345176997
0.3637168726961376,11.862509992006395
1.3746081993285055,10.714285714285708
1.402979369465666,18.483904465212866
2.998692877041864,38.52788959171938
1.0872807815518977,20.821283979178702
1.6004105680785603,26.59229938826916
1.0583622894966864,19.068718905472636
0.7962082821961465,28.438560017507385
-0.1764958912480033,8.900207760873933
0.6155965383516544,26.274179983179145
0.6955349760223433,11.717171717171723
1.8226043238316838,30.46647230320699
1.0367498983597954,32.49169435215947
0.45247785124395096,10.33440392971849
0.6015840039928326,28.8336783988958
0.13101570780135716,8.084613155607073
1.3901224945275419,27.322206095790996
1.6996342399228226,26.967930029154516
0.5563414767281356,14.212000589709568
0.797545576136322,13.900819992190549
1.327079304157865,23.26902025177887
1.4409030063610415,14.69782433521354
1.383215515285968,22.21227048813256
0.058503155083519665,9.995679101253067
1.054784521236393,13.861588861588857
0.2796292680768084,11.09389760060457
1.8386191841604242,14.792775426392318
1.326181945540397,22.694013303769403
0.4682636793039837,11.603843311160375
1.6969409876905162,26.174388674388673
1.1284672163195169,27.785923753665685
1.751586242536667,29.017797403987693
1.0929117839045561,20.64035194916289
2.130127930270718,23.202749140893474
1.237579727714093,18.057653575025185
0.225833162840365,0.03786705222210429
0.5685185580506702,8.565596294260807
0.685103784373473,21.066978193146426
1.578181107511257,26.223776223776234
1.1104409689458845,21.48517594901635
1.9522559025177137,15.013495276653174
2.337268200384351,14.021796916533773
1.739746010940048,11.029411764705884
1.742021984329623,25.984848484848484
1.9195722145796563,14.607614607614607
0.4235378164944682,10.566318926974667
0.20502338380506174,14.804717596159549
1.932904338769239,25.0065963060686
0.21265856861076715,8.734723220704531
0.4920683399848147,15.70256971022416
0.5178102901966509,9.193548387096776
1.0610273706831344,16.864988558352408
0.3392456901185079,17.60189573459715
0.6641877141670182,11.961538461538467
0.8458725637891732,12.25035161744023
2.231662272081565,19.06071019473081
0.10035005348648673,15.317460317460316
0.915987553339299,12.34417170029559
-0.7331082561256942,2.4500907441016295
1.1221088581296637,23.103910186898005
1.725188685756522,17.0844939647168
1.589696458551333,17.887184562097964
1.7876123106650363,13.375277572168763
1.0254276847223438,11.57635467980296
2.1349487636538873,12.779973649538867
0.9150651801810754,12.618241777314935
-0.2745552248582678,13.509316770186338
0.9897536692221155,22.023809523809533
0.867683003249693,13.8763197586727
2.3695974652614153,26.684238270954147
0.4844293280876888,5.142857142857139
1.3107617825449245,28.15832649712879
0.2265191801361284,11.483925312368385
2.8137713924436065,33.47706227468721
0.6983261365522868,16.49466604823747
0.22765051244652357,1.5994183933115238
1.981772107255531,20.534934497816593
-0.3792488398628295,2.5550867323019233
1.847763875521652,24.33098591549296
0.5812427585186628,19.627192982456144
-0.18720696886478574,11.769316909294517
2.1060728659993964,30.485139860139867
1.22598839868445,30.49450549450549
0.4572430233250405,15.65252744274293
1.4328905740140125,25.33454435361793
1.3673610660322215,19.361554476058288
0.4682023875160485,11.891096394407647
1.135842494554103,23.930180180180187
0.38294329095147883,14.516129032258064
0.22711045891793952,8.556366585563666
1.706859171317025,31.070670306339103
0.9802733860455455,6.694480102695763
1.371611513051394,17.98521762934574
-0.17678423939056837,10.015649452269173
1.0299985273723575,16.74832654751225
1.8504026785348011,41.30867143993635
0.7456925139894264,16.074681238615653
2.4995160840013373,22.86452565522334
1.3450454010466353,24.48275862068965
2.50395880560584,26.348603957712122
0.30733752346052584,6.281920326864153
1.8010108248372667,14.285714285714292
2.496402120798005,29.37062937062938
0.49459708999244756,9.100998890122085
1.7539406494304912,20.435227854582692
3.1928262927119295,39.982993197278915
0.9752026906771992,6.863527533918585
1.7382332673608247,20.323488045007025
0.9800090990177965,19.327810205234414
1.4277167146928162,16.239230615107196
0.8365274827763064,14.658766732499444
0.5388351954474445,20.576923076923087
0.9598370754099375,22.7972027972028
1.0559500078155573,6.97674418604651
-0.037813258172411185,6.902145473574038
0.5152577134775262,10.453995157384988
-0.035045198113945686,5.6003645477329655
0.19690569730850727,2.2321845521621313
1.6052127749345402,33.14199808664753
0.8138143054566034,7.611505252158601
1.5894676474927718,30.08196721311475
1.892208546579493,14.246467817896388
0.9953286595804096,22.331932773109237
0.900480460956912,6.226415094339622
2.0315450001026925,20.378310214375787
3.4402527056224343,40.77380952380951
2.6177783843372855,39.97665596731836
0.65405975825138,13.600840336134453
0.10041238597308588,12.198086781882566
0.863673305151044,22.282608695652172
1.9074544398219553,18.09179989685405
0.7328643430034681,3.3333333333333286
0.34004480835318807,6.69586983729662
0.9893685278891899,15.30341416334901
0.23679278280615873,7.4882178390644185
1.8707961514664502,25.445484747810326
1.0613711530422285,13.325867861142221
2.002035738863615,14.677871148459381
0.4349883730547354,10.276679841897241
2.590277504488196,35.36776212832551
2.1049375762285134,33.464502377438926
1.3373139029695609,25.80575848732275
1.744170250685466,14.77272727272728
2.167349645200672,21.765968867418152
2.6989541406082833,21.943476577622924
1.0402172186267042,12.992545260915861
1.9654967199476858,21.62055335968379
0.20037830475203106,10.57137787241593
1.2296016575525783,11.120129870129865
1.0762331170132153,24.417249417249423
2.7370980541082934,22.209601243498533
0.6747951048090631,18.76948659322386
-0.8421342028919196,5.511875511875502
1.0876550912225391,12.023070097604261
1.733476635904542,17.199803149606304
0.7256901696548027,12.275179856115102
0.8803770296058582,15.516062884483937
2.000811066240343,33.52911456359731
0.694936576549567,5.483687250833945
1.259561943567399,18.149688149688146
1.3828935629952097,11.829354122678787
1.8984198232392302,23.513787985313655
0.8446806838310044,17.686006825938563
0.8067574899221605,15.204678362573091
1.0828830659458881,5.580920341223113
-0.12657641193917898,2.148461825881185
0.9977593576820226,23.864971691058642
1.059604698026791,23.204828180810438
0.502767670546413,12.57142857142857
1.6466397021116541,24.498474623278177
3.0585502305320187,40.28263403263404
1.947410736513625,18.370370370370374
1.466293348462916,26.055437100213226
1.08367127560677,34.33075933075933
2.597164136359126,27.30602730602731
2.513885186364125,41.37899543378996
0.3528369996751782,14.246119733924616
0.6841716523008878,20.10517799352752
1.958000184698785,31.540504648074382
0.3564001495620943,9.595959595959599
0.6664092724526016,13.594253490870031
2.133568638565325,27.657487740475297
0.334810193611822,8.894328845369238
0.8578782742562052,17.69397689285085
0.5539779435417655,12.813249073872306
0.5624943289840885,9.460774771267275
1.2386471370541972,5.019136139967195
1.358569154764545,22.901604655263625
0.32666741882325845,9.695121951219512
0.980568076884048,22.148148148148152
0.9817099483369779,11.003445305770875
2.608414213671834,13.551051051051054
0.9071245200151978,14.173228346456682
0.27050507302917465,8.971027673119401
0.873953288802546,23.462732919254655
1.2927976916683326,12.172211350293537
3.155615279213195,27.858736059479554
0.8832739197488497,15.28735632183907
1.5792016120460357,33.95525687505527
0.12900912371732248,9.705089092275728
2.3830217274825074,25.016767270288405
-0.5098510689380173,1.6037735849056531
-0.22553000596104839,11.077441077441073
0.3069698051763726,19.202898550724655
0.9062584061747618,15.456586826347305
2.026440088160288,27.546628407460553
1.3358649290235622,16.076923076923073
0.8525389268075364,11.9144013880856
1.153186028705992,22.49820531227566
0.5448009553008865,12.34145246380065
0.2692123622002594,21.980519480519476
1.4209162362941354,15.590529997309666
1.9456391294089457,8.503625576796303
0.13615431748629925,12.692307692307686
0.9797648030109467,20.290423861852425
1.8427867928807378,29.211157114839835
1.2072044978708099,21.625544267053705
1.7537227661404422,30.997470853124412
2.327165130946823,18.33333333333333
1.107301833626147,17.510822510822507
0.35112870950271347,13.184931506849317
2.14518878526952,25.299145299145295
0.610824535299835,13.127646702964313
2.623765829850164,30.860171218915603
0.19758847961112097,8.461538461538467
0.6447688465609868,20.97130242825606
1.0891251061886889,21.89304812834225
2.0905780678742367,37.88046146293569
0.7117510560451394,19.69696969696969
0.2210034543108432,11.439907422714505
1.7263312605345735,37.62766088347484
0.9825177612566685,14.771006130544535
1.3832840521078587,14.639639639639626
0.6062131666474067,12.4860646599777
1.7930952593522211,20.81674150639668
0.20462403832009038,10.43417366946779
1.3252046364313284,20.999999999999993
-0.12254941007901544,11.799202439596534
1.5202243063678853,23.3361826840884
1.318896767248333,20.78252032520325
2.9716097114507223,24.98487598306111
1.3408013892707065,18.9060939060939
2.37263613327289,37.07782672540383
0.3247635331117897,16.75324675324675
0.842495022799149,17.517618294261467
0.14435952507523017,16.601993121086508
2.934917377860287,31.046742044527342
-0.15214270780736583,5.428571428571438
0.6942704346792444,14.937877174298897
1.0300897867564334,20.349650349650346
1.9023046660526695,25.389961389961385
1.5442021726317208,12.848837209302332
0.9301340055762232,20.495568350908982
1.5745741238107551,17.350915941275822
0.8572024955564244,8.88161483906164
1.7028188337034136,26.459232341585285
0.7408601980648453,14.909781576448239
0.9065270659777016,8.813045127038308
1.1182018020020617,12.615662378695554
1.883979962373083,28.94736842105263
1.449196841672121,15.768321513002363
0.5963474948032761,4.040304257631135
2.2132156957376576,31.67420814479639
1.2747608536605355,19.367290797763765
1.5120299584429417,32.96594290752783
0.2651499232889049,10.582586427656842
2.392616477846376,42.21515211771725
2.188590208380667,30.625931445603577
0.4315243617085052,14.663072776280323
-0.23855676284466676,6.521739130434781
1.7616235846097599,27.33585858585859
1.591124561200209,25.1767565178966
1.6799392170696925,22.601406975003748
1.6119234535152482,23.961389961389962
2.0422044505712718,40.12051778009225
2.04411258057897,35.40400202634245
1.7183859718470402,22.167182662538707
0.8382011929943183,9.339634373834102
1.7652111253326122,10.847217298830202
0.6780478957543619,10.642862926078855
1.5857578626884006,13.671274961597533
0.6334396366946793,4.414721566570499
0.7261446669937359,7.901013714967192
1.6526356924509413,19.70611916264091
0.04850513164697352,8.344030808729144
1.5059138366372944,18.83116883116883
0.15025552409683507,10.590277777777779
1.4780431940123404,28.025927352072898
1.3125519283504743,12.105346660320485
1.1596410429968378,9.159754778218527
1.3336068830944101,27.622880137970682
0.5144536457321116,5.714285714285715
2.5693005032013674,31.266149870801044
2.1608710299521947,28.756756756756758
0.7834286794801022,17.001484413656605
0.9821078697582042,17.696969696969703
1.4371249710640084,19.361867704280158
1.7691913534515842,19.982014388489212
1.672170653661695,26.23437168891715
0.7158082850438593,23.43760421530048
0.3724293976614139,10.00733137829912
1.482345328701126,12.346660608814176
1.8381677146061477,30.130510738875756
1.775817692080028,24.545454545454547
0.36103000352772874,12.430037313432834
0.9861647572966687,12.109061748195664
0.5798847846979891,10.276383359298372
0.4628671626510913,14.535278154681144
1.2435780779719585,15.283140283140284
1.5536622065912957,24.28662016487
1.724180094448588,32.76433866562622
1.8648478092092877,22.447402828955184
2.081677660175014,24.700835403025515
2.408430889784503,41.868681911865735
1.8204160885552676,29.42998760842628
0.18874211840803673,9.930788590604024
0.7866807441793787,13.92831076149541
2.3924072648042727,23.052652336817204
-0.25624249485757417,9.041769041769044
1.686062084723973,25.802823941022126
0.6843136728141419,11.607142857142861
0.41774407905979744,5.781075027995513
1.6145086349505493,11.663405088062625
1.044502454435005,11.291609667122657
1.7785465026146379,27.083333333333343
1.7027840653893123,27.963525835866264
1.1864288595126178,10.327699651657852
-0.4459234704876156,-3.7698412698412653
0.6510652874630891,20.856760374832668
1.9685541185042599,18.46153846153846
1.443136913828697,20.7070707070707
1.2250498469262379,20.79693263443992
1.391611863985846,19.449162824557135
1.5156674454730055,22.23297213622292
0.10478744137553647,4.808743169398909
0.055218749522394306,6.431796314114422
-0.23997025422178492,12.206726825266607
1.6508727858193986,19.272727272727266
1.0256169585287687,13.356562137049934
0.5819883456959134,5.803788246721702
0.797220841345639,7.99885321100917
0.2749871174144264,15.461631981692044
1.3543884074638426,26.520955385308696
0.9904715615627956,11.410443103806948
1.1913917921969561,10.966183574879224
0.23089381983039975,10.018214936247716
0.41658194310528573,14.75748714328931
0.6342990487383167,14.53102453102452
0.6212845320727638,17.769541778975736
0.7071483939424771,14.598540145985389
0.04161492176970033,9.177764910248982
1.790819811829616,19.494047619047613
1.3516587978315326,8.913349333774718
2.3081646593837486,35.19144144144145
0.8277649279289836,13.82478632478633
0.5897809539302662,8.629621744375847
0.0930928813340367,12.06947133720589
1.0450490096283,5.634079308990977
2.2964383439057063,31.012017710309934
1.867483410527881,19.80676328502416
1.505038531723916,20.31302031302031
1.3747975010763664,17.19840478564307
1.4847484351802305,14.377642949071522
1.0380208719402837,30.84846841962591
0.8747838077291714,27.60860152980228
-0.0265586291434613,7.0799412785266185
1.1329400603380289,11.663432558523596
1.0806468946289665,27.80694980694981
1.0943156885005618,28.458498023715407
1.702295762205965,16.742510428517257
0.17955150037142553,6.1483646994335714
1.2299698212507808,23.4102564102564
1.2243648364341797,25.75757575757575
1.8548218076793468,25.311542390194077
0.6746902342396435,15.672602445827067
1.4534072659206034,13.17101226993865
0.9479156540534931,17.018779342722993
0.0569645169248334,0.48611111111110716
2.10080331796922,27.485380116959057
1.5764956373118157,31.099858690532265
0.9855114766089541,12.20883534136545
0.43933008217813496,12.5
2.4476541629741426,35.588673621460515
1.1477119927140214,23.7567084078712
0.20166272360167986,16.09957858592165
0.6949936218581787,16.805125316812173
1.0846877669245347,16.531425553368216
1.3244065516035395,20.588235294117638
1.6758918616108005,26.7291822955739
1.8113560560983075,18.40653277422203
2.378628148698095,25.904255319148938
0.9461238124267564,12.172064664093526
1.1466935277410562,15.313852813852812
0.7683965500643546,4.147465437788021
0.03909124105923245,10.858585858585855
-0.6117712382931738,17.298701298701303
1.2643461585570868,23.493699885452457
1.2128554234867097,17.431977639609833
1.6323177915329679,29.54349698535745
1.6476202834173188,18.674999999999997
0.3836058625323447,9.498207885304666
0.891440750513231,16.471415182755386
0.8414802719938355,15.954118873826907
1.431807174201571,21.299071021875932
0.32216243982468634,9.992604158106666
1.541244656856792,29.213270142180093
2.2539576210793877,16.60606060606061
0.8458040755232127,10.089224433768017
0.1348674814137601,9.446693657219967
0.22988172304392282,8.974358974358978
0.989165958978877,25.81967213114754
0.6461006243121936,16.12640873707447
1.0455507619276032,10.74825618262524
1.5811939935433874,30.352679811163576
1.2651082058388643,21.692506459948326
1.9651593575806043,35.900045228403435
1.8636979633242878,36.99063231850117
1.4617561914229933,26.312880044223334
1.577079584258515,15.714589084731365
1.1158691344013385,14.873260437375748
1.058400810356681,8.675893410452389
1.4108628165347423,22.8352490421456
-0.21054557179978012,17.261345852895147
0.36453283027877403,8.363636363636374
-0.3792661795202769,6.832107843137258
1.2709195021183546,25.16874156292186
1.553728206744095,18.13333333333334
0.25749457830420114,9.259014661207232
1.3680283192236238,24.88553113553114
2.193776220733035,14.421807206187509
1.7666869185590834,24.548408057179977
0.381345879839982,14.320570570570567
0.88729870162244,9.172566034863351
1.8741564330354983,28.703703703703717
0.8876525328884284,18.620689655172406
2.049182588911047,46.98581560283687
0.7652762797668822,12.393095941533197
1.9628310259901869,20.9472049689441
-0.3107645550032402,2.4121346651868265
2.077023652170517,27.228758169934636
1.5363534030714143,24.586834733893554
0.4921525157389164,13.555469581197407
1.2090322346357019,28.719050542254955
1.6892608427335292,13.725490196078418
0.5685585471976954,16.859609849696184
1.761534631611373,22.851121481258467
2.059393836496948,18.359150889271376
0.32897615416875325,9.484536082474229
1.7431795613653542,25.857175295186202
0.2945227259797026,13.765642775881673
1.3873660046117524,21.83288409703504
-0.1684352887650094,13.25587206396802
1.6271102585128736,13.038574328896907
1.5588728273892525,24.07786885245902
0.21421331285074566,17.25626269465132
0.4163123075815939,16.188257222739978
0.400226762898525,6.606780643291799
1.9850130595265552,18.31621813031161
1.0876409605011454,6.674636381749352
0.3555438441643076,21.77363097314266
1.9934189675424807,16.334606039569593
2.912332912948555,42.11469534050179
0.5259959707694848,14.391534391534393
2.758630721188716,28.532528701795705
1.168247281292852,17.45454545454546
-0.19850372743338635,4.265653046140855
0.24822300080166104,13.888888888888886
2.5687740086472584,24.143142703914968
0.4087157710614983,24.063670411985015
1.4591131401255517,33.01536830948595
1.8843242589582556,20.20833333333333
0.010626394972383837,14.129346115324076
1.2614297692013903,25.954013225747744
0.5789318874825747,14.358974358974358
1.3094631606089013,15.358126721763085
1.4785755034073331,2.7648337993165555
1.9044919674381884,17.739628040057212
0.8560778616190895,16.08455882352942
2.4278424046666993,17.982456140350877
1.0204551724182371,17.077502008371745
2.875671786328091,43.14574314574314
0.3915431370318938,10.23474178403756
1.684008090271059,24.356412366286584
0.3838174744463597,13.384060091698366
1.2850277890963036,32.6574877404753
1.7899667948273028,24.987026466009347
1.7228275308658902,31.494215678343174
0.5228832311229805,12.288135593220325
0.3360686555511958,18.11386768447837
1.900058686625397,20.797440315038152
0.9175527174489176,17.109851787271147
0.8919174604540445,11.128064286440846
1.1831852294893213,24.211502782931355
2.2091006984970654,37.41496598639456
0.807791341195621,14.44444444444445
1.7695368827842195,25.351629502572905
0.24554559693400757,10.069723786537942
1.1174607903185585,23.62073083353237
0.42205860599919887,11.35334454651312
1.2040710934819683,13.772356834217575
2.7664307117534293,41.978918211895056
0.4418207867362549,7.146401985111666
0.6149596105854424,5.405132349969698
0.4557359599903514,21.158872268253347
2.3338075517116548,30.666666666666664
1.035589984482387,15.535097813578822
0.9351992811618179,26.66457680250783
1.6129382149542635,17.03708848451174
2.624654772335236,23.580158159597424
0.7616358104233586,21.08067448128879
3.027935878215417,33.22211890827545
1.8918043126957946,26.92957746478873
0.916948557636657,15.182186234817799
0.2889778444892095,9.46327683615818
2.407965339925307,29.589929639401944
0.4953890799451538,8.207295373665481
1.6026956159084538,13.816829381682929
2.6294973996064197,26.272849957060487
0.7282775368935525,10.587262200165426
1.2987870704706368,12.427576914439712
1.2002075677001827,6.009389671361504
0.6140334643648878,16.6747690811862
1.1741021720781777,14.903212729299689
0.8622328309528161,14.905863367401821
0.22943006677245942,9.980562200956932
1.1724021594864649,17.609098460162294
-0.3413416003787991,2.9127634660421577
0.27472703320574504,11.629811629811627
1.8651556771973115,23.529411764705884
0.739012953818265,15.760683760683762
1.292568611401904,26.395653802922446
0.8839324397073209,16.923842707814835
0.9208342803602501,11.391826609217915
-0.28449043145659747,9.560117302052788
0.9060811382485243,29.426809086806074
0.9019411785242467,19.42081447963801
1.850711954889085,19.130824372759854
2.420399322828862,17.323153840956692
1.9440146153628608,23.385632478234555
1.7773763120286803,24.652777777777786
0.8621471437805661,19.544364508393272
0.7855768320878798,21.208409879567256
0.2798127632268935,6.381578947368418
1.1867867217093435,18.13756884846932
2.194583047132977,28.92966360856269
0.7295040789002326,16.6948699679373
1.2169447485696647,15.91076696165193
0.3341398164884094,12.661096162016719
0.8608384237652014,22.653721682847888
1.9737779606437171,27.951231173798703
0.4467652127833967,10.476190476190474
1.9995827984322707,30.33882783882784
0.6118741178027204,15.206798866855536
0.5877456569821385,14.621212121212125
0.7649452296628239,15.727254914767165
0.848590713778719,12.985591030525988
0.7429121585762979,12.521929824561404
1.160937854791709,9.738219895287962
1.6591747523219167,19.964349376114093
0.96846822019056,18.530444964871194
0.5773697642159625,8.333333333333336
1.5656871229078122,15.513812154696133
0.5998384694123613,20.512820512820504
0.6401081483103083,12.046264639557712
2.4813941778501247,18.192563937244785
0.47067959340050936,11.720633507659215
1.9580699931102103,26.542727698797066
1.1315580083658718,20.453441295546554
0.657341417558388,11.173767752715115
1.3630209254112309,15.113976513930453
1.1024776978554507,18.85228834381376
1.1672854985279506,12.721748505341566
0.8457495806331627,19.27332535885167
1.0157140064985464,18.77394636015326
0.1765701620087951,17.199248120300766
-0.9251570558180114,5.1860974274767315
1.1331397459933674,26.566167840375584
2.219267876315922,26.982456140350884
1.6588792511628934,16.438539989264633
2.097678470193244,37.31226328849418
-0.04164155014047716,0.34203980099501763
0.9545725861817534,23.95666131621188
1.0848262088425649,13.636363636363633
1.1687488471371026,17.489330116904817
2.186266482523899,23.377192982456144
0.20796189138769475,7.814407814407815
2.605144072914339,36.11613981339647
2.0435738311222065,34.45757250268528
1.9764670983748802,13.763121142496736
0.6660406304044008,16.499442586399113
1.7190007971655115,15.736377025036816
1.2820951723897729,30.672297527416397
-0.18159082923436914,9.563787432923661
2.0260439617493122,29.268292682926827
1.5542920822783906,32.18954248366012
0.9131657092325172,16.8610816542948
1.7346485577839044,26.703727926749508
0.193537507217996,11.785714285714285
0.7924895255113835,14.543822242172602
1.7377314296257693,13.041125541125538
1.3630255535390494,21.639600860888272
1.0630771046079925,20.43570464623096
1.6456514453684083,27.288597926895797
2.479351191582042,39.78117972669088
2.6627982024558836,40.143430866322426
0.9197700126168766,8.383529179421352
0.33646273084781825,16.205768658935476
0.8734091597755514,20.843537414965986
0.07361689249741539,11.557059961315282
1.3583645871400394,29.177807486631018
2.3095517889513886,35.07705905098602
0.661969999825911,20.718375845913584
1.1309823111455841,21.885104919160646
1.3150663884332205,14.711390174047146
1.8386954430557247,32.79048279048279
1.1833054488485713,20.431420431420435
-1.1161163411047728,1.0045443673762264
1.5652890661013703,19.50255695025568
0.33806720126865525,3.564128768523261
2.2126104260865533,21.05263157894737
2.764011029087995,22.941800344690442
2.3220959558293006,23.237463126843657
0.6148446451510734,3.4310667498440353
0.8941517646137453,15.223817567567565
0.5333783860421574,14.743994943109982
1.3467156077056646,17.199909235307466
1.1612171366510957,15.36798764796707
0.5926948252991314,15.040801186943618
2.565408915914543,34.989401165871755
0.6795771251806488,6.972208678693313
0.3497761579774811,12.086723212740168
1.1584691165784213,30.75933075933076
1.0229687483155636,28.097826086956516
2.151902267046688,27.297297297297305
-0.2372281822846437,9.339774557165853
1.0116272175806782,26.740624223859584
2.585304294477392,19.965156794425084
0.009000826387945748,-2.5955299206921367
1.224701427998513,24.9874245472837
1.324566381201927,27.983193277310924
1.6211562570068558,14.718511450381676
1.7730206209425259,20.475247524752476
1.9249057591813687,23.780295876613152
1.2085234986878222,17.17695900363259
0.744118609462357,11.152450507555926
1.4274351507159886,28.48101265822786
-0.1566395437114298,8.10551912165647
0.4775013198160333,10.626987732848711
2.2520154505033,41.781265749874
0.35726146264338043,17.13709677419355
-1.1584356215726461,-0.5426356589147261
2.1826200170234276,32.73809523809525
1.5415362556338308,21.846201502361964
1.4446472482267159,20.05499083486086
1.388835509321171,7.2421695951107665
2.353047908138781,39.29074021953278
2.286357106758698,39.422889452134925
2.8924425999951877,25.15613652868555
1.9739009515263568,18.39248095932588
1.0939374673705244,15.957446808510639
0.9469008790655954,14.537037037037031
0.25153655094027993,13.302821128451377
1.1200123871677066,25.633802816901408
2.75829777241979,19.850187265917597
0.819058264934389,15.864603208253833
1.7625764265687598,17.437927311982726
0.9373961720459673,21.7829457364341
0.5124554706966129,13.33705357142857
1.6422760126100073,36.128321630180366
1.720956468136801,13.952039862971034
1.0267720322546336,14.567384082045358
1.0422373589279172,18.948613928329955
1.404392507008329,21.971000245760635
2.1124559265950484,31.6125051419169
0.5260468002643541,10.027100271002709
0.7761425619224354,21.875
1.2346195427314903,18.85562377365656
1.4067570406559542,28.36787564766839
0.8540248543658312,16.756756756756758
1.6357938497939641,18.4628595963933
-0.4837684209497167,6.940222897669713
-0.8479729266461147,13.31670230458542
2.578889533670731,33.15508021390375
1.3405030906681832,22.92465992326474
1.3884095108546903,26.041349954393418
0.32541816038910454,8.252608047690025
-0.24326619770263386,12.034123487867987
0.8446973347696509,21.80707047265414
0.1310638545621839,16.809269162210335
1.59745877311234,5.844667849398775
0.3283165156526107,11.412516954078662
0.47345819958839924,9.672040022234576
0.8021237216675016,19.014084507042256
0.38945796234718033,9.191232048374907
-0.5992404111087629,5.820427168741773
0.8883585436797322,20.81699346405229
0.682396067186697,20.933140933140926
1.9143293403556327,25.347593582887697
0.8883169277435926,15.427580893682574
0.9079864961575768,16.091143998120742
0.49363955811817967,26.716634429400393
0.43920440209536576,11.49068322981367
0.6126800243456999,9.814723725200857
0.23466957698974328,7.739557739557746
1.0107980299109238,14.402556602751595
1.1656386690865634,26.389088298636047
0.7554502692013998,15.51587301587302
1.540675380481945,14.65547091412742
0.10905413804706904,-1.7100106875668004
-0.20514598473449436,14.070855614973254
0.970461096372927,12.62113520996769
0.7409065206344366,18.04901801655575
-0.38100154799026154,3.479291591130952
1.7175941538419515,21.81372549019609
0.8488883737219458,19.865967365967364
-0.31695706790440237,2.01388209991201
1.416045440259841,7.083333333333329
0.9034402592261843,21.03065597187122
1.2770812785863757,13.99698608279408
1.3133998163941625,19.846670430570825
2.403948926852567,31.000233699462484
0.22407613088160006,11.16727941176471
1.7454349232265973,20.690203562340976
1.6637129136473052,19.570707070707066
0.302933794383984,22.12765957446809
1.7450705496186718,17.41803278688525
0.8407885802303208,10.691695572332172
1.1999281211029849,20.047281323877073
0.5123262633876575,7.932692307692314
1.11270040828584,10.10230179028133
0.34814831294369314,12.828947368421048
2.3355716776875486,10.15211191090588
1.7071730261787634,27.97573337428966
1.50705115301457,30.638862279861478
1.5912007974538764,17.571059431524546
1.2624664117163917,23.903203342618383
1.1989123052220425,9.664735099337754
1.550647828255395,28.61706983112734
2.251811739401291,7.943002257336346
1.5128627046561665,11.96078431372549
1.896663621568153,25.56151858477439
1.7577466388099272,10.375670840787116
1.0558720401454336,16.75494350282485
0.3737640770646168,14.179586563307502
1.7456052921983944,29.671210906174814
2.033706599388353,29.25929342311595
1.126382935114162,11.014176663031627
1.3290441114132379,22.882059800664457
1.523360728710625,17.947629157820238
1.3820536583190888,18.245614035087712
1.5235468343589522,19.671592775041056
0.882572938544867,13.40232205956589
1.474859031428185,26.50641025641025
-0.1116095062955999,10.273368606701943
1.3597955955599046,15.84973166368514
0.7829503897733818,17.628759073625993
0.6524762529015418,15.833333333333336
0.9205827386716514,17.549999999999997
1.6955407560042408,21.73509387249846
1.5063300212115127,26.641651031894945
1.189542934577128,15.982404692082106
1.2249246744294633,25.84456900469626
1.5622918893796647,23.076923076923066
0.8672299454444334,21.300582756930446
0.9266801750261979,7.201086956521742
2.1075409404747205,39.781414237935984
1.8406823343663885,31.054451166810708
0.430431394164186,21.409574468085104
2.0129234814346355,23.176470588235304
-0.4476151683185087,6.8201193520886605
1.2447130939305175,20.67448680351906
1.8562968309930512,25.791672281363702
1.1970522961774064,6.927163427932335
1.1628121870883148,31.74603174603174
0.6870861123393432,13.93455098934551
0.4824227238202995,11.883763003165996
0.9632537442925758,26.00070101647389
0.7513634101363572,16.10742098030233
1.091379069014489,19.115434760806338
0.5669778780783643,19.486302910350425
0.9081194017667638,13.374384236453203
0.9988975484599976,14.718519334581913
0.6451058324823412,16.51848988532406
1.7573440082434906,17.05544286680189
0.4114334567641856,9.090909090909093
2.3948799162337293,31.40819964349376
1.630064780427565,15.924369747899156
1.232906691319866,24.19441460794844
1.4513979979730258,26.344468135512912
1.857063990127941,32.55018707004063
1.3772069242941087,34.35907750067042
0.7058386449543191,5.525362318840578
1.964402597835871,24.73067915690867
0.6223796124390477,21.810883140053527
1.7111093966172126,21.32401862940784
1.901680462045476,33.11948676824378
1.055792197317558,22.940776038121186
0.39173307761427484,11.082534486789804
0.389580802390331,11.012015359841449
1.1826765426389914,37.254901960784316
1.848814478265268,20.1165371809101
1.208083822245985,15.882478177560152
1.3646758466500002,14.19274092615769
1.3065255860619212,20.743301642178054
3.0679773572553684,34.06193078324227
0.8752415748402973,11.7575565419573
1.471511516996949,18.925802879291254
2.012149618233679,27.03196347031964
0.7319350984404355,19.06890444463187
0.7151086285859267,12.371399176954732
0.7758284774260956,8.991228070175438
1.4313804785573185,20.992896219482326
1.2167561189601876,20.470108299742613
0.3899215196459471,15.608726249120338
0.9004649616332419,13.405654174884944
0.03551206575694488,5.387861084063616
1.795550371387405,32.20443349753695
0.9142972948465679,13.765754019991306
0.9492722123716032,16.384797235861065
0.54226090164484,16.2781954887218
1.2677436123060897,25.551906586389343
0.7982845578373376,18.043117744610278
0.9193159841554479,15.726600985221673
1.398878231336191,17.638888888888893
1.074030396926177,19.84859584859585
1.7198620916414793,27.919453734671137
1.239651999301448,13.844086021505369
1.5832151755009507,13.375027430326966
2.0105129224260603,19.939168638053403
0.726991210868779,14.31203931203931
0.7051974751502574,15.530838041431267
2.597825466907095,35.75757575757576
1.527751190034356,23.734947276470947
1.1087233321524823,11.455773955773964
2.871435000976569,42.83245829733502
2.3282657875392654,45.713855648378114
0.10902665224036234,8.730158730158735
1.3751399734320287,15.203145478374843
0.8986031920568496,23.070696168375612
0.6581220890796918,19.97863247863249
0.008729409866974291,11.949323351569248
2.4007421364221306,29.116045245077494
0.17057721308324147,10.683313397129183
1.0696036672310658,24.866365131578945
2.114421074113261,7.583407583407585
1.7616048033419152,28.573049645390064
2.979847820987838,33.227070812646986
0.559458975576346,8.652440806781648
1.733608066979568,26.245937161430106
0.7301461426579536,17.984806077568976
1.3003065371139408,19.894249834765375
2.25674682724798,29.309165526675798
1.7312306979009229,17.53164173681342
1.5357497964845988,18.824045634050016
0.5996287572737321,12.065217391304351
0.60393729424939,9.943609022556387
2.086153152507667,21.494623655913983
-0.07841092240889813,8.79629629629629
0.1732459252141403,10.944427573641057
1.4165128394821216,15.673289183222941
1.012396552633333,6.613756613756614
1.2095725556946968,17.64585883312933
1.5414272941488574,12.818192785619495
1.025451653136217,12.340637450199203
1.1359172072547832,22.45691111862115
2.27067365282605,33.49259436215957
0.1868317929526489,10.166940339354142
1.344222726086728,10.348977135980732
-0.1470335968328548,13.091902493695706
0.8391440616534522,16.36742128545407
0.737646152378866,10.346045197740125
-0.4170330429795892,1.5679913490132407
1.3566013412874083,9.04347826086957
2.2339078535066195,21.07132708155727
1.3006392567735041,19.747474747474747
0.18332496926436123,10.088272383354344
2.4642460554025725,32.507973812321644
1.7594058194820288,17.48003549245785
1.4967146122134436,18.428581908884162
0.4346541418998132,14.570380997927629
0.8586477731705238,19.195874689826297
0.8571688680298909,24.04026994136518
1.474247022789959,33.251454427925026
0.5112445368312502,19.153061224489797
0.8723008093984713,14.450730787364456
1.9151491886972374,18.896321070234116
1.8979883291247346,26.753246753246756
1.8288116902763167,31.178112786152987
0.28452447033843153,11.153358681875787
0.31694486009503053,8.627170216574186
1.7993964674166913,23.844008636200066
0.5481896709942427,11.737967914438514
0.7769372244496832,11.000827129859388
0.9372191617894657,25.821917808219176
1.4805501353871215,23.370577281191792
2.5783883074524625,32.20059880239521
2.126662494332793,20.116285697999203
1.4481302959202305,4.78906788691782
0.7858358666367633,14.570828331332535
1.7217737212619033,24.494949494949488
0.4219813947591201,4.681053633767064
1.382640981008704,28.292046936114737
0.4115803525897437,22.368421052631582
1.3892881571627718,16.536158452326106
1.0845379694641706,15.278628291488069
0.6245598829173148,9.773755656108591
1.9167796604814797,31.374422678770507
1.4824796785741408,30.20050125313282
1.4492164378253187,25.087108013937282
2.123335073424607,20.853586247777116
0.5403594723435083,8.252528775723746
1.605553676771216,9.741415854175493
0.9268947897797164,26.684210526315788
1.1281516285050952,29.987484355444316
1.3869148570935455,15.458744823192106
0.9426511434097997,15.034965034965033
2.1200307919581705,22.56041320789523
2.3974233697367104,33.51621489488837
1.8417795825300876,15.58493589743589
-0.13737390702787505,5.746655746655755
0.3973869879943506,8.987854251012152
1.134974965771475,8.511904761904766
0.613235286604645,11.122994652406412
2.4663243176745206,36.82539682539683
0.8776885455533442,12.909567496723461
1.583294372167754,27.011884550084886
1.8344947985001143,20.89867841409692
1.4270397142805356,30.604725670804974
1.706132524449563,22.848484848484844
0.9928850669975313,14.992852767000208
0.9108284951745645,24.530407290310585
2.5267659367743995,42.08472686733556
0.8975320650530156,23.706377858002398
-0.08766144830112843,8.33804409270774
0.0726294378729733,7.575757575757578
1.1586624023401848,10.968932269967866
0.451737113373756,12.992831541218642
2.4467042290587346,44.975716928769664
1.1454694655197146,20.89742333692564
1.7613880456710116,23.520499108734406
2.6430147454522177,35.97367779673411
1.5594590018685415,26.055799347799834
-0.18932848925479,9.624258404746215
0.26230303945283906,14.80654761904762
0.779781618422229,26.62241887905605
1.3730228819601136,6.420303834096934
1.1187802376171798,20.232102908277398
1.966188461883747,31.759389122642986
2.5770069678748104,23.87934645999163
0.5073410365050318,17.726982097186692
1.6463944737512552,17.476375764313516
1.348965612266453,24.761904761904766
1.5770560380199254,20.08771529078532
0.8955561402663806,11.735232067510552
0.8567668525977131,20.60889929742389
1.4878235105503486,18.42948717948719
-0.1402523451655011,10.799484203739524
0.902321964641736,12.885596307991257
1.351198022069626,11.403683424589346
1.3291323371480246,17.070357554786625
1.4310355063513036,18.70561980117671
0.3626277807948259,13.563829787234042
2.752807668645126,26.758535582064987
1.469836602478686,17.817556376608486
1.9672866979406085,30.702146690518795
1.7342528822942676,32.24097331240188
0.9156979522676767,14.886363636363633
1.9370885186367681,15.314926660914587
1.6080142299938136,24.66002681478645
0.25104266377893786,11.912526376366777
2.637450382159253,30.527777777777786
0.737768895438595,19.24689440993788
0.10456624479430854,6.011793470444417
0.6336993411038876,0.8284945475145165
0.8930977629301764,20.349406009783372
1.2801579520799895,20.770676691729328
0.11494228997442141,4.42484782269392
1.6185678550481495,17.083572934636763
1.3219372688835085,8.316819420361654
1.8728823144582758,14.252714252714256
0.3483908891816303,8.165212649945474
0.5758538058213519,7.72541310238563
1.6087615244874875,31.358591657099126
1.8882446455301642,33.7915149713946
-0.1628791263998336,11.163337250293772
1.7432084816019837,20.454545454545453
0.7449555211950646,13.35920177383592
1.8420043292660642,32.73593466424681
0.4957342248507133,15.016722408026759
1.0823153089351367,12.97834732655766
1.622696049246994,16.896551724137936
0.46351654848661594,6.544691455177386
0.5722455814545067,19.752852909652603
1.7977330547501018,21.6220600162206
2.0679264538548794,25.800256081946223
0.8452857047579145,15.00407166123778
2.14194619852869,32.7548654535235
1.6661790128506389,13.096658711217188
1.1082285008052017,18.51785070320952
0.9459514875500027,19.294662309368192
1.5899864660398404,27.0923520923521
0.45906090235340935,16.933638443935926
2.088788253756091,24.34049079754601
1.3728019271926475,17.876288659793815
1.690432020781412,28.68240951969912
1.457295708509914,20.457995951417004
0.631939310044102,17.87439613526569
2.1448174233574386,15.870558749815714
1.3760414271996506,22.5475687103594
0.918098301616167,13.706419272781694
1.1652987476250132,22.98956062865664
0.30897587084223,10.692993953744022
1.6963691325937176,12.990046154701666
0.6888872396078507,7.01523415459846
1.4680719278814496,29.862671660424468
1.395455630293315,10.887096774193552
0.026673686620390824,7.906602254428343
0.6079813649525796,13.20159962361798
2.9035844294528124,37.53035582303874
0.13692681877269208,8.962818003913895
2.5436013594916886,30.47619047619048
1.40030204674526,35.61999057048561
1.3636796077804265,20.983352690669776
0.08938669005163657,6.178239475123021
1.8568874706878997,30.54157131960335
0.532134342876243,13.486826489437448
0.2612730780775235,11.049287567201787
1.747596116269487,15.437755533624703
1.481182983456414,27.021392313270482
1.3078334015517408,19.929651249812913
2.298243012421159,14.269201130233746
1.5743139274392006,17.280163599181996
0.5739934323366096,11.471933935944648
1.6084598570977058,24.046479835953527
1.3117159224353085,13.65792759051186
0.7145181189801535,20.202020202020208
1.0034529629960147,14.125378424278232
-0.11604052175597962,8.954022988505749
1.093389995048896,10.785658307210035
-0.005481559426955274,3.9462736241531005
1.3643901563464922,27.110342840679934
0.8628802083442697,25.167488307420044
1.763655332702692,10.039655672695623
1.7828368259970997,23.548761609907125
0.9963780773197081,25.914562190228928
1.46872194034788,16.983908045977017
0.2516069013724841,13.293526084223764
0.5795925328082078,6.251586697131252
0.4232555490409522,13.06602143104044
1.8823557757286071,15.649350649350644
1.4537004742224469,23.90860873113015
1.533860943791683,22.907008453776918
1.0617581351681058,18.57864357864358
2.42993727181244,23.48178137651822
1.4775401908915624,21.305555555555557
0.7303645328943003,19.44178628389153
1.1991718062892875,15.182575272261381
0.5939194343049456,11.785714285714285
0.9755125074839186,8.394447354635936
1.765326869214583,22.5657071339174
1.241144781444791,19.688644688644686
2.1640019460500497,21.01851851851852
1.1111398293951602,14.12429378531072
1.541037599509743,19.32938856015778
0.9164223323624556,16.17041495090276
1.4566131048503694,12.267441860465112
1.2561747161187538,19.950592043615295
1.1018566007336408,20.053432642487046
0.4157323716020152,14.586060839430118
2.7884000208775177,18.05959805959806
2.9500389628555586,34.18513957307059
0.595647559715434,10.664928292046937
1.4200284514380925,23.23717948717949
0.9062565163088014,10.179838310509815
0.25490175902331436,2.865571007163922
1.6121062861057491,20.90721040189125
2.401183777373482,24.765478424015015
0.6637155973951002,6.11430395913154
0.9416072883996811,18.036241045090605
1.0458386204497736,23.921568627450988
2.0855586242630886,33.82566585956416
0.8763821140061241,9.659090909090907
0.7657921007110163,22.770186335403714
1.7318570463842655,23.43857240905971
2.5559985298170362,30.894308943089435
0.7103959611001002,7.1225264299268005
1.629566160803775,23.784033225657595
0.5735974967901823,12.386156648451724
0.5634402111390348,18.285714285714285
-0.2066086371671707,4.886363636363633
0.8226436548380577,14.667383898153133
1.6313397225042496,20.47183331495976
0.1207927849623775,14.213461902060878
1.0624996156348043,5.193473193473189
0.7463194540516106,17.505575984085837
1.401371736181629,28.63287250384024
2.1358561198823636,28.059440559440567
1.5142551346303244,22.250256985328484
1.2230085264898747,24.140341067934017
0.7226754212545815,27.76119402985075
0.5161301509678078,18.29750911771552
2.3680341459695153,25.90915729516577
0.7039277833427915,4.550264550264551
1.2325454574967818,11.488948263298525
-0.3435078016629436,8.512990602542835
1.403316955378548,20.795863309352512
1.8316247911691232,18.720947668316093
0.9154084843755008,23.09639850623457
0.7034966257603512,16.655585106382972
1.399527326394247,12.463851937536141
1.4346236413482756,19.2829457364341
0.5318007866609792,11.514778325123153
-0.35552790702830567,12.16669245448449
2.2713460556742966,24.437675726335513
0.38411367257206064,9.585958595859587
1.801065768008504,25.55002619172341
0.5388090150782342,12.684599156118153
1.849580195286182,32.11998651836871
0.1311542680781123,10.454124189063947
1.0145864266057256,15.7036096321985
0.019681290488308086,16.386678455643974
0.44510881726279705,16.38602663985926
1.42177984490503,13.757297349028612
0.7571441655187515,6.747638326585694
0.5474880939466088,9.89593309072336
1.4677314356304683,17.431803060545562
1.270104839972177,16.04010025062656
0.7650996594453765,25.051194539249153
1.3222642714614967,8.333333333333336
0.5448011726736415,8.474576271186443
1.4255720905753522,9.641970932293503
1.1330216535743918,21.293336611753134
0.29139986581893773,3.331043956043956
0.6255037087129232,10.293552108704006
1.7540149882128095,31.38355277358083
0.8323483963328453,21.124620060790264
0.26753424144594284,8.490566037735846
0.4724169537651731,14.547377529926443
1.0637152397506044,18.405594405594407
0.5162264191107683,13.861003861003866
1.658383236102696,19.938056523422382
1.649909838977361,24.49460916442049
0.958783283961482,19.175824175824175
1.8069367481729397,18.986866791744838
0.15029624729249466,9.863420766900958
1.109912457352197,18.56071964017991
1.7602164595803393,17.908762420957544
-0.18834701586468608,0.6921503854019235
1.9966634869654682,36.33333333333334
0.4976594762595148,15.123568414707663
2.8322624642912895,42.60344026034403
0.9318454994763903,6.111929307805596
0.6370064797999981,17.58130081300812
1.7081563980265277,23.355506282335554
1.685011138096173,23.554843097250554
2.5265373787024314,36.48095687755744
0.31830911991370625,16.89855072463768
0.9310351703433047,17.62987012987012
1.8135611916395733,33.55813136635054
2.455908888237311,20.233059991368144
0.5580178709031607,17.12305800827093
1.505868588899312,24.33742727860374
0.7794779449290803,8.026629820374318
1.8823631014065083,22.446311858076562
1.5411681882795263,19.735915492957744
0.7867857792828878,11.554436196535875
0.3420359648702696,11.283359497645215
1.6490971302028115,17.243867243867236
0.7886602462344469,22.249742002063975
1.8794959015201984,26.739202110122
2.3651856826845563,29.410720624778122
2.7407929304718928,32.24453101588254
2.662049146371089,34.54345434543454
1.6611847726255884,24.611175115207367
0.9512880943076827,17.58581235697941
1.3397420951498022,19.428926132836736
0.6683856958384858,11.310285958173282
2.381912640781035,37.794696384567295
0.7435055266018892,11.948433078293675
0.7991487732507068,20.600332545725045
2.127651282275525,36.76278462112729
1.077801211277512,14.800431499460629
1.9849299304707022,29.195609891636565
0.8582083377106372,18.137254901960773
2.383967677117804,14.793741109530586
0.45208182366610367,4.693681812732287
1.2659011346365854,22.750455373406197
0.1225599340235955,16.40687450039968
0.46897989398001183,8.997134670487107
1.5126392434604037,1.9156346749226074
1.7296593259371258,37.40259740259741
0.31057118304628084,7.6361867704280115
1.8058003302440215,30.917146654851578
1.4442485494303674,24.139221556886227
2.5790881708662274,25.486793907846547
1.459869366860231,30.364163045727295
1.04175701162366,18.524283935242835
1.4259991227161672,26.557324500480817
0.8740919988088995,8.614921378387415
1.3459156568329258,26.41556622649059
0.07925656497969952,6.791158536585378
1.4354207339476215,18.750000000000007
-0.2805953417612948,13.687429369141789
0.8870337423260687,23.8390092879257
1.7192901319913332,28.032300593276197
2.196730565116571,27.052263574810816
1.8447166361370384,29.853479853479847
1.1030446896290027,20.274563194917164
1.7231702997653837,21.367521367521363
1.5131470815159689,24.468085106382993
0.6597129035178447,-1.115397517611541
1.0457389679676297,14.59967922319995
0.4652314050981062,20.528280218202703
1.4407219579512458,15.432098765432094
0.17561584227806393,13.376068376068375
0.4665189464582063,22.363448986602542
0.41904083420896115,10.148148148148145
1.4646291072445023,22.391702257474073
0.22310580484418188,10.529271374420887
0.6695375754776238,13.454545454545453
1.5737620934131114,21.45216841217404
1.0202610739399944,17.631789137380196
1.8712128420979752,29.901960784313715
1.0063791221280682,26.444149720011787
0.5585639380809839,22.822822822822815
2.0673411166020905,31.771307249014257
1.6939053188399502,13.62043305007441
0.2739590248163102,16.52873563218391
2.4560775604405265,22.59138381201044
0.7941058242613416,18.03599374021909
1.4847523147546595,25.14371514371515
1.7198171234886825,11.29032258064516
2.615300665995628,27.27272727272728
1.073932048589333,21.517808644370298
2.493819277979306,31.70972316419015
-0.47711580270032555,6.698564593301434
0.9043560328704485,21.565217391304344
1.6700312704828524,27.714285714285715
2.0737322646218663,16.914191419141908
0.20773989048438096,12.086720867208676
0.8512143610047103,27.187468821710056
1.1490650465057834,19.71871412169918
0.36670996310031123,14.397299903567983
1.967733877548051,24.50737463126844
1.009940345686308,5.414908579465546
0.36679012309869086,17.36917562724014
1.9222397649642153,18.148148148148152
1.1981300290634929,22.492401215805472
1.8247002436363124,18.360833433698673
0.7596508594393511,20.508474576271183
1.7079202670047136,28.978377065111765
-0.3274596079170985,12.048844578406367
1.1866622968286293,18.02469135802469
0.2525532184183978,3.823789659967133
0.3294150053641501,5.1463694134805635
1.4089748959121617,24.816314289998495
1.4144331592987247,26.963241436925642
1.9987068587111136,35.8123439981847
1.6254953579943676,14.959702125653955
1.812976246074757,22.603659560181306
0.18097040494162642,15.088919288645684
2.750101575392628,35.58533701221916
0.14149433535278064,13.202382095860152
1.4890358351382702,30.03184179654768
0.3030233256277608,7.896077432501279
-0.909182552177397,18.815789473684227
2.1005106227532133,30.941025058672125
0.6801766588253366,19.141184902054462
0.570055618130402,13.667618745371847
0.0850146258592055,4.217548620533691
0.7332591676673148,19.518917564520173
0.8269419356396399,9.435973110345962
1.4069466039991338,18.48862802641232
1.4575409751915225,22.4055944055944
0.9155787545602132,14.666584189038723
1.1463597704886845,17.476076555023923
-0.4720135123748877,15.177304964539005
1.734336590985645,24.638733570546798
2.51944966884609,20.248773058047043
1.2982301972502692,6.125401929260455
0.37924715026854433,1.8285821455363802
2.3524229009285245,28.86424731182796
0.9878274790704704,10.622990968926977
1.2528154121873187,19.44059177068886
1.4756569821226513,24.926800702713244
1.8782920747425933,18.688230008984718
0.7702805063911986,17.916865742952687
0.9517349272544517,12.32312046265534
1.8173031468684888,20.020053475935832
1.049657741990016,21.923076923076927
2.302761822891903,22.964396284829718
1.200204174447924,16.264195274768305
1.0999824468842085,6.851192107426684
0.7332329291806334,12.162162162162161
0.3007216734578171,7.442557442557437
1.389549627594492,15.179252479023639
0.7053925294151505,16.163964921605107
0.2843203513659725,6.021353430679852
0.43434054328977667,5.973702108365451
1.170356339015536,17.46495327102803
1.4659005352696126,16.179271708683466
2.7698567540924417,41.67807137593431
0.9284727510232731,10.83108888033859
2.0108383617046073,15.466039400176413
0.8160657935901547,13.617208077260763
1.546678839715699,15.294999318708271
0.4755453017765557,19.824965936484645
1.864730489290484,18.620347394540943
1.5036268295486874,16.949806949806955
1.8857531757606842,33.33090325873004
-0.34597658253628283,8.519948519948514
-0.5075032288232944,6.186406186406188
1.0067941041640989,5.640096618357489
1.105778824837991,12.075736325385705
1.3752153713511457,22.466216216216218
0.581809797726136,17.83027121609799
1.2150361837155874,4.644268774703562
0.2866417186734888,11.396407791550715
-0.24848719654433912,4.6464646464646435
2.339558581802913,32.46753246753247
2.304098422613168,22.230919765166348
1.1776202180175896,15.506996358060192
0.7548484024492772,11.402081977878986
0.7769964157459754,11.211654473109995
1.0930631283099967,6.593122468327152
1.8436461340376191,19.4868238557559
1.3253747033324923,22.87958115183246
0.46758882278253744,13.359483156437463
1.0957568921768626,18.194070080862538
0.9143790184099623,21.79988499137437
0.501342639517302,17.49112426035503
0.5546172617988695,10.31606386445096
1.1841391042788352,15.804597701149419
0.46674466303561185,13.425253991291726
0.5876843474746347,16.25869448903157
2.103922714112277,33.96279396279397
1.0332900448108524,10.651828298887118
2.500479243514355,21.379428964568284
0.9156387325545301,28.736010533245555
2.739830859458989,36.6756778897354
0.9524744287519026,10.618500273672694
0.503195624709543,10.727762803234498
2.4073453477850766,19.81351981351981
0.43213623633750875,13.736654804270465
-0.4604058173261523,5.240568037303937
2.2877691150379738,25.35885167464116
0.7468446002354009,10.887863155036655
0.5503890756835329,21.588453226304416
0.9858570797686301,22.76225531202944
1.981215533519738,42.43240546742492
1.5986820048335044,33.78378378378378
0.07675915494531399,6.574271499644638
2.2401980016203487,29.072327044025158
0.20064579250416945,12.94438386041439
-0.019138415887878624,6.7378591406051385
0.5485970344408657,19.249089380778926
1.1531722832536238,10.989010989010985
0.9589282880107739,15.116279069767444
-0.1753858165994103,11.132478632478637
1.3427942872446845,25.15524241700502
0.04099791904061867,9.039190897597983
1.0967293053185054,14.573714989227454
0.09623454386917343,1.5184815184815221
2.165754922858575,38.29501142933979
1.6968282454394443,0.7990867579908709
0.28792747519756334,5.942793668425438
1.068598883661229,18.334375651448816
0.8788322470867946,22.348484848484837
-0.5334304022412866,3.499999999999993
2.260478190379878,27.6376907763769
1.0343501169068503,18.047112462006076
1.1584200385834489,26.918238993710688
0.2365268831960679,8.451730418943534
1.24858452503421,27.56867568675687
-0.21849501333065646,12.807881773399025
0.5865793815365845,5.343025415185437
0.9175459341804623,14.861345181553546
0.9951202627259681,19.11118621155795
2.1008717121180425,21.36322869955157
0.8056463528647035,25.64935064935065
2.1610344711741334,34.56196581196583
0.978946562373787,26.98709390298177
0.4692733253499323,15.573089700996675
0.5538176698908157,15.970446149474277
2.3052492638755386,17.681845062093437
1.2311076984486413,8.972602739726021
0.7515874594451414,11.228431625032187
1.415453780840111,11.940298507462686
0.6569329024973032,17.62422360248447
2.5411438631424987,19.970505684791398
2.8902918001026645,35.295601291363994
2.2369073829961987,23.686911890504703
0.7386728266634546,19.243604004449388
2.153524756174625,37.684175476567056
2.1331091691383666,34.90359562272016
-0.2524325807356752,12.41512448409
1.0720321998700206,23.943217665615137
0.03671093395810773,2.5538066174108565
1.961602250474591,18.022648083623693
1.5503420136359565,20.801540326606293
0.25823704414697346,10.100410545580445
2.5537108956754304,26.33326194045835
0.3900282812633727,20.885106382978726
2.4067940632647162,23.389524382901868
0.5485461979860563,15.34454179493251
1.8449578765431252,15.15527950310559
1.3401691589233375,23.2365673542144
-0.1274201613510093,-2.0741703318672506
0.9462608427069985,16.535585353274882
0.2595337678701465,1.6537158796572982
0.13780044789136747,10.186440677966104
-0.07153819276733464,15.852130325814535
0.35840309356236943,5.87941372418387
1.220928876286083,22.035794183445176
1.687124401585565,24.506658110059362
0.48625816373014047,18.083333333333343
0.8049481773109042,10.93607305936073
0.402890472562709,15.862877997914502
0.9814797687137022,8.244716650962452
1.6565959117354725,15.316159250585478
2.6789621287028877,30.815430815430823
1.9304816254211272,18.319686310690813
1.3088220223229303,15.20668237309917
0.9410365911069061,15.318388564002596
1.629037819037483,20.512820512820504
-0.13058164132422131,21.213748657357698
0.7982992502162829,6.798012069577574
0.15525335296833676,6.844827586206897
0.9089124030071838,23.41176470588234
1.2097264610938765,15.245584988962477
1.5153922542253309,21.059972105997197
1.142643085842248,24.966647608157047
2.2061989785300926,14.29516001057921
0.6658908478153382,24.184501845018445
0.9145215361731824,16.614916671947277
0.7662275327592685,18.01153473179197
1.5559187775526724,34.6
1.7830950631176916,15.539452495974245
0.9236963212591545,27.60683760683761
1.867430467665571,30.601380601380598
2.802290204561042,27.69455252918288
2.3689311689333064,27.6193708983933
2.4276784728695358,33.23863636363636
0.9660493913094594,11.916666666666664
2.923297722082852,34.065934065934066
0.24044391432147266,12.105820105820108
1.45229697226428,28.42157347847599
-0.5213925986439832,2.646410193580003
2.038353159651454,27.637795275590555
1.593445768828319,22.06287920573635
0.7991078700182216,24.995617879053476
0.5295986323758114,12.953913239606045
2.250959902438641,33.680555555555564
1.4199512919028376,17.280575539568346
1.8354220968218238,26.23417721518988
-0.04857510821332048,3.6134934248141803
0.25685983316084854,11.130809168038489
1.156950206013784,24.706345560732323
1.2122044287042466,21.691792294807357
2.4355463690747827,30.64324885134134
0.42372749909234875,9.195402298850581
1.4310457980789124,28.577173111721727
0.8043687966020721,9.146757679180887
-0.6410644693177572,2.657378740970067
2.1624599813595142,11.867636867636861
0.010310813818102796,5.648737227684599
-0.36111126533118687,5.948592411260712
1.37158208854342,21.10912343470484
1.2363853202967587,25.73560767590618
0.9401704604814928,16.739454094292803
1.539118733054731,18.433179723502306
2.003820734772665,18.082048602038142
2.6507985048240106,23.775403856175096
0.8615945446103235,19.150943396226417
1.267598379508709,18.725581020662993
1.9564145996377664,41.12995107566517
1.313903492841177,17.39258734655334
2.9337734055595015,22.665181450430907
0.5663408097946501,13.809523809523817
0.7775872222158968,22.718259285063517
0.6718770477429032,16.46866646866647
1.6187664692975712,19.334684228301242
2.5624208149940175,26.918889493739798
1.2732417337449,16.66666666666667
0.5007856721998546,12.065040650406509
2.2960077226909803,28.50033738191634
1.5381388527644237,6.404958677685954
2.093144437589985,23.487894219601536
0.30135970467966283,17.7405498281787
1.7892540778030308,19.89247311827956
0.02468028195068977,11.049862189927339
2.4623101927195337,26.10335195530726
1.8405979261759366,25.459501013348245
1.3346242207811603,20.082720588235297
0.8698299803469776,17.35361104988612
2.6993970350594663,35.11111111111111
1.4256924985994406,6.441881100266194
1.1765612729770307,10.533296490743304
1.7911577598886395,23.05955624756715
1.028501045376879,23.324615887544944
1.3668861711243285,11.4041514041514
-0.05911303057814337,7.2858617131063
0.7020558781815692,20.548894587289496
0.9382737715252387,14.324045407636739
2.6319221348384443,40.305280528052805
0.022825132134380033,14.78102189781022
1.7184657833306871,14.885057471264368
1.8557351214217377,29.81805929919137
0.5981925637358539,13.993610223642172
1.2687505715367897,22.039473684210527
1.3979362990887934,23.416789396170834
0.028458854800810673,18.377693282636237
2.4579713903606066,23.383266350018275
-0.13147078677857274,5.94532279314889
0.9119062925838747,22.547425474254737
0.9822091147043734,15.33646322378717
1.7665997292565534,26.936179877356352
0.9118825809675619,21.525600835945653
1.345118726498256,26.13595056343148
0.8547456408304115,9.332681837219042
-0.30463252251772377,9.592104623462497
0.3705115666168514,11.12559756627553
1.6337839602684765,35.1063829787234
2.226238820791834,30.432900432900432
0.884242855547694,6.538201487491541
0.7273657130654839,15.901360544217688
0.9350302315848685,17.35537190082644
1.8898813917457296,26.89075630252102
1.7622604887882352,30.602449520026468
1.49029683251504,20.295772092179284
1.509072873998672,26.319936958234827
0.370279154066574,10.717410323709544
0.8838723778596603,18.90710382513661
1.342341825035351,18.43971631205673
0.9067778864980601,18.392857142857146
1.600111364356437,11.530707196029773
1.2986480427958864,11.262626262626256
1.9985651262471298,28.300816696914694
1.019584992092579,13.669621499929661
0.4853856327432352,11.61384869023631
1.8952957164470683,14.383561643835598
0.02250525714585848,3.7135278514588848
0.3611683097900244,4.514845423936329
1.5538463601562973,26.661316211878002
0.4580222414530091,10.44677721994016
-0.45871607993837793,-1.5702479338842892
0.8040519178995005,15.157590451324133
1.4703826636722985,26.802496592295007
1.4920847878955812,16.358137829912025
0.8056523589124909,21.112244897959187
1.1562502680626086,17.888563049853374
1.1996119552607558,18.045977011494244
1.96146087366658,21.785513756316675
1.9943687251677318,29.640468227424762
0.9311158342778714,10.947431391609953
0.7721236874893425,17.496847414880193
2.0341509897456196,32.69639065817411
1.3241969542908831,21.066199216333253
2.4238887451224667,36.426332288401255
0.5418078989017787,11.104567464991483
-0.09800378569407786,15.1797385620915
1.1112135490718544,20.937723693629195
1.5271101502439568,20.166666666666664
1.7310181499502624,18.898936820237076
1.3449047982816629,17.23909546787776
1.472075670568375,26.361785590148465
-0.19254051545940032,8.760920388827358
0.8636963276944754,17.973098330241186
0.7781498842754823,11.461988304093573
1.3682394258206367,17.902542372881356
0.8517177150022233,13.11363636363636
0.2900941886282572,8.815426997245176
0.015615867731201827,0.2735562310030346
2.555746599024605,25.963488843813394
-0.08533872366489703,1.3094718463553008
1.7317881585641381,33.21407274895647
2.2905276985053344,36.880148817432904
1.0670259219131262,27.759986516096404
0.6368063357274973,12.908719346049047
0.8869774072975655,10.307414104882454
0.8412821325052824,17.27307545001915
0.6440804857755513,18.466819221967953
1.0484511837969737,27.096385542168676
1.3756150380498493,14.583333333333329
1.9617640522719022,18.878718535469112
1.7719365397019986,24.021999043519855
0.7248761497946101,10.222222222222214
1.2541071874515066,30.772594752186592
0.8974801825516461,4.752729608220939
0.6304997209233976,11.56049094097019
1.724489062438232,19.514925373134332
1.3383660557930959,29.527777777777786
1.3966995686140518,10.184937014205303
0.1305002126015059,3.605166763061497
1.248516222059692,33.09294222510331
2.463681830125237,20.696529080675425
2.1868542842710452,34.92085531796723
0.0002547408238818827,4.892609620531118
0.7126445974945654,13.785460992907808
1.1073692254910161,28.94783377541998
1.4550121257897501,25.51020408163265
1.511944490031787,14.970266310436969
1.6012681457565585,17.126784040004168
0.37577512073790487,18.75
1.1801555366306515,31.712523719165084
1.742709247130259,34.72375690607734
1.6269804834796449,19.191001816403528
0.23403089965040383,14.544283874660174
1.2418442907904366,14.78854741266089
0.030009336300775624,10.88669950738916
1.0810200618540244,20.624212987947473
0.9990338130640072,16.030156284393563
2.095929234920655,19.68253968253969
0.6134538739281028,19.14151372667981
1.6458641605586288,18.76310272536687
2.3048689317586946,38.534712950600806
0.4088192525735942,16.254125412541256
3.2946584065269375,38.35752171125489
0.5528319167177673,18.10564663023679
0.6146604786464536,13.71027346637102
2.096883630743187,25.015713387806407
1.2512266311963736,21.51430714821563
1.5701410046635764,22.908380434024146
1.0665007427798001,16.311625076080347
0.4537266844501391,15.365217391304341
0.7502689489493606,14.086814086814087
1.7694251753017864,28.631513357738143
1.8665602132189618,28.9760348583878
0.5704012174553972,13.379120879120876
-0.06475278407409857,9.848699095022624
1.0943789390992509,30.370370370370374
1.7078648682908404,26.735459662288918
-0.09093243547215185,7.853937168502654
0.12099640642924372,10.753388946819605
0.7813292462595485,15.413617210024391
1.3773140230206038,25.717830556540235
0.46803735803655827,14.997964997965006
1.3956250059702984,15.706079772815293
-0.12166301392209578,5.058602388323749
1.8707405595119646,25.086419753086425
2.0196865681072804,12.456140350877185
0.38137443209154426,12.171052631578945
-0.33257951880540404,2.6920180722891587
1.2016922649664374,19.461606354810236
0.5471194476071302,12.737191650853894
1.9196999865906959,22.45048674051695
-0.48456493965892944,6.373770491803278
1.2363812322823744,14.172344089241598
1.1109716964048106,19.48051948051949
0.9629857834617455,9.48979591836735
0.407665235496383,4.665502003905047
0.9340053431358626,14.517241379310349
1.9716123117908797,17.977977977977986
0.01786485174393121,7.9365079365079225
-0.37340171232653957,14.49265020693592
1.9543590851548625,17.05263157894737
0.8568183516683483,20.082911100875158
0.4326559144923623,13.096179183135703
2.7717337002041447,37.161680911680925
0.4628738777645074,5.7615691081826625
0.7385036383741005,24.688012550809383
1.6728167038288488,27.058201989962143
1.5026350693579358,13.153685246708498
2.4228890132514582,35.577130528586835
1.3495099832296007,29.84509466437177
1.378889197648546,22.05676676264911
1.4578613805177427,13.184323331292106
0.44561166689697274,14.514652014652007
-0.3779649086842888,6.940406976744185
2.781569417714108,36.07461024498886
1.7881648733811388,18.494455994455997
1.7861646603992698,26.498328557784134
1.720414861831673,12.603716255697094
1.2999615032713543,27.585692995529058
1.0624272785217586,22.88602941176471
1.579716682063445,29.086552860137765
1.3454017456406493,21.285385344710832
1.8641038814721693,15.106580166821132
0.5207464998383831,8.259803921568619
1.5621521422601443,30.83413231064239
0.6087065042411655,13.497150997150996
1.2438009828277334,22.342064714946062
0.0016173568260139382,3.1748956030459183
0.5576649746578887,7.113160971807197
0.3597300825744075,4.736554736554744
1.889678851560289,17.088174982911838
1.2478596802189814,32.06057227796358
0.8369780472719415,20.238095238095234
0.9635577587994091,24.716732542819493
1.0782042156741551,25.85650637578736
1.5336515839425668,35.714285714285715
2.2068613383305786,30.137741046831955
0.7799921548699629,17.914384256441465
1.2020936200539023,18.556149732620327
0.838913251829396,16.87694890861117
1.0843389554515284,26.31461675579323
1.802019657386543,24.129032258064512
1.116549128463398,22.45125052988554
0.31185000228103105,19.979296066252587
1.1267451893342053,16.755793226381464
1.161616700944471,13.885234288027533
1.5793311567996402,20.775276884601638
0.6678663883539242,16.79332253643952
1.8140194772791296,24.221292422129252
1.5883593582431814,27.3174329972953
1.9354916358656369,30.28267999375293
1.5371305822175252,9.800995024875618
0.7009567258183949,14.434611602753193
1.3113721932816942,23.625753012048193
0.816189146142623,19.344608879492597
1.587728879152361,29.423247559893518
0.5521130121725659,12.687969924812023
0.12176670123426137,12.84112660650807
2.679785729264313,39.4077820376866
1.2292294389185638,22.10123119015048
0.8317450181479791,27.04905992949471
1.2811303712764937,23.574561403508767
0.2840631835264638,12.42440080639139
0.09706910672827507,9.523809523809518
1.9120196908142275,28.999754239370866
1.0413884260556385,15.753627480011843
0.7369223330401775,11.467836257309934
0.8666379280510328,24.855710095562486
1.94584169848948,33.51851851851851
2.848429837970164,34.39328911431917
2.0736354766330853,20.282460810411123
1.5964280213428017,24.393430384471813
0.06893914564606621,17.749092375958043
1.3794037893951487,25.998858447488573
0.5688197769932797,10.819892473118273
1.3812445760320948,25.014907573047097
1.4094638880192822,27.522980164489603
0.2893931386869951,9.967159277504095
0.796012075530625,11.32867132867132
0.8648779557221341,11.47938083421954
0.13466942013032113,6.568627450980394
0.16154606306715957,16.346153846153847
1.5934575544034908,22.619047619047606
2.1061441425280845,34.7913093196112
1.0295226486086668,16.43081761006288
0.4998175757891384,7.41017964071856
3.236797479322877,36.49658758531036
0.7514254768416336,15.097159940209252
0.7437928915356268,23.3775026598317
1.2488749614011587,13.725490196078418
0.8638353547108588,23.409090909090914
1.4414016505279996,14.932287954383469
0.6231305744103288,10.50872885979269
0.4977162765669539,12.49510379945162
0.6982580778483192,17.234219269102994
2.5567334227814484,28.477119279819952
0.7664636932528486,8.470950628903914
-0.16931765114610992,5.890410958904106
-0.020962803275994535,19.58817944457632
1.299500189704633,13.136912918898723
1.82895368506417,27.2302965851353
0.6327312649397068,15.571172660879157
1.133869063514808,11.828752642706121
1.038939606751591,20.691808191808185
0.6035668388386962,10.074491279069761
1.001436647127535,9.9099099099099
2.109779793499989,15.236553336931102
0.22790412737099155,10.66456527449435
1.3906012778248513,31.58730158730159
0.5688705353054881,30.43334981051244
1.4746908022950573,27.501212219169226
1.8127657009251568,24.44183313748531
0.4084154559214068,15.463458110516932
1.4434824204899337,22.94142172190952
0.9334733571714429,15.652173913043477
0.6718908793596665,15.013627207015055
0.5578478084974073,16.440422322775262
0.09831392003815997,14.60829493087558
2.9120139421691396,35.8789554228168
1.1792724596049826,18.320200573065904
1.127044265413035,19.591750841750844
2.3237775763070823,37.00519792083166
-0.5216782894726785,-0.8355614973261964
0.6185116939263875,7.5095785440612985
1.585640161976765,22.219101123595507
0.8147732754586672,10.041666666666664
0.3074472271377665,12.952634645800387
1.0253339888439186,17.409234847926946
0.52056792979173,15.485975212002607
0.9896956903861422,23.129455909943715
0.896966529459883,15.3061224489796
1.6597343694237057,23.5240242355925
1.4894429708833568,21.743071743071738
1.152365611630904,21.49621212121211
0.7570434673156297,12.964796479647966
1.3318658235998475,23.950953678474114
1.5573923948980883,16.355810616929702
1.285094698677095,31.250819457191554
0.29092978594868285,12.793876435210493
1.9372069172024324,10.110803324099727
1.0977166903364928,14.24405116988136
0.051657749510083686,15.26610644257704
1.0059418218329483,14.137346333192035
1.24823455899505,20.53872053872054
0.3156500093037599,14.449648711943794
1.3128062545791268,21.686444927294005
1.6850613865106978,29.494908896034303
0.47528683196481625,4.302482353874211
1.229042080855576,18.28547297297297
1.9526009840956984,33.5969868173258
0.26066319867727417,16.032608695652172
0.7343904808625561,18.335768003029813
0.2953149406985033,1.7036936077415703
2.78429216098211,32.597847358121335
1.9296393750484004,15.61828649995703
2.6227341352904405,26.13600554610197
0.5661090058701492,7.495822391978997
1.2478572602906444,20.53842813721232
1.6648286584088963,25.30145530145532
1.3371452297208244,22.209119496855344
2.312730177377306,25.129342202512937
1.4966661620772954,27.8156721628444
2.2713077958765964,37.115251897860595
1.7805080128448365,21.42639206712434
1.166987309025354,23.826581027667977
0.7656844114613142,11.842031660793197
1.2476599693633323,13.916666666666657
1.5569706171092883,13.39527680991096
1.9614099954812851,25.08710801393729
0.9851577326390644,22.045635145873533
2.189242155891178,45.06472491909384
0.16016299150080598,4.962251201098162
1.5927692578601644,12.683823529411761
0.5820445447754545,15.574348132487664
1.6901984269060042,31.88985121030423
1.2362728117108224,17.08555470931708
1.0507351072137856,19.020979020979013
2.4971522996546884,29.673974597524477
2.6514113008617053,42.107706592386265
0.9060825253736571,13.00291046053757
0.6135591081152997,13.811188811188813
1.494007623396546,32.20312336233099
0.3756262078844469,4.901960784313715
-0.10377241283353067,3.695710817372529
0.7891679798006694,13.197356716228228
1.1459964317657838,19.76355805572647
0.7404498200749439,18.974558166634296
0.5010912672182548,20.832359130231474
-0.3471855581342574,8.20227038183694
0.002127070817812382,2.154195011337869
0.7181992768242589,19.43297380585515
1.503136882397188,37.429910837393145
1.4488744064894428,11.603485084530611
0.6110522709535752,13.711790393013096
0.5884840029784517,6.3855421686746965
1.266062698955048,20.238095238095227
2.2237779857433857,26.98994838359141
1.5949721396476164,18.096779996402226
1.4600747650814228,18.38745220040184
1.249106372795434,14.630318050392397
0.2403554661719235,8.186502659574465
1.43000435374792,21.906146179401993
2.4826076817263756,19.291113963771217
0.35271833626178506,11.908567774936067
1.4927715928480576,14.353562005277048
1.1212790245384845,12.31671554252199
1.3774923628042226,22.8968253968254
1.735389505682679,23.47913524384112
0.02199250616111882,10.880860688306143
1.7403164840876506,16.52674502278724
0.7551916755152703,11.829925745092055
0.6668371070734098,9.245136186770424
1.0558853201426355,21.48780487804879
1.6362921848143543,17.53339316825933
1.9873448435599375,26.031598513011154
2.8932240463150865,29.284338896020543
0.5207347414805155,8.826358826358828
1.5283180560460081,9.487179487179489
1.7933693966489295,38.09523809523809
0.5335834738259044,6.776556776556774
1.9625657399746805,30.0
1.5887850316687835,20.03713224792915
-0.29937509383311245,6.788841744154553
2.186730425804629,26.7061863505092
1.0060143490874853,30.294117647058826
-0.343323488164761,11.366006256517217
1.21893934444264,27.333333333333336
-0.7230654489578607,9.01542111506523
0.03656744450557009,5.769826517967779
1.2821002082956947,16.50980392156864
1.3546640474086975,28.21063546141312
1.5225446242277187,22.59615384615386
1.4807294259208428,13.9214501510574
1.9261191487448608,25.195729537366546
0.7422204392648606,12.380357885975862
0.690007391284216,14.074803149606304
1.3796627032566877,17.220655883662268
1.403473153040871,22.303253726558744
0.5818532519803603,16.90726694396868
1.226782308171087,4.161585365853661
0.7423814654511447,15.764680105170903
0.9843729594852524,14.486434108527135
1.4185002979496162,10.366363412835021
1.9373828484516415,18.494492044063648
0.7202131616489976,16.683647478349457
1.3633659185124285,19.349520383693047
1.4007124165613272,24.911347517730484
0.5236433558964892,9.545454545454547
1.9973570067319502,31.71637392431922
-0.13848250023535105,7.461661707484559
1.7030972370365707,26.12626417407295
1.7646694784412473,21.748487668683104
1.8453989929348624,12.615623785464436
1.7619638110231455,21.57706093189963
2.40417018814048,25.32534600289197
1.8114716777913396,26.389503169688936
2.3716351322876594,23.151244890375324
0.5358084361700899,14.665458984759582
0.164023424199648,8.315697746794484
1.9265606224108667,29.794356767097092
2.158526844904485,29.617555469054103
1.3437461854326822,19.873444873444882
1.090854538325194,21.791862284820034
0.5206349073480764,19.706312709030108
1.676699333672865,17.85365853658537
1.6282596139652215,21.39639639639639
1.0749438816993762,19.077150239940927
0.2677799251097752,9.319813148000456
2.491971098575557,27.156527682843475
1.4087393023200865,24.074074074074076
0.6870563915463621,12.84778709381387
1.8295014066498623,25.272277227722768
2.5930158841132425,34.017216642754676
1.3850163172732808,19.483938915218545
1.2088435632639962,21.346469622331703
-0.01577732889875484,9.953448193118021
2.8031644092354915,34.26457263666566
1.720264826905357,28.16855222167569
1.1120967091044984,15.062656641604008
0.4110602317226662,20.12548262548262
1.3781482067938047,28.19607843137255
0.7168624154954251,13.819648093841643
1.1354027869415457,14.387031408307998
1.6862402392825422,31.64135635531516
0.5876511672377733,8.432743726861368
1.7923830257453421,33.577181703982866
1.1903410831916181,20.76081934390882
0.962214504964836,12.133084202278347
1.0051142023703843,20.026046884391903
1.2351907774837363,28.92917498847749
0.7203039059690289,6.153279292557109
1.5319317103184547,27.5247733502003
1.0148797182072835,23.751393534002233
1.5799410917424335,23.58439130773425
-0.03976230031596298,5.967651979921918
0.45462379976032685,21.85374149659865
1.006859608590184,22.4375
0.7106328715647564,19.731182795698928
1.0360465017585887,16.24040920716112
1.7557350707373782,28.4458174904943
-0.011589488856213359,1.7335517335517423
-0.2292465989124492,12.75710828796128
1.5071071988165679,14.754901960784316
1.9826333868276862,24.955843391227553
2.046299742256943,19.54164951283107
0.3248936392283266,9.157155399473226
0.4957606272526235,21.79432924248836
2.014653869083675,23.02094426695065
1.1758787234022199,13.117306475940246
0.6901741531638439,12.5
2.4892377480584256,36.32823978842198
2.6506674427114927,21.802197802197803
0.807105444442479,19.36507936507936
0.6052326111142918,9.803921568627452
2.2063844657875546,19.740973312401877
2.444989968624442,10.924006908462864
1.0448383132580858,20.99290780141844
0.8736789622008809,13.871418588399713
0.8823484959546033,13.186998259697972
1.7271417894051146,30.92948717948719
1.1473568473907083,21.068455134135064
1.0349241833715244,16.742801771871548
1.5563963967756247,25.45877487722926
0.8028213789667829,17.600840336134453
0.9948168513237672,6.849963426702807
0.6431178470733241,15.06524317912217
0.9396586564345855,26.60714285714286
0.4835122533560359,15.768647365297099
0.483533117196821,12.93601754036277
1.6023518260564467,28.550170068027207
0.7919060552058903,13.484646194926576
0.7152445104468452,14.846041055718473
2.0904199820528087,35.975609756097555
0.3301289430590018,6.61881977671451
3.068338086147347,27.173913043478265
0.5770123537069548,9.799382716049386
1.6552912124778199,30.15852502800034
1.1328755736792362,17.620345140781097
2.381033165424101,21.51346107203493
0.02022070270039611,1.2709710218607029
2.3508801600477987,35.24083546462063
0.9670015645074732,22.537651606024255
1.7804838166982317,20.83201351494035
0.8369494663200723,18.21875334117395
0.7954641246299603,14.02945113788487
1.1220948337349876,17.52913752913752
1.2085791252803433,12.554112554112564
1.940990444562758,29.54497798280562
0.8931891913180285,21.10269850514463
0.64231000513737,15.628209517288589
-0.038244014286088264,10.40604964655597
1.1091747763984345,25.694249649368857
0.8578076005191765,16.871896722939425
2.53745756495504,29.798506166406113
1.059464381726066,19.014084507042256
1.3393154157177887,11.441798941798943
1.418640740164925,12.878787878787882
0.5993930869846562,21.786833855799372
0.07670892038263666,9.147986028208877
2.2420799266901543,21.05263157894737
2.441239670810239,30.258195532346974
0.6199577420669056,16.96132596685083
-0.1448378507331069,9.457364341085267
0.6457409491307062,24.826446280991732
1.37728385184139,17.40008656759487
0.7011103938005278,7.75540641312454
1.269772985839792,22.818336162988118
1.9878034716140953,32.31564898231565
0.4506354575903101,4.752339648482085
2.334978828048524,28.26142131979696
1.4043650493456235,18.0506993006993
0.781896880298009,15.25404894852349
0.5317685726803254,13.572055275279666
0.6464708991757517,13.159984120682807
1.3665175547017891,19.282945736434115
1.4371239919653693,11.015284774997866
1.9601246672001174,34.13461538461539
0.8738827400864718,6.831997789444593
1.381012292140919,16.395779868833763
-0.26243974124310043,10.5
0.7502336161807226,17.70767120537954
1.1734143900530343,16.4700742682394
1.4562826264319324,27.43328100470957
2.2688630903677467,21.369047619047613
0.3015129846634105,12.40030971738289
0.8529813433886103,14.065266885909423
0.4856736395314568,12.859448356807512
0.6216693280825127,11.529727497935596
1.9894880919892843,18.170606372045235
2.512392898459848,27.292448405253282
2.57003500423873,20.924574209245733
1.0599023772514733,19.957983193277315
2.0241176454037753,31.868022328548655
-0.46261213692179637,3.728529534981149
-0.42840922653771235,0.5333739713502084
1.2006403908864964,9.133459835547114
0.011398306993558094,3.453211665772052
1.6337087966469745,19.01691331923889
1.6913272005476487,18.411097099621685
1.7016596065510936,24.982746721877163
2.505726613312099,33.037475345167664
1.3088167207375077,24.93813059204264
1.6585084680220938,23.80952380952381
1.741133282029526,24.57273449920509
1.0867137346900853,13.534391534391531
2.4203755257464707,28.31255992329818
1.275054003329997,24.213374110451092
0.486119167719144,12.758085690416515
0.8422587277268974,14.867740954697474
0.7341098642370594,20.089285714285708
1.1005451119730456,15.21341333673773
1.6682962851767518,27.006318053501808
1.7657109638165187,17.55952380952381
1.3457312420368637,24.414210128495846
1.2961969336243755,5.9460887949260055
1.9484088025061712,23.39974293059126
0.9965482890668262,15.537724699881814
1.8287821825290418,25.907111756168348
2.1527368748826587,21.944444444444443
1.13706872724565,13.386617398987873
1.599870645761679,17.74341702388243
0.7950482537620295,18.56778246785118
0.039044099168468294,12.072273744803326
0.7199393055305452,10.684660961158663
0.6151335182179267,26.03339090385723
2.096013015124996,29.990379990379985
1.3167024583497102,18.95837542937968
2.430310013415798,36.15716180371353
2.4450790625246377,31.61906973144493
1.2177314679825546,15.777777777777771
1.8664932950958608,21.678474114441414
1.9577254962279036,12.543434640043067
2.216142522580951,7.230392156862749
1.3677127214574094,18.293269230769226
2.666387342474399,35.067885840953174
1.3894517724824282,19.903206291591054
0.9878071825374705,13.086913086913086
2.398285249067734,22.637645988169275
0.23725317547523658,9.575994781474236
1.8533429149221274,17.044463818657377
0.4670580890298702,18.0
1.4251151099217103,18.196252778659897
1.6979646159450357,28.54166666666667
0.4410871591637229,12.479474548440052
0.9150472637816054,18.038852913968547
1.4335755754766004,14.18181818181818
2.1680679717635307,25.02172563625078
1.5281914578795934,17.264957264957268
1.5060641899180593,28.66821525358111
0.32411991904466886,15.183042442510576
0.6996447267723931,7.746841969579798
1.8910271171057291,27.0247555012225
1.140949568043094,19.727891156462583
-0.38606496415849695,9.114227086183313
0.8998141739614718,19.294662309368192
2.4319666912285065,21.259376233714967
1.6360861113950462,33.24854107436781
1.2801451732656732,17.693661971830984
1.137341012696799,22.711864406779654
1.4932445497890792,23.635057471264382
1.7690301087149953,24.536199095022624
2.2454362235660925,31.818181818181827
1.8074714567997427,21.149241819632877
0.526835091939097,25.012919896640824
1.6528754125455698,16.075880758807592
0.7570494758674722,19.31011535048802
1.1928434789890783,14.42424242424243
0.799494286143958,14.117538005190951
1.746421853398476,24.329004329004327
0.38007045945786,11.41046507601206
2.385102216326847,14.44891051406811
1.5856309897541079,30.48582995951417
0.3717423542312543,6.750871080139376
1.3526660565244772,26.726998491704386
2.444971741989239,29.200675485505215
2.354150073920115,30.690307328605194
1.2809222528171729,20.56151940545005
-0.05632830361329398,9.516483516483518
1.080187140352414,14.526948878093911
2.2866529166167275,14.577424844015887
1.5723185362537642,33.9014202172097
0.384909111697654,8.821070234113712
1.4854646135205494,15.035283405417715
-0.3057617669565241,4.508865441096489
0.31374476954809705,12.818496382510212
1.1918319330672933,28.186274509803923
0.9440062231370819,14.996973365617436
0.9183422033405719,18.21679615242323
2.260969558061037,29.257337566793154
2.052505027735294,24.911444141689373
1.2364622971511843,13.601099078713439
1.5275719891878632,20.457763095799898
2.3146134539961802,32.002617801047116
1.545256152238428,9.075128454381336
2.3171167198154508,28.16537467700259
1.659498899524559,30.931263858093118
1.840333500025431,24.331604150039894
0.31370141431195375,24.987179487179496
0.3517397978759144,12.007548950224106
1.2158359332051167,10.830163347505028
0.898531178502324,19.14600550964186
1.537686892853332,22.05613178767542
1.41329336658687,23.988095238095234
0.9619621099179951,28.51076736427055
1.0722389547429092,19.777265745007682
0.322123571862897,12.708074534161483
0.2946152592113541,17.51116288099398
1.936700148579137,30.352303523035232
3.138852093082275,33.76613740911115
2.0906324158646266,28.317152103559877
1.7427283950585408,21.273779983457402
1.28088992204628,21.915081822202566
0.5964995678171239,10.778985507246375
1.5428325770386075,22.338935574229694
1.0873818908171435,13.037565242961115
1.9403939078377372,18.561797752808992
0.13861288794546528,6.101466374515432
1.731134063886468,24.833086053412465
-0.5082383992708162,6.784544119308556
-0.7370263834509687,3.0780884175733334
2.10117942559732,23.082297051837372
1.133297787330053,16.54370222665338
-0.06586502724138615,21.491849751948976
1.1916898728478904,9.603658536585371
-0.06959816015109693,7.692307692307686
0.2078611770103411,3.521621938356965
1.8222392756330899,17.295774647887328
0.3814856463567645,15.90708615113202
1.2618473624005397,23.444976076555022
2.9103353820129794,24.592951023344014
0.24234510680693888,16.176870748299322
2.165168929462814,25.32518550851156
-0.8253959852548336,20.21505376344085
0.11407054709023845,7.575757575757578
0.32731910650819934,12.273236282194851
1.4656067331486151,16.30713918849512
0.9461632270542143,19.270064371345896
2.099756122518342,36.354337152209496
0.9729806380611228,10.233918128654963
0.09248483175820986,12.916779615071839
1.3479171032407378,22.25667938931298
1.1263224142932078,7.638888888888893
0.39769480330778756,17.295632698768195
1.8572703929970076,3.384550024782257
2.098849647134739,36.888888888888886
1.1198312954936929,17.96422272612748
1.2207417067251964,16.076042820228857
1.71933398281486,23.599770806474716
0.6781500041849744,11.838244674065564
1.0285250855279053,17.560305708144263
2.649502892224582,31.947513812154696
1.0295574272718129,18.73410946072528
0.8165464095235461,22.613571017826338
2.088447893277035,21.716826265389876
0.8459411513010859,13.952819332566165
1.6476407205195174,27.186181735263936
-0.47517679735706786,3.0279241897499176
2.1858792823845445,34.03088468754511
1.1706711561311827,31.833751998173092
1.387854218485679,19.036216701586348
0.367900896581055,20.623198847262245
1.3634445270174773,24.070770145703236
1.6252845766979165,24.329501915708825
2.547674948407214,30.03086419753086
1.4944260913816119,17.252028581809384
1.2208519468644836,19.0
1.042175533297955,17.430025445292614
0.6549318685284158,23.244818296772785
1.7161542616259458,24.95887760038704
1.5778124505840954,25.8324154875879
0.19736462074076389,7.679139153827336
1.2112915776324398,32.03194321206743
1.3014408878569013,6.706586826347305
0.7106317034810576,20.39340776182882
1.389895285173655,27.625948930296772
1.4040381074545278,30.065934065934073
0.9391095040569996,28.786049631120065
0.7906159614503951,17.89915966386554
0.2920826519277785,12.553191489361694
-0.04031821155061757,11.728971962616825
0.6663887794546135,11.204068241469813
2.6268670760472927,40.267737617135204
1.0844765491060042,25.897095120561985
1.2041303242549313,20.062801390602225
1.9068654873791642,28.900855242318656
1.7504099179995654,32.60016811431773
1.855917095214477,26.45752895752895
1.0665290866127766,12.003597620035983
1.5592630943692534,25.189227248723803
1.9791773689653414,32.11433135554542
2.505298141068921,34.11099328384589
1.1572843133548414,15.356133684107967
-0.12188250492272157,15.19420671494403
1.3287917113532817,26.39554208622544
1.6167925710025637,21.111111111111107
0.7681066992989276,17.839105339105338
1.1374346564802131,19.115925058548
-0.21746205428252596,4.083514456958433
0.9590645553600126,6.863417982155113
2.5144482991363204,30.639310813874403
2.141148413151849,35.29967857818113
1.9808057451397456,32.02907516238788
0.7956587023525429,12.177013627704774
1.251673422406535,23.464280297284994
0.8263793891903385,24.39370078740157
1.6459817807273267,18.220015278838808
1.1994951074484286,8.257996299233412
1.537562926516968,22.396840747904577
1.1984484964559103,17.975891918129598
1.3473628693706976,27.330650570087194
-0.47762920857291125,0.7292845467119378
0.5839051852507567,15.485860409145616
0.28591651223936865,9.403508771929829
0.7001300727685096,18.14899089829838
1.176515774814224,20.58588761174969
2.3212054784859846,32.82331511839708
0.24933875968069846,17.085176202025963
1.2060301433075182,16.27337201805286
0.3530681977968966,8.380338436744559
2.872192411173197,20.603607296577167
1.8442495172985356,30.498974025324067
1.009458643333572,13.918062257545657
1.632576824865387,23.104008667388946
1.700553254722399,18.958677685950413
1.0178436575280023,19.535603715170275
0.11759700460380942,16.07620320855615
2.1955597585187663,23.235499650593987
0.8821140661500133,20.07601465997014
-0.13061321329230688,6.5807593940586315
0.5564053892685313,11.56037694499232
2.232420999900941,28.755555555555553
1.9153391319837676,19.764487139758288
2.3023510566022694,27.907361455748557
0.7482571642830882,24.709302325581397
-0.19603717439964666,4.707255397782532
1.5869849625506345,28.933295806360817
1.4057687865737047,19.167780748663112
1.0981767143280425,18.77759702533116
1.976998741228732,8.488976781659709
1.1626967201704361,10.967966573816156
2.4039898356378533,10.99159360028925
0.7034543755628928,12.084914611005694
2.497603791245721,39.84669514953506
1.0077686503750622,22.38309992879183
2.1690327258071043,28.558091286307054
0.974028909513464,30.791492798492406
2.1724457723495023,23.186777920410783
1.6951590198611857,27.081232492997202
1.0594359120636794,18.71059589180394
1.4857985074195328,29.099249374478738
1.1471817266291153,19.12457912457912
0.10593515453341243,9.364620165005888
1.5405893828662154,15.786366076221157
1.0902880999856364,23.41304347826086
0.8703802851328903,10.06274131274131
1.645567533687368,27.38985668098249
0.8559351339045655,27.598784194528875
1.8794247316470998,28.215488215488207
2.575961011567165,35.65614617940199
1.5572958694167043,34.3627175743964
2.009033788819087,31.66167166167167
1.4405553637181696,19.386410690758524
2.0042915921217803,26.212574850299404
0.9161529803690376,16.859110169491515
0.8648758892082224,16.51405935450353
0.8242902299251289,10.36331700101691
1.5744535204134726,25.670995670995673
0.7675401590419012,11.887556005203066
-0.002174586841111714,4.537815126050418
1.6471594223412782,26.79005568190732
1.3775896259394926,24.154196486662336
0.048108606062116234,8.021390374331553
1.621707169896153,31.923959357587677
2.221277558404967,39.59025470653377
1.6216255472817473,18.835768038955287
1.464308412210969,21.004709576138154
2.148472232696088,25.40360873694207
0.9145771443336896,15.887850467289717
1.5918505923716861,27.991954408313774
1.804470467471488,33.76458650431253
0.42750688284648486,5.189732142857139
1.0589348642468284,17.563559322033896
0.21461077817217805,7.174534345126638
0.8013904220899297,6.199135938912896
1.272002731753206,9.83528666455495
1.4276955192869327,17.472601965879555
1.0203538509869088,12.56332320162106
1.809775929015324,39.44444444444444
3.2832875509771537,41.63948226875724
0.6023672429116478,10.659186535764377
0.5574098084883968,10.146390711761732
0.8175726945436831,19.970149253731343
-0.04654208892229755,8.029701779701782
1.6933517735027284,20.61878453038674
1.9063737381334689,32.6236613972463
-0.26055336410009483,7.3083778966131945
0.3921004942349791,30.406926406926402
1.9233157259031468,23.50543478260869
0.7274900471846605,20.315968142055098
0.3560207695147712,14.527675921075605
2.388431220150489,24.30323299888517
0.9375621105719518,25.869144405729777
0.7822000977601324,9.79844961240309
0.282073785272571,16.26158419304074
0.6235861114843503,16.05823554976098
2.1361137865072637,31.275684931506845
1.9513386093238503,25.896656534954403
1.964918392131971,26.894893519578652
0.5004716580633493,10.87438423645321
1.0525324364952986,14.930555555555543
1.2993395516473265,23.48014888337468
-0.04935733904065559,7.585470085470092
1.7462256262151705,9.105763517528224
1.9822523061118502,27.078973882042945
-0.15575669439524545,7.6999339061467325
0.5664877512060168,9.931972789115648
2.4622098631457563,36.14391347533386
1.3330528230296925,9.487734487734485
0.9045656383747884,15.717029449423812
0.47011610419659094,15.391409072661581
1.5394273729670989,25.675675675675677
0.5850663197718197,15.550054154417445
0.8953413932421994,10.160238230289274
0.9274794178337458,13.603053435114504
-0.19224804654876881,5.131964809384172
1.9065478311050237,24.588163514338007
0.8380652670194719,23.33333333333333
2.836507259409256,42.69347016236733
0.19374557921832616,12.06896551724138
0.49496309727543997,11.744827586206895
0.04658281019936328,4.952978056426339
2.2351846850638326,31.261798686098324
2.7616832119096886,25.66332218506132
0.427689768273957,8.514851485148512
1.5220934711741565,16.076923076923073
0.7531765329312706,16.275303643724698
1.1952789188090864,11.067525917623982
0.35150403280280623,10.911360799001244
1.364160482657243,19.1567881905614
0.1895680038723737,11.623182207014544
0.3411165920663939,8.146749393040196
1.1748318083457236,15.152849107361213
0.7746218143652627,19.498910675381275
1.786675453412833,19.36567164179104
1.2400759073227812,30.27220630372493
0.9349661403606442,19.88140913847228
1.6353731731504553,16.732804232804227
1.2604955285348676,10.136476426799014
1.342817693391824,18.506131549609805
1.5639904544206085,20.583045646336792
2.430367377813482,30.904028824107442
0.11535440126620417,5.626684636118597
1.9941722625936162,27.96570898980537
2.5806664941303383,27.656500802568225
-0.29753508592996164,3.7169365527574456
1.812560654346787,28.946934739617667
0.3820279886730228,6.259866423800851
1.9604980528448492,29.16300848697687
2.072436343018787,31.198478123018376
1.1326691073148687,27.200854700854705
0.553538077701231,9.591481964363325
1.4642251719850496,17.192631729258885
2.149344711322324,34.71344519503161
-0.04442834791369177,13.101694915254242
1.3637272922167234,15.221987315010573
0.17626559313582174,13.455478527055007
1.649733830579821,26.326530612244895
1.32318768333611,12.212048998703956
1.1885578416980125,15.248925501432666
1.510096334905846,27.094273568392097
0.6853847306355085,26.99598393574297
2.198377179223058,17.364480383348308
1.4076297778592095,25.571725571725587
0.015619355571784128,11.160714285714292
1.5246426744181,12.691771269177117
1.6600505480849643,16.696857168734724
1.7089604938204963,22.6636999364272
1.8046173602292424,23.13330279431974
2.4912882279372646,28.237179487179496
0.9568370145328312,23.16770186335404
-0.22068522124657503,11.93216232586311
0.8488564159726553,13.96551724137931
0.4101400802579055,10.308419005279234
2.3451145112669805,31.116090183447703
0.78962222415808,22.697185276832663
1.7213572535287178,18.47527472527473
2.334987783054034,29.864835872130442
2.08779682891341,40.014538725878936
1.164706939559728,18.823003131368345
1.8356902104867876,31.280547409579675
0.5196407381931781,12.454827709064993
0.4614861482114117,18.814289685849317
1.9741403380058236,25.999116105814757
2.10508360343606,17.416666666666657
1.2349059603917563,21.824349792687528
2.1951586396726492,25.44256120527306
1.9840048647020812,28.66677790755881
0.7885637582362424,24.556820302295193
1.5101019977171926,27.234342012667135
-0.6789307257513789,2.00534759358289
2.443940998471325,14.908731229206012
0.17903965120431387,9.684741488020173
0.45540561480114083,10.332294911734174
2.110185061138122,34.05088062622309
1.4432354892860726,20.607553366174045
1.0708376708443184,14.922680412371129
1.0843023207091742,17.241527241527237
1.5465256270298007,19.232283464566933
2.0379508720526456,27.980997624703093
2.742619712465121,23.68082368082368
-0.119600970454046,6.493555155875299
1.1023893069089692,7.715376226826599
1.1495103888123248,23.402255639097746
2.0352499674583475,30.0
1.5630187834075246,26.03466308083072
0.05201163513117868,6.879606879606875
2.277294508896364,33.23232323232324
1.21648516499502,12.20611916264091
1.3736498507757897,19.467010530840327
1.5650524491383484,9.438775510204074
1.3129301358636951,15.422077922077918
1.683510078309499,23.03709282620975
0.8655552943229132,17.844967532467535
1.4449917693454497,21.22376311844078
0.7584268128921658,12.854251012145752
1.3440834213570225,23.605442176870746
-0.8192739087300253,2.2713178294573595
0.5157643017126563,16.17933723196881
0.9999545108035371,15.784594640148335
1.0880936280910318,25.96816976127321
0.8585793389433324,13.152536097741589
0.8435891789794654,11.080804636890548
0.0873790508483683,8.766129032258064
2.779814256300807,36.239255014326645
0.4472596129697954,15.058226680502706
1.2784732162893941,10.869375273045002
1.628017142831675,30.571992110453643
2.9851607379140144,40.95187165775401
1.3301939590426746,29.655172413793103
1.47781223007817,19.014380624001348
2.150221487121174,26.533882783882795
1.057937931967411,18.100649350649356
1.7306323419648177,23.808213145436525
1.0960147048256081,11.428571428571423
0.9752398950726737,12.098642833498843
1.474988436801603,26.868686868686865
1.2322348284519609,18.915299631737533
2.2679717105604116,20.487997629161313
1.0488816365540994,12.444153862918164
1.6621181738936301,28.10873337189127
1.1758093795906568,8.938094134013447
1.1671693441984266,23.535478547854787
2.572849050400695,26.90058479532164
1.2703856542041647,30.81063122923588
0.08846738367473717,12.26857276775253
1.533192766207922,17.274633123689725
2.9846522914767615,32.17168011738812
2.3698429590175625,34.8780724764403
0.7012709710449792,13.636363636363633
1.6526495938998638,11.430575035063121
0.6623336225327019,20.83650833968334
0.6370593853029283,12.984894688319962
2.8757031234142434,22.646114322414896
1.4571366849180105,22.258871701546852
2.9750892715277124,24.444444444444443
1.6800709690367022,33.42114506498067
-0.11136653872046211,12.976747249851783
0.21480663966564384,9.691784835345132
1.1171930985754572,18.24067022086824
0.4493482047767452,7.740245306235856
-0.13399747007572382,10.258543009634714
0.4941828075773439,18.252933507170788
0.6249405284218332,16.81596731101682
2.3951547091213494,37.24899598393575
1.7373664227830732,22.702340321794246
1.6487905575854325,16.821553033687778
1.4557311094209395,26.180445368495924
0.958147044391495,16.036302878408137
-0.23785419229249521,7.9197352972569135
1.284969071791219,22.24462365591399
0.5663255687772842,18.07762438134931
2.313729562624036,38.67924528301888
0.2888702261250551,11.65068147400303
1.1910086819221688,25.430398425971468
-0.9197418537474722,6.84776457272212
1.108641321057525,14.454651040016891
1.2695910855165722,19.37569676700111
1.5424193749741182,21.836687485542456
2.066772591603567,34.930830039525695
0.42921433661839703,8.563968668407313
0.9206521744563301,12.424942263279448
0.8794007562184424,7.187500000000007
2.502374733677887,36.396103896103895
1.0754387995690697,13.131016957435364
1.1149361220507445,24.375097034621945
0.9592968408822142,10.974529346622376
1.9014460000830962,39.06298003072196
1.225951463908172,22.299194907320718
0.06458975374058767,15.14236410698878
2.024133579533613,16.73144716622977
1.2393774446460455,17.739628040057212
1.2850695216662584,26.738274257071247
0.3942699456599546,18.01882563872703
0.4232821363911417,11.9101891953499
1.7724790880022265,25.309853336087578
0.6385320124368624,23.078730904817853
1.5027387627668007,16.39833035181873
1.0500981746785225,17.446524064171115
1.247701874733293,19.25675675675675
0.48725352370164293,14.031611653982978
0.3753465086580483,7.919136646906821
1.4623033051991743,24.923076923076934
1.292574969462136,28.934356351236147
0.5216299805805229,12.098427887901579
1.8795128680171038,35.59390048154093
0.9774727897149608,14.085435527819278
1.145725011509926,13.479853479853467
0.7181982387345676,17.115520907158043
1.0792935950393547,11.979166666666657
1.889377137972618,20.849933598937575
1.5758126165176636,21.796875
0.871469743263126,13.584905660377359
0.15572034555807213,10.10656010656011
0.9672249224709359,21.212121212121218
0.7727524692714826,11.925287356321832
3.0478584888548745,48.84792626728111
2.394655056812738,32.09215863001352
1.36372084122985,10.248914132976942
1.0085719587988964,25.01920122887865
0.3245130756899299,7.692307692307686
1.251872633550213,13.041125541125538
0.7887672784680326,25.36231884057971
1.8834825027548767,35.512692489620015
0.49038975903388315,4.00692225772098
2.8794679901803724,39.82739212007504
1.7738668737234098,29.138816235590433
2.8508730702808016,35.727225672877836
1.5671905013712482,11.281094527363187
2.0542583852393026,26.709401709401703
1.4539718958705106,19.398519918123135
0.31177714578106935,9.245622647684506
0.1431231831198701,19.06221616712081
2.465410782612194,35.93990755007704
-0.18863002207646662,0.3703703703703667
1.806782377071669,26.405826558265595
0.4832049776607441,19.29849677881173
2.0161475109066758,26.154516410107462
2.51291551097582,22.386980108499102
0.9868258414271492,12.037617554858933
1.4214431509448158,17.28333333333333
0.6149603639550463,19.059727637452674
1.3376349582875615,23.79862700228832
0.08852640547353807,10.813782991202345
1.7738011487796057,20.380650277557493
0.6281503917791988,9.389786262032956
1.1944223298721144,19.546279491833033
1.1752386236706116,17.724943052391794
0.9959024060876996,17.617548691717495
-0.3542499224217366,-4.160036371902713
2.1570522361961175,30.080655016497623
0.7804672900621049,3.284396762657636
2.590602630842576,34.713261648745515
2.43291799373675,25.684818481848183
1.318301158615768,16.554684583799926
0.7215232442023554,11.851851851851855
0.582567719316622,15.086474001464708
2.0032670168732944,25.925925925925917
1.7751829977505418,27.853460972017665
2.1790559675209726,32.81786941580757
2.1814268836806647,30.16071000239866
1.8937024446643165,33.754829645240605
2.1407283488087434,36.12318840579711
0.8885062018377918,22.567713976164683
1.386260768958432,16.9822573430744
0.7946531828128212,9.168286307888202
-0.22341166508984,9.394257244001572
0.6798090909286023,14.405762304921957
1.2986045028159072,20.6693803708729
1.3777904251361555,19.449825648973267
0.5932094939915192,11.818360784828407
0.5775788682634246,0.6393861892583175
-0.5754653672751345,6.266829865361082
1.415782272097483,24.98003726377428
1.5466848232834698,22.526587173702872
0.8706864670747383,21.81060606060607
1.5146718162685735,25.57773109243697
0.6920704623263357,9.344360133003676
0.2934360409297174,10.788530465949826
1.262915124178559,17.690780141843973
3.2501834063532655,33.49235474006117
0.5689930187680968,13.533083645443192
0.468979768741092,11.451048951048946
1.6408309917086021,24.864704574097424
0.6048365333403924,20.45321637426901
0.18292828721171125,4.7222222222222285
1.3660593163164523,24.62654716175843
2.328354346660258,20.11385199240987
2.3221942804234548,24.316907290299483
1.3394757843476697,19.18859649122807
0.6783193608001984,13.756188946875419
0.7440634191319753,9.375898763301691
1.0058405858206578,16.03288797533402
0.6707457659417752,8.99843505477309
0.8828626305954685,20.43103448275862
0.9194451221610728,6.710144927536234
2.6193265682768803,32.640845070422536
-0.07350791472979508,4.472372036226723
-0.36255655205396503,6.807081807081808
0.21685743357918075,16.330817197243185
0.7700173130380796,11.116025357511425
0.7266331027645306,14.106323783743143
-0.2053358457433661,9.74278087842756
1.482381512340913,24.971764174384447
0.7315321489169047,17.399574294642456
0.14272796919334954,8.347742908649423
-0.7039585092018461,1.3677811550152015
0.4670826326732607,5.26315789473685
0.7871876253121002,14.575779550398835
1.7262064828399204,31.56265356265356
1.9237699441714065,24.992206982543642
1.8581162399155833,30.82445426195426
-0.25062403359156815,7.826475849731665
0.8987923507588055,14.759535655058038
0.3715462839765367,7.308872357416043
-0.07452422898776176,6.392378113689595
0.7450569958087562,8.974358974358978
1.6696418983221275,13.895048041389494
0.6441051003301752,6.769722814498934
2.5319864017856846,36.27973748974569
0.3906538811397652,9.0311004784689
0.33092245721170327,15.85342699829124
2.2243720909228863,24.12100386574216
2.273153974376056,16.329258976317796
0.8086395659576002,11.618426416632694
2.1250666344987934,28.04878048780489
2.461685734498643,23.78700657894737
1.519813440151379,22.9860365198711
0.581824194664639,23.098154217698813
1.2199686415183937,16.119373190937218
0.07501510855275703,13.268716577540104
0.6402539589489369,10.184557438794712
0.3474080071523196,14.285714285714292
0.3531737939838766,9.744088111435055
1.0817560521666256,18.62385321100917
0.03358914804804958,12.456970740103266
-0.4278764026951584,-1.0991333756076997
1.1387596102078852,18.397887323943664
2.4815596531246533,14.239716654592286
1.502526326703875,19.441538585338378
1.43052445547064,14.6135265700483
2.1321434291998234,36.68699186991871
0.6163847625095815,10.069819333477298
2.2586525490850513,25.079365079365083
1.7279080781056186,24.717729630759848
2.6920564956545476,25.51492223623371
1.4636436212531885,22.367247288605093
1.1853120226496492,20.054347826086953
1.729980380547209,29.897581172368724
-0.23135161352380218,4.638507385332993
1.6302680268465775,28.581068054752265
0.6069060738777551,13.022648083623686
0.9733350515398734,18.894927536231883
1.0066062016162474,23.283483433859367
0.9435625557442253,8.498168498168504
1.4790299863649823,10.659630606860155
1.6403993556387262,9.089736977823613
1.8107518141571728,33.67194780987884
2.07584417694568,19.101452100185163
2.024209941010291,13.591065292096218
2.0323039877152094,26.176470588235304
0.8974440551621061,11.25773867709352
2.196782258212422,32.462627852084964
-0.08853775003095454,5.708775313404061
0.8603950691439457,10.512129380053914
1.7229717381537004,17.38601823708207
1.6110497260449121,21.444270015698578
1.4698481614424073,25.70043103448276
0.5640364946179692,18.585048250203457
1.0425961475322225,18.826979472140756
-0.13569506342956533,7.082551594746711
2.200031783439455,25.402227722772274
0.05830506914708618,6.896551724137929
2.662790860117988,23.684210526315795
1.124525501505029,14.090177133655388
1.2514420856697992,22.01061650214193
0.9491010281705218,30.635724146998875
2.5011102130930545,43.257479983143696
1.8222740268731876,24.29261559696343
1.8168524234278107,24.240196078431374
0.9231628122712576,17.79251722583553
0.9570839844990666,10.525492649358782
-0.12637451839001068,5.498633879781416
1.5420560754292851,32.16854471349795
2.09730853136728,25.244360902255636
2.3897317021968933,17.38652528126213
2.0570221333510745,23.851351351351347
1.2544467868306826,25.35665428962283
1.1974001772465797,18.213545642927258
1.5993492543767391,23.686569840415984
1.1408847732320127,25.016332752613238
2.209442501071526,26.46930399091783
2.2792977507818364,21.24325712817879
-0.022504342856277226,4.013722126929672
0.8490486273525424,25.33136159491729
1.4654464070141304,11.15235502763342
0.5577522820304289,10.527555346208196
0.984975802477368,18.53281853281854
2.3837901033968194,22.221429590526462
1.3440540215718664,23.261069133535763
1.835047600833213,22.059800664451828
1.4732885188348943,8.240495137046864
1.4062295502913311,16.037735849056602
1.284236642230314,18.964285714285708
-0.1643265959126043,2.831010452961671
1.867292921867196,28.52292020373514
1.0568275311086754,17.82945736434108
0.3633289741653297,20.056074766355145
1.1795739637219127,21.10356536502546
0.30910552902707045,5.905752753977978
1.277090510258529,22.45980620364856
0.7497107555133746,4.269293924466332
1.9027116506262238,26.176919872239964
1.2197572544041109,32.509997647612316
0.7062920110072626,21.725711218464838
0.13020414091083612,7.885253674727359
0.32434473267009756,9.61783013185196
1.33578677939857,11.778846153846153
1.921445536379073,36.19846261355695
-0.07292668599616958,2.1962937542896483
1.460258640263873,21.025303495685236
-0.1966161920774419,-3.370522607163828
0.013594568183407651,15.377498149518871
-0.2452089564546529,10.721003134796234
1.397399645901101,15.49674267100977
1.0538405543906415,27.996845425867505
0.5034399569717378,15.749901068460623
0.33806545156972045,11.883289124668437
1.5590454924961135,21.90775681341718
1.0209216109158534,21.852950873722385
1.4084255001789092,23.406257351211487
0.3953198238534732,14.34802362562472
0.6026691607529266,19.422268907563037
1.9712661112423635,25.603536212172735
0.3140543720042225,15.736061465138256
0.3976011251551294,4.945799457994582
1.5994674112259881,27.415966386554622
0.6126418591618579,19.967444384156266
1.345178958484983,16.321769121525662
0.7955290998142974,17.781818181818174
1.8012717096581756,36.55880130949383
2.0655207413362398,28.341324543002692
0.9564651633474683,6.039689387402937
0.9915522612470659,10.986079853296651
2.18832950129574,29.64426877470357
0.35226664762723664,12.428765264586154
1.1816627653398957,20.523076923076943
0.7562308311417236,19.984732824427482
1.708936412967945,22.691622103386813
1.6460004807872588,17.937490563188895
2.0251218918815725,38.365508365508354
1.3142466731499827,14.73801560758082
1.0920989680735274,15.718085106382972
-0.41604617057810395,7.151095732410603
-0.39097120595584794,3.67647058823529
0.9095740476614241,21.04037267080745
1.4121307062447057,6.908212560386474
1.631664970652784,30.2990113334941
1.7258221100096032,25.81902853739102
2.7702356855502974,38.84353741496599
1.7029501503231863,18.965721040189123
1.4383450319016402,25.52989130434782
1.821139538112128,27.057022579410628
1.6262486241138225,29.751900760304117
1.6734388397202133,29.819802363882978
0.9980139192876216,19.368279569892458
1.4528681090351503,22.046262235800235
0.24800456300310786,17.895845875978324
0.6623387722314633,11.005419116799267
0.49764868168947635,11.393939393939384
0.8979508689692666,4.599303135888505
-0.1928989940072503,12.759170653907496
2.2449590092324745,33.939393939393945
2.0704326833774553,30.382196419932278
0.292610812653314,14.779164359640532
0.37570868137855296,6.111111111111114
1.6311546238692443,19.27966101694915
1.5823996416406074,18.125000000000007
1.0363777733816748,18.379559270516722
1.141300652515998,7.632850241545896
0.6457699993841206,7.8885767790262165
1.6650437041232455,34.113060428849906
1.2204517382190638,13.11977299880526
0.3046379687383208,16.153846153846153
2.6918164308224757,34.85908031362577
0.5694382274490235,9.115204044781514
1.2922119566164285,11.965464702894863
0.07514626583531495,6.9987118935165284
0.671840988061544,13.345817727840199
0.6132722134244728,13.645901164894
0.5609380254423311,3.945111492281306
0.1713545859064508,9.356460532931116
1.7594133198080955,22.38123633472471
1.464862668727379,22.98521954903441
0.21902008762813563,3.6401098901098905
2.112970326102395,41.538764266036985
1.6485487126476002,27.374251764495675
1.070553101571279,22.45881880273201
1.6620971212635383,20.65950920245399
0.4551369229987479,19.7695035460993
1.5277069283474205,9.049665711556827
0.742675677375535,14.269275028768696
0.9150692570786689,26.739631336405537
0.036057851340777214,11.198501872659179
1.9158975101449032,27.787775364567175
1.9069053925248975,11.164613661814109
1.543076089026963,24.54991816693944
1.19959211586714,25.384615384615387
0.6254240048804591,15.634328358208954
0.954855566032085,18.8101406365655
1.8620146171040148,25.29353233830846
0.7021780977426639,14.558232931726891
0.0025340629277927074,8.267778477029573
0.9089478155464106,14.093040028849614
1.9743395539726933,36.781954887218035
0.36138986494467423,15.535539729088121
1.1824321490788752,13.306122448979593
0.5003071863613486,5.508678881388619
2.409142163174157,24.211481733605638
0.5133150779952553,21.555555555555557
0.649392284885854,21.909090909090914
0.5554426745316977,10.03401360544217
0.3086918189132262,12.120474892954455
2.18021199373397,23.007623007623017
0.7636948712791631,10.945214206083776
1.3344588830474793,25.029289594206
-0.7517009092822242,2.0565335138794865
0.5938846256023163,1.6473958866264127
1.859474040611057,9.177489177489186
1.6333638038350724,13.909049150206705
0.293420263324162,5.1866269750400775
1.3953296969771836,16.72484002326933
0.74577976570335,10.465116279069761
0.37647113909911145,15.128205128205131
1.3726154534562196,24.892920131015366
1.1943566489713775,21.832358674463933
2.137075966656417,20.880696364567335
2.284319272156311,32.222222222222214
1.3735170208735017,20.877697841726615
0.7192055223396643,20.371352785145895
0.7684324416680077,15.945241199478481
1.0634274878080094,21.762048192771083
1.9037827344521774,23.697996918335903
2.81936820521536,32.5471276690789
0.6460984794739102,8.583395848962233
1.1067707280125587,27.85507246376811
1.393146510652452,15.931450333227552
1.321371995105947,33.23076923076923
1.066438164430427,13.107705875868156
1.7118689426623266,24.117987275882008
1.140751531808557,5.7534246575342465
0.41460879817786406,18.422939068100362
2.181873148466049,33.20986791529808
0.6852942609383103,14.613587894790285
1.0030951873749037,22.8165064102564
0.8035308906896087,17.95669487307117
0.5660470958441893,14.571267829367578
1.0327068771401566,19.780720190556252
0.7075263004794021,12.246884735202507
1.730435826674396,39.0461215932914
2.1195793783763017,12.608695652173907
-0.7165778089746899,8.293650793650798
1.3003214742043765,10.390390390390387
2.449837901794098,31.78197064989518
0.0647826106777234,26.273291925465855
0.7397793237525077,20.215023994093762
1.3142727276232489,26.7297162767546
0.43169545107952684,19.25438596491228
2.3611744509291133,32.25554514214307
0.8955444050426695,12.550228950565362
0.5415507613466393,6.400075628663259
-0.31945851787168894,3.978635273599302
0.06434834612500728,11.549613402061851
1.7549614784735348,23.53748374981945
1.2325665265121637,22.26181545386347
0.817973936377977,11.021984551396308
0.03563316705315024,12.244727848628827
1.6598421217394144,30.952380952380956
1.9059222063495596,34.26048058725698
1.3080775095328836,20.10954616588419
-0.27290569207633364,10.923978165357475
2.1052507621121426,18.118256365990504
1.6642160277477536,25.363247863247857
1.6501541177153738,22.577996715927746
1.5480145636452916,14.994734994734998
1.36162036927058,21.022300175394633
1.6873566953114363,23.75
0.6969689120150862,16.221033868092675
1.9103598407668754,25.184750733137832
2.3578317637690587,33.953151412702255
0.4365113360634992,19.85941985941985
1.4135282576968338,20.91836734693878
0.932435838340776,19.107881217892498
0.6390036617579984,-1.17647058823529
1.251525985944415,23.168606285489403
2.32380406292054,26.108247422680414
0.21844805718169746,8.557980316645278
0.43582117726184155,16.877076411960132
1.4507981079708852,27.33693155718879
0.8302465838562373,10.906726124117426
0.49587070745003714,18.530734632683654
0.48795732328876534,7.004203758654796
0.5903166329250921,13.274055255636704
1.2148364730595138,16.499481148391553
1.316602760792213,18.40252038547071
2.77873298043999,37.720466776789046
1.579120887421742,29.219934994582886
1.4759090283082497,24.937890284026054
1.1839098285050231,8.524527823551786
1.7502452887677746,15.954022988505749
2.627546628136208,31.11055611055611
1.4507460901401499,16.141141141141127
2.0837670308823557,11.299081035923138
-0.806432881314495,1.3937282229965149
-0.05309741763887464,12.565554856303756
1.3639869276543648,17.03163017031629
1.1552692893377547,22.43544600938968
2.5334876508437407,29.246231155778894
1.0987002935453536,21.299790356394134
1.9749107552708849,20.969937606352808
0.7019262564575406,17.673611111111107
0.8184484717602962,19.685699319015185
0.11906844890849187,15.117843440131537
2.100200369060496,24.03832090097996
0.13496444950531056,5.3061224489796
-0.14577667130358662,0.2437943262411295
0.27615001995869604,9.874608150470223
2.934843755541923,35.503975929507845
1.121480832783937,8.046301524562402
1.3013283507962612,23.926957831325304
1.8179697443944907,26.923076923076934
1.299801817364037,12.332112332112331
0.9021266211293328,7.010258915486077
1.3873582025094588,27.414880201765456
-0.023170807122453396,4.025974025974037
2.3218439316176367,36.48825567963035
0.6080747152715025,13.884615384615387
0.0818765604707995,1.5066394279877429
1.352620783523193,16.21786347517731
0.8347104673340866,17.34584188410046
1.681554004790552,29.23076923076924
0.5447087358956066,9.22118380062306
0.5925475771677937,8.74353977802253
2.2405361743584566,28.421658986175117
1.1008462492547326,13.3359872611465
1.8687735420015041,35.05423865006026
0.01747224526155433,10.76430572228891
0.9632604236723503,24.261501210653762
1.2314871507091545,18.128654970760223
1.079558389796871,16.307003257328986
3.009933582282922,34.41860465116279
0.30604551385365264,7.75788576300085
0.8370777148808561,20.13048078053368
0.6401485523007802,22.89892632358385
1.2821426073796969,23.427395649617864
0.622184576611275,13.905325443786985
0.9046865639316697,13.252122554448135
1.1847843816135597,13.043478260869577
1.5325428348088164,20.10694108151735
1.325396642016871,22.21099887766554
1.4240604578907168,17.35757038350698
0.5574728763392,10.341726618705039
0.5187008668501132,16.863468634686342
1.3789068699556706,15.592067988668553
1.519650455296568,24.07181984175289
0.902125717234386,16.728329809725146
1.4403087890473685,24.384194320903184
1.3295417905798672,10.586750788643535
1.6656585363778245,16.738544474393535
1.1746997935991312,18.315018315018307
2.0374246525837147,25.011921793037665
0.7499600230973038,11.407734510905925
1.4172292043875783,24.307454940739184
1.3924753236495886,20.18943170488535
0.8044243517056722,13.483458437586883
0.35282636476234935,12.169312169312157
0.4432622902515882,11.169590643274852
0.786194878363047,4.571428571428569
1.9191805629298755,18.681966618287376
-0.3296595819837347,1.6985864113087104
1.3144959849088567,14.884485435120084
0.6751461601521315,16.514819513320255
0.06927924991620901,6.716008771929829
0.0431262689077645,6.230221518987342
1.866556073097698,26.788520868502246
0.45429306864236096,12.244897959183668
1.2567926958498723,17.14725952014087
1.1142590793227887,14.330296896086374
1.958114087133614,29.177966894229876
1.3117378819350651,21.503623188405797
1.5578267689088874,28.31730272003309
0.5708311103168754,10.998426298303897
0.6041871609105096,20.551715309779823
-0.35654377836617135,-1.7601760176017578
2.099573904578843,32.001201923076934
0.6302534865430639,25.340425531914903
0.6366869918405976,15.988455988455982
1.8531769298798806,23.089601438417738
0.9534826495428022,16.953236675515605
0.9213828061059404,18.81012368300503
0.6099944165458688,16.97458071278826
2.3693305441754213,20.36103431452269
1.218201614250617,23.240469208211145
1.2682486072372194,15.504061156235068
1.3215334943275705,25.663082437275982
-0.8190368384095844,-0.7914468203276925
1.7056447275689002,21.72218730358265
1.1701213716838743,15.832117971155405
0.3175320623257267,12.611973392461195
1.7813490975043498,26.773455377574372
1.6226941201785559,20.17045454545454
0.02896992689890887,14.89855072463768
1.1899245564958725,23.556411015694394
2.065926418236446,24.87050960735172
1.197794333646652,14.970101515783618
1.5330781093005454,18.627749062531677
2.706584392546535,38.15142576204522
2.4005880030333793,13.236147842353091
0.4661543855766705,9.784022898777003
0.7979576178134685,14.609872611464972
1.899685276183217,16.800432165457636
1.5112604755248888,9.605263157894733
1.478991021097243,17.272727272727266
2.0676800065183727,20.551140920026242
1.813247131979044,23.029166108356783
1.60914759594155,38.028169014084504
2.4702191944576857,34.473684210526315
1.160726698283451,21.356993736951985
2.325075193192822,26.785714285714292
1.5553724548253394,26.293995859213254
1.5805935860728155,28.717948717948723
1.3762657693490548,20.651668680858982
2.1944900989492893,28.31967213114754
0.5764450237309954,15.434565434565421
1.2069850336112506,20.14692378328742
0.6346568123846626,14.514318815394077
1.4638699680814369,22.083718067097564
1.9567604138536505,23.449275362318843
1.5547270511471474,23.02405498281786
1.048863283721389,8.141940823505067
0.8990521605632529,8.73563218390803
1.2102065880515083,6.376718899904056
0.75977318222379,4.618512165681977
2.296619486911447,31.615624426920974
0.16887425214271667,14.896755162241874
0.5948439029210781,15.298165137614667
1.6134441883065875,21.070412517780944
0.8905467252096684,9.702127659574465
0.06676991227683371,9.858356940509921
1.4318581227445122,24.02812855940177
1.8106456838177654,21.668874172185426
1.442516237840845,20.557228915662648
0.9534284256444224,9.14883026381284
0.13467392564728817,5.252403287976591
2.5583074865231676,38.15718157181571
0.6411175471780336,15.207245506215052
1.2382100218125058,16.898148148148152
1.1311901966750806,22.28818800247371
0.5365795436589025,12.171052631578945
2.211901747763781,37.92537407664625
0.8240928006174858,3.243938778274419
0.9643528500245091,22.643442622950808
1.0663738188254859,16.93371563501433
-0.10855288980312139,14.922243578542712
1.5188479028605402,9.599600709849163
0.024878353000008124,8.948787061994615
2.214937069396812,32.718074924801755
1.3024933826448568,28.183087208875165
2.182670137857935,13.200917825899907
1.1941142457121416,20.198019801980195
1.008599685189652,18.26979628936534
1.1955023541895171,18.602243313201022
0.16718464316210585,3.29142011834319
0.2465493124874128,10.750384530872338
1.9807829689632008,22.324324324324323
2.1261998504109303,38.49299984269309
1.2616964275472995,23.958333333333336
0.9089429004976677,19.315751960085535
1.0895158344408582,18.695471541337767
0.4310328940378531,10.222222222222221
1.020303093342418,13.84615384615384
0.4841902429947601,8.689848963821575
0.7519372265403629,17.576085885945048
1.6208183816930948,23.400191021967515
-0.028124467303264067,11.411552104946125
1.1519425811965847,25.20915548539859
2.099410292989996,27.272727272727266
1.4807462469054429,18.52900867976244
1.523115744193647,16.11744084136722
-0.3296968641538326,2.7641878669275926
1.3040932321721967,20.90964326013367
1.3164669436398546,7.797448581098671
2.360129062608346,29.641089108910883
1.229351685152827,22.33472998137804
1.4326523942084992,19.38321265754894
0.5247818265604121,13.441734417344172
-0.4678957489240881,-4.593862815884492
2.481402371348653,22.836131719380454
0.40028404141212387,14.348571854724433
1.938616393941909,30.096948959224406
1.4351805160162483,22.600877192982445
-0.16081800368961557,11.186579378068743
0.7003171247054928,10.971463266545236
1.834684172105695,22.05720572057205
0.9195178265132016,18.905472636815915
0.6750824947368553,7.841445465157584
0.35060421795130753,9.070131905445997
1.649972430986561,33.91999001435436
1.609177130957554,24.21768160244551
1.4714900214743665,9.957882069795431
1.1594286699721608,13.94953905870937
0.2503151753932625,14.166666666666657
1.2862901527005388,23.050923839567375
1.2509198405364075,16.092217697998514
1.7443480662759367,26.57747603833866
0.8457747970141729,15.572390572390567
0.1614458680468844,9.203569068076675
2.39492635266616,34.64430894308944
1.775625678787067,31.765404406913845
1.8897696023044777,30.048552418629747
0.6346490666559368,19.345238095238095
1.9766779345582615,28.95299145299144
0.17881948509572743,12.438146648672962
0.4128030474709108,5.742960691385562
1.112565862216813,7.481559536354062
1.0105286419021087,22.358221134230924
2.2253699069886905,25.299760191846516
0.7788815718254777,15.030991735537192
1.7019138986386095,28.8663101604278
1.9735846255368197,19.299450549450555
0.8242463594550543,19.784821543615514
2.5305899066748587,25.85365853658537
1.9033335362161123,29.438083958415582
1.5886636940134364,19.9349945828819
1.5793488373482294,26.37910798122067
0.736311696914165,21.303879310344826
1.0112280743490132,8.09748427672956
-0.10615111743773403,-3.3400946585530846
0.5678888787144676,18.014705882352942
1.6909431501942245,26.103479853479847
2.230698712441467,40.1568068424804
1.4345221377810484,14.543114543114541
2.0792381002844262,32.91589363017935
0.7711378843438204,27.61680744146264
1.2064786537135923,25.52334943639292
2.1574290564421297,21.916376306620208
1.397028256710456,17.96863330843913
1.3515588280383275,32.43348982785603
1.2040219736767532,24.04815040238047
0.5372975901615716,18.134057971014492
1.5026341098865905,21.778936113338673
-0.19881819564020425,16.964285714285708
1.5472915926971744,15.112462006079028
0.9178858817418364,16.284153005464482
0.6392806347793141,10.666776832190358
1.3043896837331872,18.199462526127206
0.6566430924842772,11.063495464609673
1.6449521248727894,29.611119787599556
2.0954598713615553,27.851681957186543
1.1389065351340555,11.491648898365334
0.49638490497197196,16.2277629920157
2.0234549825939006,24.775761368377147
0.6714841242354879,10.054347826086953
1.1903407826796881,18.966439363551267
0.3361952060239976,18.072680077871503
0.0801411986544529,11.479289940828401
0.629839195527844,9.239286741443777
1.9123832851568452,27.62213999848977
1.3056639403469756,12.26466206149263
1.5641985400102991,19.24603174603174
1.6261213811675672,21.031691590067233
0.8812850245876314,20.37593984962406
0.22049081885675734,9.880962290851585
1.4868060476873837,25.85499316005472
1.0755911462599088,27.885623244308412
1.5749069305280994,13.885837114879386
1.2620702685915124,23.525641025641022
0.12423845110760409,15.122143420015753
0.6698487215907964,12.056303549571595
1.3460303741960407,18.20905686074225
2.870520099030224,32.06377941790837
1.6413270816989605,9.6655622282046
-0.2744245965397376,0.0952380952380878
2.522500092341162,25.788497217068652
0.7791089615858269,14.99076425767722
1.7369592440428256,27.766699900299102
2.206880315538909,13.886210221793633
0.9777798831063292,18.805488297013717
0.9974359153049019,16.930912675593518
0.6467553128071083,15.877505841839877
1.7114392368200146,25.041006014215412
-0.27919214369846884,13.683853459972859
1.5416978567729736,23.046479521398986
2.0444093567885355,18.377192982456144
1.224052935188718,20.82462473874216
0.4500333637930133,11.50722915428797
1.3958733519519295,29.272727272727273
0.5631491254799947,17.368421052631582
1.788306653200837,20.0
-0.6027799999137459,-0.5306663945300514
0.9562754670865897,11.728591087117607
1.4534303374815918,19.757575757575744
2.2159515286833393,27.575297393065043
1.5803112163799202,30.72759538598047
0.08130447124237972,5.957863228183285
0.8208573434171198,8.91986742054982
1.5197355391239138,23.614557485525218
1.356176141024025,13.409523809523805
1.4740660242277053,20.827879581151834
1.3957945200698567,29.290853031860223
2.5425384228585775,32.76243093922652
1.379417173844394,16.44599303135889
2.152507334338492,22.59077259077258
1.1192898697093905,17.83244680851064
1.5456336413450624,33.40263340263339
0.6613359574664731,10.859901900674437
1.3083589201487715,19.735934574834957
1.7055900864106712,38.706204736739096
1.7432259615981296,25.94305535482006
1.1457727554860688,30.430555555555557
0.560177499100079,7.065217391304358
0.4336436050806731,4.626532887402462
1.1812571063998676,24.28925912796882
1.4708284786199957,21.96039726111899
0.5235272691463797,7.58202371105596
1.5111895419418366,30.898054702354834
1.9025383245240828,33.85794995964487
1.1415536940391888,21.956635318704286
3.141128679908824,26.71312427409989
0.37977080013589937,19.647794206034384
1.4578283826565583,18.898203592814376
1.242561673665586,13.446712018140573
1.8813049835997762,27.304860088365245
2.294182059746714,22.610437298319802
1.2490695730778942,11.403233401349873
2.1623188071454607,17.43208911471565
1.0801814608167115,20.303206475560117
0.6879784530757858,22.976878612716767
1.2390626263088007,16.10302114002281
0.43260325611634676,12.991232594120675
1.0491964769117512,22.13254035683942
0.7371599702494068,12.539246467817883
2.877724408308295,32.41025641025641
1.1153640936522646,24.8274231678487
1.0246180882488343,17.60063929677355
1.2714073507356063,26.99323631891781
1.967924774472955,29.598997493734338
1.6748381294836114,14.873940328085432
1.0719598975535976,13.221288515406158
2.76612982343084,35.037313432835816
1.043992252936169,13.911300954490322
1.5770952874717845,6.936813186813183
1.7436518649979167,9.455128205128204
0.9575878268472551,17.470395565633652
1.3144568941864503,6.173469387755105
0.8350433037942424,20.159151193633953
0.19005661741731605,16.455918510713026
1.100911612054726,21.788397585909586
2.139153851310578,36.69925314226729
1.1127726331070649,15.127912867274567
1.0819407993494063,17.018379850238247
0.489111252600215,16.65962540487255
0.6612627748141897,8.3131067961165
1.805649048849156,28.912466843501342
1.2014430109740197,9.995797142056603
0.9817984636509862,20.551378446115287
0.37881300830187503,13.519278096800662
1.1444998054701445,6.904761904761898
1.9280509098547305,27.81683626271971
0.8219623808180412,16.21621621621621
0.9486357393682379,15.347721822541956
0.6908399951139262,20.772946859903385
1.0313199772112984,16.593799682034984
2.557832234554987,26.893939393939405
1.193542411382742,24.074507053230462
0.12612606994414285,10.842007626507268
2.794973098040655,29.172703011818534
-0.46477198906681705,0.33656957928803166
1.9297565037009161,21.51354087572767
0.649561363924815,16.06372045220965
0.4323911800449281,23.209549071618035
0.7090593440900324,9.6722621902478
1.2176791704311136,17.502272568351863
1.6699749695256016,26.15127234304834
2.045423314765938,19.314809819260866
0.3028481182803526,21.850079744816597
0.17274898090170812,17.510880077369443
0.6446997141990548,7.024432809773124
1.557126871501826,25.061136192626023
0.11554999810600555,2.9066328686100604
0.6037835348175683,6.074234904880065
1.905124816834356,18.698264352469955
2.052428233435427,24.345238095238095
0.34869933079533494,9.704641350210956
0.72458785406219,18.126385809312644
1.9848052381095616,22.64442384924312
1.3314213811593114,17.79067440464278
2.2192131062411895,31.072026800670024
1.291865392652084,16.06790799561883
-0.03234096835124323,8.102233054475995
1.5504028070431253,14.995430212821525
1.9191112983676795,25.246353961371703
-0.13425601951101093,5.754937354002976
0.8024591910274537,10.209931708962138
0.30604947758296996,5.134680134680131
-0.07607654411325648,4.605263157894733
0.987561558187665,12.16593538093339
0.6116972751240419,13.725490196078418
1.7951256808390914,21.116255144032934
0.7172617793164008,8.26947637292465
1.0374364070726223,19.668008048289742
0.8216835805631522,18.72742428452348
1.178656835340738,15.143732095228685
2.043949453075651,31.46892655367232
1.2862239611296968,29.877369007803786
1.7190568173638598,21.22799438384274
0.042250982776345175,8.510638297872333
0.7657689764595186,14.421703950499754
0.4029542832891635,14.302939825447858
0.6540823041375969,11.354856512141275
0.515397204731068,17.045454545454547
1.2399809769129064,23.76344086021505
0.810597590795805,13.109309367978902
0.7704408245311914,12.31130150958792
0.5863379974177934,18.385435381482814
0.7778994841401681,13.990868722246546
1.4555169083749075,23.39792108184478
0.49454655897709315,9.25462327384318
2.2185649821255398,29.202551834130773
1.0438093478733088,15.749385749385745
2.286925223504665,14.214133077886672
-0.1601014776529496,9.025692359025697
2.073196491186407,31.82957393483708
0.7658614524056542,15.188216039279872
0.1003971983979462,11.334153962692916
1.2642325380553625,21.17083946980854
1.523828651360188,28.714643752237727
2.302666481387887,34.46507760532152
1.988982877972521,27.675675675675677
0.7488389504279289,11.58156911581569
2.0202840162587394,21.271585557299844
1.4023181220521272,7.238234815176682
0.15454659190966288,11.32616487455197
-0.012760666654411945,10.69921639541893
1.025211312109241,11.602914389799636
0.2657566390079352,19.388661809134526
0.8919101332991143,14.947089947089957
0.6013155333664195,9.199973919280161
2.6530287268570865,36.86816587579946
0.47687518036790427,11.1111111111111
2.1936860335895245,30.322055574933145
0.6241899071239349,5.978835978835981
2.0101695367623567,20.91217855409994
0.7068968806549817,10.9009009009009
0.6243638507814224,12.197734925007651
0.7353223194925587,11.091258933479935
0.8417092654719762,11.992659758203814
0.4029064326457378,8.300176834659588
0.8261920297877976,17.082613204286204
1.3125186066814771,25.709962756052136
1.0469389444469146,14.770442359249323
0.9112434925059686,6.1781609195402325
0.9627437922551383,9.23230060968023
1.1897416207947469,25.27766351295763
0.8278259922133389,11.278729257254412
0.7736139578564025,11.595394736842103
0.8513880966429788,24.140609827150904
1.4107472799178797,28.560620389634956
0.7159610067465607,7.352941176470594
0.06997593085108078,10.484193677470984
1.6036317876351784,24.923879947803385
1.2437013822715697,33.9031339031339
-0.17420883024614744,6.390066626287094
-0.5921605021530092,11.682837069253921
0.27334221680615634,21.858110419374718
0.8818176106365507,19.638364779874216
0.9792338384633945,20.604789758304825
0.8518979273609013,21.96887159533074
0.7189206013719747,18.454106280193237
1.5009314331401988,26.044932079414835
0.9684036703856911,14.51977401129944
2.2656063904583434,21.418882257189367
1.3755097253263746,21.97928653624855
1.2605135104598908,13.588941053729783
1.222105447402544,18.52764292442577
0.7137784025775276,15.071612192434806
1.1543890239500043,12.17385516506922
0.7571984617460507,18.75
0.1573719719765751,10.552127827875331
0.3160176251564823,10.07709251101322
2.2795758919340456,27.877833753148614
1.9639525172984935,22.819916240111688
1.038902495059273,21.705594002306796
1.3358473233012915,29.966555183946497
1.3775478607878535,25.187447931130237
1.8503200490515899,32.30059327620303
1.4172537569432682,12.0
1.0281045650542224,15.969279661016941
0.6202076878861051,12.240932642487046
1.1598339599547534,16.90497033362513
-0.7415488778057941,15.333333333333336
0.41627607524616517,22.148288973384034
0.7622331537343299,11.177347242921009
0.3540984745264113,11.018131101813104
1.7664296763208638,26.240079365079367
0.8168895355665787,13.900192760762465
1.4427115691597263,23.820715125062947
1.2361440110942286,19.825918762088968
0.9242168896541676,17.31481481481481
1.8464294178209504,33.87181507748883
1.899138790611787,29.435483870967744
2.806405851761718,44.4240542066629
1.0905547841126826,17.663683466792264
1.929329454756171,25.333333333333336
2.2811669586386505,35.612292410367836
1.8474420847975244,24.96477520174203
1.9638948414941335,29.7924297924298
1.608367474123047,11.914011914011915
0.5053752723664403,21.63205537806178
1.5767406023136172,23.1729055258467
2.1170823436151567,22.45438282647585
2.023601633053271,31.660798122065735
1.0758154978239192,27.31120731120732
0.419924000239576,13.867893526125535
1.3414923523377846,7.824074074074069
0.9318861613457162,20.825285338015803
0.9529379228794679,11.997341309405122
2.165116241973692,32.74083211842548
0.8096179308482564,25.964696223316906
2.0157470115140805,32.451923076923066
1.3296842240295046,30.175438596491226
0.5880997796972173,21.63103336572724
1.0530218557701339,27.296475729077606
-0.16925092699754385,16.129964733768865
1.481040979370157,23.6579754601227
2.386022433309915,14.428023189352494
-0.2413087302487442,12.483949208160936
1.6905289064111706,12.5
0.7552518071964076,18.04757998359311
-0.05267979425070308,8.831956851508508
-0.00730668592607139,10.464822533788052
0.3427947344772123,10.39370078740157
2.246441233814607,38.360969387755105
1.5069132764747488,16.689682383113045
0.6385221375674719,2.8030303030302974
2.744432002229071,25.826242981999194
0.6274557488664168,7.264957264957268
1.033781057732256,20.76142131979696
1.879915225674535,28.11639118457301
1.5692880762146408,28.405053296486372
2.4932960294258897,35.75357535753575
0.3638356464954109,16.795634920634917
0.6363256840948427,20.221189712715137
1.1439706884198642,23.086419753086425
1.3502162451204847,20.161332292479827
1.1585053597835449,26.78505364409915
1.3726990801951513,26.322661217075378
0.28260497702159,5.317324185248715
2.5625353492886167,34.899550621200106
2.86707125685419,27.359781121751034
1.8609410614762467,17.906517445687953
1.2297962798962045,18.550753972270023
1.735484933981977,9.113179813816757
0.4477550070913046,22.030433795139672
1.187020855196438,10.06345177664975
1.8475481862301033,24.767759562841526
1.485853948308008,5.833333333333336
1.5382892960863652,29.183673469387756
0.40331321243033025,6.280193236714979
1.9673001790139995,22.222222222222214
1.03568558963006,24.205607476635514
0.4978376949893483,17.672852058973056
3.0651146576689063,37.79800051268905
1.8999503285197523,20.759860788863108
0.09179505384502645,10.950946643717728
1.3836319789174403,38.83716684921505
0.6667603245568483,19.904076738609106
0.7328145221740835,23.32178910912976
2.0795972125615183,34.879141770776755
1.7718343355489905,27.17262717262718
0.3531270778829305,11.735585323238197
0.49421034157271027,15.39855072463768
1.0852677536026523,12.35829563857709
0.6292256803070572,24.77115289460663
0.001350586759334499,3.1534263189812037
0.7093535148672299,21.097560975609753
-1.167588693934642,2.7966742252456527
2.1393421724015824,32.69027484143764
0.8242762772922366,26.913086913086914
0.7360918458389132,14.550046136661642
0.5836458551630341,10.491023145143856
0.8598240694590005,14.246575342465754
1.0045018606073406,13.524011299435024
1.18580373488673,16.880859253740603
1.3606117264781088,28.65853658536585
1.045831947917519,13.413850700244119
0.07361078635683008,1.7379679144385065
1.3262805377062725,13.893359081643602
0.45908206662280915,11.903114186851212
1.8546865826586427,29.384863701578205
2.660246401152666,36.99968973006515
1.9664893280442974,13.888183618544652
1.4550765962006975,33.29931972789115
-0.08970055485482582,10.651737008326158
2.003518741268057,7.046738572162305
2.6347145422121128,24.385964912280706
0.817362196406692,14.328358208955223
1.8965187016924292,21.265284423179146
1.4049563441808253,27.668759811616944
1.0928155962222381,15.054347826086953
1.1514518786181025,23.808322824716285
-0.09683595408228651,7.156121501525405
2.30482182527329,28.20471553874627
2.3659821549658595,27.045454545454547
1.8776065998403462,25.15484234234234
1.2282697344689928,15.423755764032435
0.2706358366091318,19.047619047619044
1.529102918832161,24.425087108013933
0.4780081129226607,7.28352300841167
0.9384831440693525,16.691729323308266
0.9166161079629273,17.197346600331677
0.8295617519282239,16.00792215620426
1.8253520364871896,33.44213246294029
0.7688219121487825,13.153288322080513
0.6622642109556705,7.954545454545453
0.6512908615114366,11.282206119162645
0.8526569989893986,21.380993207148983
0.4858265501705897,22.67379679144385
0.8440363128722084,18.287210172026924
0.8937845508069031,20.34342750803586
1.2594746817972269,17.695649513553207
2.1661457424082466,19.681742043551083
-0.029758453595727374,-0.9368148295794256
2.058559052343581,24.60111056441977
0.8609887373518883,19.484882418812987
1.3657566172181865,17.801418439716308
-0.2254447241185219,8.48147354893981
2.2056670649891434,29.51334379905809
1.2804372126125405,33.666666666666664
-0.2195931918415055,4.062426476354801
0.43352392833324904,10.369318181818173
1.0777123992293998,22.554913294797686
0.656879891733802,20.0
0.8385173641719759,18.046239474810896
0.8263203977749025,8.12119846812346
1.4224342809331572,26.616121308858744
0.4054613737361401,6.063014476298612
0.22788036075024937,7.397660818713447
1.366928923247881,16.06629295637338
0.8249695522484797,8.632655546085466
2.6480951165179567,37.741393786733845
1.2688403106655364,17.806603773584904
1.219111824667904,14.395582725300727
2.0600221516268613,33.71547681083897
0.4340281303073905,9.842654940222616
0.8357127879114054,17.912399215515364
0.2849024195000016,12.827461607949417
0.09278187669884301,2.8645235361653363
0.9841679236545634,12.219827586206897
1.3662706894515,24.03922608004241
1.8239905157518774,12.081513828238705
0.6274671765887496,21.53818048958714
1.1537275954724135,10.62951496388029
1.3684600661260062,30.058032181482453
0.9411705372333401,18.850511695906434
1.088689986630894,13.417910447761194
0.931404518588342,21.252890477191514
0.9714956039437772,15.678013083490413
0.222940658936512,9.871782512291531
1.224921391033808,14.508171446191803
1.9305300747253316,19.637322782723373
1.179258946881858,20.739331340038063
0.3291209965289269,6.789890607317993
0.6214655307293855,21.835268103924825
1.9684048274278214,29.784688995215312
1.3002898035723183,19.09534368070954
1.1587836188849359,14.475377633272366
0.2818478616448856,15.86799276672695
1.9633597949396648,27.203975799481427
0.4885110666180996,6.8201193520886605
1.575137611949424,15.625
-0.11854505212856309,6.700638434955785
0.782364338666733,20.02886002886003
0.7177073639487077,14.097902097902093
1.4198295858818297,21.100713012477726
2.2994748090602593,32.53623188405797
0.17651684383694807,9.861325115562401
3.0722773341268392,35.542786784321784
1.0580219372268187,15.35078423060618
1.609540595347257,20.082815734989637
1.5531470238236418,18.12903225806452
3.10358958093561,40.80284552845529
1.1539156193419835,30.68939955522609
0.7893613308945138,16.754654070575164
2.177216467841564,13.441881501582998
1.7233266293995466,29.048955957185477
0.18341716626648358,3.3290378006872814
0.4445027214167881,9.800664451827245
1.1741726791741858,21.540775401069517
-0.19955410211953695,14.052848318462594
0.8967402322261124,17.409278824069816
1.33903328305562,22.980741592411604
0.7530034161008751,20.467289719626166
-0.30671237769437043,11.71875
-0.26422918834593384,12.222222222222214
2.7974004247325386,30.045248868778287
2.528176578073701,22.968671469257828
-0.2224441694093904,0.6081081081081123
0.1343351483079253,12.258536076015453
1.6549292489040475,33.75196232339089
1.5950708751560523,20.56669081542301
1.7328951571561462,16.751223854027593
0.8457420967187895,15.89571921282208
0.9896204613294475,11.653116531165303
1.3410907867093833,10.977822580645153
1.623647932991859,28.720238095238088
1.1068123107193137,21.258067820919983
2.53167449642277,31.835260115606935
-0.33699527736674373,10.499139414802073
0.9973278172882147,18.57084357084358
0.871848485262648,26.846528084918177
0.09944975642214665,3.2236949762722915
-0.5208432688661412,5.376019329507706
0.3400648995247888,5.498423145481972
-0.19073619585808022,10.250528002330483
1.3527231578500727,18.79229841036672
1.010307578414511,13.513513513513516
1.7718205239813933,32.98766080336047
2.327488807987177,23.547979797979806
1.7232583464441822,20.697674418604656
0.7175111183692571,4.604786076867292
0.27344519467630407,13.510122134850256
0.4080085191646794,18.488175214375445
0.6856273050484161,12.676056338028168
1.106065323635735,18.98862566108817
1.159912909938787,19.030680302356586
2.569766228152152,35.908767652138586
-0.17717678431268305,6.7874396135265656
0.47179298963008565,19.58603346551891
0.08437375020969673,10.811485642946316
1.0445275998069428,5.9222062808863285
0.40523781895036715,12.336448598130843
0.38170875129775045,8.375874456418984
1.6280716745110113,28.324104835732747
-0.05565750555664239,15.603821344002611
0.7397265303280576,9.595959595959584
1.3479344867755854,16.454402515723267
1.458268527546763,9.746457867263231
2.110089728372295,28.037784456848442
1.0703053697169223,11.98589894242069
0.39569573161044647,6.913580246913575
0.26297827483278946,14.399092970521536
1.1159949355505818,19.539636663914116
0.026260260859695905,8.652641297896182
0.8491976256298919,12.447280799112093
0.5000183494884963,17.845871933217964
-0.20007198933801734,11.072261072261064
1.718509397572612,32.29969829031176
1.310397283748487,27.07020702070207
0.4409131620078489,15.189873417721508
1.7343086350028925,17.576187101346562
1.7308071414694635,30.62260760878057
0.14599234602312133,6.466209312509136
2.482224522119596,39.712918660287094
1.4185367232642445,6.807228915662655
2.0556100827559396,14.822928075940126
0.49184568829643627,9.161631419939567
0.9496724090762602,4.44384955159952
1.8582374277879532,30.246312794789254
1.590372445527342,27.839513752455794
1.912927320989858,33.56472795497187
1.0656033960278666,21.087609801202035
0.6463301594688955,15.837937384898694
1.0669688617321458,10.271583406004737
0.698447504364808,12.765529044598814
0.9937157915700299,18.123947811447813
0.41599553318826155,11.016171174352095
1.396377374767533,21.62615568147927
0.7841372487519616,7.669575007036315
2.1226670289428626,36.64955070603337
1.5135778742303339,36.8796992481203
2.633403298008248,24.694066598410608
1.0532505675461088,6.730769230769226
0.5054881164494651,21.03174603174603
2.0273184800702717,38.996996212615905
1.4812709264808455,29.26289926289926
1.2805823580179447,28.056052474657122
0.7425123248468382,16.37586714315745
1.2616798240965408,27.64561115668581
1.7916570035031494,36.18034447821682
0.8892218931955636,22.776047075112494
1.0247928278767762,13.405797101449288
0.7386920563846648,25.244209620937518
1.202455741190732,15.803788246721702
1.5174755655422056,25.86284683058875
0.25267820105347044,10.416666666666657
1.241017938613983,7.855840291774641
1.5636533627005247,17.918577981651374
1.281119089002885,24.61559031956144
1.0022957437160882,22.016129032258064
0.2979752398473749,13.274802458296755
1.5736329252605152,23.029184837302914
1.6908380295206105,21.64634146341463
0.7111426671879651,11.405835543766571
0.6979765104182627,24.367234238380114
0.7421120478136869,9.705753184014057
0.525776914642872,13.578909353557243
-0.9473372691439416,-3.183682279300662
1.577421164057387,18.898153662894586
1.59660940767438,26.45541635961679
-0.06520231604946997,6.409698025551684
0.28677393429563713,6.581196581196579
1.570086244534226,10.937381404174573
0.9836750671224345,15.306122448979579
0.04900666088990602,7.154605263157897
1.5712845072004011,27.556953579258412
1.6552219527718632,37.79254337393873
1.1235151816756361,16.814412353445803
1.8732221204188826,28.907168037602823
0.019835677620262726,17.52662504590525
0.4147099688360758,8.125208125208125
1.9937704050296992,25.295928840232634
1.2164477911826137,22.17289431495869
1.4686372594444443,25.858123569794053
1.0070503703069713,10.89294062646097
1.2419106695543927,7.780855115111656
2.595085145404041,39.365504915102775
1.8059926825398707,13.802816901408448
1.946703586323709,35.09266123054113
1.006025136795682,22.95522388059701
3.345086704109713,38.56313898867091
0.35398057071896993,24.42472552263498
0.6830079804774928,12.564430874290032
1.228014597099549,15.139949109414744
0.7984387500766509,18.287895310796074
1.0882591326424675,21.240601503759393
1.114476516212627,18.231141707018253
1.8781014110586642,30.411483253588507
2.1432713523379148,18.96243291592129
-0.16281592825650304,10.032213529682465
1.4907331428512276,27.558129774196246
2.074447172295023,36.14386792452831
2.31153776565415,28.862298562192414
2.417233160573666,30.42096219931272
0.2650597318398824,15.673435059473746
2.3406369233291935,23.310810810810807
0.641757991838416,1.0629795396419368
0.4592143113852897,10.191687227177837
1.0601706795923787,20.337246867859108
0.9205712301264964,6.130168253554189
0.5736215433063977,9.703779366700715
0.5378027590454749,7.386363636363633
1.191968217886018,19.029411764705877
1.6850340728841304,14.09214092140921
2.076792903771156,23.610664953421143
1.212441748378501,21.13572701807996
1.709782079100754,16.9803454437165
0.8157468597322349,16.02011494252872
0.5810279003855723,12.102957283680176
2.3898804719579725,19.681019054637332
1.1786039395819083,19.688483708760877
0.7857153468640342,23.4298488396849
1.4379977553822354,14.288955697997615
1.1107369703616854,19.36444885799404
1.6629909632329716,21.075268817204297
2.067296114221723,14.037142379119956
1.4189853358738869,21.732456140350877
2.1254124037246966,23.4766214177979
0.5234422444677973,16.909090909090907
1.8662040886671596,28.83345561261922
0.12299048292081521,7.9262942380813115
1.7850898503136121,26.033397207774442
0.7915353311508768,28.444444444444443
1.1533229239433613,10.55578475864914
1.215941913707793,7.2154963680387425
0.987856959729433,16.025641025641022
1.7740667700852415,25.799319727891152
1.3147628758657297,20.363097920556235
1.1123848853553295,16.347319912684945
2.52881621746529,36.73076923076923
1.4378888457419732,31.597545099497864
0.41346622820933937,9.398734177215182
1.345511348022057,12.234334561995134
0.37070168888514865,15.546338672768876
2.7849344986355296,29.7037964121819
1.5529026275584126,13.127413127413135
1.0920583161189634,16.971527661240685
1.111245410964228,5.2894736842105345
0.977707155519824,18.881506090808415
0.44528534320581487,14.70885624219354
2.5087520955250087,36.66442242954698
1.0702585867084013,31.089875124582278
1.131356254019586,20.11450703039489
0.6158834079527216,8.58692888022378
1.9256436008233513,27.55102040816326
2.3510665543277223,27.484756097560975
0.7934033240973846,6.606441476826404
0.6886205775014373,21.121588089330025
0.9815198228063082,5.756578947368418
1.983266099401248,23.57843137254902
2.0050861660179176,27.35565356856455
0.4726423348060808,22.027027027027025
1.2937295601200165,11.294642857142854
0.904292538276346,22.380952380952372
0.3899730025006749,9.05264090747962
1.21283837811005,17.482660138718884
0.8942995919044769,13.260657338106085
2.2577938352297764,37.906905993306964
-0.5927670251880509,11.66125541125541
1.3749470950720053,17.619047619047628
0.45874336867225185,7.837150127226458
0.5894413322197615,15.499917641245268
0.9305944657989655,16.042780748663112
1.1196140757611865,9.420088790233073
0.9532924069632914,15.465328467153284
1.0352153124859798,8.36957954395676
2.188505957773702,12.460019468780416
1.5625955776944798,21.54621848739496
1.1035315296241763,11.818495514147678
0.4368606282408832,17.25352112676056
0.42682757148903183,7.051282051282051
0.7894345333883815,22.31705389600127
2.163098442745781,28.670212765957444
0.9315538881484309,19.5516811955168
0.6334583434203114,14.181286549707607
1.0599415791581204,14.611297539149895
1.0538214794580065,15.439672801635979
0.9069735817913223,14.848583523282322
1.2604319739723704,29.163894433355516
0.38859357657531224,14.105067410506742
0.5559940397819112,14.995880252677836
0.6092523510978851,11.504182092417388
-0.24303965275285472,2.112462006079035
1.0684025685065597,7.539682539682545
1.5722781950290226,18.31055900621118
1.5282731949831354,21.14845938375351
0.9050894824520255,22.543689320388353
1.6027116932186076,10.209167779261243
0.6317419327088428,26.827242524916947
0.750284402687202,14.769098501596652
2.3530965168571107,32.29423868312757
2.180510921672906,23.313027179006568
0.7672788819178367,7.7178635318170095
1.7820778566480047,26.542324246771884
1.4931715635559748,18.730188327428678
1.754341007833442,16.117806823968763
1.3369386608354312,17.9020979020979
1.065202710923915,20.06076774862902
2.1078300033189414,33.23401950162514
1.2612380619769248,20.952380952380942
1.3346930001180952,8.346471297412592
1.7094275490422142,16.264195274768305
2.263749093771996,14.717932555940749
0.410134676689742,20.077948202162432
0.8829171359797787,17.58409785932721
1.6969893497815092,5.816415493834846
0.2629563899294319,12.726351779156644
1.402653745813252,25.24224806201549
2.297574535951775,34.23747081013113
0.8414049714647402,8.571428571428577
1.818433683866897,21.573122529644273
0.5159045638938402,18.169014084507047
2.0781936363542877,22.5
0.9305536527916118,20.663349917081263
2.6574190069443153,43.1062543594513
0.7637004650528387,20.80808080808081
2.5066544867106075,22.615325962638202
0.3752601271624926,10.907103825136609
1.5592882245116124,23.67864693446088
0.5155707468204502,3.8984824699110376
0.02029927026608505,8.082679971489675
0.7696288223249055,10.945145506052022
0.6792739422189062,11.180351906158357
1.3633226380936563,17.472842795654856
2.247727235478089,26.113483831604647
1.194786268091451,18.91739099710268
3.038360560073998,33.64493084055327
2.414513526710023,21.523786229668588
1.8985712458810982,10.147345009730337
0.7096636386398847,16.278375149342885
2.2503334746503993,29.05744562186281
1.6892015533491767,21.4114114114114
0.8184292360706074,8.552971576227392
0.6379932051499164,16.22103386809269
0.9184108489707707,23.672866116516808
1.64042820975442,27.10045662100456
1.4021333941717526,12.296964725184587
1.4274869253929752,17.768595041322328
2.552590575440346,30.80056881509666
2.4132938524563894,37.47038104386807
-0.233503975610026,11.23494314983676
0.7721307003298203,18.978986253255
1.3172316387916883,21.016365202411706
0.8588542714577662,16.78999295278365
0.712100900000726,19.641943734015342
0.2597035622985774,14.772727272727266
0.5031486271126351,7.021590108270864
1.467356277763692,24.701561065197417
1.0885596403712636,24.629629629629626
1.0892341017338412,25.12252290645643
1.378580787538504,9.104859335038363
1.9138543846320686,33.7260677466863
0.21500646756751438,8.913011372027768
1.1300441957107499,17.75903815646656
0.9254181418175458,17.814407814407815
1.5728002552519262,23.35234752084247
1.117109183400733,18.18110205206979
0.9900193937196855,22.803517328013008
0.4072225661178267,17.187996189266435
0.17685902976574014,9.980759980759977
2.0038438266421883,31.929750317393143
0.8956993423684612,14.681617476179412
1.2456223862007456,18.959435626102298
1.2425897823138374,22.743055555555557
0.4714993519660999,16.28098267163851
0.9353766093691462,20.844881162341473
1.2985748572536264,17.660044150110366
1.5355758148812944,20.736497545008177
1.1973889183878794,18.683095450490626
0.26072525967169885,10.975609756097562
1.0159080862663041,24.761904761904766
0.8211098561470821,22.02979801858536
0.7519595343079162,17.267759562841526
1.002262328582247,17.77221526908636
1.4209844722527316,20.5207100591716
1.0076664540894236,24.42176870748299
2.7614642753528855,30.724110032362468
1.545628580004367,34.48275862068965
0.35209179609871144,20.451819272291075
1.672311403795761,18.924106163632374
1.220288523545595,20.004408685109667
0.2176925646796025,11.314265813416917
0.9969220116431803,18.915866741953693
0.36869474495668414,4.930351906158357
1.2335962672462069,9.104371519962093
2.378884039592584,31.336405529953915
0.7920107153685149,17.524377031419284
0.8898922990799,21.145209580838326
1.735361997953074,36.53273809523809
1.3714912793507061,31.18075656253118
-0.3873489633515065,5.6532356532356545
1.4104356012112997,23.94688644688646
-0.4673299811248997,5.023228803716606
1.592762701179922,22.059523809523803
0.35890611970782443,11.918604651162788
1.9721871643609592,20.370370370370374
1.3190472133863687,14.108873974645782
1.0491631906531498,10.73546399691952
2.4725164046484434,39.0608875128999
2.341385463028089,28.207698476343225
1.2580581605068493,17.638412542871137
0.870233349775458,21.9068151874476
-0.15602931203174691,8.431248015242943
1.8885109801437774,30.913752913752916
0.7914864833897552,12.177328843995518
1.51124385944396,26.678376268540198
1.913373815126822,29.514963880288967
0.5286917341129176,13.652660261006737
1.1942749202719165,15.978779840848809
0.18053516458196003,7.7506775067750695
2.43981602100141,39.250000000000014
0.5469308594663761,20.49645390070922
1.5044870129196277,14.855072463768117
1.029898877189985,20.56773929083829
0.959992003557655,18.88850415512465
2.2476536206414663,25.71717171717171
0.6831389188224747,9.311740890688256
1.2032381120834619,24.645286686103006
0.6354802651591982,15.89224182938289
1.8880770960545923,20.91194968553458
1.6661205033415012,28.20607311320755
0.31146551567875014,14.59519511179002
0.8333338267213231,5.714285714285715
2.707691748988551,34.42981087322889
0.3274141352961386,11.18841240875912
2.148708496255671,30.718954248366025
2.2761991627668015,25.088161209068012
0.732752100050975,10.55077452667814
1.6143742755106492,21.678720974495626
0.6521958390357523,8.695652173913032
1.9680356059676685,32.29551945315792
0.8213147146361995,27.58169934640523
1.2996646012148068,20.737967914438507
1.4524897226712499,19.598741148701812
2.918828151511605,34.392707563439274
1.557225836273966,29.747028345016766
1.1239525645727633,25.018587360594793
1.4244470269996885,19.101490264331552
1.6006379576615828,33.09438470728793
1.8570064073125714,30.458404074702877
-0.09247563150509999,10.360799609946369
1.8773115738542605,9.580784454839865
1.4418004507612079,11.572327044025158
2.1054287962327813,34.935322008930626
1.0311935712672224,14.078559071944639
0.6804283053193521,17.707792207792203
0.9446834641865804,17.19944615014147
1.8113965574702282,38.51028565857464
1.6611558809050777,8.012968967114404
0.5727265003091655,13.986248532617807
1.2557334670481652,17.047413793103452
-0.13598102801197848,0.1436388508891966
0.21809241248148203,12.295081967213108
0.5798277029475335,17.244722905944656
0.4605920069480975,6.885222484108283
0.05363320355628254,8.769841269841272
1.2469191062015028,29.27960927960929
1.622993732138796,31.851851851851855
0.5210001314820147,3.3333333333333286
0.18996040462469488,2.6303977017685582
1.568392291002012,20.020242914979754
0.8041213534273284,12.920950017724223
0.3898071597036531,17.467025227301832
1.1830384093822868,22.427894963409372
0.6974670436410941,22.898263783125188
2.1871556984060274,11.526306004833614
0.6049538953894957,9.401709401709404
0.4275304346044756,18.408822038195026
0.6141907783526703,17.529411764705877
0.8412538611718756,14.735137635900998
2.7424593964382806,35.69599627560521
0.7662313951797765,10.051698187291407
1.361966747225234,30.36144578313253
1.5551287265628004,20.105346849532886
0.4929567619837182,14.657738095238095
2.1231288038809506,24.130434782608695
1.9801129372351216,26.409996622762584
1.3332794367597969,23.530364372469634
0.3670867949439397,7.974694823131067
1.819490201111937,26.740812379110245
0.9357228844227816,28.57142857142857
0.8062513184578286,11.232544019429263
-0.3502775386851578,5.644811115935731
1.0423903960261152,24.211886304909562
0.19094737100283254,4.430837266658159
1.9928531028512824,21.784005468215987
1.3766927981452408,26.07142857142857
1.3470926515360109,24.72328828077201
1.4987156957236347,31.01633393829401
1.0593790372159768,17.831103560557807
1.6130482928962933,24.654659905577894
1.5186534626233603,22.18614718614718
1.069804330552407,23.95486496485387
1.5605472509995593,32.632677400119256
1.6813477389367117,23.091997822536747
1.0193749329178585,20.708323934130384
0.6870625693516978,10.280658938377059
1.716241909523839,25.348241323084096
0.9554922442492377,26.10308945712672
1.2364345629708953,26.539436409721183
1.2681440516646698,13.125
0.9548438594238432,8.776451437873035
1.797312728979167,28.96325269206625
2.149896195799494,19.62365591397849
1.0533000046813228,31.063800373263284
1.7811183632893117,21.49406688241639
1.7199164064384265,15.866058906030858
1.8561023842605875,25.04226032359334
1.577546739229723,19.37092833876222
0.27141166770045777,9.14158305462653
1.1685520062764274,19.23436586791349
1.8739932773963606,35.04697986577181
1.5930206287678552,23.91676866585066
0.34021276637135484,13.545713545713546
0.9094555492948243,21.111111111111114
0.7577649710766853,11.606843341160683
0.5605024723718335,12.350119904076735
0.9535442064627173,13.769941225860613
1.5893983287600455,8.125854993160054
1.2531884236807018,21.535145888594165
1.030341864271801,16.35182998819363
0.9451025063401403,14.550983436852995
1.8062488489622979,29.00771315405462
-0.11221328337535233,2.7079303675048436
2.717044889249901,37.452367991290146
-0.011332268379513621,13.707983193277315
1.4246052811625085,10.311733294847734
0.8225618828938616,13.78926883514039
0.9183588299459946,29.672558678643874
-0.16420055806014694,9.934410494320915
1.363807517816161,34.0053050397878
2.18499910445649,24.35177539223782
1.2932854386653274,24.093511450381676
1.0993641601686366,16.147635524798147
0.8234009454397956,18.680351906158357
0.9458479593099562,8.043463857417343
1.0834462698572471,14.722222222222221
1.3839115989708815,28.001086366105376
1.2739299145408902,16.88015312131921
0.970489724625033,22.920110192837463
2.4530583486069255,29.068627450980394
0.9989016795359636,20.447626564437932
0.816548034971251,4.858518638749125
0.9761528071533702,24.081393646611026
0.6078422533461052,26.822700911350452
1.0699243004979464,16.433566433566426
0.9598092081031651,22.400000000000006
1.9842824118409057,30.608287405592975
0.9782195199623747,16.942626107046586
-0.5908944997989581,-0.9235074626865654
1.4261712977450896,28.676826318335756
0.2402754605124025,13.105935570633903
1.6440933104827522,20.212765957446805
1.9998455898203913,39.01982206961136
1.3391637444703526,22.262541380188445
0.6116307384341614,9.692015764122033
1.2767017252694262,25.1644167532018
0.9656215267161526,18.250000000000007
0.725623184235463,12.641643059490086
0.8483412214113378,18.814080656185908
1.1474557269362902,21.968503937007874
1.6307763929273722,23.29405989199804
1.3574564823584283,18.602949454013284
1.631284922198692,23.746931260229125
1.5177658671181993,21.9718817591925
0.4231662764031985,17.82503689789346
1.3591196978410396,18.965517241379317
1.7937638615564613,26.50212195666741
1.0235789476668167,24.070612668743514
1.7770887237165458,24.41891891891892
1.1028495393666602,13.574520717377872
0.4924168598428825,15.061224489795919
0.9912827129987628,15.357833655705996
-0.5114797362458803,10.77079107505071
0.9953503231170886,8.344155844155836
0.7710458187439709,14.078674948240163
1.6923871151031717,21.32784958871916
-0.08466989838024891,7.216117216117212
1.7421689001219969,19.556772591224608
-0.23107551448856356,9.466750753275868
1.8577339731345979,32.2129909365559
1.1285891888782693,17.9889152810768
1.9420593248628961,21.19708994708995
2.3755782604323317,41.378188178822754
1.7006993979960345,19.651826484018272
1.511351131972317,28.20430452939288
1.742105495450389,23.514118144990633
2.245450574309387,27.587572859487302
1.8836485766921611,35.12987012987013
1.0283289157289544,19.05447180471164
1.9034169096158942,19.131924614506005
1.6142873920011067,19.601519013681532
1.082565122153134,22.155172413793103
1.4808695861707388,23.841698841698843
1.3005108578805356,24.11900987684428
0.6453856725792836,11.468706403040365
1.4614473531865477,19.1016548463357
0.32275169257595115,6.696028056439104
1.9144803433671422,35.2155514414176
1.002666054388224,20.871028823900694
2.5199340716200807,32.91182501708817
0.4169102938751543,14.947552447552454
1.3260827441056042,15.92488639401229
1.2198327147746657,25.004608294930875
1.3987020188336128,19.332627118644062
1.162946415847849,18.75759708272023
1.7619966177776818,23.451730418943527
0.07275313983494337,1.5077166600712388
2.4616261523490617,21.857270827112572
0.6517703617190413,22.061191626409013
2.534104695238221,29.640077821011673
1.7055632369652556,24.97584541062801
0.02908436048641927,10.668056164984641
2.685276667318939,37.31739707835327
1.1027489213939394,10.524316109422493
2.175650109925832,14.534243558687521
0.21692955819020127,7.336561743341406
2.381319460066089,32.078114700065925
2.48633026218594,39.6578720739059
0.9985238274539109,13.434410019775875
1.5407718938416353,24.390243902439025
1.8759754237334332,19.16564553859864
0.48705479183854405,7.786179921773147
2.2849356276873243,27.87439613526569
0.9190262964673077,22.71867612293144
1.25485031483064,24.0295662684208
2.0009022661102978,22.637057598889662
0.3225121503115085,2.837729816147082
0.9590363003441384,19.714150720529176
1.5391403309495368,17.482813326282397
0.7188954453136148,13.79310344827585
1.3286618439730913,15.68181818181818
0.8813164404086713,20.273020600645317
1.2179942260494176,15.171317555634054
2.2060192657955913,30.79722907126923
1.0859652939274902,13.667046550363821
0.7086436107526577,17.42433916485762
0.3791994622125972,3.028483184625941
1.3882642461791903,25.53987211967668
2.055076329719925,15.008775008775011
1.0157684356164225,13.354838709677416
0.3926266759288544,16.700490998363335
1.1811896979136125,13.713850837138509
1.3671085758335968,22.100313479623814
1.7968839162852333,33.53820598006644
1.8552906046571713,16.82234432234432
0.7665140363120335,19.75562072336266
1.1241187416410203,23.383084577114424
-0.07254520616544663,27.652888566594143
1.3804546998430731,10.0
2.208234289525886,22.678343367998536
0.5159079553102394,10.424242424242422
2.0407304884036894,20.051830255911888
1.2571015956797804,19.429097605893176
1.235961059862885,28.242481203007515
0.4737379695372997,10.566890410048515
1.8100279208325567,21.469072164948457
1.8386539821489323,24.01785714285714
0.4541812989597891,17.014147431124357
1.445948531184063,18.393511250654107
2.5143176330941452,32.9248366013072
-0.06430032597810854,3.194953194953193
1.7529960563686109,12.600459242250281
2.0032414174004023,33.49282296650718
0.961186360097535,16.715947171299028
2.3433053887267885,31.217948717948723
2.1483429710621045,32.17564259485923
1.2308088402699178,8.0454273759713
2.2003876256267674,29.879045439686173
1.0601965214256635,17.247386759581886
1.4549113453410611,24.210402723963846
1.2769045445758622,20.207481005260078
1.6183631958700757,26.9964368057011
0.8760055256679744,15.347222222222221
1.156759916911948,15.11274735388863
0.8627545615882968,22.406590856347187
1.0321285836218406,26.0565371024735
2.4418067153286493,34.13333333333334
1.1517593955560688,25.70107108081792
0.5641937762873932,15.561253561253565
0.5215552601622089,10.972222222222229
1.2794221216415587,12.78536193644603
1.0469014887979387,22.437145892351275
0.6014857413229224,16.576086956521742
2.7399963569702765,32.38636363636363
0.5447859324530544,16.920036485253874
1.634637965853126,26.999127653387603
1.6986977969963941,24.185127698603075
1.1111828584790748,24.060928719313814
1.343209622714712,20.648787755654887
1.253697281415716,26.26086956521739
1.4258832693708867,10.901977371259385
0.5896505080686014,14.352605863192181
2.193702555395277,32.61562998405105
1.882365183155588,31.645781119465333
1.3617238279854682,22.244199315329027
1.3263242590062991,14.309309309309313
1.5740785439928262,27.411764705882348
0.4060329547159661,9.867374005305045
1.9014581738581957,28.954285177884167
1.1585035129821057,28.607340372046252
1.9361604948357027,28.814102564102555
1.7367922926641148,21.785513756316675
1.6157607853846823,20.993766043270995
0.554654042414318,18.83961149082686
0.871604840734584,21.260504201680675
1.5493559817060214,19.145299145299134
1.1865389342062382,15.83861874559549
0.9976921986164669,11.87899802714174
1.3009993545957665,10.600896860986545
0.562406768237846,13.051146384479722
1.1050023181805189,22.506142506142496
0.3414840636623891,14.120263844147878
0.6317784773091808,20.999999999999993
0.8779657810326592,14.710424710424704
1.2495852892749686,19.778466991581745
0.9526141272935831,22.312138728323696
0.6168195229300318,13.941102756892235
-0.24371705408559075,3.4035087719298147
2.7409726352931,26.770522594188485
1.094700801178593,22.3722491607609
0.7055714581396082,16.142675877625834
1.0255335478578513,17.853969581351592
0.9905655916752398,13.69804919423239
0.6160019428100578,9.468599033816425
-0.06501857930918328,19.457989497374342
1.0440639948908452,25.259927105313643
1.2077076336705246,25.76712904581757
0.6047947642814477,10.0
0.160930433901349,7.351579571126997
1.1983827704804377,23.9202657807309
0.7208511012168013,3.5848047084002133
1.6162728717769095,13.282549689169073
1.7257821729355378,19.511135252580118
1.4343297204742584,13.83481899217756
1.3428809734856935,23.336834733893546
1.628888202296336,21.295590636908003
1.0936008219299684,19.63120273490106
1.298191680267263,9.643835616438352
1.4331542958811205,24.287581699346404
2.497690412284508,28.680727874276265
0.5527179787587735,9.116677271938443
2.2298245013546607,27.590361445783138
1.3978996888432187,31.97545506110452
1.4307370996910833,13.423277260695073
1.0834059243107597,10.098724804607166
2.8314148464263305,37.08188153310105
2.198130107834445,36.91640866873064
-0.14384551124247474,11.684341859014346
2.6140216882182985,36.50852093414686
1.6731063341743506,13.133035016691522
0.22122846716583455,11.99010250972075
0.3058668189504146,9.945877556758276
1.8259073489910747,22.92842090952348
1.001365545024168,19.903846153846153
1.7276087886852065,10.045662100456624
1.0594774829526963,21.44072603516733
0.6712654093458491,9.783333333333339
1.0826058797796267,9.86845756785258
0.4204047511899822,6.616607773851591
0.4802973205180583,11.585960350991229
1.6943382966539446,29.810254770280352
1.2342575981108532,23.25216904561993
1.321329700578973,18.80994323742415
0.5822292037195648,18.75
0.7297788205502089,3.1666666666666643
1.2776696279985404,16.072594333463904
1.9415861802117749,30.01119820828667
-0.2546776387755255,22.440476190476183
0.22188548267291372,26.644736842105267
0.7531683739632336,11.96943972835313
0.38384290408699534,13.775003546602349
1.8628971019642746,22.347826086956523
1.2409531779967042,23.603685587532702
2.305484850900972,38.93392286907394
0.8705408474116954,16.58689248895434
1.3163216097306232,17.998591797218808
1.1292837730525598,16.775539829432034
1.6755405103494247,21.750423489553924
0.9530174783338958,10.009390708722322
0.3330784684178882,12.839688224141568
0.4861343620723485,3.430816237450884
0.4900766427498071,6.206527554842154
0.9423622895944106,17.098402714557643
1.0352431328002842,11.544991511035654
-0.3248417823308062,1.9854014598540246
1.9445220580878648,21.379525593008736
2.3654286588360014,27.13916786226686
0.820366123524236,5.698729582577137
0.8298384693910978,18.17084942084942
1.193621140936509,16.94915254237287
0.719124583982244,13.627207015049173
0.9813427530018078,23.818181818181813
1.964724248219926,20.317725752508366
2.046776097202708,25.468937395058774
1.784184334672204,28.998161764705884
2.1289113915088533,28.23529411764705
1.385167352116828,18.117162642710085
1.2292978234094183,23.583528037383175
1.9626155873969375,13.17324185248713
2.6626263085717587,33.844743276283616
0.3246101768103563,20.614035087719294
3.0378745037619823,48.58625162127107
1.0743944836020454,16.585365853658537
0.5122768829201612,27.483974358974365
0.9027178314256357,14.199020252979452
2.16470061701614,33.600713012477726
1.6884928222150215,18.00311509748107
0.8593513753190026,10.06896551724138
1.382252943311738,20.000000000000007
0.8172794680584067,23.57717464852267
2.2135000893356374,22.111801242236034
0.9559691826855348,15.818077803203664
0.6065547898477769,12.121574727773123
0.3414279408915868,11.255411255411246
0.592938753482785,15.108624094799204
1.3971207872156834,15.263228579102872
0.5557671137283665,13.031283710895359
0.7703574030529432,14.628984063745023
0.47760837225402386,18.057192481855964
1.0279029891378957,25.86021505376344
1.650208087564571,31.15497076023391
1.3867201677001761,31.043844169947057
2.0549533833537814,19.37450304797244
1.333750202662411,17.066635601118357
1.4536728651258946,17.49567979076177
1.9390638460002725,31.87215950740361
1.0363004821718425,20.030527995559567
1.8290722666314254,33.152537335611854
1.2305615979501323,11.132686084142392
1.0208615237800973,13.07353235824484
2.5786425768820975,31.590739357729653
0.8700965636047657,9.734897870491096
1.4830912568062424,19.40972222222222
1.2297101761472855,11.670812603648429
-0.2543340316382626,1.7355371900826526
1.5555740444907964,17.745146839223494
2.2879207081971416,31.63897842796925
1.0076876483218546,24.90766269572908
2.088403347052036,19.10781125360495
1.1975982853827662,21.884057971014492
-0.003922383073952887,1.6261171797418044
0.6344250149644984,20.109507217521156
1.9747589392860694,38.40579710144929
2.182988304559506,22.92239955971383
1.483582798748996,12.42676534073388
1.5590286567968317,16.880984952120386
-0.4776499239933465,7.529239766081872
0.3587827369050203,5.84168683027999
0.413393506034058,11.777695988222305
0.5285029588479686,8.532809336667853
1.822461731162074,19.582027168234077
0.9248203928561436,16.933213536987125
0.426840357711738,12.74626305585089
1.7387005439476937,17.89696270665128
0.8609507260506821,18.2554052614762
1.6954210353072452,38.11262733038632
1.6374712813290948,8.867907062852915
1.9669937009332377,19.474530831099194
0.8784128277880702,11.361698829729512
-0.09157336175536335,15.571557155715574
1.4481949741267153,13.88121546961326
0.09266320357271254,5.24598393574297
1.4789117655772102,18.174603174603178
0.9648873513557836,15.628130635143265
1.5015377450028642,19.230769230769226
0.6689278904214102,18.775510204081627
2.7004425857761176,27.915821501014207
1.4805928023476498,25.76020408163265
1.6188110836145193,28.12621737436696
0.9701328920798309,27.11821729825003
0.47367136072237115,22.065217391304344
1.265400138924533,7.939110070257605
0.9927203318001003,15.935214211076278
0.6896589888820356,15.739832251938601
2.7236262791384034,30.730174081237905
1.516908583743881,28.447577378058654
1.5404890297513645,21.007163927517908
1.5042496861145738,22.24281742354031
-0.17946826495964363,4.95153813737884
1.086289628051643,27.6883116883117
1.6860512859823404,14.302370773416243
0.19451996138060096,8.594657375145175
2.2938671370993484,30.347038853262916
1.741746305285034,29.774383547968455
0.1185877335438068,13.33705357142857
1.790596306130925,34.39153439153439
1.7496361835143779,16.58392126121418
1.8303765417111344,23.45262899865181
0.9952196624906717,17.708618331053344
0.8450460559478052,17.52232142857143
0.08113647639541263,6.80555555555555
0.06862218695277988,10.443899782135084
2.0376827393475847,9.613073780341267
0.44868977574900265,7.2420262664165165
1.815179879259822,31.993437243642333
1.6605077749764383,28.53292260300347
2.3494722737486162,27.661832331093024
2.127113299489717,30.089763177998478
0.7490415970382992,12.122248831109594
0.804574833582562,9.059200603318253
1.1847031395714593,22.012383900928796
-0.021706391124197727,10.545230143749095
2.1756549610493083,38.197792778313506
-0.03782765373473152,13.804126707352516
2.078228411557848,24.51905626134301
0.3647766667660507,14.393278044522035
1.377468240360293,19.841269841269828
1.4379069926382364,17.87001511452157
-0.3583728331896796,2.9651593773165317
0.8296665716702151,6.582169091170961
0.28892089360107676,12.533566477237244
1.3983212152006828,10.231630618192966
0.42488237019578706,13.104838709677423
2.412225208281791,32.638643588837866
0.2644739473822807,2.5625220147939345
0.7338872662475715,17.198581560283678
1.667502985082481,26.23692394684761
1.8640194676785042,28.843718338399185
0.4880447238507106,21.11260053619303
0.8579842359013736,24.15458937198067
0.9276443281227196,14.057124986969669
1.8103134046047207,22.294207317073173
1.5597628992878794,26.175675675675677
0.767765853298313,10.265784586815236
0.7826461357992787,18.618024132730007
0.3132065858682109,2.4456521739130466
1.4824850766672655,16.135593220338976
2.2582665821812635,36.60714285714286
1.1894617660087337,24.89991103202847
1.7996074297080795,29.300291545189502
0.49228842160974134,8.804004214963129
0.7361173198739097,17.932674258540857
1.3956093746829086,15.354643765903312
-0.203102281629436,7.434441741011071
0.7628637534942243,17.807351077313044
0.8307087004418576,18.85085205851304
1.8350234609343201,22.226143421795584
1.1075502183880626,17.49651810584958
-0.043824833101637456,14.901960784313722
1.989463168284125,30.709321830817146
0.4571490392221016,11.924510157470841
1.6994004708345225,33.34845735027223
2.115145117453692,31.0978835978836
1.3413221767970611,16.022821823368588
1.474059225050833,13.041125541125538
1.6498399922356541,22.9878048780488
1.156463478999564,23.069048948445932
1.125291565928859,14.24501424501424
0.940018763018621,9.94419076610857
0.6193395635071994,17.242916268704235
1.3587768842726489,17.957648370019513
1.0609698400242618,17.02409069437884
0.6191225322817924,1.7142857142857082
1.7128768879048453,19.490586932447393
0.314034035209823,1.706161137440759
0.9356448585609247,17.73405698778832
1.6422765879807026,24.13768063321472
1.592745742885923,16.64310954063604
1.1814116521567581,18.857411385606873
0.9801678101737301,17.35365853658537
2.4613257878829504,22.121212121212118
0.8741583262877743,9.806263269639075
2.5275393372723745,29.690346083788718
2.4355531598685505,35.19230769230769
0.9665831958980844,1.0999521759923496
1.6078589265679173,7.369039747263244
2.045391026435038,26.02607709750567
0.9564032970192299,12.90420249485286
0.17455381588124141,15.599315068493148
2.8985705612880692,32.66899766899767
1.0671184042116357,12.7856541723312
1.3707459797613417,22.930856553147578
2.0153654078444747,25.677018633540378
1.7516197743362363,31.205673758865252
0.7522597502056311,6.894100923951662
1.4738077437411774,17.232843974052585
1.0475859213424663,22.451903397462146
0.5522121928742788,10.336145033362712
2.3177416973942133,33.88278388278388
0.7984903413706466,16.186920390220408
1.157902785943349,20.172311348781946
0.30344813898374123,6.4326018808777405
0.7400332279919384,14.174733337443726
1.6745085949621985,22.0
0.8959326141306392,20.082801683181756
1.3901170964508127,15.943772903790403
2.632531913625241,32.36945169712794
0.7174193937418516,20.3998584571833
2.2202250652892475,26.68793503480279
-0.035360688043155286,11.114720020787317
1.340344758267276,7.5728044026599335
1.0316930710965022,14.602547211242857
0.9161734128873715,17.440711462450594
2.821959205895905,21.652707984366273
0.43496241733780805,14.236111111111114
0.7652393659012819,17.752902155887227
1.0810080212867021,20.182915675873424
0.36303287088795105,17.42547577611856
0.19659772551580482,3.4361471861471884
1.5872251840895515,34.22118380062306
1.179065580323578,20.392716578002677
0.3464656262130269,18.35249042145594
0.9748388914898998,16.310174342961226
1.0530950472581868,22.159370388588293
0.7628634169846868,12.864450127877234
0.5796026306885882,22.530539600355972
1.8781962702499706,31.17288690933293
0.9087777836239734,16.677667766776672
1.5510011603392477,34.12099882688117
0.6587667391625154,13.551904727742311
1.3521354854770875,26.99629597725903
0.8398504067101417,15.464092140921395
0.25867430890032933,7.107438016528924
0.653723879839908,25.08891928864569
1.4662648257696298,26.393995098039213
0.26440460617163764,13.28798185941043
0.18507110257688272,2.857142857142861
0.8704863814595769,14.64267866066966
2.453298563775789,37.14312724522594
1.7300039653581614,29.428510728701937
0.8967712343686287,10.67448680351906
-0.13584220843526595,5.535195248325543
2.85790743436703,38.05684840425532
1.153408014589818,21.820085586815992
2.182104513383021,31.9413407821229
2.1543791514935546,35.99798893916541
1.367759630939412,17.119970193740684
-0.42725809904535006,3.014705882352942
0.2567316252146595,5.642547363615613
1.1703216231109668,27.142857142857153
1.7140838931564923,12.895927601809966
2.012205206140157,21.672771672771667
0.8522890558973483,15.714285714285715
1.4176834041499435,19.47239792984474
1.233967985309682,22.37895539458635
1.1690954020935074,11.090225563909769
1.3140529360216806,13.6302969636303
1.6400013474423072,26.077963404932376
1.8792654915673308,28.992418684274888
2.1706790134351532,27.38087326377351
1.4083600146783117,19.316591796155834
1.159692138328844,13.387978142076491
2.9978314424797743,37.88669886437802
2.539669156773378,26.27348186981215
0.48537970192077345,9.42735949098622
1.0199489503662211,14.159697559857939
1.66843109210717,21.098606294575667
-0.18684651298329347,4.532967032967029
1.9880433078787758,30.056591909452955
0.7572835804184044,7.598784194528875
0.6728169227409719,17.852250489236788
1.1735285646720368,19.23076923076922
2.0499337576238323,19.304347826086953
1.2177499161964005,22.25379495999401
1.9689654314734804,17.52136752136751
0.8613409778413614,21.45200984413453
0.5940149263971749,3.656086781840095
2.7566220988978545,25.204081632653057
0.6183693246844326,14.666666666666657
0.9189324923180573,12.30125523012552
0.9153733321509311,9.113489590389747
1.1395966168036176,10.629974369351146
2.016294454136021,17.588089330024815
1.9880934685153613,21.51711378353376
-0.06447438666939564,0.5302346570397063
0.8275101233814541,18.754448398576514
0.8225781247258825,11.566646860764507
0.82637739001104,7.446808510638299
0.22351823460059678,6.040044493882085
0.09168521155567766,20.26794493608653
1.225893573516844,6.984126984126981
2.783703811778936,30.907312301296166
1.8177356181703477,25.1717032967033
2.2469741392183162,24.283071230342273
2.2060459456382397,17.49034749034749
2.262066998256707,30.775862068965516
1.0799459359866166,14.919431279620852
1.473497336241307,19.337642433531016
0.7056089816097789,14.25198089940703
0.846664176911589,8.387044795359316
0.6016845843124023,16.83908045977011
1.1224628651533228,15.951612903225815
0.6201078852040701,12.662251655629134
1.5032637292848516,28.988344988344984
-0.4783687514161983,5.885078776645038
0.6607387331360388,11.539100116221142
2.0752257295688263,33.673469387755105
-0.2101025536666271,7.464547296244355
1.783678501649091,23.27377347062385
1.1971495110232824,18.99494310998736
1.799365504138902,19.04761904761905
1.7443067115066313,23.075938020233053
1.073115513134734,15.46003016591252
0.7959574013866174,18.251633986928105
1.6380728560401798,20.045541877179247
2.4815084444349433,34.74647995691315
1.1123124293202262,18.42105263157896
1.675574478304952,23.936535162950257
0.5308682491824492,11.691919191919183
0.5076842835838777,10.87765957446809
1.3503970333663897,19.667338709677416
-0.08228286500973547,12.171052631578945
1.8902368380502668,31.099267155229846
0.2600404004530431,15.98930481283422
0.640987769546296,13.55397951142632
0.9567140001374772,7.562724014336915
0.7774771876668193,3.5714285714285694
1.4972417861960867,11.84977663360339
1.208479213176504,22.870063797141242
0.31232063903088547,14.103032517354762
2.008552439799013,36.15023474178405
2.3367716153841114,18.095238095238095
0.86509650716347,2.627070245573961
0.7531323056936563,21.971326164874554
0.7783438257992413,6.6106394039161245
1.362996219043754,9.010989010989007
0.8120430894627155,13.085004775549173
0.9601845445321775,25.12820512820513
0.5706487597545133,11.829134720700985
1.0821776120402142,11.721397686104936
0.958775975298082,20.804362644853448
-0.12839796076584148,3.8372950064492244
-0.5367204123035292,0.37887485648678876
1.486572568533549,23.704830383480825
2.8663551049423903,33.56295445847685
0.54657531979289,12.372773536895679
0.7988617890687734,14.285714285714292
-0.09415962015858365,6.719367588932798
1.950259925082654,27.3611111111111
0.8093894495387447,13.233830845771145
0.46555652263288294,2.2408963585434094
1.0815847425931568,-4.492753623188406
0.47303371331488875,18.534080298786186
2.9134949962933554,39.93405868776789
-0.31999799020792763,6.055311501597451
1.3131729409391748,31.197604790419163
-0.8213828426620827,5.053642010163749
0.49550018866933093,20.161812297734627
-0.03321115432836709,4.1870684243565535
1.0002347187796998,19.67734196953341
0.6828153598655098,4.083106048451789
0.6526528379781378,18.07351940095304
2.349303014701798,15.215989684074792
1.059278943716784,14.946899173987156
0.7929089719657104,17.297297297297305
1.155878071476785,25.046728971962615
0.9686528022992091,20.600508905852415
1.9977362209109588,25.714285714285715
1.2210775149181374,29.450549450549453
2.375685169672417,34.32098765432099
-0.4354164335029975,-4.279711884753901
0.3972663341960795,4.160761861572482
1.663945572744699,19.7751976284585
1.3061338754695422,34.30944055944057
0.269466310643964,14.099840679766345
2.5589629755194467,27.65490077261022
0.918138398339735,15.593631014191757
0.1124170255781774,8.026755852842804
1.380476394579616,17.17695900363259
0.38146340190157335,-1.7794486215538896
2.0148121265621546,40.8955223880597
2.051267890759751,17.531135531135533
1.2671331578949832,21.724830988488947
1.0713890928557541,20.510204081632644
0.7175956831713922,17.337646776899113
1.3127333141930198,8.979591836734691
1.7630076255697564,23.136363636363633
1.3298830575893774,8.643274853801174
0.007780311983906163,4.8578779710855144
1.2989560666912252,18.5825065571901
1.7794193100799973,19.76560025340514
0.9763009453560196,10.26775956284154
1.6056266557796874,21.51724137931035
1.9369558006305048,25.959001420742844
0.6991947892383701,16.301744782757446
0.46371584915443775,15.513807753584707
2.936492565703083,25.95158464723682
1.8601491636747094,8.632376395534294
1.3654518511914286,18.163227365681358
0.9193650474414694,10.258734344100205
0.7154138088753335,12.170415611500076
-0.6756620676452199,-0.4394861392832965
0.9353527577725309,12.713729473506021
0.24166628743383958,12.069283213561825
2.320655384531232,18.952062430323302
1.1659688996869664,30.010465724751427
1.2591449850713068,23.879310344827587
0.10590936074321623,11.547629557694002
0.9618402562185262,9.587412587412594
1.537644673295422,26.352201257861644
0.1433332577968131,3.707615341856588
0.6655703707329702,14.35028248587571
1.1682662813941933,14.921171171171181
-0.4540277771730089,9.047465635738824
0.9937550861642369,16.623376623376622
2.006760345902437,32.67080745341615
1.9247101432997482,17.11391505242581
1.2986788764471737,16.856766834832193
1.1438223523853908,19.67331004725704
0.8802165553792412,25.764895330112715
1.598515104674094,9.644723092998952
1.5910013460302415,20.8820436692027
2.7255723132412375,21.19047619047619
0.26674826909775695,11.059718969555036
0.795213200901923,9.316239316239312
1.8866217719178646,24.137115839243492
0.7547559709649475,14.037356321839077
1.1472547461037639,14.285714285714292
2.3186889224214933,20.241528478731084
1.1646196722332292,4.059829059829056
1.7756766468657659,26.302782851617074
1.9284554811973333,28.3422459893048
1.1847942559146563,17.094017094017083
2.2682068690021566,30.410714285714285
0.89006389526132,25.76774193548387
1.483850753765882,16.065813117699918
-0.4661022920689426,5.7157684038846455
2.3680609447313983,22.026338147833485
-0.3041744215985981,8.708133971291858
0.5188596087246802,17.6860148032723
2.525065400127982,31.428571428571438
1.6193529478262412,20.09178990311065
1.0693069031658398,15.077319587628871
1.5566544790429848,15.890957446808514
0.5009091148550395,16.61649608669476
2.2945782805800703,17.217826469195906
1.3969115346723262,19.048951048951047
1.3821848841141386,20.965909090909093
2.9536460068386226,42.58550023516765
1.8874410572977238,25.102627257799675
1.6834256966691643,30.060163300386755
1.3103789421101766,24.569640062597813
1.7867804237960287,6.004833612195583
1.2242532792517067,15.785110263637876
1.335099563175086,22.277593207825767
2.3092973504222227,27.027027027027025
1.7744478586630397,31.9458777663112
1.3089870621150557,26.68207908163265
1.2508765099328782,20.31633487864739
1.2239632476209032,15.84731058415268
0.2269839403836077,10.60437817258883
1.2198685273908905,27.651690597498842
1.0644443161144852,16.262732701088865
1.2585803948144973,12.21076746849942
0.37005033709450075,14.025005041338972
0.3237134804471644,16.034345047923324
0.9049106577991736,25.945945945945944
0.10307101857620068,4.428904428904438
0.3272521216337677,10.605365741802323
0.574938119401544,13.059360730593603
2.214201385495352,31.503759398496243
0.21996619472964746,0.9178139340842719
1.805847536788352,21.10790233657127
1.8518421107551364,21.51960784313726
2.163596331943676,26.887239025362497
0.8850458012045531,12.897694799009336
0.8311430684130032,24.54237288135593
0.7751625013382282,16.293393057110855
0.47713110798506964,11.514084507042256
0.8043419743139624,15.315950199671128
