boot_exp_gap,boot_win_gap
1.6433754641040548,22.12595266746891
2.0623350607415345,19.208805760158903
0.7281410205766257,17.489545393228113
2.3402022216043683,30.22023211185232
2.527417249559986,23.947535434736615
0.854084405046731,10.620300751879697
2.189132316835259,29.401709401709404
0.9755026491159113,14.220779220779214
2.352009131210513,25.425841296219353
2.2303931878888434,27.058823529411768
1.9679705672285488,26.193616460036935
1.33909030296602,32.051282051282044
2.2823732014817857,25.038539553752535
2.6033123199783375,36.02484472049689
2.4329014912361213,33.22294626642452
1.6272921384703245,12.6634488810882
1.1234966750079773,15.205128205128212
1.5108276927169175,19.752380952380953
2.018625331050275,34.42280180477606
0.5044081709226677,2.5945731828084817
2.504782959797183,12.79937180997252
0.6795041799761468,8.765015015015017
1.8948266301974885,18.544270374933994
2.5115833825148943,41.58182402743543
0.9441926559252499,13.972186006084307
1.5437652958999626,16.666666666666664
2.166324633630338,40.53819444444444
1.6537517788314542,32.87651046271736
1.5630130712379713,15.009578544061306
1.7070954243271774,10.873834069710362
0.8688008691603322,6.330275229357795
1.4896194333492105,27.279968140183193
1.461694495503601,5.736518277234893
0.34789282527620913,7.722152690863581
1.581863597495178,30.320378729494664
2.2243450410095718,22.951923076923073
0.9380123451379528,20.244484197972568
2.1278473224187575,26.945660296786592
1.9158938310457165,30.81342211776994
1.9887636474020827,17.9785431959345
1.2650631721763825,4.996518105849582
0.9023799735137923,18.164037854889592
1.2192273879741882,14.611872146118714
1.681525643614583,14.512905188146341
0.4885796306946171,9.50617283950617
2.449224355071902,39.68936678614097
2.1171091876030186,32.40740740740741
1.312801273980722,10.693539869741244
2.4101050513579603,34.38919296611156
0.7674595256386714,15.887611749680723
2.391064943292188,30.090497737556554
0.7069224679605544,22.413392234364096
1.412777031898933,24.815813117699904
2.090030626864342,28.884381338742386
1.2019018959154313,19.752252252252248
2.150035456327436,31.881243063263028
2.133587170301973,31.668973699822033
0.8413381094945117,18.81035996488147
1.2810907716123576,20.85392785781891
1.586845412862627,23.79969992498124
1.2433908401421374,11.331375428291736
2.1367287434048734,15.209235209235203
1.1442581066474693,12.972972972972975
0.4298627776334177,6.542827657378751
1.5275293130529841,19.09090909090908
0.5395281863685917,0.5514705882352899
0.9566473968946991,20.818713450292393
1.5755074703770808,21.749514852963124
0.8318832518044141,18.34625322997416
0.7956021517820939,5.058685446009385
2.456840149499682,37.045570916538665
1.2176171114867207,19.507246376811594
1.2468249134945135,24.939817043813186
2.0689223667724423,19.894366197183103
0.9236134732501298,20.210210210210214
1.0346375315885776,16.07142857142857
1.1560735563497488,18.069012408635054
1.1079312158727077,8.564464062191192
0.35669727109108734,3.9077392298894367
1.0354885345164133,12.726875136671772
2.1204488108048714,34.68468468468469
0.19495400000466917,3.907103825136616
1.7047845034513536,9.46991869918699
2.4000242811417833,39.62612224818596
1.7091746111019142,28.633217993079583
2.690360574207314,38.861480075901326
0.6657762508007907,13.778325701538101
0.9939061380527792,6.911464708282331
1.4283466864039043,25.442379182156138
1.0947939304700245,13.807189542483663
1.6479426874140928,25.06026862587533
1.6041345518700934,20.588235294117652
2.3680325626349195,7.6897018970189706
2.1620629744065636,35.743801652892564
2.33631032536556,35.71262497093698
2.165841779693368,31.4774852539203
1.9839326750460853,30.558666168968514
1.5356918981625707,20.915431560592857
2.779788803146797,32.61689291101055
1.9403141105090955,38.007756685037755
1.5749081048607816,32.72543059777102
2.067995700572207,21.409856519026825
0.8746668519073654,7.003577817531301
0.9956995763949261,16.497326203208566
1.2097345261534005,22.45343309173095
1.0482149612917444,9.23649584487535
1.7846728883265917,19.531249999999986
0.5486839090896749,5.13274336283186
1.541587204891905,25.052264808362366
2.238754187788624,19.31497175141243
1.7511961103153433,41.25874125874126
2.7417922626005,38.07321112443607
1.7096312674202052,21.456310679611647
0.9719505144965271,7.796052631578945
2.0167471639639443,25.373737373737377
1.994342369514432,31.417015744619384
1.4036420426750587,24.84289903644742
2.640030601101131,44.87944890929965
1.8154359399743818,20.53514376996805
1.3291247663168562,3.4313725490196063
1.9885528186569563,35.0
2.5525105142095352,35.71428571428571
1.7125911119791184,19.2581300813008
1.1923218759762053,12.31605351170569
2.245446582010791,27.590976803575224
2.7264768128592927,36.027062582221376
1.5760697867165328,18.03009575923393
1.0928544448327435,11.063829787234042
1.5315812497761052,15.053763440860209
0.5355675167851811,14.264087468460893
1.3803001777620094,24.36110780934269
1.671055498224956,5.78493901756741
1.039067657900702,19.523809523809526
1.6422569383103434,10.53113553113554
1.321354329919143,17.39185428788261
2.098070743687644,38.610038610038615
1.548656075465847,23.776908023483365
2.6671851877759183,41.13644397313539
0.6782785094791086,1.9815668202764911
1.730510668946122,22.416356877323423
1.7880871849049176,24.857964508662405
1.8200032825964192,22.09658421672556
2.1478899379981717,37.79928680590931
1.2675296243972731,13.36996336996338
1.5878086368267992,18.50317591825462
2.31091420731222,35.37795608108108
1.7984760334530963,14.207393483709275
-0.8499760409844409,-4.31547619047619
0.37732776719551275,13.026178010471206
0.8171961286914753,14.647484435470304
1.03735364110317,17.921276981679668
1.0176604321968796,11.000000000000007
1.2211436182762878,19.213739433785058
2.5765075639267927,32.164058283864
0.8653792096912127,20.759259259259252
2.074386007415567,20.674603174603178
0.9070064401029734,17.712655601659755
1.9696402329831582,20.31746031746031
1.7720407320526137,18.132045088566834
0.7379225378564963,15.85197934595525
1.9162141621502982,21.93685793034326
1.9407786615300586,14.285714285714285
2.2563945276373296,29.030100334448157
1.651587492823698,24.739926739926744
1.5632850107754825,25.234809277362473
2.4078350086896108,20.578420467185765
1.4692403103380287,19.475655430711605
2.526490513794619,40.00375093773443
1.6550984213032085,27.724137931034484
1.4215875745810056,17.922948073701832
1.880730802052014,32.94117647058824
1.6906566957809286,11.141490088858518
1.671687169301641,12.037037037037031
1.4724845779181412,23.600283486888735
1.4737950238062762,14.595808383233532
1.536247128748478,26.705882352941174
2.1411775786890304,39.11149825783973
0.7049127710129783,10.332893869479236
0.29752850886474475,9.409868584180515
0.6074980867060831,10.459893048128343
1.1467582617811756,10.490505350405144
0.7900795506235211,0.49794597286193465
1.486552453980058,23.308755760368662
2.1560649360413877,39.400140003230845
1.5589420803547618,22.868618813164026
1.6807289821746523,26.05422843536371
1.900119665971145,33.52082699908785
0.2509595020072697,9.846650524616628
1.4893173760618983,18.637489677952104
2.0232540527860987,14.603559870550164
0.850775045358356,5.88393880164454
1.0746215392863163,6.653225806451616
1.5987480018496787,23.73288938216797
1.694881116478269,2.8947368421052673
2.194009192474935,20.16930437983069
0.8194615293262263,20.117125672681233
1.5843731295421162,25.363583478766714
1.1479479946968938,12.233676975945016
2.147402773422832,33.3446519524618
1.0990376142895648,19.580133128520224
1.2132058868247426,20.41666666666667
1.7058072273731235,28.305084745762713
0.5366640264363854,10.282340165603365
0.399026824495229,13.545009288971457
1.8881646829052892,28.105658709106983
2.7029072241729883,36.07435757244396
0.8593309843131763,20.324875822258022
1.8715008070218648,30.872584541062793
1.4089489035854306,9.925690021231425
1.2585603909561014,12.852852852852855
1.2681322754988942,21.741935483870968
2.4977559160349667,33.87096774193549
2.2754794159329452,33.35281739537059
2.747806454861795,38.15496098104793
2.864729446356191,32.90715372907153
1.092355341226823,11.557243624525235
1.3890240804066796,29.262452107279692
1.6661103668816737,13.10555520917763
1.1669493499853376,5.97456373853889
2.5068600452404186,41.07028412732322
1.6971638952970454,12.199854474896917
1.4595172613024492,16.34684749675371
1.256049612329184,11.968810916179343
1.7504390734420632,41.945945945945944
1.5801849271598034,24.56896551724138
2.57632736770851,34.78560188827695
1.1175671676761847,10.574229691876745
2.074015566485084,36.39355620994284
1.8636476110146751,15.978835978835981
2.763846833006563,36.392085604684034
1.9518807484007281,27.59875259875261
2.176273322390901,20.86038961038961
2.6442423098187247,33.051524430834775
1.1803500327833778,18.16125051419168
1.656991673513253,25.778946529603942
1.4212094711606318,18.938221640280922
1.5972254048451566,20.413625304136254
1.7523892888183354,8.771929824561397
1.385328289648327,22.34432234432235
2.457883482636264,32.53807106598985
1.729732472633333,28.130360205831906
2.079168575461123,32.9346381539205
1.0953109984414908,27.690100430416067
1.3044529270797764,19.162210338680936
2.1779993303047784,17.647058823529413
1.696489487462424,25.2901023890785
1.7326487610669736,24.310344827586206
2.862324634213079,45.1360544217687
0.8425099979853679,13.211998651836879
1.9101676947452448,29.541223404255312
1.9289349418505508,42.08819714656292
2.084146232871878,22.696278979154485
1.4481673788584273,16.213494461228592
0.7572121194478343,16.224951519069172
2.3698353563333527,30.989876265466805
2.5060036494479534,33.02063789868669
0.9787471173495262,10.131578947368418
0.9569417613612758,17.484681186677186
1.7836551006509467,18.57822410147991
1.4655492779664538,26.793650793650798
2.506522522462134,27.158318650893527
1.8228286073271387,33.2687338501292
0.9594972744148917,21.299822289921302
2.4470496443120155,21.81122448979592
2.207140034635067,30.33559991226145
0.8815161314300948,19.375
2.092511538899401,22.580645161290313
2.4119931269649197,26.383196721311478
1.1768323652511523,19.780585106382972
2.6787671937651183,39.318996415770606
1.6289167930380661,23.757763975155285
2.227373703505781,33.373688458434216
2.3990409587941928,33.15018315018316
0.7485341842414618,14.268937169700521
1.7958594386020033,15.612244897959187
2.0345260136597743,19.52983725135624
1.333560534069206,19.474969474969477
1.5088625884082916,23.850165955429112
1.4201383418392435,13.314977973568283
1.5663682526106129,21.43854748603352
0.1908918736644028,15.3702907892852
1.6786470862868117,26.50965250965251
2.8917473115701418,44.92686593050817
1.610081003255538,15.00740353627733
1.1221124122192936,10.741531888922793
1.5433181629078119,27.78649921507064
2.593766328540468,36.85268979386627
2.3168062763029083,23.78048780487805
2.105717093764567,23.01140266520126
2.5344283841526156,48.44956772334294
1.8374243170296012,20.417762895639008
1.6313122886114484,24.051796157059314
2.0028532509458428,29.497370673841253
0.5480209414037758,15.250334274253454
1.8477235602912645,12.902880394046477
0.7865152070977902,-1.5819750719079622
2.1060432930433457,37.738095238095234
1.2683242621676838,19.5392842451666
2.244835361991858,20.301464254952634
0.6119002368176458,12.762406675450151
2.839401826150885,40.85171490501084
0.97558186000936,20.24291497975708
1.0361539361429282,26.50954421503701
1.408597146958912,24.78632478632479
1.7077314313297909,10.310901219992125
2.3571830679323043,35.79373680908106
1.6909345426095312,19.382321618743333
2.127307515742203,28.172339169781623
1.286138714966862,25.274228203098488
1.4945824168747417,33.67918902802623
1.841609346520051,31.55393457117595
1.2066886580363552,18.095566672416773
1.0426577082968038,16.666666666666657
0.6256503103519594,16.119554204660595
1.5074959676617998,20.303030303030297
1.7287551701643482,17.308429118773944
1.3782215527657202,14.60519740129935
1.8803508766021908,24.9515338122933
2.377841499136321,39.766332600889655
1.768370159822254,25.360576923076934
2.3988020961449967,41.88687035507846
1.12717228689682,13.350700097688048
1.5115917411475657,15.16452074391988
1.7913766091879633,13.179413179413174
1.447976113229412,26.43374437267567
0.00038801873144393706,6.543778801843317
1.8695831716463724,15.752688172043001
2.28718272767836,38.911407064273305
1.2317041729603957,8.90804597701149
1.5546694375093855,21.785714285714285
0.5969735510675892,12.26525821596244
0.9766986400220086,3.4907138062206258
1.867624004142861,28.900375939849617
1.0317213605121012,24.42528735632183
1.735326964406637,7.883275261324044
0.5256148192263963,9.671848013816913
1.0355872040678187,23.468910705937347
1.8925061680500574,25.19417475728155
1.4595293709666637,26.358490566037737
0.7411951155371961,11.266826479808223
1.5746832575403773,18.787079762689515
1.1683987679282724,10.115465929419408
2.4249886522595014,24.630905511811022
2.594444530217352,33.63171355498721
1.692028941513215,22.917588087866733
1.1443681156751677,13.455657492354725
1.5253367596692904,21.235521235521233
2.4555629329977555,17.298850574712645
1.169001555876306,20.074982958418538
1.7654239676757693,30.111754966887418
0.9257229706714957,17.073804573804573
1.1945246799057936,18.8758479595133
1.2289529742466057,20.371069182389938
0.8158075322293343,-1.8967334035827292
1.42334896301288,24.03455284552846
2.1351463510454463,30.8171647075485
0.9970241637217465,6.326452599388396
0.7919924044612776,9.410263958394658
1.890420820378396,26.510555690366424
1.7731502471621265,10.23210199411573
1.7326271906473645,24.518743667679836
0.9578095159678386,12.33781414377556
0.640121107333686,14.571937803453999
1.029550510623758,12.062346437346442
0.8100776032777224,6.041287188828171
1.6684513833516188,20.139721967398216
2.2982695844008894,35.735374521596505
0.7664148115598713,16.772327883438997
1.2650077211606392,24.9718785151856
1.4531449013791629,14.11995424088903
1.2304457686709045,25.15151515151514
0.8466202588800658,20.46155744785881
0.6596262607981986,16.016597510373444
1.5461938201739873,18.494623655913976
1.852441985162754,20.498251748251747
1.7491229984591519,31.85677371723883
1.183352765306467,18.7291444799432
2.033062203695893,23.637410900712794
1.6417146113863461,13.049220744915026
2.436867961696707,35.234927234927234
1.718846874362423,27.24394626508085
0.1476474652306174,2.5811209439528042
2.1239510433265276,19.268558951965062
0.8310371602065767,15.655960118634432
0.6777515134761753,14.166666666666664
0.5921521584228763,11.890243902439025
1.6405179154907117,19.925442684063377
2.5243214832918914,47.09443099273608
0.13380613805654207,12.08174714486075
0.3859417082656832,8.156028368794317
1.2734327371310892,31.644777986241394
0.9191987438815237,9.588658425867727
1.120304850746537,10.472178683385579
1.199504203636075,11.524064171122994
0.3043807350908978,3.3333333333333286
1.9240283692821256,28.95293495505024
1.7207773270191147,13.938848920863315
1.3418117413348045,11.525974025974023
1.3463477307022629,19.166666666666664
2.6479985542070295,39.126748622297576
1.761348007198558,21.453287197231845
1.987058465545983,40.32258064516128
0.8509531847900755,11.552482715273413
1.7583189449236054,14.131526104417667
1.3726868295489243,18.366483283961074
1.4159928718429795,11.942237163814177
2.060570058301044,14.41389843451698
1.4025222301691205,7.142857142857139
1.3421238804208366,14.315535047242363
1.6573255977537875,16.023993144815755
1.2626387844755929,12.99878591663294
0.8601740522754193,3.9634146341463463
1.7833318526595074,21.54411764705882
1.3962674828248445,18.61534239055854
1.9609231879443567,25.330720235178845
2.585351440891538,33.654056418106265
1.87449809281236,32.77777777777778
0.3576265076263857,2.1612740141557154
0.5552469005436284,11.133355577800017
1.4939786501091934,19.651741293532325
2.1233826906356814,25.474183350895665
1.2893731888739701,5.744255744255746
0.9660368172382433,22.764857881136948
2.629738220544753,31.398512606566293
0.8592094889256292,7.859848484848484
2.635761219406897,44.978021978021985
2.0822820063016736,13.911290322580648
1.2226345752252321,10.130287009063444
2.505105454227212,38.103106411103774
2.7790059005120105,42.722103766879876
1.455626064735937,22.296902396259497
1.6023120545601968,29.29953917050691
2.7946561865913004,37.17948717948718
0.4772749516086869,8.94015193626089
1.5373840575928839,14.157188932269563
2.4648081479010244,27.334983498349835
2.4358962276114466,34.58159963014331
1.5799015680617254,22.3178137651822
2.2644099279049597,30.773993808049525
1.929566413060404,27.64372952040513
1.5460009504655805,10.061939072177978
0.434398982734465,20.833333333333336
2.927616093005609,36.94885361552028
2.1707964804349746,23.328427249789733
1.4185471959215779,18.656330749354005
1.9992956725896522,28.202468623586768
3.033907919309738,47.71513764648776
2.1056441465143747,41.825664047886264
1.4761282202167347,21.238938053097336
0.4440964840241211,8.974358974358978
0.820049920126553,10.724637681159415
1.4782910991083824,17.92217749664558
1.8020832743038775,21.46226415094339
0.9627768960569438,17.43257820927724
1.589222783957455,28.51443768996961
2.222068561842585,17.669772517417947
2.232757948575684,33.68852459016393
1.6145009458990573,7.894736842105267
2.5063539946473785,44.27480916030534
1.4591678094484952,30.931495405179618
2.0772373569784977,22.93882978723404
1.8756732502249234,6.972789115646258
1.0700568498137917,16.34829485526778
1.5925964575388547,24.38168449197861
0.6203207201918669,8.40336134453782
1.598657329442818,15.890708226474658
2.0868213308938133,39.390828199863115
1.9119189387495,30.555555555555557
1.0922294071803167,13.957307060755326
0.39391412153560623,14.027833803953207
1.734366209594008,14.86772486772486
1.6983693232055406,26.89440993788819
1.1135608840850273,16.930913264940102
1.6111632837196606,25.110931827349745
1.1681195646209086,14.327485380116947
1.6229280490682614,27.201565557729936
1.2548624139632294,25.149279943800494
0.9312504754995344,18.580329327992885
2.0511226095120083,26.811594202898554
1.9389316088177462,24.361845051500218
2.5306190422502612,39.99434509083197
2.0170747855844042,24.02009463169577
2.1396127923458965,32.52641926763333
1.0146285645166215,19.03073286052009
2.471916263413833,33.79044068699241
1.1605713927205663,15.801614763552465
1.4395445634912134,10.03430531732419
0.6149912567513605,14.03508771929824
1.6909985120586701,23.762535098275173
1.9601571809252751,17.113095238095234
2.4336741599981457,37.44095816464238
2.279638388897525,22.08222334221327
1.7634686454457977,30.34420289855072
1.6690408534413255,6.101010101010104
2.1796489955974288,35.70920303605313
0.6296115189598114,2.8632025450689227
2.206787841036862,36.22799860123557
1.2658034721504658,19.679324894514764
0.9714036256440698,12.147887323943664
0.8979702212359737,10.359361135758661
1.641695339687365,9.734201725048408
1.886709143634961,21.73368490441662
1.5855002902821806,22.82051282051281
1.626126500992061,24.193250968098845
1.1390125457965556,1.4035087719298218
2.995036237875584,39.927305770104496
1.8042855468899361,20.210970464135016
0.9865694220387236,15.031804486106466
1.3946417625912821,10.684931506849317
1.5366754878538678,20.96279104589354
1.2498901465779317,20.00518268981601
1.2802442730461754,17.854251012145745
2.525890993857989,21.664029535864984
2.686544777088628,41.31205673758865
1.6102281453065967,17.889317889317887
1.248725206572988,17.021276595744673
1.1219259155649104,12.776085300837778
1.4390328269643935,24.03418803418805
1.7275199948535158,33.163965943422134
1.5949720049347067,27.825548067239907
2.3241934483887667,41.92847593582888
1.9705449912925033,20.33687943262411
0.21093346043136807,0.8783783783783718
1.0687510702395695,9.484842849172402
2.475545495652563,21.845075239398085
1.5371779403123549,41.71380090497737
0.6257416258079473,18.340517241379317
2.06137122066151,21.382865268396728
1.1633403780955869,24.00783655191716
2.9409493793240546,33.73608903020667
1.8052823494482895,17.959183673469383
1.36329219529674,20.263157894736835
1.9555413680157274,17.991296381126887
2.1558549276927375,19.0937019969278
1.84410040884648,32.14226633581472
1.5793271003011837,16.442451420029883
1.4993317675237772,20.251572327044016
1.3751449697899656,16.105577689243027
2.0231709264361983,24.99661475964794
1.3899104991158542,20.91097308488613
2.2611769882015014,25.181320778725024
1.1115885346242729,26.238252476504954
1.6979630646026886,24.04040404040404
2.872384056785893,41.45717463848721
2.348642065364946,30.617112193182948
2.5038231530435926,20.941377834830988
1.101681947510824,2.5749858517260975
2.1128698793687652,28.148148148148152
2.1558017579452424,27.552890221555884
1.744918027662313,19.103491885055853
1.700307755063964,20.443280650893115
1.3537569557644828,29.04761904761905
0.5670921628871616,2.1531701192718202
1.5088533300847926,19.527412717376876
1.9870446362342493,32.3139851967277
0.9642528554911391,23.14426190190671
1.7702149118082229,35.36613536613536
0.846430169011858,12.998338870431894
1.5168602790962948,26.14368010843782
2.0399779289165423,26.096668409296136
1.8460784374939812,27.973856209150334
1.4393193683588903,21.70940170940171
2.6989430208538203,48.43077474892396
1.6761677568995215,26.726904239148794
2.4380432194477484,27.836318932209352
-0.07587127603028887,-4.35553803705163
0.8198122988043047,15.752808988764038
1.7928481902499305,14.653243847874712
0.9771567268247998,11.698717948717956
1.7509547940537757,32.781094945757296
1.7932006557854845,34.952380952380956
1.6234414552052696,16.834573015723564
1.5935084859324418,17.663817663817653
1.9134988152195085,28.865602534421832
0.32367971009629215,13.280334728033466
2.686215713009283,36.497971798338796
0.3680326154712073,20.701581027667977
0.522614873128362,4.081196581196572
1.7285999804780565,23.529411764705884
2.2805705452372678,30.473214285714285
0.8820869556381382,12.723609991941984
2.5347247679074507,17.342268715266435
1.4638831606048197,17.205387205387204
0.270577243124995,8.80952380952381
2.100263769437103,32.91505791505792
2.1496900902678977,8.539290240811148
2.0064187249678658,19.887218045112782
2.0975376612970935,14.243697478991592
1.1634920853122048,9.508293838862556
1.6680331591601656,31.443949205281292
1.988213623071387,27.32142857142857
1.6150311908385495,30.899208318563147
1.1872003546695358,15.050893743793452
2.0200783802581994,26.146179401993358
-0.11963984371936265,0.3508771929824519
0.21347629543801672,9.379310344827594
1.5594552239807782,25.517179348803744
2.554200420826098,35.968843363209565
1.9228483839468469,29.02229088501435
1.3677969333034201,25.046296296296298
0.8205923910798449,27.41935483870968
1.5189547993762598,16.568788661811908
2.6894816262006875,28.00707547169811
1.9040289008704798,27.066079295154182
2.9712662030318033,35.64710084533873
1.8917996336494083,22.547770700636946
2.5657585694503515,49.63235294117647
0.616363268136824,18.28598336210956
1.2531222407781757,5.079365079365068
2.4889712971385203,11.00536046384422
0.2634002033924218,7.626967095851214
0.910677378124097,7.248677248677247
1.2103012077111213,19.589947089947096
1.017794351018587,20.731707317073166
2.0669184363769393,12.97678275290216
2.220756686223345,30.026455026455032
1.0762587502988001,10.994216808170293
1.2832821599662654,5.702683615819204
2.403922810662448,41.92302901980321
0.5865549182685804,14.490263459335623
1.149490831543857,18.565400843881847
1.0366899537789913,14.222222222222207
1.620266644502409,27.710233029381968
0.6923392946044397,14.278672362799867
1.3992453174424497,23.279721439230634
2.394702775281163,32.41111372733695
1.4490021712976744,16.98924731182796
1.9493824488108655,28.205128205128204
0.6234601115506402,12.775727757277572
1.679260137599858,18.071266968325794
2.552709885148566,27.875
2.625631259742517,30.20609318996415
2.0995121292889074,32.47863247863248
1.8163141850051843,7.9408789479599875
1.7696384088590114,27.405701481389272
2.4798000169735146,27.6221264367816
1.4144198651075475,12.398427260812582
1.820902384415127,24.42436928500605
1.5951679492207387,22.482315112540192
1.6692243205850057,26.080432172869145
1.8495086359173145,26.535947712418306
2.277186069215501,33.97536005552663
1.094931109051459,24.55999285267577
1.4842093260849403,8.114842903575294
1.2854493650144883,24.663794229011614
1.9808789199724135,34.854151084517575
1.2245181158394165,14.995174168640872
1.985421046797517,31.695795937647617
1.1252501110476574,18.869683104558547
0.9547268011399039,13.264604810996566
3.11403046610092,37.648054145516085
1.544527427915466,14.411557434813247
2.3115089585217214,13.695090439276484
0.36988871535431506,16.461172398875192
2.0171381413460105,28.555555555555557
1.0762349033803957,27.67332549941245
1.632743378854412,27.87096774193548
1.5580238957278392,16.316262353998198
0.29363852793144946,14.86486486486487
-0.028649451451976005,10.019762845849797
1.2309593017243152,14.444444444444443
0.3512414559673062,2.5
0.35983612904930545,1.426282051282044
1.4871032799099346,15.11121046160725
2.0594453661503476,30.87201125175809
1.793659866747184,17.32954545454546
1.7869129842726017,23.84259259259258
1.6790352256046748,11.411149825783966
2.036459730631726,21.875
2.5401204801711685,45.182724252491695
0.34125722033944084,7.2326203208556095
1.2418395374144802,19.434389140271506
2.453204355693151,22.588009131322835
1.8379806628797197,26.171990171990174
1.4530397021569252,17.55111976630964
2.2310233319388377,23.734547820429405
1.0190861317082063,13.167818981772463
1.795118296484846,22.561576354679808
1.436117257269588,16.932778746813362
1.2157966873273227,21.106504275719104
2.468832043555512,30.91756728120366
0.7783704999169911,11.158192090395474
1.9195530980879905,25.00883704489219
0.45592941232604345,10.925196850393704
1.0110816494120198,14.45945945945946
1.6085582307052917,30.665512122711533
1.4277687346196464,23.97553066037736
0.9385240120985555,19.213739433785058
0.8496184599355274,18.388429752066116
0.4432020388643979,17.275985663082437
0.5289897989125953,16.343231236848254
0.8528802625521671,10.0232847782531
2.2640864511692724,36.83799101035763
1.4611253872214052,29.310344827586206
1.7737149035533393,25.603864734299528
1.7365739649570107,13.973063973063972
1.506341761265506,18.74334398296059
1.2157787966669156,19.53488372093023
1.2025569551333273,23.214285714285722
0.7958873640195245,22.145862552594664
1.482850353152331,23.252812096625483
1.9469836289298255,20.471667212577785
1.2038764724470088,28.623435722411827
0.9638086995981586,13.32586088797558
1.1654140980414112,8.035714285714285
1.9149594228262958,31.178063642518616
1.7909304290532913,25.550067355186357
0.45065548031565433,1.9139396372883652
2.0486447310552456,33.75586854460095
2.7975134348875175,39.63426754124429
0.3853707072357081,9.833333333333336
1.574379300025817,31.918673509672324
1.7011815129584769,28.07515065579583
1.4658000091378596,26.124218592458163
1.8636164004474471,27.946810908271345
0.5885411239411255,21.01298701298702
1.0667217298879181,13.402061855670091
1.1552659245299226,16.96581196581196
0.40596124172323367,1.716923964795832
2.378008357483276,25.714285714285708
1.1289930229366645,12.359550561797747
0.5990991282607768,8.56216216216216
2.1653827973358766,27.258403361344527
1.4277988084855748,17.886178861788608
1.801713687936102,29.35032749159143
2.837996170371345,40.983606557377044
0.8167250701195838,14.44805194805194
1.6895763109518867,16.640127388535028
0.43074195029793405,2.5488903537684067
1.3084133898241799,20.227686703096538
1.2701717328424846,10.235191637630656
1.5595675848905848,20.588235294117652
0.9609174530745082,9.587923296613617
2.5373140655049236,46.42024642024642
0.7488037532632568,18.083867210250432
1.1504387866778492,22.5
1.5162928203113983,14.145411902667838
2.173818823681355,26.51179607701347
0.7176104328705017,17.212156633547636
2.228212724082965,39.37568455640744
0.6292490626425015,15.794232894604647
1.2137517625197227,19.526226734348562
1.6492462204655434,20.83333333333333
1.6440969203908622,25.774647887323937
2.1540598298998592,22.58870564717642
1.80143033068539,27.263116162283595
1.9657512946309152,25.0
1.4028697349275818,14.611528822055135
1.6577908367671326,29.167807281686287
2.8521741664242604,25.043029259896734
1.3524697827409669,22.18169761273211
1.5264521280218841,25.056320400500617
1.5574317299561287,18.259958071278824
1.814740472100116,25.747126436781606
1.3186423326219303,20.836044242029928
2.277737019938614,31.592138240337682
0.9812045741039612,11.557093425605537
1.5133139017351702,13.8986013986014
1.765074936030849,24.31885908897403
0.4972937881226206,8.583769874092447
1.2859004236492582,12.090163934426236
2.575199635776744,47.379346133886884
0.839309390681345,2.4258760107816713
0.36321076454031065,10.04709576138147
1.9008115337906735,25.0
2.131088618013403,36.6025641025641
1.6582754657288223,16.120689655172413
2.092680476209485,29.842161583734615
2.542703852116449,30.536417322834644
1.7884251351225566,24.262452107279692
2.304897191421115,14.345314505776642
1.8391915493366835,34.85572667728801
0.6152056991877042,17.94871794871795
1.4116616807491704,15.954730522393206
1.4288504688657657,14.770104739925436
1.1163878785751222,14.269911504424783
1.8189195550184856,27.423076923076934
-0.2184468096673325,-1.1742777260018613
1.8362504867694003,13.621331128565515
1.096384927970865,17.252355487649602
0.7049635230453553,15.471759184334033
2.5217039220110364,32.410901467505234
1.8438456190466193,29.545454545454547
0.8356805112868239,17.77777777777777
1.050224397039153,15.962441314553985
2.732642674860738,35.26383526383526
2.016689540652567,25.263157894736842
2.3024909119712187,10.990990990990987
2.049510009751561,23.18762367332254
2.152208426241749,39.06091370558376
1.5206548004495803,24.306748466257666
0.9331254096228254,33.051282051282044
1.2608914092429435,16.025345622119808
1.7919671195081033,26.028528528528525
0.45202694480134015,7.328512800469028
1.1143970529862024,11.534080121511302
1.206004164901597,17.225756699440915
2.0929485450409904,40.0682525343772
0.44448111644561694,20.847457627118644
1.7329033147306023,27.333333333333336
0.6303201967499488,7.019867549668874
1.5225156321108653,24.283583261364527
2.6714097204834815,32.1792923811591
1.650271884204705,18.76750700280111
1.6702861548364187,31.040518071234807
1.656507374810971,17.5141242937853
2.144553118994176,26.359967715899913
0.3221696049519266,6.777546777546775
2.4103204159429237,34.05684134788344
1.301640718584519,5.512413868533301
2.48686414213941,35.80645161290322
2.142604801367042,27.928994082840234
2.113667361635515,16.886190574192227
1.5193224374741068,31.718664477285174
0.792551514149489,5.948000981113566
2.514289909792259,29.34603622677016
1.1073512426176682,23.549257759784076
2.6132268318224523,34.222222222222214
1.3060331468416115,18.071161048689127
1.332544850581792,26.86274509803922
0.46507889881374553,3.9208173690932284
1.1692078862033664,14.695340501792103
1.0016578632928752,20.139494333042713
0.990014160679104,14.296407185628738
1.3215100016576526,24.314765694076044
2.6925099567074797,38.3359830418654
2.6108150615217887,40.16425885612507
2.2789186129979426,21.875
1.0087903415723232,15.038874490929281
1.4997976999626925,19.13043478260869
1.4763851885047714,24.180505415162457
1.8834191460419256,7.058823529411761
1.2399767541251414,20.888888888888886
1.7843267934019962,26.176808266360517
1.3560381461011568,16.218905472636806
2.4962988466095317,38.887836301629406
1.988734287635719,25.79656862745098
1.544437593416341,24.9013343356512
0.24422937324764876,14.882772680937812
1.791666968598196,23.938002296211266
1.9564591548444534,25.365441487114495
2.1673485024277572,23.076923076923066
1.3279894645903552,20.951023581238672
0.41314958201414004,14.364035087719294
1.2233361657137403,19.818256918628663
1.61093837077335,25.677525321653448
2.6169420594717803,46.36101015748765
0.5116172842251803,7.804232804232818
1.033431535105409,9.244507259411542
1.9091917548999455,25.135822845746503
1.8987881632944306,34.99245852187028
2.9888802760362068,35.95413595413595
1.3538274507887555,18.19047619047619
1.269518515757581,6.156015037593988
2.0827085148139,25.577227200843446
1.5472394987536373,14.36243936243936
1.6545133299548576,12.276214833759589
2.2970126533508766,28.992576882290564
1.662502674795963,20.898641588296755
1.9296217902130262,23.231334149326806
1.9825082254232138,34.08840648104452
2.430471814243503,25.16339869281046
0.9520557183509082,18.38709677419355
2.15347169263746,30.147662018047576
0.6499180208625521,14.242878560719639
1.9855637084439226,39.39393939393939
1.298755107563241,21.354531992829855
1.2088222403914335,12.837837837837839
2.1552334156503226,24.71424158171147
2.491653266785552,31.334841628959268
2.6756515071923976,45.292766934557974
1.1808806521392134,10.097482904117555
2.8459215938326508,43.1142796640079
1.4239741446932492,19.402014949626256
1.3843368572866055,25.164422173504533
1.4587677478972472,27.75291828793774
1.4694503470624594,13.917061077304474
2.242479070573986,19.39605110336818
0.6446408860940998,5.45454545454546
1.3252859204405463,18.604108309990664
1.9137950586853638,29.744101030242604
2.6319242087871673,26.83333333333333
1.139417175152741,19.6841964405192
1.7136264740326772,15.3494623655914
1.7683146390394924,32.09940910670838
0.7616302115797756,10.351270553064275
1.7307172344980564,27.62032085561497
0.96546183313764,12.08479823686833
1.1207227847907897,13.959085439229831
1.262822385378989,18.501291989664082
2.136508866623007,24.5694603903559
1.765015103538366,21.1783960720131
1.5678788605435507,16.666666666666657
1.4826883826677717,13.711072664359861
1.9191924652234404,28.338171262699575
1.1228257315343941,18.34542815674891
1.581231575412831,23.442756060781804
1.709471550740724,24.275008145975896
1.61843651028855,19.2916960952477
0.28586901787543784,11.515949663447465
1.915304327251734,22.46283128636069
1.972464109949403,27.399867593512077
1.1026578747053524,19.383296232170835
1.723686183822692,23.640042852041418
1.6492125135900064,28.410638755466337
1.5802392915267771,19.85652797704448
1.9704755495071242,33.8063295493636
1.42124300261426,25.41039671682627
1.733788028519866,30.136789056875443
2.1002697438531577,23.461538461538474
2.0730706342639436,8.975750995294973
0.8073917462442755,12.671375155795602
2.094456191223233,16.742424242424242
0.10235481547772488,17.6027397260274
0.7405556376237021,8.85476916605321
1.5194918618807867,14.757296706727018
1.4549464363545024,24.17403443462075
1.0941060058114964,20.219435736677113
1.2751249947867969,22.15706272310046
1.1422604404667929,17.92114695340502
0.6904942337457285,5.555555555555557
1.5360073631314437,16.666666666666664
1.4625665939291492,29.771646792923384
1.3281564236841472,17.292418772563174
1.3600169858570155,20.98936662043458
1.2389674127142878,17.20430107526881
2.2502560750643896,25.208037345240527
1.9866132758312802,26.96132596685083
2.5560247255020463,40.72681704260651
1.2153741102224822,18.7515006002401
1.292728755769335,20.770010131712255
2.490082056175192,38.61626878868259
2.056086978277108,23.679653679653676
0.9575850313352121,5.803571428571431
2.3669130953000894,34.75468790136141
1.9634284002399025,10.507246376811594
0.5208563371494392,8.357175124228277
2.04989857777578,13.763440860215056
2.0193325351905624,21.40951077659939
2.3495121036062137,37.73041474654377
1.87664480743351,18.106155778894475
2.0953534875048687,32.066869300911854
0.40498986284366395,3.9362036455059695
2.127817449155428,18.694885361552032
1.6707568179499932,24.52128241601926
1.6494289423911679,37.16866753833353
1.0955035320305762,18.31550802139038
0.5708677911975162,3.279220779220765
2.3958469604795827,27.298850574712645
1.7304084220339244,23.11146752205292
0.3990338664934419,3.1704526883477655
0.7094402422256685,8.666666666666671
1.9019840063269424,12.850958565244284
1.4475385610817209,11.634975613204219
2.0738991536805558,16.095238095238095
0.6422316443255527,5.108359133126925
2.328754288502738,36.271691685297554
1.6792500050825447,8.407557354925778
1.5967921558511136,-4.248515303791692
1.2695311260565378,19.152854511970524
1.3680077966583526,27.36220472440945
1.4802631178384995,16.7713567839196
1.0410004913651143,12.5
3.0425660362542355,31.94980694980694
1.3280205702746732,17.258382642998015
1.8923457774195607,20.693512304250547
2.3600751439443997,24.053156146179404
1.3068079683891682,9.375
2.2097483697573868,31.481481481481495
1.905624968217517,31.553295189658826
1.89389420914325,22.05490196078432
1.9091816744703618,30.5891144600822
2.059790677888381,30.8034830793588
1.088728337665797,16.74975074775673
1.1676816876397713,12.446717817561812
2.3277198494178015,39.40837659105455
1.8090092014292263,47.336898395721924
1.4531103218171664,27.19587176108915
1.0677845992258188,22.10712704736609
1.7287819904856863,22.549019607843142
1.4718295508249495,20.802139037433165
3.005424671318109,40.836232958758764
1.9759527066526203,23.587807606263972
2.0071553959599364,30.474452554744524
1.7880848532270102,19.144736842105267
2.147723937963502,22.868937048503604
1.6680837146884717,16.732245371863506
2.591701744631434,32.71171171171171
0.9647106618948041,7.047831826952375
0.6659344569366106,13.357772940772143
2.5694896848252773,20.836511568777013
1.5489815943112641,23.553113553113555
1.9671007349811038,33.66778149386845
2.683094202509461,36.729036729036736
0.3976006393471867,4.507989907485289
3.1535043385819765,39.951573849878926
1.8051576430714982,22.913816689466486
1.1639013556460278,9.213187702265365
1.400070760382849,15.49829018075232
2.005196061755832,22.330097087378633
2.023122223395044,16.13737734165923
1.3895434607037302,26.823176823176823
0.8995420174320465,15.019305019305023
1.6725321754094153,13.612313612313613
1.5013882740975135,22.877697841726615
1.2179088306975263,9.258373205741627
1.3509063675827342,10.116936013664436
2.6068264248719784,26.128078817733986
0.9288877557484281,13.611111111111114
1.5007447794256894,29.311001141987056
2.7463217426726914,30.9375
2.0935820900958078,37.61593016912166
0.9433506611142564,20.22454267095862
1.796782787601377,26.797385620915023
0.7417122977367708,9.925690021231425
1.290004424588715,16.580631839768735
1.5650039695121425,21.42857142857143
1.4419664996967692,22.92939936775553
2.5364579303672476,32.405947285424645
1.3216194180200869,22.509003601440575
2.3944981611849654,37.50718803910294
1.0148591971531395,17.691154422788607
1.0086382962549842,16.39095992544268
1.5774052635346536,29.97581035316884
2.1314721147516433,41.35903746240088
1.7853869933918038,16.33333333333333
2.1412338398746695,28.684594538253087
1.3709361896697199,15.383052225157492
1.0820577211144162,23.321123321123324
1.2509155485522507,15.037313432835816
1.4274291456970782,22.404371584699447
1.5766121484606836,24.00069820212952
1.6793962941920202,39.861111111111114
1.1097073879772117,18.195121951219512
0.6509160486518828,16.204690831556505
1.285481902938298,20.588235294117652
1.150162226458438,15.387879816669496
2.3306491802615823,33.33333333333334
1.9062763020037015,25.527346217001387
0.921966464633034,26.62162162162162
2.217501220212575,17.31169371618809
1.2582763779724384,5.70006096321886
1.6202693561335442,6.154005811540067
0.6413007253748625,8.484848484848484
0.9286871474466861,11.637931034482762
0.5819506656311824,2.050284346004183
1.1392990808349506,11.112503132047102
1.7860730203786503,39.421734795613155
2.149639973384544,35.042735042735046
2.341470788310753,34.430685593476284
1.6786734312301947,22.567676226212825
1.5928387372706083,36.386179533807244
1.759108783345923,21.891145019824584
1.3002717390897085,20.420420420420413
1.3255469252437684,8.645072992700733
1.1708464557845337,26.880341880341888
2.000125526666692,23.3196960841613
2.3297238060396657,39.28571428571429
0.8167311311654328,11.903317152103568
1.5878815456294002,26.149083115027402
0.143655455698775,11.947278911564624
3.1944265288557405,41.282051282051285
2.2899880585493624,20.805105547373586
1.552693801666102,10.286458333333336
0.7970646443940577,11.949880915398154
2.260865971029946,39.73034274193549
1.7917146564049935,28.16118935837246
2.0102373899997747,25.788331418358226
2.580003516678337,23.292978208232448
0.9260038375119282,11.55849793792057
2.3160199300363686,38.44827586206897
1.7103658501201955,9.226190476190467
1.0687857846563493,15.879302215935873
1.3747045776946045,16.16379310344827
2.001227937209122,16.428409348763324
1.4114677237562598,20.294117647058826
1.5420998231137182,3.9573070607553333
0.9800683081687,12.129629629629633
1.1437241993007508,9.240951742627345
1.8893065352382563,11.262626262626263
1.6767938797678987,7.740447957839265
1.328248554395706,13.51776878092668
1.034310474247515,14.158305462653281
0.7279060094178041,13.380102040816325
0.8260844213054941,18.125
0.9977443937966313,21.457489878542503
1.2762588760251805,22.133333333333326
1.1669561190903446,14.84674329501916
1.99023693930192,25.219395443666336
1.7493024349481756,30.55350553505535
2.2826270905076473,32.75985663082438
0.9555750646001183,9.32779456193353
1.2988237175753552,9.99800571694476
0.31034795087017303,10.150009740892273
1.8957404811267302,23.741073063541478
2.1085334172069388,13.190927108566392
2.786922931016232,32.57685166082112
0.7628763698664054,16.4409648751587
1.5903932492649098,13.159615205006077
0.9783601049324161,15.70427236315087
1.8136743020479056,25.797046929370822
2.5794553547731947,36.47754959972155
1.5009823059859395,20.37037037037036
0.9704764525829636,18.518518518518512
0.7817119074902933,10.468085106382972
1.3915924762398415,6.466165413533844
0.9274253917261561,12.06896551724138
0.6203700820054734,12.861111111111107
1.1952895788144895,21.256038647342983
2.2308110385848328,19.183857852733027
1.5501522415655682,22.890025575447567
1.295424239127796,8.379606259464907
2.033242952129697,19.018731375053207
2.0131946353368515,14.590869939707147
1.3241519893152707,18.034934497816593
0.6747223015974718,15.439020182853199
0.9052262807891605,13.251366120218584
1.1019777457411508,7.63513513513513
1.5507794578855743,18.952380952380942
1.127165916571222,17.086834733893554
0.7106850049888738,4.677419354838705
1.2928394503834446,7.817312798725439
1.8116668712350155,27.591036414565828
2.0399107680510697,31.66666666666667
1.3383943018465179,10.838368580060418
1.4990812032170568,17.162379421221864
1.7856796259946215,27.443582756934255
1.718229913955708,23.168316831683164
1.4601350301961968,11.686574295269942
1.232563508920745,23.098377281947265
1.3328560918156662,16.39505730659026
1.6603947030640396,25.591798695246972
1.3327779553453736,17.838541666666657
0.9825884339160973,12.048192771084324
1.8985187031953743,21.353861601539627
2.4071608323275826,36.42109851787271
0.8776384650100191,6.614263803680984
1.6963759740880835,22.44960605750537
1.5430892412164146,15.704787234042549
1.9832667314230432,21.288014311270125
2.083533942341052,30.38628038628039
0.2654809565352745,10.620268896169918
1.8971238466543068,23.333333333333336
2.3231442300365965,25.825953678474114
0.8781183099698815,9.239130434782602
1.6240564353226032,15.27925531914893
1.877759196740472,8.578263841421737
2.0936567709184937,31.709956709956707
2.4101848918614706,16.458333333333336
1.6828919876885142,28.531765474440633
0.7415211919807035,7.667224080267552
1.9777535335499388,24.144809015657728
2.0874960133445657,31.939768901828778
1.242925079948107,17.122593718338393
1.7933842936707456,14.693877551020407
0.576405269037111,2.176232131427362
2.340979294889832,33.73686422866751
1.5855010703430004,18.723828514456628
0.9037820425260721,19.08809207613988
1.5947249130538281,20.14901960784313
2.1955399841931698,29.678044057129014
1.8466089875599692,20.253378378378386
2.0180503776469787,29.74910394265234
2.0745933648085346,31.37189716312055
1.6783852616138848,26.679018063918484
2.162483366814527,34.7093223254214
1.0343512408817683,5.394736842105267
1.983715057082644,28.170103092783506
0.37976201839807927,7.183908045977013
1.7681042528534179,41.08359133126935
2.318443277269992,33.150684931506845
2.231446356289859,23.69075093200781
1.6781840677022086,21.68870998658233
2.531980437053059,26.557935735150913
2.136327411125078,40.409590409590415
1.8955586264374282,14.79365079365079
2.264435858107789,37.727640631323354
1.9348861848477947,23.36502448862001
2.5281372530525794,30.770662695457922
1.7574408684089797,23.22222222222223
2.242302180039112,16.711409395973156
1.2395812962341735,12.485047846889955
1.9442761963848136,33.529411764705884
2.1821890211710593,28.08921036769138
1.8776084750759605,10.509259259259252
1.5405122612955584,24.915110356536502
1.5510936098160064,23.661337886077916
0.9412676707455453,21.138023836985774
2.068021792169996,33.72859025032938
1.0448801581770732,12.551953449709046
2.0304788620019183,26.502957250879696
1.349940215519177,8.375275243787357
0.5407655984317772,14.28080622995877
1.2077725795891374,10.5459519960204
2.3368112322903114,19.597457627118644
1.0971476485840657,16.737616099071204
1.4722743775246716,18.380062305295944
2.720275433263618,44.01054746358613
0.8932476276212009,21.18226600985222
0.8366048483184241,11.329787234042549
1.7013218453483143,19.74203737825743
1.3467490459339053,19.877031181379003
1.2656914060089564,5.346215780998385
1.1295734890509275,16.892688679245282
0.7326108327044816,3.223443223443226
3.0333535355767145,25.518558951965062
0.8646997662618409,9.333894559612752
1.4570893871498527,21.144278606965166
1.5608799817478929,22.426524885541276
2.5938082450753606,35.53232675183894
1.3304616182006384,15.968208092485547
1.203595495366906,23.468910705937347
1.9688955754041377,26.809397499052665
2.7003996893745255,40.63212772890192
2.1107797190016266,23.157248157248155
2.243702757118796,44.2200647249191
0.5923308931780493,4.365942028985501
1.1096379955314712,27.254901960784316
2.4292687147052168,30.772783251231523
1.2884717915528368,19.300852933574568
2.1473500508746994,35.16343707183403
1.1927284774151343,20.547945205479444
1.7222002297594632,19.26056338028169
2.00639764774989,35.16612495485735
1.3618327722849877,22.78111900856569
0.9391587675536321,19.537431527693244
2.5406288864099604,39.918625678119355
0.9209116032327349,16.369969040247675
0.9492418477408446,21.168154761904766
1.211267351473358,18.53479853479854
2.155573583969221,29.695682944090585
1.0608291165937744,6.4345018450184455
1.554570531776156,5.570734669095316
0.7206320548294822,8.79164047768699
1.7631088239510868,19.754901960784316
1.3076915734153705,12.638888888888886
0.9212291987263265,13.949275362318843
0.661036761384121,18.45694799658994
1.8871142956168239,32.92847503373819
0.5268018061741864,14.815286624203821
1.2833579000691477,10.162601626016247
1.7767596660171967,17.892699115044252
1.5836517097523526,16.190382341348055
2.0549333079402907,18.256297383223284
1.820882311515018,19.364607736700755
2.2494674485670654,38.21687218633784
2.1488931985844375,37.292230382682654
1.5328753854267427,15.612272603855551
2.4740479078758817,34.391801075268816
1.459507652843947,23.529411764705884
2.0114808493771066,27.76872964169381
1.3932579860104841,13.658536585365852
2.9880939012483525,51.452585419331264
0.9350173484455262,3.5390199637023656
1.8355343448847532,29.168532616808477
1.651478476857594,19.111273881462495
1.3149369876391512,18.914237935977063
1.169889414686463,7.970043358297211
1.0432024535835942,11.409712399811411
1.523284599639711,25.10714285714286
2.2019983106605974,16.760299625468164
1.7523663213814262,25.966292134831463
0.6694582018895444,15.670329670329672
1.8138873564119267,32.461538461538446
1.303258439757574,10.099637681159429
1.8428659769026274,21.928032683846638
1.9505359259144168,33.35135135135135
0.5283605939903433,12.380952380952372
1.5641752235961393,17.030028794734676
1.8948620580773334,30.609756097560975
1.5206036121948503,22.73505900266464
1.8135287959635744,26.186440677966104
2.139357518976885,30.610861645344407
1.7830599672445653,26.37915543575921
0.6333196925258132,15.209505941213266
0.46496385433206355,10.534591194968542
1.837236954244479,27.59301600498857
0.5574593792208313,6.721698113207559
2.41573166421571,45.70409982174688
2.2953981465970457,29.63768115942029
1.78975385084345,10.27568922305764
2.316482259680516,8.61742424242425
2.0495543391557627,24.665052461662633
1.8254499044920658,21.10360360360361
1.252222936206692,18.1264066016504
0.8924398935733209,21.29499766245909
1.995455681027285,30.959706959706963
2.0243758817341773,6.912627602282782
2.2793945297415195,46.24505928853755
0.8095622753305418,15.663082437275989
2.0588249696645233,30.428528618519614
1.7163144842967948,13.804945054945051
1.3868750343804908,23.141286158259625
2.6391890827391684,19.638336347197097
2.321178686537852,28.99187531089371
1.1885880541823504,21.88034188034188
0.1328206758119883,8.869129046967622
2.1310317359571846,22.704782847718526
1.7364630955412599,21.212121212121204
2.230445528673214,33.691164327002475
1.5569796446385236,23.529411764705884
2.2393934078874906,35.064935064935064
1.1744940019310826,18.888888888888886
2.5963430408803694,32.166043674995095
0.9562897693484719,18.914285714285704
1.9564982265760498,25.62699498404013
2.4294843013087695,34.75845410628019
1.0520235755365814,22.0474406991261
1.2786935100467354,13.753753753753763
1.5136970778888246,18.498198493285294
1.1779584115075064,20.063778899813983
1.5502134572503128,18.186936936936938
0.5350704252147429,14.540576794097923
1.6901691806285393,27.08692767086928
1.3720700888848214,24.684994272623143
1.6812184324493855,19.468450887463987
0.5810264964628526,11.587252475247524
1.8759758100866406,15.356667070364537
2.842612289385782,42.747223337347776
0.8117536524018613,13.991233266200688
1.9942876461055237,29.310344827586206
1.9540725694098777,30.95292766934559
2.505654251419965,33.445945945945944
1.168691858568448,20.150659133709986
1.1784768189176367,12.982031092267313
2.446029400978682,28.280313508529268
1.712664398600436,27.996118389131496
1.5776515908905804,13.2067932067932
1.3773355581488622,25.349948787982242
1.8824668177426445,11.93910256410257
2.277782848094147,28.742081447963805
0.6436417106600691,20.81172199170124
1.7918440511101832,21.70705187946568
1.9349556445802503,34.568733153638824
1.4160630169594837,16.959011992124587
0.6421212276920457,7.846556233653011
1.3585034412245234,9.002770083102497
1.2134073955880136,11.914893617021278
1.5711616900967285,13.361893104855156
1.0463825000709523,4.850006607638427
0.20342341475700043,-6.032616539183138
1.516587133467421,28.70930567559781
1.3251650092847793,20.559114735002908
0.13363670364504104,12.71033653846154
1.7398491896415913,33.57142857142857
2.163095715407302,35.231660231660236
1.9887857317074906,7.8806356245380655
1.6957006626094389,7.015669515669508
0.8983808235421012,15.919191919191924
2.460848275524122,21.656217345872513
0.5043647898960553,11.731916847006346
1.8554534607341293,27.69435080192053
1.385049679927532,5.595408895265415
1.4648466000255391,8.315863032844156
1.4330376225708499,4.017857142857139
1.1147692963776503,10.847457627118644
2.506320695373735,34.44444444444444
1.9844993957074082,33.55515452289646
0.8632215759484154,14.156397383234442
1.9663996568821909,18.057455540355683
0.7029388662869356,14.002089864158833
2.831980983751742,32.29404102898078
2.8636598938388134,36.49962602842183
0.6183658033970207,15.053763440860209
2.32885389497938,39.20693612138212
1.6627603741191912,19.680319680319684
1.5075829624591104,18.308457711442777
1.8662994342505528,18.212112431179364
1.7117630162551265,24.35101130753305
1.4847785419535013,20.336510406535687
2.3420624184622976,29.820686070686065
1.0161224563665607,4.856099082241826
2.1817030738717573,20.289855072463773
1.6895989179203335,15.792419638573485
2.8422246180172728,55.670103092783506
1.5775191462368663,14.166162532768702
1.685386310623531,12.057938299473292
2.2629652502015576,26.794554455445542
0.9347506164498041,12.221489782465397
1.4746230103074809,21.568627450980394
1.7543430893125118,15.781853281853273
2.777653211468347,40.340076223981235
2.2305475098312564,29.38591790804844
1.4152820283350778,13.582995951417004
1.795174167731438,21.236453845149498
1.8742985175154812,8.549567531603465
0.9190456148826758,20.289855072463773
2.416591527967473,29.18918918918918
0.6935003323739973,4.705882352941167
1.2113019090575745,16.875
1.5177658552766664,21.107128634010344
2.7107409366103887,43.41012868410128
1.7637944662103826,29.689556823168054
0.6148604764695728,18.51136851136851
1.826597179620057,19.92718446601942
1.2200318326370634,13.763736263736256
0.9670992824737391,21.774647887323937
1.0010413281775794,15.60734463276836
1.9531837371198524,28.363689776733253
1.2704774017476186,15.294117647058819
2.0511344787492565,33.21888412017167
0.7619209377497058,5.710577547047379
2.1030474769462315,6.759259259259252
1.1823870451416114,8.284657320872277
2.79838185840409,32.732732732732735
1.9733496708738085,35.9519912711402
1.77066440304376,30.0
1.0981032589392699,14.959016393442624
0.885193935318531,10.26431306621835
2.050513980640542,29.761011011011014
0.8009126126760049,14.998686629892298
2.5347954052234933,37.38286479250335
1.7688877740415436,12.441381950425878
0.24848276089621346,11.560150375939855
1.0175405913581832,12.883235485975213
2.25116092233032,26.822020644354076
1.537691508533038,21.326145552560654
1.399646018293605,13.22916666666665
0.7096911691307608,5.394883203559509
1.2496063608162506,19.017330383480825
2.4234667841549156,29.276315789473685
1.312430279468036,21.54621848739496
0.7211661235100459,9.226322810137844
0.5752862429794255,13.327205882352942
2.252100687624837,29.772138081593667
2.249420372909511,31.936274509803916
0.748759768357765,12.630208333333336
2.377080088572058,35.048426150121074
1.7580495654755184,20.106673282064
1.1356255205939616,16.506410256410255
1.8919265560762581,27.490347490347496
1.794788732032147,9.126794258373216
2.1123453133827406,19.727760736196323
2.340097599898092,26.12719941348974
1.1775954997637794,11.031760947190378
1.6283922556945603,17.042606516290718
1.5139259968490866,14.652777777777779
1.0650424578766284,13.548387096774192
1.003942784152139,15.420071234024718
1.6417955406169735,31.567826454430204
1.2952971021386406,28.31541218637993
1.9726202405035707,35.08430609597926
1.3241430641006688,15.175999437925945
2.337582625052283,42.4629718107979
1.3969377068339794,11.550724637681164
2.567974934651866,23.66782868525896
1.9397435673901144,25.515222482435604
1.3380577395713993,23.106825147641473
1.6827477630225776,21.816305469556248
0.8231642780840132,7.780353520718627
1.5862496244388038,25.712565234845442
2.0833638002273602,30.35007610350077
2.475782487236095,25.234441602728054
0.7839976189531663,17.159090909090907
2.743927358247448,33.91101483086152
1.316035553201782,8.215931533903891
2.2244805634957565,36.73240699238009
2.1248221106096463,40.616246498599445
2.2472093833494147,29.498069498069505
1.5436316337593818,17.167567567567566
1.1610884714710163,17.97619047619048
0.9290493425301419,4.244186046511629
0.9662387828630014,19.156346749226003
1.559830896411614,21.30952380952381
1.8241138928440592,19.6
2.30699132479498,19.740259740259738
1.4523893868690365,18.053521501797363
1.388809665198197,25.218292141482905
1.971680583758709,21.69522643818849
0.694312515374985,10.847457627118644
1.7649648456982774,19.338376560999052
0.8008117971385084,14.48461448461449
1.6210398382326727,21.842597314295432
1.3401964840880318,7.435406698564599
1.7544403909865267,15.821917808219176
0.5195835001082947,11.812373383200871
1.980622505192338,16.282051282051285
1.6970699003839904,18.706434316353885
0.6362437926353867,16.363636363636367
2.4275154396394814,23.90200558517389
1.25556428148546,6.746346029231766
0.9923876234815664,23.04147465437788
1.5047163876543794,22.412398921832875
1.275954981489304,1.372997711670486
1.7527984948593618,22.59887005649717
1.7959954135276783,19.4434628975265
2.229060588896265,22.96742403503969
2.176059548059899,17.5
1.7376550578911734,22.572901849217644
2.332648867435245,41.40316205533597
0.4537723215936757,14.474393530997311
0.9635913864488341,15.529411764705877
0.8228895833314035,14.752715385426555
2.4402788693109048,35.599999999999994
1.6918017942126693,19.20955882352942
1.166649482276142,13.776881720430119
0.9082966099370191,4.354913833255701
2.6473079748383106,30.984413453650532
2.041130529622879,21.832191780821915
1.0203567649774972,7.32872407291012
0.9238026964205365,16.620434581599632
2.377511554440429,12.256104685126758
2.5481924678664947,41.14529914529915
1.63008231505996,18.75968992248061
2.055963950856233,19.327229299363054
0.5806181327652777,8.39743589743589
1.275694933600678,24.38142367719832
0.14935576438067583,14.564102564102562
1.4160313100393402,10.657051282051285
0.6328695754894642,8.447552447552454
1.9118087762787301,23.428858722976365
0.7381940193493847,6.185999664260542
0.4168065724680611,10.784313725490193
1.8498110700298878,16.914893617021278
1.1717953431530648,9.80676328502416
1.3858297113680245,16.577253218884117
1.8793370643796694,34.49812382739211
1.4792583449095562,18.82183908045976
1.467334153331859,15.148902821316618
1.7453036073994892,15.255905511811022
0.7416633680836604,9.375
2.064624396447008,27.276639697021864
1.2981424034337565,20.793650793650798
1.7912848768437895,33.8613406795225
0.5695861557654562,15.611471861471863
1.2846736299327854,4.076086956521742
1.6106841662604872,9.160052910052912
0.8002741065360088,17.15537580047186
1.430412833087682,27.08746419916281
1.1919093389884268,16.543816543816533
2.2305640574076158,31.822202565236616
0.8395085842548442,18.962299365434866
0.6897626829486184,11.492673992673993
1.5803617681199884,26.19354838709677
1.9600688576796164,29.18507609229259
1.0107623573485953,10.74957580596866
2.233450887754557,40.811965811965806
1.9206960581943886,30.59163059163059
1.7017052283459628,20.608108108108105
1.4224580037610826,17.987616099071204
2.196374601298439,19.978263017488388
1.5985680646273523,10.612128146453095
1.8825983242474595,20.765209654098534
1.3922591942433948,17.22375690607734
1.2729850877698863,10.449954086317717
1.5872980032028083,20.032679738562095
1.5668937189899292,21.365160781219174
2.536617097991914,38.99529994440794
0.18359363898985775,12.085868830290742
1.3332827198820354,18.677913582372184
0.8218176547593649,7.492997198879557
1.8422922348257178,25.47593865679535
1.8975891844309878,36.18351345624072
1.132082973418441,11.621206300422585
0.24403482565614676,6.0519342872283985
1.645297680052911,26.100658962849785
2.7649166269651233,23.17622950819672
1.6718302419811497,20.456822280104177
0.7632130447116436,15.533020034627754
0.8545173617005415,18.36228287841191
2.555914679047386,40.343527440301635
0.7418687163301707,14.666666666666657
0.5243249068251326,15.513047324192826
1.2085710519337534,17.243975903614462
2.507190153649021,13.617886178861795
1.7575865710832286,8.725135623869797
2.2174458677558264,25.15555555555556
0.33822925812343985,6.969696969696969
1.8943427154696963,29.862192238943663
1.0765347076290852,10.309372156505908
2.2160225941766396,34.01261080142557
1.9692663255851732,12.522141981196356
1.9589223078933369,24.557146323707855
0.5782828340164029,12.392241379310349
0.5932999032401157,13.809523809523796
1.8916823038005326,17.93766578249337
0.5929786205840364,15.047619047619051
1.7306535605026259,10.925013683634369
1.1641625225172905,17.596034696406434
1.1414187918791288,13.644444444444446
1.767393098958554,24.22027792074112
2.024182593518979,17.41588917161436
0.8233520003877494,11.405109489051092
2.407701575671554,35.106382978723396
1.7823018901833336,7.451499118165785
1.956225905125417,37.68939393939394
2.3865398913771365,35.58199435790507
1.6374258376917372,22.15774202057505
0.8922445818739213,10.64240419079129
1.4756069245050536,26.26629367299566
1.3953279357469837,19.763152785866822
-0.5564961281022256,-0.42287185144328276
1.4820019856494924,24.436936936936924
1.4108613709938622,17.641063652367272
1.7576509889315317,21.601941747572816
0.7949141049169598,-4.2957455596860825
2.035592282828156,29.692556634304204
1.5612099799273509,19.816702515664453
1.569801230874241,23.312236286919827
1.7688910289961617,24.588235294117652
1.7293682439080298,24.567055980668556
0.9856616931118319,20.710751237067022
1.5618348821779684,22.849257708412637
0.3849184320724972,2.7228682170542626
0.794571832562285,6.188548293811444
1.3424928760228063,20.588235294117652
1.7555340898210288,24.256756756756758
2.1236388186336024,22.98711755233493
1.473623836218791,31.216348507097408
1.6754175727574228,25.87682960508147
2.2139139441270483,33.75439718580109
1.1684005746802217,15.219650448748226
2.1688091431712495,15.904850746268664
1.4539004455547044,23.502304147465438
2.2471522353884037,21.41346153846154
2.2400523571746787,21.63009404388714
1.280066384260655,30.69072352833971
1.9203134096582155,24.98295841854123
1.8244310870296676,29.535615899252257
1.2363267343257827,25.306936771025164
0.8551943438837102,16.204809683070557
1.9374393182887433,26.265730172666082
1.4589006222501082,20.78843142672929
0.6409208541866429,10.064553990610328
1.7229691865567456,19.545632589110852
0.9799706401008943,21.347110600841944
2.4690277704024153,40.48250599974739
2.2715074427168522,35.99067599067598
1.782039186424233,30.560344827586206
0.11001991272331635,5.2755905511810965
1.3511748775636658,13.595706618962431
1.5540252526307596,24.94824016563146
2.3364972193527347,30.649895178197063
2.0829237482360483,23.439857358387044
0.9526957078145413,11.756602982571714
2.5538931961650375,30.113081111266226
2.4488247899154976,22.87533156498673
1.3780602018235353,18.181818181818173
0.5907093142995008,11.225832574147177
2.222606374204264,19.866863905325445
2.84647674286192,42.0424403183024
1.0770587073529008,11.839207048458142
1.3854415941673859,20.270270270270274
1.5941900925984551,19.641323024054977
2.2929732096015325,17.358934169278996
1.1922697301850753,25.708699902248284
2.276112142338271,26.46558391337973
-0.04067839229563176,7.2312770786053235
0.6251222830524339,9.858356940509921
1.4529307361895742,10.199175824175825
1.1578282644741322,19.42349137931035
1.675719334981898,26.15023049805658
1.2871599256115391,17.110418969155027
1.2420510166140797,20.220930232558146
1.195151864425652,25.529411764705884
2.34006163708775,19.93265993265993
1.8437618701769454,20.65548780487805
1.4006458300239917,21.540404040404034
0.6597307693170611,8.377896613190728
1.9487356154445772,14.85120718697361
1.4115609231762574,18.07331628303495
2.6595660064440216,45.66395663956639
1.560103431660242,23.091787439613526
2.7009775623668086,41.16201117318436
1.608473567287338,22.176428628041535
1.6313794490917137,18.17302377003869
1.4797906918979988,25.972408507376898
1.5519001470363252,17.521834061135372
1.87039939676154,14.518090605047128
1.4849362184420896,3.392621870882735
2.4920615811392,31.94643711142993
2.236200236358295,36.34654818865346
2.6856531036469393,27.696793002915456
1.3475676900303255,18.56978085351787
2.2421272104764127,36.43200962695547
1.8597519240853306,26.784067859118572
1.8293476275309302,10.91753774680604
1.2157252197334762,24.2346414629135
2.102355422790528,35.98828992529779
1.6770774169358025,18.25337331334334
2.262375981337383,32.47773703509691
2.0043021497639026,30.148883374689838
2.0970724298563375,30.53380782918149
2.2154239654292014,27.96945701357466
0.8437464817849868,19.352869352869355
2.4535293500674027,26.013724266999375
1.7423168445972539,23.298997018162098
2.0278670088582387,30.384900074019242
2.6303468103125005,15.4140127388535
0.6416805714522222,15.321969696969695
1.548411521528219,29.195041033700015
0.7615731730365531,22.771317829457374
2.022736438077488,21.234234234234236
1.0569262849850631,19.217110573042774
0.8089299757335546,11.724137931034484
1.5636149220043856,31.640289535026376
1.1126337959010095,16.762373530216017
1.5419640787174083,17.015050167224082
2.3815817387376055,30.12173012173014
1.7093073520838318,20.688097568320416
1.6622748875827258,18.11167077483657
1.681891240690207,12.985347985347978
1.4692896516986687,22.449260405916753
1.624112497225458,6.621004566210054
1.3776035262288817,14.301569684477563
2.610039686215363,48.489689224513505
1.8874046593832183,21.416284403669728
2.776942435639176,45.71805006587615
1.432893816698658,19.61674789543642
0.5020648730286386,9.983924189863785
2.1873112454290657,25.910263022176387
2.338694434056939,28.762414056531703
2.1534156893306657,28.571428571428577
1.7956728616188262,29.48717948717949
1.619932244202639,27.793399437620245
2.0898403561980996,33.94798136645962
1.8180346883603908,21.515934539190354
2.8854024564924208,30.149495544590906
1.0239685074636222,12.452830188679243
1.2100822379334542,17.909867909867913
0.398264699224042,9.33197348291688
1.3704210986397538,18.28160143949617
0.8908677183512104,11.213235294117645
2.1391834796557196,22.249858677218768
2.9747006881226543,44.72027972027971
1.391699841968499,5.280357757137942
1.3416511548267562,24.671669793621014
0.7296930034771048,14.952567384430047
2.476445683810905,35.085354896675646
1.2941099075438376,11.451681566624096
1.9452727701005363,24.851778656126484
1.901156208222104,30.683008589985334
1.706857161946758,20.1207729468599
1.0842859977440624,17.530558564134303
0.13182944016224435,12.7485380116959
1.6756279668521583,9.177489177489186
2.51870818818379,32.51572327044025
1.724134521213128,15.330687830687822
1.2174253273616515,18.422252621979027
1.6087934692461345,21.878618622709624
0.9974354868342179,21.757741347905274
0.508743440579482,0.5412262156448193
1.3419225227965246,27.839721254355396
1.8302760066513604,1.035267349260529
1.17327567488351,18.250591016548462
3.0446644523651383,42.6975259377494
1.4483329474873663,25.53545435641506
1.5966635826258977,21.69521299956083
1.064718902679606,9.375
0.8573393590821035,9.242424242424242
1.0812257998059593,21.746031746031747
0.9184147590480677,7.142857142857139
1.369853785296304,18.63092600797519
0.9957558397642996,24.780361757105936
1.501603985464787,16.9626168224299
2.658158286714114,28.262665198237883
1.7156088830445457,24.19248516809492
2.387983456719145,22.470552703110855
1.4783378112219965,11.099137931034484
2.703877685547331,31.41960784313725
1.2263901035510965,22.14646464646465
1.7713633676479528,27.660465895760012
0.37532871824127795,0.1923076923076934
2.383992211841332,6.6251872335522535
1.535092265939622,24.772874756651525
0.9930558774438841,9.87697106220758
2.1775837548333037,28.20274354801208
1.0921786649151772,13.077056577577224
1.2109311248237444,19.771569686680046
1.3183545552410487,21.059972105997197
1.3026279574996125,17.145899893503717
1.8729717363037799,33.28415876361081
2.4803544872507413,31.948998178506372
1.1083230334928182,14.571070153430476
1.4788487568116513,16.043956043956044
1.5197341264898216,21.212938005390832
1.9035788052089093,30.84702907711757
1.955554238232879,9.613212874082443
0.9679693571473664,15.925603022377217
2.396603783851111,25.708222811671092
1.2418958577531445,12.88406043116619
2.002482296348084,17.753984063745023
1.5088952832498954,13.202362961945319
2.136778315900526,31.11216730038023
1.3073839922336679,24.77625166149756
1.6636483823427999,6.703096539162118
1.4998458388427676,17.14539007092199
0.9724513967537693,11.849020544672719
0.2848166706154607,12.938912938912942
2.442223108081847,14.15287628053585
2.986863334879904,39.81106612685561
2.0967999043379124,20.385974449578697
1.8700778052318532,25.01224889759923
2.7551410273238495,45.903954802259875
2.3720387793004054,22.289723624540088
2.5196121157957716,35.70283699310787
1.2450658350063735,10.360360360360353
1.5608468952040264,35.67375886524823
1.8645144965411933,26.89873417721519
1.6640149286826853,14.856733524355299
1.1425529367837686,11.449177372098255
0.9079847904544762,20.579150579150586
1.773164546232906,19.047619047619044
2.4078662613680564,31.692148224928722
1.3166560276469945,15.142276422764219
0.765785836999439,7.15223097112861
2.1436145378730007,33.03694921952183
1.6673557937808265,40.664193605370066
1.285596997379447,10.913978494623656
1.0561783696581515,19.198222974402377
2.2537077115663555,25.624375624375638
1.1700993836612064,17.468805704099807
2.701594106406211,36.30763116057234
2.108946115285906,31.08108108108108
2.5184685976718173,52.98324022346369
2.586430141066488,33.77358490566038
1.5044212517974804,17.32891832229579
1.6521664224351997,14.003759398496243
1.793529846937088,24.39148073022313
2.167053019537969,30.177404295051353
1.4732188874838452,10.068649885583525
2.0858812236357016,22.26653373213692
1.8144189354417517,22.564644657667912
1.1253481591577148,13.87929282666125
1.4839008156560158,12.990261770749576
2.163647723373442,29.11162911162912
0.5632683050704476,3.841463414634134
2.4332953962429036,39.74358974358975
1.3481298383563796,23.20670628183362
1.6072339280608552,24.405343760182483
0.7391067294264008,20.44148380355277
2.0209492457539446,25.94894063038108
1.5131912761782154,8.333333333333336
1.8616862846146827,2.658830114749513
2.3886738691978495,36.97233362789749
1.983722253326269,23.727422003284076
1.057937762850968,19.76190476190476
2.2750174845835804,23.862249346120308
1.4907185082665757,34.84848484848486
0.6215417405002475,20.18016739963116
1.3830926008037623,25.733927907840943
1.1769445763889146,23.257218799081784
2.017630652892178,37.708066581306014
1.8650003748863808,23.076923076923066
0.22353066950449457,-0.1683678838261642
1.7793404396927532,24.555052790346913
1.4367382256219965,22.60119169919868
2.6438103524984617,32.23303709973197
2.3096464641559513,34.49920508744039
2.010204352370005,35.84169453734672
1.5568468370340913,27.406962785114047
0.9259377066475563,10.119047619047613
2.3587397530933165,37.19264606361381
1.7298126096294908,27.741147741147735
0.9853427834281958,11.85185185185184
1.2214670354462964,8.397337429595488
1.3735174980929488,26.763296051129885
2.321579246192556,16.718710439699564
1.3850399831034435,19.514563106796118
2.2153068608483415,33.97435897435898
2.017360299292612,23.013092384289138
1.6649000316261526,9.729478694995933
1.4090525646554555,22.334675100632545
1.8251668832339367,16.848973325657262
1.5031798095718447,21.06392106392107
1.0822258380711351,7.948350071736009
0.8269535240890815,15.31627576403696
1.3259470963469957,10.68690095846646
0.8192783675198972,16.110248447204974
1.9632844126423499,25.92051905920519
0.7606181597769524,10.55555555555555
1.610319390036397,19.130067567567565
2.8417330804067147,21.218045112781965
1.713300914242204,19.44154098850231
2.3363073940533394,30.55930568948891
2.102779585926523,29.25230860887698
2.1254865781854306,34.661764705882355
1.668522996763661,10.072689511941853
1.189957424232434,13.817822271659857
1.6037502623675495,16.761083743842363
1.33737772910175,10.869565217391305
2.5021015230026773,41.34382566585957
1.9003783750430552,19.143192488262912
1.858208122584466,31.40239043824701
1.0072748315279707,13.314711359404093
1.2688015630425427,17.552303940444098
1.9996672903355048,40.21052631578948
0.8185260601005835,10.0
2.386205240455617,37.87096774193549
1.5250213130876205,14.994026284348863
1.7479904287202976,25.963302752293572
0.4535459651676331,-4.087036610637803
2.007916105980854,16.172824932121358
1.879793713848244,28.001086366105376
0.24094507013552285,10.996015936254977
1.2793979005617593,19.78825959717679
2.2307564994769704,21.3423645320197
0.9825816024693367,12.360034453057708
1.7448144697881194,15.977157360406089
0.852654999051037,16.941529235382312
1.4234616778528626,17.761557177615558
1.3367149667291016,16.11721611721611
0.9155507419142639,12.637362637362642
1.8493639311960528,25.32581895033462
0.8933942770389325,15.363545816733073
0.9956569511146509,8.919072948328264
2.5462570670613194,44.008024495829375
1.218806778248227,16.25344352617079
1.9325311059390402,20.51951280139199
2.1566166842938173,34.80319621189701
1.0580285720339575,12.196969696969695
0.5046461843530665,11.203007518796987
1.3401041588485048,11.985294117647058
2.42807934993104,29.774787949692907
1.149186631590838,9.72445875827519
1.1471915255939256,21.226780185758514
1.9286281794544247,24.72779369627507
1.9252518467165087,28.114321217769486
1.0375383935348899,22.502369668246445
2.721412850753101,31.904019404019394
2.2411985154036076,29.29606625258799
1.660684314836756,29.616825122443096
0.6148631594216349,15.555827320533204
1.8659754596102747,34.071661237785015
1.7341561147789637,28.52564102564103
2.4891260655819796,10.493197278911566
1.7509501736457445,18.457943925233643
1.774629032593459,16.45133505598622
1.2524379580676537,4.797717842323657
0.4240911127688821,14.931677018633536
1.7581916885479882,19.80198019801979
0.3021086638535583,11.486873781955758
2.2772617957923886,25.40073063445911
2.9920510154230273,47.46171054895888
1.6349173916584963,16.92573402417961
2.41679023501019,22.41379310344827
1.5610081246834904,19.08302354399008
1.500106776919099,19.04761904761905
1.585313627708194,19.25292372141736
1.8937311333312645,20.292207792207797
2.0775205172411404,22.619047619047613
2.296844525538247,29.273504273504273
2.3418569370601263,33.98232631654573
1.389418679246999,26.185044359949302
2.062507244209355,38.02614222328816
1.0973031451127062,8.957415565345066
1.810811441544745,29.457277416461096
1.1581537933134567,24.73118279569892
2.320444284826873,24.49014567266495
2.2233583843334483,33.15004659832246
2.18591227976516,26.706450696220514
0.5270982717550572,0.9876986621172676
0.4955626124935455,9.822064056939496
1.1016177684993398,5.962384953981591
1.6031775106199597,20.91194968553458
2.1881802559334353,24.413580246913575
2.9556368749660082,42.06632812989782
1.4443004336618812,15.393654524089307
0.8706143006419491,14.959349593495922
1.6102286755121895,26.23047450633657
1.6063539430675111,24.862068965517246
1.4721220467538907,24.246771879483504
2.2115724044988134,17.94019933554818
1.557147999502928,17.289884781225695
0.8880162184079636,9.458404869673785
1.9544653792201356,26.673966141665957
1.4495025811574491,22.350176263219737
1.7791664016952964,18.975042865307678
1.4839766881033756,6.523162547061709
0.8092358487185509,8.998968008255936
1.004584728204676,16.702299967606088
0.3486887761160301,7.653522947640589
1.1849577718512827,10.62876017459007
2.1301422101262926,19.673507462686565
2.067589139696807,35.94470046082949
2.249090743356625,26.024096385542173
2.316981007678432,46.17529880478088
1.407061933020167,17.27272727272728
0.4983835337276442,6.946494464944642
2.3853536957761556,27.78209109730848
1.5470875387954113,19.705882352941174
1.3539207503031245,16.249567523930345
1.8739641225410753,26.2138570649209
1.815221600337713,25.944170771756973
0.640805698432616,16.189368176123146
1.816430976877592,22.785458269329233
1.0127678294528926,12.260304997735162
0.45449042063180456,1.7275006965728679
1.1038338688042453,13.816638996495115
1.457781750582323,19.95389580451821
2.397361780505484,24.933835913064406
1.9958126503108904,22.364901016586415
2.179349842482387,17.093619003260358
2.3872774736226376,32.35294117647058
1.3128248985475555,3.8665038665038693
0.5055827937116304,11.884057971014485
1.2459481323619743,19.772194670009263
1.961806458537295,20.349434737923943
1.296402484282556,8.609939482853477
0.7137151337420439,15.21889400921659
2.1610102179377115,30.57142857142857
1.8016059557792077,27.568238213399518
1.424132465654534,12.760416666666657
1.7584854901555023,8.993301812450746
1.2261918394820697,7.797878976918277
1.8345259828097553,30.708180708180706
0.6999305887878027,16.542786354107108
2.8724627106448297,41.02347576422901
1.7141434199833872,24.702480258035813
2.071319424358538,28.37804577898104
1.4112375431621715,6.521739130434781
0.644809369500452,27.474747474747467
1.6617492265212486,22.093280282935453
0.5552119758787043,11.600613884625801
0.8190059801131424,9.320695102685612
1.6141765725576702,34.11127707244213
1.0976157028722864,14.321695327427484
1.7016138523525042,24.890905917263055
0.8510113472082561,7.389558232931726
1.8874663155672669,26.124117428465247
2.652053521756677,34.16020671834626
2.0956403566672854,30.648730491497787
1.571062448239055,16.514690982776074
0.20062533123719387,9.651669085631355
1.439107677355394,12.20779220779221
1.4618058943293002,4.254269075115978
1.6550048980466945,23.57929777284616
1.9800859409248446,15.05350194552529
1.9204350992462031,28.456221198156683
1.333316995233161,23.529411764705884
1.7556571486953936,26.778699257965954
0.09684372518527458,7.936810049486098
0.35705934798385097,12.222222222222221
1.551653753785415,17.552742616033747
1.1280767415956354,18.33128666939556
1.5403779031538238,18.518518518518512
1.2600880760570816,24.49466272995685
2.508992378680143,38.46153846153847
1.3556902810180824,22.34815654376959
1.3207768120990169,6.944444444444443
1.4669627246918138,31.885847069929568
1.7654067585461706,16.151315789473685
1.282383189673805,10.014495493792147
1.274514238684902,14.131169709263006
0.5281583597683579,5.324074074074069
1.138289603181773,9.948355531394405
1.2484917930056612,3.584392014519061
2.857933076660433,44.51837769328263
1.3838495015913268,20.77431539187912
2.7670903178704496,39.79591836734693
1.6446548286106433,9.76465554129225
1.8074388566649486,36.90476190476191
1.361910250535805,18.63295880149812
0.9737194229360581,16.969696969696976
2.7819473556535517,41.90350297422339
1.358463862632274,19.96062023135614
2.497189077340558,26.745129870129873
1.639054837973864,14.90214854270154
0.9995825198763533,21.42857142857143
1.3436511990691828,14.882032667876587
0.670941267247126,16.30527210884354
1.3425754741154106,8.285714285714285
0.6348659887289598,8.281573498964796
0.9335344272543667,22.51950947603121
2.865188906036756,32.04545454545455
2.1100178351661945,20.401548572972004
1.3482979422432162,26.57142857142857
0.8612280204750369,12.27817053816188
1.7707066673810266,26.336248785228378
2.0808211068147804,24.878533568904594
2.4935476488552495,25.67384965507432
1.528573478385342,27.272727272727266
2.5227426211656963,20.2629543696829
1.4570011213831675,22.685788787483716
1.5729968560114864,22.191528545119695
0.9964942909202114,17.704051673517313
1.3052394548781105,14.74857646964471
0.6932612595932566,8.435792349726782
0.3338001489199286,3.4110535405872255
1.0298610829284935,11.87600644122383
2.565396083321091,31.944444444444443
1.452719360705613,7.078729281767956
0.8521397003524322,6.320708312838178
2.844866703885586,42.115902964959574
1.7312906477174632,23.624672541081218
0.9829346677098912,11.336196418442583
2.35928799561721,36.837881219903686
1.7612631815807351,26.223776223776234
0.8459065063571691,12.868852459016388
1.6251490767755277,21.68350168350169
1.449449737644071,19.212598425196852
1.5564468528293327,25.889926786165113
1.801438146713376,18.6021505376344
2.2752675666216122,24.164765866094186
1.1995208196269778,19.528619528619515
1.3879398696653853,10.526315789473685
1.942628447172312,20.265980265980268
0.7042258601316018,9.82843137254902
2.1023310749818123,34.27115188583078
2.2069470426931668,27.220529646121392
1.1442165317618165,12.583237657864522
2.2936309381155673,22.113502935420748
1.9725728948235366,25.950413223140487
2.7027889678187362,30.20833333333333
0.8044358455079788,11.764705882352942
1.3961595627982026,12.715517241379317
1.6029903994187304,30.56206088992974
1.9029571016473206,19.75
1.2934962126767082,11.601584606677989
2.7845108982078957,48.285613290915514
0.9511488477463862,18.138643559406766
2.587491330975704,40.259740259740255
0.2817948482487841,11.196911196911195
1.7776551418540043,34.05047318611987
2.0259981447068727,33.25804630152456
1.868914031054632,25.980167810831432
1.6263562318381086,24.934194783441015
2.333171670482468,29.178716020821298
1.62615295412701,18.179015517418563
1.7615196773677253,14.473016410082899
0.5038788999397937,5.575158786167968
0.9478158250605998,13.081761006289298
0.8201430336960922,20.25072324011572
1.8386957768946148,27.106227106227102
1.5332114468684672,15.454545454545453
1.4874337793929586,21.05562784645413
1.3593609904901127,19.907908992416026
1.7944976393170087,7.950358735699041
1.9351110817057517,33.25143325143324
1.0502688354909386,5.972288580984234
0.8716415605420339,25.724439584472393
1.7718140340802524,15.595238095238095
2.4648720028690025,26.51742651742652
1.4462983706747183,21.830065359477125
1.9850216329622064,20.43765820200865
1.2195262334286365,20.448179271708675
1.5091602010308882,26.691981237435776
1.9551218487149977,24.376520681265198
0.7960953351541004,14.473684210526308
0.5954468450307141,5.654587960257146
0.6778156336332417,11.389640108175584
2.4257596953143707,30.665184361682414
1.6582088192720024,26.224899598393577
2.6856766983506843,36.38076513475875
2.0578946332179053,29.68006562756357
2.1483638345275033,22.468354430379748
1.72993330512401,24.822236586942473
1.233063697542336,17.6154030136331
1.9663364760621418,18.82804995196925
2.0564460200997794,22.93882978723404
2.1080417303256174,26.59972225189616
0.7514762031551738,10.407968944554312
0.8639932585965353,12.5
1.3047734477586548,13.384824308266843
1.3970031760945736,18.589743589743577
1.4828155474439138,26.509287925696604
1.8788727164756573,16.22418879056046
1.457375461990253,22.96037296037295
0.9618998525074438,13.252032520325201
2.1596220300879665,41.400832177531214
2.4171075168680667,32.97006684103459
1.698543817004504,16.887295458724026
2.071461533967426,16.219008264462808
2.1386193600933234,27.586206896551722
1.6673162869443003,31.904470300061234
2.7436954807186513,35.40372670807454
0.8093051448951354,10.132575757575758
1.8237943016668605,27.644230769230774
2.2069523482365327,40.99616858237548
1.4280724325852758,17.181528662420384
0.801881786681298,10.221840911876455
1.462630592130409,24.879227053140106
1.0078536731391357,10.760574701095145
1.8457401931251893,21.737288135593218
1.9759095140181122,15.947734794020313
0.9474765071803171,17.5877736472532
2.236110811221842,31.834532374100718
1.5360202719427822,23.12021072796935
1.4464716609304187,11.570631970260223
0.9259282028549893,17.96630094043887
1.4137360652856856,20.398576512455513
0.9882545954509132,13.008130081300799
0.7888444429081948,8.605769230769234
0.9407683208159131,13.65626710454297
0.3238698017383022,5.111683848797256
0.7276581961295927,14.489910313901348
0.968913954363637,15.1111111111111
2.0470734852945074,45.05494505494506
0.5868090477699681,18.198198198198206
1.0351866863033656,9.964726631393305
0.9448122016323266,16.949716949716958
1.855908364677452,19.266476698225944
0.8692782210789146,18.16611295681063
2.0417698518407494,35.883737776168054
1.9177408924310049,28.493647912885663
1.2993075181794351,13.587069864442121
1.3657226803871851,13.982070561017927
0.6463698486172664,12.813656931303989
0.9235585037325658,9.93589743589743
1.93972720714695,32.91473892927957
2.0959674474394507,18.982438016528924
0.35299010122016916,13.936651583710407
1.2121080269989917,15.462133550488602
1.609611679190362,14.263565891472872
1.3206921711326403,11.666105121293803
1.7646871417747412,22.88175876411171
2.632600943239727,30.191842056248845
2.4324587736888086,28.754318228002433
2.7443243292789328,52.55737704918033
0.6938018002902508,22.71083465933748
0.8331331615045025,4.618398955028923
1.128893565165595,24.79963570127505
1.594406007498685,22.622345337026765
1.8032094128321625,24.182585257236603
2.2386121596395143,22.14490380679492
1.7513753920630573,20.749006998297716
2.512948758596605,29.888776541961576
1.3557583449250283,16.33891928864569
1.9028277734367012,23.395061728395063
0.8610130818519557,8.729005167958647
1.4758523352210797,15.9472049689441
2.568247139437699,34.87035643428883
1.483138034995753,7.779720279720287
0.9827262097244429,7.18009478672986
1.1005025083705737,15.89743589743589
2.035077418315233,29.917184265010356
0.7838553650872098,11.31086142322097
1.6588113971475524,30.929087537566332
1.2266481399806688,21.793054571226087
2.2393405948155327,28.369304556354912
1.8543471365999165,20.764604810996566
1.6726663100171495,26.318914334181514
2.392520319581878,24.52297507788162
1.798707347703854,26.159994581047215
1.1602772006975615,20.11267605633803
1.7278594109547867,21.041244083840432
2.5221727165813386,35.71428571428571
1.0934479531951924,16.40957446808511
0.8056136292378167,10.820922896339233
0.8445455459712796,8.068181818181813
1.448677803492167,31.904761904761905
2.032589648469,23.02013422818792
1.8072542546907642,19.027421582166106
2.5550394577440128,39.924012158054715
1.9959594549570217,30.70669168230144
1.6042697978412703,10.931586608442501
0.8334353259643471,13.246120175089537
2.366613717518189,40.743655321660434
0.3466316914757839,2.371916508538895
0.5492363990358875,4.514106583072099
1.012863702818477,6.37755102040817
0.7475090622062562,15.142857142857146
1.7854148465135917,23.32583708145927
2.123541842029553,17.305000636213265
1.4023551956029723,27.819175360158958
1.4998577946082743,19.711611052393174
1.262120074583629,26.242728714965622
1.8070915061673793,26.69836956521739
1.3753388742875907,19.695014662756606
1.9506564360638174,15.388291517323765
0.5877589504476747,10.787671232876718
2.3149230717034124,37.323637942261776
2.333412192586406,36.69994879672299
1.4161168080279989,31.265508684863526
1.37208646754599,24.927536231884055
1.0813352092004203,13.349384697699307
1.7723235725973647,26.321839080459768
2.3385554785722418,33.32696715049655
1.9241823927182713,19.54270080125073
0.6133584227733085,14.046863558701489
1.142071911949068,15.566422167889158
0.9975449777288673,9.299895506792048
2.5227563756836817,34.57902346791236
0.8498198314108898,16.416666666666664
1.0913668317424468,21.11060640472406
0.5471154955168462,10.589835118137003
1.5386886116515033,-0.23709902370990932
1.233079573503478,15.179125310173696
1.99502068929112,16.489479512735322
2.1133374917601055,25.0
1.0320970144775305,14.697569248162807
0.7661505161896959,10.0
0.7901732941857873,2.424327354260093
2.5190237591769566,34.56924754634678
1.3120603018325891,25.641025641025642
0.6351451448941796,6.629213483146067
0.8398866979340062,17.212156633547636
0.18553638786201945,8.851298190401259
0.8586790166124597,8.695652173913032
1.8420005210525663,15.72681704260652
1.9870831869887442,21.58314898528421
1.8039463108990481,28.606334841628964
-0.09472845989367629,-1.233324943367748
1.2736319819103081,37.04697986577181
1.3224752021614474,20.767446763651705
0.9329878640022173,20.14941771039333
1.2138656778989692,11.425262954742834
0.49226265381235257,6.969696969696969
1.7185800227115,21.39904610492846
1.1517876087598242,21.61038961038961
1.8737863410998,10.69444444444445
2.332795676979076,43.04963329353574
1.7867715242964906,13.488372093023258
1.3971938206816248,16.512715246892462
0.43999970760042145,10.720102373196838
2.165900255693328,22.034671532846716
2.209044206293678,31.468347780404507
1.445544441532124,19.04661759551349
0.9183900524838806,16.63705227719069
0.3555256480979111,4.924938725490193
2.266737604190876,25.38580246913579
1.102286325866085,1.9088213491475159
0.8895458173673683,6.7426631093863705
1.307304569234308,15.226130653266324
1.6180279171156564,16.98717948717949
1.960121412183999,21.27739043824701
0.7707766484979367,4.230235783633837
2.010460825931997,25.09518111606657
1.2395777193681812,14.605171208944789
2.3296485560595426,24.436493738819316
1.7053992885528662,20.86198624660163
0.8453423929813535,6.075085324232077
1.9082101615918818,23.772932475266543
2.3714790097716265,42.96721953767794
1.0850116076329146,16.396103896103902
0.5523306567459493,14.452877925363694
1.8665995993254112,20.636942675159233
1.8352111310115435,29.800586510263933
1.8786282425496603,28.606833067799613
0.2533756932037638,13.836268970865184
1.5272262038258675,21.72284644194756
0.048946477634394636,8.630952380952387
1.9380496748754752,37.53475440222429
0.9744528568110404,15.215428276573782
2.276332899380858,29.76935455033076
1.045825253501846,16.27429509991788
1.6450363181454812,23.22437449556093
1.5507238568391961,24.124548736462096
2.314323556606686,25.0
1.7832131118047836,34.75783475783476
0.8442490702107475,8.74944763588158
1.6756442131860165,24.007910349373766
1.9119644803590465,34.27370948379352
1.6666524992907856,27.864277320799054
2.7508051814457013,38.687607829139154
1.6071415541207132,20.139157325086984
0.2953942372206364,11.051051051051054
0.8616370883106901,10.179211469534053
1.55425110296256,29.389671361502337
1.8336751071551645,11.75438596491228
0.4487895555899374,4.820031298904539
1.1975888201062415,19.41984732824428
0.7110407434352188,11.51425398000741
1.6745488442930188,23.92857142857143
2.070900881911017,27.906652734238946
0.3228317847335622,6.62013958125624
1.4072261168868971,10.94294425087108
2.0458906003324833,17.91001451378809
1.0768798809791962,12.86671286671286
1.8666793110448308,19.391451340255976
2.0973263561963402,33.793270394577576
0.8757103001201588,11.931330472103006
1.1658590375562259,21.7595002602811
0.6367536763845619,5.80792866610436
2.499612195779606,34.287418008348254
1.1898843776134442,24.017094017094017
2.500059762262909,9.638242894056845
1.2607804912513512,13.260690789473685
0.9611550630087637,12.386182974418269
1.668129348669091,26.32978723404255
1.1455971478406168,11.111111111111114
1.400317773268496,20.060763888888886
1.7400448232502774,22.601156069364166
2.107887894319299,9.394987941700748
1.1500829161812398,14.578600966858865
1.2476259124265479,19.362745098039213
1.6535415973852094,24.07886231415643
1.8762909288029022,31.242807825086302
1.740053265249355,23.558897243107772
0.8644643089982524,12.632821723730828
1.3496650462288018,26.925064599483207
0.7400149870110824,11.334379905808476
1.970275001163958,33.0425588157547
1.9464669796558343,21.120689655172406
0.6208132049165465,16.326530612244895
1.3041222584848013,20.74646074646075
2.147321993279553,9.318801089918253
2.2392331900514257,29.84011122697254
0.8728709880327887,15.39162112932604
1.0816677087323607,18.92130857648099
2.3348166221647753,26.259946949602117
1.2024775679249124,26.778794624453788
1.4395907158255974,14.975247524752476
2.258920424390921,40.1864928480898
2.6132378770794755,34.25230387981104
1.5700754802995016,20.407790626902
1.6587038698733376,25.101010101010104
2.511644809357441,29.742890533696922
0.8776497937391516,10.999446800663833
1.5517471588507137,23.23580034423408
2.6897597633976718,32.86425633253951
1.7097458615691057,24.59624618070712
0.836304397308223,15.972222222222221
2.451058693964683,35.755109948658344
0.8201030002180619,3.264925373134332
1.6032409131397403,17.133956386292823
2.1749507643387824,33.80336101989569
1.4992608621339174,14.558823529411761
1.2313314211319781,3.3888139151296954
1.075177818446372,7.083333333333336
1.351988975922637,7.294832826747715
1.3672204740570926,25.155086848635236
0.5952045297532637,12.820512820512818
2.396884260657985,29.86072423398329
1.481784108637478,23.62540192926045
1.7354045435213128,27.78514588859416
2.562252308306337,30.116279069767444
1.6543178721942213,26.179107953883772
2.5919265861465774,27.4678579211157
2.74816761366599,27.899617309390642
1.6272625865672143,25.05933268183722
1.7493352237194275,28.398129201987715
1.9210831576227236,10.961434003259093
1.4774682479231918,20.042247570764687
1.610315961756883,19.366638795986624
2.0863189650969662,23.68421052631578
1.013097359990313,10.877192982456144
1.7079658814096592,40.855967078189295
1.4619606244482308,18.71964130028646
0.8511054201264654,20.377264829982636
1.2014827155652243,14.106280193236714
0.10695459068752833,0.9531590413943363
0.9818650940625656,14.467489502481236
0.7221125415706462,13.41125541125541
1.485219642068682,29.21135646687698
1.3793268461680575,7.581453634085207
0.5589716313703565,6.931464174454838
1.631644560984169,3.9971751412429413
1.3952997601160368,17.501242201733554
2.635088234734265,28.042932176295956
0.5069881684880234,10.643450184501845
2.0287308454501125,30.6796402771635
2.583103096032115,31.550005728032986
1.270612625379827,13.773892997790789
2.3028998014415545,23.085234093637453
2.7318166452003587,51.13122171945702
2.247857980987428,33.060344827586206
1.1555754068367472,0.9302325581395365
0.9626539407870821,10.942249240121583
1.9967804902994697,28.229453943739664
1.8877772895886376,28.812260536398476
1.0858892097408623,21.63777644949193
1.272402538241419,18.61083416417415
0.5052177541377417,21.72315230706411
2.555247165035164,47.84946236559141
1.85900928745683,7.888257575757578
1.1754187043757685,12.285407725321882
0.02273879526748751,28.13620071684589
1.1083464646248722,24.59345512949207
1.899189421371046,22.161172161172168
1.4637209851707897,20.609884332281794
0.6018906194640188,20.342787186288504
2.651047492633812,36.900726392251805
0.41017062728198583,12.668120683387862
0.4077499329722078,0.360502945572847
2.247004068416292,27.568922305764417
2.327946694301763,28.86424731182796
1.1242544273763324,15.387894288150044
1.0360494293304754,14.783821478382137
1.2930271120159624,14.460784313725476
1.2606599327156593,23.152454780361758
1.0753013951460608,15.772669220945083
2.025962663678405,12.03531020763397
0.38850433381436167,9.761273209549067
1.0146029110221029,19.092465753424662
1.8984631111891836,20.308988764044948
1.7189554577247588,33.14814814814815
1.7297807137299566,9.431364449951815
2.865006287552215,37.102649006622514
1.5122918225464665,21.37373737373737
2.408882169909994,35.70269393054203
1.293033520240284,12.74475524475524
1.3158109349799914,21.17741935483871
2.2900805113829863,43.60126916975144
0.729930847509658,8.438818565400837
0.8020633511420083,11.230576625671993
0.7808101082622739,13.722943722943725
0.704241474759919,13.876194432904029
0.7776895418153961,6.287799791449423
1.3446264274735658,14.456106870229021
1.1971763952552144,26.37222828062523
0.23619952830438787,16.20802827568796
0.9344070884163266,17.723115736360775
2.6445943345290237,36.55555555555554
0.3307101286626507,15.9717051377513
2.806073630540073,48.36768802228412
1.4521221780337965,4.583333333333329
1.9815979262959527,23.519736842105267
1.5986983874413627,20.689655172413786
0.7913564035541935,17.06049822064056
1.5353031532982482,15.684291916969016
0.8451438026340301,14.761904761904766
0.1464818102707251,12.39849715186039
0.8208897186270177,20.06086142322097
1.8088712891551064,22.740060015003742
0.7118860713401327,-2.857142857142861
1.4016019742960684,23.222674600689004
1.9966915021064746,8.738938053097343
0.31108674519153373,9.463450652227422
1.5402439588859274,36.36363636363636
1.9280429128696293,11.101387673459186
0.26202271383916464,12.06896551724138
1.4609408743778673,18.61922464152947
1.2846304317226338,11.817996742671014
1.1503441175516627,11.147829918484248
1.796170580447812,25.82282913165266
2.4877166574811396,38.053811659192824
1.6181344868634613,24.641854969723823
0.3310531185080173,6.7987567987567985
2.008753351485286,26.734397677793915
2.051168248682615,30.838530838530836
1.898270026979428,18.965517241379317
2.1738359101443576,24.78116246498599
2.0053991885384495,19.622362088115516
2.145428831281641,20.516304347826086
2.0584392820528574,22.29452054794521
2.1002711133731706,25.625
2.366716852362634,24.017291645722324
1.430413882895787,9.090909090909093
1.572769069191962,17.55162241887905
2.0391229629922103,31.802039179745677
0.662354851430459,13.57142857142857
1.3276735623685374,43.59133126934984
1.4293573880338362,16.467463479415663
1.1439603832623693,12.613240418118465
1.2168768608961327,18.755771006463533
1.4752583592492061,24.95554238292828
1.1794241313757001,13.159403669724767
1.4047234960227817,28.711985688729875
1.1851569084554954,19.957983193277315
1.330432809260627,26.0948905109489
0.7250058024067054,15.754603338495954
1.6155505011614326,26.684397163120558
1.2377961910180235,23.950819672131153
2.369998296116202,32.77310924369747
1.3619863908378567,23.85571054925893
2.142937377115026,20.05494505494505
0.37475597466729266,11.070459105393603
2.2351099430561012,27.79874213836478
0.8437787746407017,13.649265704060234
1.0144184635148232,6.47783251231526
2.0717090910275715,19.15136678906569
1.5068579612311546,29.666289592760187
1.4690079869285824,25.192307692307693
2.054718611928179,33.49677419354838
0.6935965968497292,21.46831156265118
1.3493855804064756,12.192118226600975
1.1593453361162571,9.52680255005837
1.8434085825826423,15.603741496598637
0.6758286927987613,11.854951185495104
0.6778887750795415,18.951720458789012
1.0009107854688273,9.51974992895709
1.5000906182769556,29.47612732095491
1.4362344374348492,11.273750879662202
2.489971304006176,41.2020905923345
0.7883687518933573,8.954671600370041
2.5592185595897536,29.60715817858675
1.4202542323033422,21.137322293391662
0.6343556584646194,2.024944974321336
1.730892570546387,26.33469229275869
2.024093917274987,22.96703296703297
1.777913359615877,10.343814281516302
1.4721349210057944,6.878930817610062
2.753387100725985,31.218993621544996
1.5358576044211345,28.375061364752078
1.6106573206449788,26.518904823989566
1.4215266360041157,19.1933471933472
0.8239809395087755,6.899752475247524
1.0995078054291205,8.255769475965835
1.8370943005396752,25.489614243323444
0.8126832403113939,14.731327883165328
1.014171846691037,21.316829981089903
0.9254239120476448,10.374521596500813
1.030401347313113,9.813953488372093
2.249887442060055,27.433012411553186
2.3867429467393455,28.427672955974835
0.7616231776663512,6.9382022471910005
1.0078285498614907,13.949152542372879
2.078513607433532,22.354014598540147
1.9855828905941535,28.93546082400573
1.144434656180446,8.382253330322875
2.183884757802396,37.725752508361204
1.165643571972757,12.333333333333321
2.190094017980169,19.639679715302492
1.442985648373757,27.067824648469816
2.330774678670733,20.63492063492064
1.0569271135741702,15.300000000000004
1.352223370735046,20.0
1.1937079727301279,15.872652313330278
1.4806230334568529,18.386212299255774
2.0739482487929606,26.93528693528694
1.7723608450824486,20.81967213114754
0.7705583788762027,17.16467219734234
1.316261314785071,0.24680603948897328
0.9107062073901661,4.792387543252595
1.1416300066438672,22.461273666092943
1.0611198149677996,18.836291913214986
0.8255020014196097,10.324658254468993
1.024069867025465,13.402527075812273
1.4847671550152741,17.06615532118888
2.013142148410717,36.08359133126935
0.2080726325349314,19.293924466338254
2.33914707340823,38.809742647058826
2.2977880277248013,22.97988407773611
0.994376304306661,24.468085106382972
0.9603533192826185,15.464426877470352
1.488053520602361,24.324324324324316
1.4433956873411748,11.42890093414831
1.4793605450545897,14.621848739495796
1.214779516242488,11.525840853158329
1.0685775935707489,15.914384639597095
1.0180971299848647,7.011576560448745
1.7704590625651155,21.095352778521097
1.5221188068499618,29.30938920297085
2.1496676583178735,29.35576007616629
1.6818107647591773,29.007138221933808
2.296630445663928,42.007776599505135
1.650891155474812,17.4863387978142
1.6454079391814882,22.600508905852415
1.2359236654081833,14.33373349339736
0.9249603181864522,9.45945945945946
0.6374379188623873,3.490604855301058
2.234392583310489,28.907203907203915
1.5676201013168753,15.671936758893281
2.100979820254051,31.21170864533697
2.2191504549554835,35.43190525949147
1.6211463268558841,16.20938628158845
0.9754702740446491,9.150169000482855
1.950865598961385,21.562919838781916
2.250684572508061,38.757290798714436
0.7114518990276721,13.650793650793652
2.5418337533851303,21.74556213017751
1.0457383553795176,27.694235588972447
2.4033911582974246,36.57915360501567
1.8476048706505765,30.33015407190021
1.275021015190828,22.54767770782005
1.3303491043276006,18.46994535519125
1.5776956492224958,30.542579949694563
2.25094020234418,41.229066136815206
0.9127563324840048,25.031446540880502
1.3665207436236406,18.78787878787879
0.348484750883587,5.677946854417442
1.3381709200031238,26.68524273925624
1.520165616335293,12.963516746411486
1.9591173868262508,6.763285024154598
1.181702766344618,12.777777777777779
1.7025873367262858,21.652065081351694
1.6725256406924764,19.22131922131922
1.478528756551212,13.963963963963963
1.637138298377998,24.31434599156119
0.5480884656161361,7.037037037037031
1.6395413091089837,14.176245210727963
2.39471118074157,29.21409214092141
2.31483711194553,32.25225225225225
1.544553011365415,23.367088607594937
3.119283769008196,51.36186770428016
0.9020260043941877,16.07628305461735
1.269892141147412,11.306867120820606
0.7787652505437385,2.639534883720927
1.9230922499465377,25.09044359102799
2.0139953925018563,20.579710144927525
-0.7020720075099399,0.6482174021440983
0.9098143115054349,3.962101636520245
1.1853646945447935,19.660359049005343
2.25224843031161,26.602564102564102
1.2971070930358608,16.908925732455145
1.8492519443913893,27.19507071838678
1.4450728227936565,9.481539670070696
1.913453083897785,16.039886039886042
1.2045442319023383,13.910761154855635
1.5102602291391114,24.526892430278885
1.2068369764256457,11.602564102564102
2.0693466647913867,18.224974200206397
1.7321891738718667,15.136363636363633
1.9430063799634691,11.481947942905123
0.8828975916241338,17.544083823153592
1.9812245774266013,14.044316913757378
1.8501374580364138,33.06850742380828
2.0123866722490535,20.681203515889123
1.5402477967618136,23.564356435643568
1.0209966138389168,14.139534883720934
2.489572513235156,29.074754901960787
1.0239025139590647,16.214720531267297
1.4640895034843517,22.474747474747467
1.3754749803575566,9.812317784256557
2.8685449261831426,27.47201492537313
2.3989657641285977,24.27714714071535
1.8926875406236516,30.8171647075485
2.0723716370219853,20.423280423280424
1.4734208077492286,18.683517640863613
2.2340173935648373,29.755717255717265
1.5592147212077465,18.006164058795633
-0.15991234215000158,-1.347708894878707
1.6058781082343465,17.90890269151138
2.2253738473468903,38.011695906432735
2.2644631645453086,33.58944228509446
0.8863172271054037,15.023474178403745
1.9647016789052023,5.2706552706552685
1.4959929400744425,13.382594417077165
2.092388026128033,32.97872340425532
0.9425215529485746,9.616246080334477
-0.4400966394321333,-0.774032459425726
1.6443126270474744,17.693512151950436
1.2543147077163366,22.312373225152136
1.726956592635706,30.523380523380524
0.8753877337870895,17.529058867641545
1.221193462327327,20.090909090909086
2.49006103490955,37.04681872749099
2.823628395648642,23.147051858868103
2.3782697106128885,35.79404466501241
1.4235190585260344,13.24596774193548
1.8221395810548187,15.302144249512672
2.0177543590430176,20.23295944779983
1.6840581503584584,24.0831964969896
0.37586228448955705,10.68788171006107
1.2333102297500043,7.2960251046025135
2.515304484991258,32.58473327438845
1.0355795042524516,8.90618917866874
2.0114338911421346,31.216991963260625
1.5388198983318029,24.76826103077493
2.075185904492692,32.93545534924846
2.3064281199083005,26.89941336385749
1.7175292043991752,18.40277777777778
1.3772556904463098,19.96730022481095
1.7863297834446692,22.689393939393938
1.0140560958873743,19.623376623376622
3.0057150607059913,45.0362724572764
0.16200518541838027,4.54976303317536
1.3377525683934708,27.120418848167546
2.9269913725265617,48.029304029304036
1.7853553388030106,28.47821722545674
2.816813761745585,39.589442815249264
2.440734971746682,33.48837209302326
1.7656319278807173,30.175884721339273
1.418385817247499,26.22350674373795
1.3653979760167967,23.575757575757578
1.0191998038706742,18.785310734463266
2.0515080992038097,7.784877529286469
1.7761419023446798,27.36991564353128
1.213738980130041,20.978485567720703
1.6756704528129553,20.254910978253733
1.961626848713314,27.35191637630662
2.5172472582739753,30.279030096259284
2.1548957846593253,30.830564784053145
2.215144904313725,22.307073954983927
0.771667098781273,8.768656716417908
1.1140378013751995,17.487628473543964
1.0756094091005468,8.726415094339622
1.40948572227424,17.5
2.6531639273012813,24.2807711319822
1.7423787940758193,25.35406403940887
1.5327586281568986,8.416742493175612
2.5394133809993575,39.14027149321267
1.3501488625841955,25.602564102564102
1.663593849802572,24.034749034749034
1.2576078165047542,10.360360360360346
2.4477970757237966,26.389269093895436
0.6087556029991371,12.834807902072477
1.2398013865942388,11.885294466168972
1.5843732840083191,24.508474576271183
2.3930226481768195,25.892857142857146
0.5439155121868158,21.83002575367368
2.387109975106406,35.257309310605244
1.7825005107833927,21.757188498402556
1.5708504749266257,10.526315789473685
1.8781998620014821,7.067510548523217
2.813350319200727,28.35820895522388
2.0242446972313926,21.235521235521233
0.7102847610804028,10.279001468428767
1.6898277384595208,14.471418732782368
0.8190466966347597,16.192917054986026
0.7761121914472455,12.45184369840397
1.2621421745240775,13.333333333333336
0.05428036269920844,-3.323879750425405
2.0686377047634994,30.64839572192512
1.9977927870758698,19.37335958005248
2.580726324407406,37.68057784911717
1.639003352137181,20.029895366218227
1.9196439067339068,23.351648351648343
0.989057530303367,26.313785224676316
1.300405522482918,9.81461286804798
2.6484340829843385,40.60269627279938
0.7375226486800439,8.875010272002626
2.0154387955271673,22.02380952380951
1.0780574377693717,12.369337979094084
2.391919507663708,35.971362229102155
2.1754606365414793,29.27978883861236
2.734553945131298,38.516476632000995
1.7255917060042991,7.142857142857139
1.1280848776140828,17.28979868042633
1.8840995601040933,18.5732856678583
0.9640468516264324,7.9464285714285765
1.4523054902836796,20.0
0.9112429941235414,10.40592783505155
2.2509288104972236,16.85410106462738
0.6563077161668599,20.080714198361257
1.9729275797503227,19.167458056346938
2.1288065964268066,19.197418834442416
1.4728592950713082,20.185873605947954
1.1450176168941353,30.752688172043015
2.3334592824589246,21.554487179487182
2.40782562972848,36.55083655083655
2.3682897831818663,36.64546899841017
0.3565533379296793,11.993873839379724
2.2344919685643974,36.74524400330852
1.853357683332943,11.925618564622717
1.718171222292042,24.415347990477528
1.7386353615335632,22.83582089552239
1.6964413639422236,19.34043778801844
1.0434339351329018,12.089539238742269
2.2861179770198414,24.749070631970262
1.161065522288718,11.882716049382715
1.2544519031657384,9.93265993265993
1.4296565119744948,8.766462249924594
1.5909958315279429,21.118721461187207
0.6910020140146744,5.330882352941181
0.9254974342515111,15.468409586056644
1.5267449605681178,21.96238244514106
1.9598151470119183,24.528061224489797
2.084613257182078,23.357479784366575
1.01495184314855,30.04030368356922
2.120750056787871,41.30591630591631
1.0892494209817016,13.293650793650798
1.960255215226935,18.41682488681174
2.721816033842821,30.46875
2.422653153492249,40.746951219512205
0.5445406675497024,6.153846153846153
2.4215665663801937,22.880143112701262
2.166073414894608,31.922960266909307
1.8333808664818,24.267399267399263
1.1473188673253716,15.185185185185176
1.2003475432568522,12.715654952076676
0.8373792428910071,26.192518874399454
1.4302183325460178,14.901686795089326
0.9112688579564812,15.662248895557212
2.3632127942242187,34.310344827586206
0.3331669556216551,9.814323607427056
0.9419291407364307,22.285714285714285
1.198415847860478,11.701277955271564
1.2058882322636224,9.901960784313715
1.4624089495637658,18.38383838383838
1.4861269480020636,14.202586206896548
2.142683661512007,37.57166257166258
1.3102712939003187,15.476190476190482
1.429581273580258,27.900378310214386
0.6941446125747193,18.35164835164835
0.7405821930974081,8.336120401337787
1.9456037281991643,24.575955265610432
1.4295626924988505,9.131485958713036
0.6125216545167115,9.71599402092675
1.9917138788341213,31.488655229662427
1.3815706607818155,25.139353400222973
1.4151873483422803,20.0
1.6822996978371498,17.660361842105267
1.9064844409396806,26.735445836403834
1.864494212926557,32.30769230769231
1.4114561592210106,16.66936397475319
1.2435002736270624,12.002442002442002
0.8975298592863279,14.099840679766345
1.9831892008903431,22.272889842632324
2.3742817150432254,29.950195181047242
1.1112947323582476,17.345399698340863
1.2656309372968548,25.011125945705388
-0.16760632649790266,4.6694405917706945
1.0158871408567844,7.273449920508739
1.0049310920992902,17.12538226299693
1.7447215674054823,25.692577440093515
1.8759798319082055,13.348331458567678
1.526618447509829,19.628378378378372
1.8435067871741901,15.063405797101446
-0.017047805771555333,4.545454545454547
2.112997851613245,27.44215938303342
0.6963209904796588,11.666666666666671
0.83238841467914,6.944679411267124
1.3411698367000109,14.11419796174787
0.03321307864441478,6.369022429115532
0.6430504738506387,5.1552795031055965
2.473817885205096,28.20754716981132
0.7184517239128874,20.47591906526076
1.7039319028508908,22.649211711711708
0.984110636882392,12.469565217391313
2.3944570358188537,37.03208556149733
1.612532983236681,18.64583333333333
1.2898044840179042,11.458333333333329
0.7440486286683272,4.560723514211894
-0.29447897008222973,15.48986486486487
0.9969080423036522,14.315381420462408
1.8764102349842418,9.043927648578816
0.978069420949193,13.915112441476708
1.845716077756549,32.2749978833291
2.3787437922982133,33.353658536585364
1.7454440852533626,21.073609771777555
0.7187911813151049,10.866666666666667
0.61897276100742,9.754754754754757
1.3400190291455814,19.02597402597403
2.4433101081569344,25.331917153478493
2.1104851250581094,30.952380952380956
1.1989286978332252,21.45917338709677
0.9224547728989929,5.22117962466487
2.007072671935441,25.58429118773946
1.9250229924992077,28.112712975098297
1.502812807109936,15.785714285714285
0.8127213169502937,9.333333333333336
0.4989359484343936,13.371090864319136
1.6948441164693513,26.293995859213254
1.1805298364871168,4.844377510040168
0.9706295774697442,24.04804497827753
1.7363418321852708,9.849967384213961
1.9750872815007467,27.030965391621123
1.7694032174481014,12.132701421800945
0.6507518689103731,13.970588235294116
1.1535250848499685,27.753421017669723
2.4642852425762234,21.731474688187824
1.3581661433383756,18.36665537106066
0.8732234007320319,10.927413005825855
2.2367016376029794,12.590673575129529
2.9232780087651333,42.95637960976607
1.54235809613903,21.396250808015495
2.1149097555739385,31.11111111111112
2.79011934750019,39.52171645682783
0.8292075523055185,22.690929142542046
0.3545886294164311,4.643962848297214
2.5723823792317577,36.61667513980682
1.9320758922272172,19.919821240799145
0.7860117464736112,3.1634625165293357
1.531767201804224,30.40461067984004
1.4447116197422682,22.903846153846153
1.4559490204948657,28.669477399745084
1.4180436716852445,21.055722780999922
1.3853440826548757,24.944506104328525
0.4208820766843387,14.386792452830186
2.448414903823672,28.826139572408223
1.712478475762333,16.002321981424153
1.6867784009718427,24.505050505050505
1.6233492004902468,22.791736460078177
1.8073984173260627,26.014335503386597
0.6165376929292481,2.8390522875817013
2.1955712436797747,17.24441833137486
1.5041381468138824,23.214285714285708
2.8685890207493667,33.05127557464005
2.359988484069746,22.798408488063657
1.2928777257175486,18.128078817734
1.5171620126350784,15.214356929212357
0.9758117816573959,15.052631578947377
1.090139959558549,-0.7407407407407476
0.9651843193353533,15.533869115958673
2.1745167443295528,37.858926342072415
0.9840324578025741,10.638297872340424
1.4544428103759224,27.15965008201202
0.7243292784455788,9.70111448834853
1.9829508914792773,21.428571428571416
1.4772516587305704,13.275193798449614
1.174533640013791,20.408163265306122
0.9441347856888824,12.485823280750587
0.512972199680966,4.791666666666664
2.026756772830687,13.987730061349694
1.7334175139278627,14.635854341736696
2.4172209817880197,39.523141654978964
1.6879769092140098,5.094339622641506
1.5331404321764441,20.967741935483872
0.7996026641199123,13.876146788990823
1.4225364556303672,15.547263681592035
0.7621414616451451,14.132231404958674
1.5055383862049252,18.945086705202314
1.2210299287879294,16.86586985391765
1.4586595435867802,15.959925442684067
0.8401348373061301,9.076227390180875
2.004906751911451,27.80005346164127
1.7112636464794162,28.738246891113135
1.3594282758347895,26.394395982024847
1.1441800569505016,18.51575456053068
2.287262773465731,24.60205992509362
1.9141988218749806,38.28722002635046
2.2257131163833903,20.121381886087775
1.7240725652610926,26.102891271888154
1.7721941744159215,21.698113207547166
0.2964200700737705,11.915504511894994
1.6606571145974764,10.865514905149055
1.1155722956089724,21.502384737678852
2.3111450174433132,44.008372579801154
0.8594466740398596,24.932126696832583
2.0681451231006545,8.701883701883702
2.3036996437856354,31.724137931034484
1.9881741111856355,6.49662088511009
1.8032476269790882,20.79041648007164
1.1405859864871215,21.584699453551906
2.2697073399493957,36.80241327300151
0.2545500703237179,11.501687289088856
1.9123480725373032,27.94117647058824
0.9739457200563876,20.59005251776336
1.863583533717518,23.18402318402319
1.4307394061728576,13.904761904761905
1.5236671830590152,10.598544973544975
1.4070573603139496,21.794521794521792
2.0802047710737708,26.438848920863315
0.9879854998451341,5.410628019323674
2.5266549682713215,47.77777777777778
1.0412156169986155,8.993775933609953
1.7017503794449451,22.793378459888743
1.9053716263886469,27.96602749321425
1.9530437992087608,25.444207533759773
2.044245150359287,27.218526730721848
1.5407184783337065,22.44598279840571
0.9893339379549441,18.365930599369086
0.9649557668391442,21.725768321512994
1.9941976039120446,21.00534239922292
0.43554635660383384,12.914798206278022
1.1103846904135322,17.924113038119543
1.5472407664968248,18.076042143838748
1.8287010730448587,20.813748531139844
1.2890156850293013,10.089285714285708
1.386420659903378,15.75757575757575
0.9607341890868822,15.503875968992233
1.5411016137003988,26.23596447125859
2.7129014957878637,23.08070866141732
2.1970743020345296,34.31800667865399
1.4449284121470443,25.038575667655792
1.2413568512736757,8.776452895047797
2.000857060452782,31.36217948717949
1.0672596740137663,17.355311355311358
0.40258746753055763,2.1317829457364255
1.427867111131289,16.786632390745496
2.0776821062345356,31.96377001837753
1.6029842367193654,8.649503161698277
0.7615014829134553,9.007741027445462
2.022412872886817,28.185096153846153
0.3872807392343095,9.623655913978489
1.388099148890941,28.43883140596469
1.109114254568054,11.680327868852459
0.7711992065502551,7.165873868344335
1.966445989645434,14.695945945945944
2.315903952508381,21.59709618874774
1.6763774951103774,22.54237288135593
1.7561507289438962,31.531113790225355
2.063621941251073,16.503099173553714
0.9924307110306986,19.573170731707314
0.5557611806788896,13.301282051282044
1.753592902202876,41.350427350427346
1.4221961701633832,27.662141779788833
0.2779272984304057,5.394049511696572
2.167066410076415,21.10489257988806
1.7561482529069448,15.340531561461795
1.2804552022133482,19.59810874704492
0.9532289146699404,6.20258813029897
2.923215862247573,46.70868347338934
1.8562151428033045,8.358662613981757
0.7350313292132941,13.747329874885565
0.5313354119701754,4.651162790697683
1.2176141427652059,19.503722084367254
1.9986037614862635,25.37593984962406
2.146852371675652,24.984276729559753
1.334076984104228,21.875
1.921695632364722,25.339420881893552
1.6439462798230666,27.011931962427013
1.7404715888846032,21.687014428412873
0.9763365509678739,12.913165266106454
0.2532950522249404,6.429471914834004
1.2768379913363184,10.0
1.6767031285181089,21.349406960917754
0.7070795592548013,14.873940328085432
2.5080479894277823,44.44444444444444
1.3586245714472538,9.20634920634921
1.2704446387290511,29.256360078277886
1.5251141109349702,23.41889880952381
2.052927655611521,33.125
0.6934115878966054,8.85637703819522
1.2008774680497332,19.995376791493293
0.6973001737235648,4.824898127915894
0.9150715786587451,14.807692307692307
1.562710665030473,30.925848345203185
1.2116292816144023,3.8690476190476275
0.8434075098015488,19.30102516309413
0.9848159556725036,20.666666666666664
0.7042357699726378,7.048914804016839
1.4392523252913934,12.265861027190333
1.6383449726159096,24.435483870967744
2.4724372598002002,26.8384663733501
0.24215447322906342,16.544850498338867
0.9309159557085493,11.03626943005181
1.2336037440667322,5.174353205849272
1.5331644039244312,23.770053475935832
1.7981236928197792,35.31221719457013
1.602849484977774,14.74358974358973
1.427588272581751,20.2336321651725
1.2627227445051288,15.12195121951219
0.9425894206190528,10.600617634083314
1.310064940218909,15.214462956398435
1.9699570482492352,30.059523809523803
2.234871033090611,34.46999735659529
1.2555589825181708,6.495726495726501
2.290661782352513,20.114942528735625
1.5789876509668894,15.659955257270681
2.5622063728257363,26.085519065461746
3.0059981598048564,35.544430538172705
1.9120761130776958,27.02507232401156
1.460330157895692,22.522522522522515
1.4861267430565095,14.608066009935172
2.473426941732119,34.47570332480819
2.3436905372964394,30.729325602685385
0.960133793564401,7.88046752620798
2.467812289250923,32.34647267805786
1.8022138576649778,17.86833855799373
1.8162554085460223,23.867403314917127
-0.05863057222039969,4.24528301886793
1.9977252138234132,26.259946949602117
1.0871286907199909,15.599063630559698
2.020277693534583,16.66666666666667
0.9811498318160936,10.813799203892081
2.7325919372242033,43.1784883219857
1.606770621667931,21.394686907020876
0.7085960312255986,10.096153846153847
1.1546207396047938,24.08244680851064
1.4363686008628629,18.072512023677405
0.9481118064553891,20.692307692307693
2.581404027259075,45.61403508771929
1.271733007848361,27.860445565363598
1.435696154456831,19.499870432754598
1.5821322413413725,33.528528528528525
1.3257317635048316,14.833872390473388
2.1618243889750124,27.50673451062557
1.2003300493425733,9.57630296212973
1.4419701109902459,21.899224806201538
0.7200564941914706,17.610062893081754
2.061597398436263,29.047156052503638
1.5458378672611834,14.574898785425098
0.6400870906678651,14.282691493863737
1.2202910260845714,24.668731715711573
2.1838691953632625,33.69019296854349
2.454969136779919,39.35483870967742
2.1257750274170215,30.924369747899156
1.5085152247508704,12.1501976284585
0.1930116493893682,6.068965517241374
1.7561201828680992,4.779359932327644
0.4043872670467622,5.047694753577112
2.7685368624901843,35.53884711779448
1.8223937336949914,4.166666666666664
1.628733956175869,33.65764670112495
1.3819330040825415,5.549880830779706
2.7514684880972737,38.13629580500746
1.4942467882534014,10.884353741496597
1.7446116814114405,21.916376306620208
2.603253604320302,30.858262108262117
1.7063366702210923,22.977158343012007
2.0126324603896295,20.633310795582595
1.7207106444966327,32.02341137123746
1.843653729610935,23.401598401598385
0.6805082501262132,9.596774193548384
1.3386479335949946,11.580267558528433
1.9604266593323616,13.645833333333329
1.545004877671715,16.371587030716725
0.46554790664260404,2.990691225985344
2.2982272952782896,30.524861878453038
1.6052768090055887,16.002415458937207
0.9240388239171218,11.399491094147578
1.953434692298404,38.568627450980394
1.9227351650505435,17.989417989417987
0.8701601705176417,15.176056338028168
1.707055968155331,25.389221556886227
1.2498605155082494,19.888934594816952
0.7339386060260044,9.012834121393418
2.7694187770961425,36.08918128654971
2.5556821204509084,20.88815789473685
1.5613878360716988,9.712509712509721
2.6608893436542274,28.653732102007964
0.8813741263916489,23.36473050758766
1.5649935627726594,20.176235465116278
2.1688847136014617,32.19965510634221
1.2220778441691242,12.50374812593703
2.5868308459377127,32.1632389361473
1.9358831068726785,21.105769230769234
1.0047869523015809,3.0753968253968225
0.767904318061054,4.2374751710439185
1.6076589158976071,15.726290516206483
1.6246341193947904,24.108824555284265
1.7125319711978886,27.11885815334091
1.388010307352215,13.972602739726028
1.5777120285954753,10.927318295739347
1.7310864599866604,27.47735677153117
1.7418871983851405,7.667584940312217
1.1611766020542955,8.715730831256423
1.6064922268598483,40.36231884057971
1.9966754977421488,28.717049733800806
1.6856612310576473,19.607843137254896
0.9931257773392973,15.26479750778816
1.752999554079815,33.43915343915344
0.4149896392477135,7.501868460388643
2.2239563722373714,26.853625170998626
1.0955410393875504,4.878048780487795
1.6828871663159852,10.561797752808992
1.190088233535654,1.485380116959071
0.6915229969385148,18.903318903318898
2.0783849966575034,32.250639386189256
0.9767482182751483,15.654133797766619
1.6766920537925105,14.00696864111498
2.0764913852658604,27.42857142857143
1.6216262459956559,14.04789719626168
1.4322177366567013,19.15708812260535
1.557602097874467,21.885521885521875
2.216614095737612,26.8006993006993
0.9179734651234721,8.731012232826984
1.5019480923117823,18.282828282828284
1.5971998057276882,29.311658623317243
1.4273086410299183,18.929049531459164
2.0962503702965103,20.626573840912457
2.3910600780975844,25.554458112597636
1.2923446212131462,24.620445344129557
0.7432904826574813,13.457090687766282
1.429082462256198,12.82472379814871
0.4265705382583868,11.851851851851855
0.5128273147417904,7.378740970072236
1.1254927346605754,10.610545790934324
2.237805531735809,19.89278470008692
1.9254704033341505,14.319317847691863
1.8975006371975114,25.15644555694618
1.344963069312205,15.74118019300743
1.4417418156042368,13.294392523364493
0.7407980314880411,18.19102882932669
0.8523494916389713,13.963058665901038
1.7574228330712418,13.056727613689631
1.8443643734787512,30.876068376068382
2.2248966244709285,23.86747802569304
0.25637849523820716,7.754244705058646
1.8652645724765724,32.56906954588759
2.0841976224736767,27.371666968982396
1.63956916362783,15.603328710124828
0.9975353352263077,19.643454971543356
0.9690526431829953,16.55656175771972
2.207041923275482,11.30952380952381
1.1560574337594287,10.227272727272727
0.8284465420951803,8.014911463187325
1.561827755819379,21.527777777777764
2.287237696422829,35.66985645933015
2.1145302488400954,28.398300849575207
1.2484720455648375,15.863986853747946
0.5066922933091464,15.389082462253192
2.349567333542289,28.82217847769028
1.7134714292759996,17.009977470228506
1.5084277237305603,9.808429118773944
0.3707955181812089,13.181192209325197
0.7631100674686243,10.748230535894848
2.433976190558033,35.69101015909526
1.9043753390536335,24.929006085192697
2.5344539056516964,32.773109243697476
0.8629810054407271,3.3405172413793167
1.7756690488014113,19.994262765347102
1.5138264199564433,25.46419098143236
0.8411732068211333,7.9204939015208495
1.1081349426188765,12.711864406779654
0.035996321245701846,3.6567762630312757
2.187074594023398,32.23587674247982
0.9361416409202425,14.505331019092488
1.4597887310881141,22.436635944700463
0.796312540770386,16.156462585034006
1.0455085425131905,6.067494317188327
1.0855748859388283,14.80712166172107
2.6093049159243575,37.294022020246814
1.4812635816031339,26.609905264420192
2.3308547091897776,11.811594202898554
2.1225896219387,24.877049180327873
1.834425679146152,26.388888888888893
0.527546355663778,12.374461979913917
0.7474190420194556,8.812260536398462
1.4498649323395982,15.409482758620683
1.8786476820517657,24.327921213734378
1.2972312686078,17.148288973384034
2.4077208155477265,41.87074829931972
1.7111477857299433,22.46150533003123
2.0546490936276967,27.53521126760564
1.645779883650662,25.689189189189186
1.173315066246074,21.855203619909503
1.22380990089828,9.09822866344605
1.2093097941970459,22.77353689567429
2.1034352991785474,34.98804780876494
1.4147382298062483,14.69101123595506
1.1871543432167388,23.816849816849818
1.863831285058488,27.978723404255312
0.9968370305441674,10.926108374384235
1.5779532216701593,9.790209790209786
1.978895942256261,3.3732534930139693
1.5682843856350366,25.174981384959047
1.40835162987071,19.850427350427353
1.9239518127449626,20.582770270270274
1.1641452058620096,20.94505494505494
2.0590566403020936,27.476280834914604
1.0338471955308333,13.989856297548613
1.6647059688250225,24.56497175141243
0.3061623755087865,12.89788642729819
1.301484968168501,20.025839793281662
0.8323380525268049,18.670212765957444
1.3484275293432295,9.65982028241335
1.6143722127729818,12.536585365853654
1.0511307173856397,17.326388888888886
2.2369240330845925,27.793904208998534
1.9111056973299176,23.88840453356582
1.7098551832890438,24.0628166160081
2.0375395519135937,20.14797507788162
1.2081306632004523,11.515151515151516
1.2976756131895602,9.838935574229687
2.418384673595325,21.204356181934656
1.996767545171807,15.078115538331119
0.769634169822884,17.07407407407407
1.615622342255254,15.372549019607838
2.1492761494132915,13.904871499808209
2.004303847955379,20.493991989319092
1.523724704033027,36.10663803900518
0.6842128985959115,1.683029453015429
1.5405424367372218,17.672413793103445
1.9181718414365165,36.19424711773611
1.1686707024400431,10.699317939025399
1.2116538278883406,16.068589598001367
1.7047782092176722,22.61904761904762
1.1417080775031225,20.39007092198581
1.8217675661213943,29.65056526207605
0.8578101409456338,19.337278106508876
0.8341495305066144,10.28241535340927
3.0058253595385396,39.84612918736976
1.1647369869455435,20.007861635220124
1.5369025646689671,24.137931034482754
1.9794127861017143,38.0176440062273
1.731425588017556,8.12289562289562
2.548312413278176,21.705756929637523
2.2458335475014963,13.016484692785262
1.8544268181438188,29.483695652173907
2.001100945051689,13.321759259259252
2.2229454369866755,31.294429708222808
0.9262337884684619,15.030005455537378
1.375075700463214,19.041850220264315
2.096386344890041,36.304218657159836
2.8555269752067365,37.73955773955774
2.1250112562476904,9.698879551820724
1.1344198042238145,21.509327303561335
1.761533021951554,30.952380952380956
1.3263730292005542,24.108562343856462
0.895987126063317,10.286458333333336
1.4149521139558177,17.232704402515715
1.7789721182537919,12.359215335272616
1.7565360617573091,23.308364544319595
0.8606677853428502,13.918817339012783
2.870398202708317,29.860842674913016
2.535877908642444,40.24992734670154
2.0205146532680165,14.033959351685112
2.056296651216354,28.04511278195489
1.551793385530629,14.219576719576715
0.7484590751119797,18.432510885341088
0.49168121362034367,15.202775970505314
1.8299403383097381,29.063154744088607
1.4871997964513923,8.977110157367669
1.8309553720418588,21.99549676329862
1.5203809019840766,7.745016611295682
2.0484118046056037,28.445118100290514
1.6610953692575152,17.076502732240428
1.5131643841504172,16.7572463768116
2.0605353017392236,20.01516822945395
0.9727565391581441,18.508725542041248
1.633481406282383,26.29016553067187
1.8103787091584023,28.583743842364527
2.1977185218129605,25.97623089983022
1.3066267722693228,6.801786327722432
0.5791020286580969,4.224137931034477
0.7535758310655964,6.278538812785392
1.347940640711418,21.022630108875333
2.3285630689117682,34.41255262150785
1.4442836324132213,11.988636363636367
1.1835601732669394,22.834224598930483
2.4930458440987544,21.720969089390145
3.0197507024941546,42.56799493991144
1.418372481588731,12.207835883638815
1.188526048194664,24.05702405702405
1.8794709551165432,18.253925430313494
0.9731476942298412,16.08751608751608
2.286215934744718,18.918010752688176
2.0364441488418272,21.588315837517122
2.0609296746916885,26.147783251231523
1.5803780536557728,28.078728782954137
1.9229560444691007,25.11580030880082
2.290039835410548,24.060150375939855
2.535772749707568,18.57142857142857
1.18402833678632,9.61038961038961
1.3429914023964544,22.749326145552565
1.6736877821255232,15.098797250859114
2.12108766325741,29.21409214092141
1.9730901208214093,29.738562091503276
1.3251888175027053,20.040983606557376
2.351049522000303,35.09458577951729
0.9438156426821371,13.20812337761491
2.3997658742832475,31.930200520434703
0.9039830886563588,11.610320284697508
2.0694836559684093,23.367768595041326
2.1018073857259476,40.780597494378405
1.758929638200079,26.99843260188087
1.5533151110461623,33.5249042145594
2.8462740011747543,33.843456081619635
2.7722711528960104,35.19248691662485
1.444536394841459,30.007102272727266
1.8657196963395313,29.056441189142603
2.865697480649259,33.40067340067339
1.6556354989802715,15.116959064327489
1.5460389647979582,13.997477931904164
1.4070825777489815,20.89884696016771
2.415095544427969,29.074803149606304
1.3335498220008923,13.519503546099301
1.7801367874777894,13.285233285233282
1.6251232293407911,19.794288215340842
0.6201926013459328,12.64811609639196
2.117563180827615,21.42857142857143
0.9002908157011006,15.380116959064324
2.4163104836790747,30.19710502001847
2.23299613283832,18.902554399243144
1.0761319857374152,13.554590570719604
2.2297301990953633,30.466148723640394
1.2390199554415884,29.16239316239316
1.451166045067466,26.08920090852778
2.6261548709277562,36.178660049627794
1.188270051418289,16.339497392128962
1.6632421424642079,25.42942494398806
2.6365021132811286,37.517203413157155
2.272906467890681,39.33096085409253
1.0835604483874164,22.854725646603825
1.7116575377112377,15.70717131474104
1.9701963013783224,19.11290322580645
1.437966517976062,13.333333333333329
1.6139464544626445,7.361111111111107
0.07441668305840132,6.335367625690203
1.7798099195529296,28.02872802872804
2.2380373288659112,17.49723145071983
0.7505424985607541,15.458160588882315
2.4813764833774123,34.75887170154685
2.4662194210860426,34.99795333606222
1.519751905650377,19.468085106382972
1.4994259373386913,16.123928806855638
1.5291820449318017,17.05882352941176
2.264210706732035,27.403448016261386
1.7863194115657293,32.42835595776773
1.2769802348542574,27.869805289160134
2.124181083955624,22.272147671382598
0.7248478051735685,15.665548452433697
1.4810615497090471,4.401681044016819
1.6551791665024829,2.028347996089927
2.007166110113349,33.75812093953023
2.296943046996182,35.26178010471204
1.2255415388066717,19.98151998151998
0.6426579772249666,5.972683647102244
1.6598310612573428,30.011947431302268
2.8083252965110423,41.776370604899185
2.2120521568660783,29.466829466829466
2.253562881268357,22.800614675374568
2.1894079249743643,36.82864450127877
1.1673268837705522,21.48404459823145
1.299644130394226,14.336832061068705
1.4151345618707145,15.028985507246382
2.301870897640894,17.08628005657708
1.4171944026423504,13.2286432160804
1.7397552823463271,24.719687092568464
1.3372066704744772,11.18302768788206
2.0312885234681284,32.04491725768322
2.3994351835347976,37.643207855973806
2.607188393311388,46.96969696969697
1.6238697756793208,23.58490566037736
1.9510205210582192,25.69867291178766
1.7837385320730879,44.51764705882352
1.1843852978552634,11.979166666666657
1.779345307321393,28.68793818858206
1.1179622360315897,10.396440129449836
2.1159702086049252,8.956328645447812
2.026733200294398,19.015734851021087
2.3365221123808,39.999999999999986
2.583793124434883,38.86639676113361
1.5394701289436292,14.545454545454547
1.5906829275765106,16.029106029106032
1.849376824402543,28.57142857142857
1.4750330866800676,3.7207872078720783
1.2969315569620423,22.824054092936272
2.6927412423851202,29.90113334940922
2.1749487652512403,16.770874554808067
1.2287516090139505,7.290969899665548
2.077683367105225,27.517441860465112
2.0846225359132506,7.968936678614085
0.7501712971013061,18.890236506973928
0.42893671400722605,7.7406609195402325
2.285186081720554,23.5897435897436
1.8252226250642831,27.437999159310642
1.1662621735916117,26.992004411359254
2.7620510765844957,24.289597232517913
2.066693512637701,43.99239543726236
2.134394818661036,21.2822299651568
1.0648663194829637,17.862266857962695
-0.1887776202414771,4.04658507698381
2.346559661367821,34.92307692307692
2.099746846612981,22.203765227021044
1.8629904566985291,30.71314650262019
1.7771965953988698,25.457338360564165
1.0694333748135951,22.388335179032843
2.000977847140384,27.706422018348626
1.376069540068284,35.70604078491727
1.2393029921191785,19.7084119991609
1.1245192427541941,21.120922688772744
1.5103020656674644,20.041959767987173
1.8487283376870014,29.98231876736549
1.858283660930585,27.65118317265557
1.660183227269235,18.69132290184922
1.1724886010351065,24.014778325123153
1.577422576779909,23.97528631705847
1.1507506666835376,23.74269005847954
1.4232704194710426,13.744038155802862
0.6349691126436792,14.444444444444443
2.6280707256501668,29.051024118288687
1.4447846566038183,16.78018575851393
2.593900501525898,30.261223566662892
2.3042170787938985,15.262379896526241
-0.1947051475532179,0.13028816676885668
0.9312542352068137,13.69318181818182
1.157303148569756,22.99726223068682
1.9096968922912527,22.136422136422134
0.9356133771105004,18.017094017094017
2.0396669095436493,33.25641025641027
1.2359274898336,11.944896038333198
2.5072149998539723,45.49121290694325
1.13161078135537,13.467741935483872
1.3737128686808244,18.080548414738637
1.5655720002087126,24.822236586942473
1.458652161260062,14.922680412371129
0.8721732536857184,8.019801980198018
0.5446406717326391,7.102545629202687
1.9198122747366693,31.475815850815856
1.0047060779337817,16.747730220492876
1.6432055498569191,21.47392290249433
0.4855963938241762,12.200598802395213
1.7500845068733308,29.694960212201593
1.8612645739798204,22.005286043140934
1.2559542354954396,25.7882882882883
3.113520245499405,44.23831070889895
1.258456052701274,23.462495556345544
2.142372787087637,26.484923585295334
1.6135660742717133,16.6015243306625
1.8345629858499042,14.900000000000006
1.4454870592196714,21.475409836065573
1.2456864142860298,15.761980467862827
2.8335865353569254,35.71872571872571
2.496786370557172,41.52334152334153
1.0869266439867398,18.20151679306609
1.364233160372898,18.890588701909458
2.0445694435363357,32.31058927780239
1.768768309119067,29.700854700854705
1.740625644530224,27.02104097452935
2.6801368524342353,37.36991485335855
0.19043299623087104,14.182795698924735
2.388192883116653,35.47726783020901
1.4810129007540878,7.909155178508314
2.4660708648791037,27.302371541501977
0.029443528249791046,8.022598870056498
1.8572982815626253,12.10036422501011
1.5192138459179156,17.58130081300812
2.0688184988344713,27.688256977356502
2.599559221857328,27.334202379012538
1.9190939680650474,22.22222222222222
2.127903601419145,14.60769980506823
0.6741348663197578,14.343757695148973
2.818928462004328,33.54187031606386
2.1956411337631425,34.10256410256411
0.5951022914035992,9.04883128905346
0.9538782295309722,15.350140056022411
0.964896985207211,12.701876909646444
0.9657927952287362,14.470712242132208
1.1587983875671715,14.980314960629912
1.6580886803850001,15.429849792265898
0.8567042422892277,6.931805415121893
2.2123166178900076,37.25553580087279
1.499623466405048,17.801572695332105
1.6343682678344305,6.412583182093172
1.4329233194659423,24.391480730223122
1.7603574927924805,12.8125
2.295761487662736,42.44642857142857
2.3862341107153693,28.325037620094925
0.7937439671980613,5.192034139402573
0.7391962281940063,8.451528952504873
1.7482367095555382,31.615894039735096
1.966995453276558,31.20204603580563
2.2514594206922927,30.234297108673964
2.9123729080463074,28.66697066423469
2.7180474438507938,32.14491086831512
1.9201528308858262,22.240802675585293
0.9578429071550589,16.72297297297297
0.8030412960831742,6.464124111182933
1.5840085313643293,11.940298507462686
0.7736963152094016,12.67679413305396
1.3627130658230506,22.57499026100507
1.2022968561833518,13.86363636363636
1.6142396854183303,28.430836522689987
0.8249280399020014,8.976182012086738
1.1215451618529766,9.24560408394781
1.4732884478613362,28.8485607008761
1.8658100660434096,25.383328686924997
1.6787329624859912,21.091495501612627
2.3741894768874925,41.1251504211793
1.7265883722951565,22.364039955604888
1.0448612239555235,11.578769438810014
1.1836459168696536,14.09337944664032
2.1109550459633137,39.23685201456006
0.830059744282907,15.878807106598984
2.060961803541014,28.815220053890748
1.2957084508584649,19.835680751173697
1.5613171905439516,21.621621621621614
2.2735194418220495,24.889589905362776
1.0447231336697498,15.14300989040364
0.705619349115763,8.10349940688019
2.0757056475054925,37.22741433021808
1.3265418689581403,25.948051948051948
1.746768837259828,17.373015038384686
1.1765536144821525,18.035682741565097
1.2769890550275618,19.644839067702556
1.131643992401067,16.22641509433962
1.9704461034282628,32.91678237526613
1.9510065053840655,34.731934731934736
2.4021494772106555,35.34580143090246
2.7272209025598046,26.49542575650949
1.8246706896077085,6.5869695158398045
2.3689257039189107,11.701208981001727
0.7102447345433933,14.393861892583125
1.9899239281315855,33.46774193548387
0.6250683493178573,10.86475615887381
1.2689235491044124,12.801204819277103
2.71534077983323,29.04063833735386
1.9244266474183382,16.71957671957672
0.8109129698025868,20.897501274859763
0.7144168562577261,6.285714285714285
1.6684652147368142,27.377777777777787
0.8734819259727297,12.724757952973711
2.5089075846711806,46.0
0.550554251140057,14.700854700854698
2.1875152431038627,6.358024691358018
1.6916297119370403,21.77777777777777
2.3246273429279096,23.00450266066312
1.6023385810754882,14.320809248554916
1.1353874791873015,8.386638237384503
0.918264498983938,17.10870802504268
2.4625639477199006,33.27913279132791
0.8959088797873117,8.455882352941181
2.000125490627065,20.3125
0.896964614241169,6.77257525083612
1.0394439340074246,24.56140350877193
1.5155636314242242,18.74905000759994
2.3728405155110632,32.235717498875395
0.6098768481012715,11.08757062146892
1.0743512885382636,18.75
1.3700913665565846,22.689788988600526
1.6828552713774587,22.888589398023356
2.135105690006535,26.153165117308546
1.3612196496852378,27.205128205128204
1.2064096640324555,15.879917184265011
1.5604373537787721,19.940476190476197
2.2992910640693975,36.22796474358975
0.9513913915883696,19.567882316886305
1.3055267446035144,21.916342412451364
2.1131090797367915,19.740711039828923
0.7737043065589727,9.175377468060383
1.6257177156105413,19.838551859099802
1.3064700631376027,17.39552964042759
0.5620079768669441,9.727767695099828
1.821221545939559,24.251207729468597
1.014741744400073,23.74912891986063
1.1607475094910005,20.08835758835758
1.6013499460366225,26.478134110787174
0.45238387053507906,5.134521566922672
1.6780476298306026,20.10178117048345
1.5554909848879244,30.042735042735046
0.749600282788989,8.187397096243082
2.3614318089457997,28.45744680851064
0.902614776464065,7.7005511328842715
2.2212719947380024,36.22711670480548
1.8707637411617655,26.360407835949133
2.4497396727684704,31.338028169014088
2.1669372016575936,20.523648648648653
1.0781538778893933,15.077424612876925
0.874785974574043,4.925137903861305
2.084642752173357,31.844487312657662
2.701340736223753,38.89899909008189
2.386345000103174,34.08488063660478
0.27587975437462653,4.487179487179489
1.7026219267112976,13.809523809523796
0.9748717435942096,15.352155129106798
2.5567843200977687,46.360544217687064
1.5510621699751739,5.013976240391322
1.3134801107742962,13.15826330532213
1.4774578988297111,21.96125907990315
1.806205955551456,21.022113022113018
0.30834947472695734,13.67438867438868
1.965309379424369,28.01812493257094
1.9632214451412417,25.270270270270274
1.184807502371679,17.965260545905707
2.0314556993947113,14.673913043478258
1.6601565478015567,24.454941860465112
1.959795407815008,26.859813084112155
1.4921026451527226,23.18295739348371
0.8304262989295668,12.912621359223301
0.28385590149084977,9.090909090909093
1.9761307692365675,29.32431303766809
2.563272412410433,33.15151515151516
2.0795244763283396,20.67349607672189
0.2752428209267546,11.782296650717704
1.90640051831988,28.66225999370475
1.8688232425285207,15.477944788289612
1.205144834337436,19.035573122529648
2.1888391571958508,37.781425891181996
0.3053005152154372,6.823994419902341
0.568812407549504,12.203120341846372
0.7687967774978721,19.35545751007097
0.39677879839074937,10.890975721484196
1.6160163489822126,16.378923766816143
1.6035564785803276,17.021636240703167
1.3596282810787972,27.25676150333684
0.9393017112394608,12.010796221322522
1.875691378963229,21.37681159420289
2.2788298694815414,28.812664907651715
1.2321878817315044,12.35515064333093
1.8087548776394224,13.0
1.0989249939777814,11.938202247191008
1.868990772234791,20.901360544217688
1.4076309794201824,21.62230671736375
1.2806532235148458,14.978354978354979
1.9433696579631707,29.060566824917274
1.8070477505676128,29.509578544061306
1.047973442290125,15.043290043290028
1.713330739960832,24.615384615384613
1.3748910201401574,23.418604651162788
1.7038031169834296,13.811659192825111
1.3382474114132277,18.315018315018314
1.3272569200533777,22.320656871218667
1.5542801779240711,30.274581061982637
1.052900492987594,11.73501577287066
1.4510571718994014,16.666666666666657
0.8716503656379606,6.298003072196607
2.0745488408961563,27.653457653457657
1.0827221578462227,10.483284883720934
1.282038546933343,20.126696832579192
1.7295214146174462,29.98531031950055
2.2708684184316628,21.94940476190476
2.1136444561219117,16.661274668392103
1.9389938435192926,28.846153846153854
0.26506394322522353,8.895881006864997
2.0033238246824197,28.13990461049284
1.7086597353295863,22.900088417329805
0.619519358581369,9.65335673541027
1.4865562207218792,7.941128901827597
2.34483908674971,34.35152112329105
1.930344869061367,21.719348659003828
1.463782130963927,7.801006581494384
0.3535991224733378,8.220495745467993
1.7144492698759723,17.520125223613597
1.7321274089734335,18.819875776397524
1.9711061621688077,20.304726368159194
1.8841240290512515,25.529350104821802
0.5797302312833561,15.389924085576254
0.8491986117253357,17.236024844720504
1.0247802648495863,3.783173348390733
1.7759743003115513,22.910216718266263
1.392664683203388,3.8016528925619824
0.7734051956796959,12.96153846153846
1.8432199958162467,19.087481146304675
0.6982016794203572,13.443396226415096
1.1104115850193703,9.796437659033067
1.780668275740497,17.73041474654378
0.47849408919102154,12.23776223776224
2.0411513769973033,33.61702127659574
1.4261701187682345,12.252115700391563
2.08129353941021,31.474654377880185
1.4852032161545645,25.35422928295406
1.1493296508088093,14.842011570983544
0.5941381830582654,13.380530973451322
0.8503809007023212,17.721384582713952
2.0684153093557547,32.12230215827338
2.105370760533132,19.3859649122807
1.3773166436778241,10.284090909090907
1.479495841671082,17.101449275362306
1.9879845920502826,27.620049071153183
2.2316217245772187,24.898785425101217
1.8902268955315118,22.12212212212213
1.8244856628617185,19.86717267552182
1.088805876100065,13.138041733547347
0.7281880842375776,8.737504627915584
2.2785342544926426,21.508951406649622
1.5550455992965486,11.978898610396286
2.4642891824630695,18.125
1.4061830566889044,15.83011583011583
1.591713574826084,14.06732802081639
2.0378001561996646,21.266997077138136
2.5966624181046956,30.218869175924382
2.3479320582351964,33.2375478927203
2.651515576876922,37.768979170253054
-0.1805468801267731,4.500000000000007
1.8115660811379137,25.331340308918783
0.6633192236866041,4.2206896551724
2.9809542936937685,36.96832579185519
1.8570927393350884,21.502869440459115
0.49812394615257777,4.274193548387096
1.9744034773905468,15.606060606060602
1.974595544514058,28.521963824289408
0.1950848787417003,11.083293211362545
2.2607553907044236,32.39488931808052
2.9215067902496132,26.509859404014506
1.792664003092884,29.343365253077977
0.18903570879229115,0.147532188841204
1.7149422199663027,24.845679012345684
2.3387978510076,36.07435757244396
1.7419976563812327,8.859166011014942
2.1009543560489874,26.462585034013607
2.6048319363943504,36.4472339804408
-0.5688422353434797,12.065217391304351
2.156596545465298,25.770147830233668
2.0411851805038945,19.680319680319684
1.7259217573340377,13.008474576271183
2.347545670769075,26.09079667903196
1.1570819007317397,11.131782945736425
1.904244292537739,18.131868131868117
1.864446615464138,15.29661016949153
1.041054957738381,5.252764612954188
1.8598283953836536,39.13690476190477
1.5221741571946268,21.33333333333333
1.4264092650173823,12.526939655172406
2.236100699386583,27.919708029197082
2.150728882028794,11.316961079994257
2.642613471656766,30.721458773784356
1.8928576812790054,28.36021505376344
0.5778721202039024,5.966386554621849
1.4451402534333315,30.186882513986433
2.461442405481192,35.36307961504812
1.1876986441626873,8.933651985888247
2.074302501050225,31.039188925716502
1.4133606179214935,7.660455486542439
1.115267677010634,20.91097308488613
2.3286472992528657,19.125277983691618
2.5688080515368323,39.68571428571429
1.8375768887626855,21.122112211221108
1.121310279344152,17.291666666666664
1.338874479822279,29.576178297405917
1.3555895648212228,27.12116209970288
1.3135943129005558,10.211083762213768
1.4903858540377481,17.38835609803352
2.4355553943032424,32.21326164874553
2.7870160452143935,44.27536231884057
1.7023281215518231,15.656565656565661
1.4610129759681512,10.633213859020302
2.888080117560513,38.58221394254339
1.8655347979526398,23.026175782081296
0.9843725096926196,3.642857142857139
2.1834619455364246,28.456337217666523
1.4331275878166516,9.80727665706052
1.0503810566949543,10.132615002072114
1.3219720110523003,18.864097363083168
2.333659900822453,27.29034531360113
0.9503161404097347,19.706498951781967
1.6353422881844546,23.119402985074622
1.1738443932074623,11.147186147186133
0.47186143362151844,8.253790005614825
1.5881363892435805,5.5938697318007655
0.8770191031224488,12.351443123938878
0.5793145827372506,13.898852223816355
1.4127012435021498,9.385313531353134
2.478427069523828,25.18783542039356
0.21089813046029784,12.213349713349722
1.733184001967191,35.13770180436847
0.9936496865742693,4.933095450490633
1.795307026260835,8.049581839904413
2.4103505788298634,47.53846153846154
1.6621021329200292,17.47888239116309
2.28586394959731,30.735930735930737
1.995102429836551,29.555555555555557
2.8451206700329865,47.359589379133354
0.7873364737443971,10.320713768989634
0.525896159091069,14.778325123152712
1.6869368324911813,23.72638614199004
1.7891971625623375,32.07782250335442
1.3951679638531274,21.10018068660912
1.3998219406455958,8.762117822520509
1.417272055395799,19.72550591063915
1.7104512198157447,27.048823016564953
0.4212793297058046,8.7138863000932
2.1685911507445925,32.09677419354838
0.7424107616843363,15.523891150632096
1.9594165578052885,8.333333333333336
2.8628527668126793,46.7162396873643
2.061674464858214,35.70367499838532
2.0028934248731023,27.51572327044024
2.8003451950026115,27.233070211882
1.3477756721205187,19.764307653732843
1.5814046004889781,19.047619047619044
2.010568336050711,33.221850613154956
0.7649046330914769,14.225284022238341
1.5517674571474096,19.98778439456406
2.1647961099854576,31.257727323817022
1.5392534424296684,9.962971534367036
1.63619513102329,15.88504088504088
2.3849834784436093,26.94597069597068
2.427112580858839,31.02639296187683
2.00605746492633,27.07144487559919
0.47535862881595936,9.722222222222221
1.2575890246892754,20.714285714285715
1.1401189807519034,22.704081632653065
2.312450178657515,29.14671577655003
2.2595991464118494,23.282241014799162
2.033737977841832,28.288674526616653
2.027885546317787,29.37417778613043
1.1971013358118618,13.445945945945944
0.8802288416562412,8.554913294797686
1.1484724913054987,6.5530303030303045
1.8530724416587023,7.854749474012316
2.4697494727166034,44.7199747819691
1.9229152612570855,24.779874213836464
1.1484733986657938,6.547619047619044
1.8036649387821153,24.929971988795522
1.7233462738940657,23.122119815668206
2.553555156383422,31.781376518218615
2.0985865128056,25.01996273622573
1.8527304494493173,13.055555555555557
2.3571573936104717,37.7579737335835
1.7323557687133906,18.679775280898873
1.3534523028203969,18.988218988218996
1.682040024095601,15.356440950509196
1.8584711375529244,28.717690500167834
0.734631943457555,11.325131101250506
1.5364378172086472,25.641025641025642
2.3577417143661497,35.69797782126549
1.7798033421518729,25.190592051905917
2.559999079867141,29.411764705882348
0.964108162407097,8.921827794561935
1.4065049218382093,17.942477876106196
2.182048242721704,38.055555555555564
1.0665026053340612,10.495555826129312
0.7534726072567349,6.764705882352949
0.7474565592482237,2.4712343096234264
1.460286308719663,10.347222222222221
1.8183225608692013,31.878306878306887
1.9321602264498605,28.296703296703306
2.2265048940204535,29.156577885391442
1.3496492563709916,24.412803990854293
1.3999199791305066,10.850286906624937
2.2713093762519803,27.5
1.0017841417900823,12.691511387163573
2.257536780124392,25.44887965573526
1.7315794288174553,28.67417135709818
0.3583314868660368,7.081657632453215
1.7044656253442803,22.343888724474695
2.173614092593242,19.83682983682983
1.1687456264507325,23.697610654132383
2.502345981560401,20.6841046277666
0.6194688223459375,15.82575130962227
1.4620286606247794,19.410358565737056
1.0460911112454443,14.999999999999986
1.5383308637025537,9.457209457209458
1.1348289018413404,16.6935159081756
0.7607340104677499,10.837438423645317
0.9573399608077217,17.794253938832256
2.389723000386273,28.16274634456454
2.4814582858418097,31.395720217183012
1.7102370577906012,23.69046571000969
2.3362448223830574,31.08108108108108
2.060805552396227,18.48876135820182
1.6323004004890662,26.931039974518228
2.414165524768976,22.33527131782946
1.8637231659693307,18.679050567595453
2.018671147299479,15.017757483510913
1.424275783163867,26.351351351351347
1.5580915263832213,21.794871794871803
1.623202654391451,26.944320047768322
2.4794455651031178,18.00324675324675
1.8454010339715028,43.46534653465346
1.6507059114338412,26.55531348341806
2.1450809477814143,26.653248993674524
2.24366170374445,11.735419630156478
1.2295617592913948,18.181818181818173
0.7933555207466951,-1.156737998843262
1.1864488693468955,20.29442691903259
1.7618561485376634,16.251778093883352
1.036432433347155,12.171153024476588
2.305703327330147,34.50161848420583
0.8440904502433114,8.620689655172406
2.3624362348682513,20.59454995871181
1.3236196444959227,21.70111287758347
1.5548751168721369,23.291021311284496
0.5675767267370952,15.368421052631582
0.08788847420418167,13.161405068919514
0.7775932533139303,11.960784313725483
2.3354237835585026,9.722222222222221
0.9829776684392088,22.784970804772783
0.9244515770336356,11.55681933583832
1.7767927310197669,24.52894534913463
0.8485263368377362,11.20708506450908
1.4639469539320151,7.73231282504171
1.6685599392574408,36.16912016432729
1.3850496946773652,20.962199312714766
2.657827959348064,19.33048074502895
0.9149940213427366,25.69444444444445
1.695504036856543,29.24040564724597
1.6652612889815819,22.14900720435776
0.6056112134111178,17.832056194125165
0.6716580790890017,13.828160143949617
1.2923297470616797,13.475177304964532
1.0084567416835513,13.654618473895567
2.7765369960524846,32.391897156213474
1.6778910439596095,31.746031746031747
1.9725393775106688,32.42509892594686
0.5858560793264863,2.6063829787233956
2.0776966126637166,32.63392857142857
2.0548175911018642,26.62907268170426
0.7894189047628184,14.151476614384634
1.7501475099105117,26.840670042851578
1.4097848383339777,22.564160799454918
1.1812226804258643,11.28151260504201
1.9800102822829748,34.66125129623229
1.8910264742349785,27.37556561085973
0.27076614533683857,9.219236760124616
2.1452471914590157,28.07471264367816
1.884107461620063,31.203007518796994
1.6345740294275233,24.26160337552742
1.267553856600372,22.11864406779661
1.5655182748868453,27.151004215224397
1.5700519043708483,15.98915989159891
1.8179021945627136,19.652513075082
2.039827950295452,33.45588235294117
0.7534863156117729,21.317022384174905
1.792910099518721,32.22495456003421
2.0112302549310153,21.263440860215056
2.1600135088896426,32.131339783054834
1.4730910979128815,22.49040920716113
2.6210801578218943,37.96349443232695
1.18645852972661,12.011464304325173
2.9899226434290425,39.52892620792713
2.129276376327079,40.32258064516129
2.008284393170607,17.10321576763485
1.8826113790652204,11.545372866127579
0.11436070553253286,8.497536945812811
2.191788659643323,30.582742210649187
0.8516409383690958,8.506731946144434
1.9483365327867816,20.808308308308305
1.6120099157470584,16.75925925925926
2.6227420896134648,30.699999999999996
1.8198175409459358,17.87276061503738
1.4537383159495612,14.914506343077768
1.397379162794749,19.01323706377857
2.6522952895650187,28.378378378378372
1.128512965082936,13.469206911829858
2.159882679151108,33.479605066320936
1.2832281408798283,14.28571428571427
0.661594559726242,15.384615384615387
0.6712751162534565,18.104448742746612
1.392419010243119,11.857995053106364
1.3143266671364917,28.7139689578714
0.5243950832067399,11.877272437328564
1.044315171925697,14.373088685015283
0.662729953705963,10.957154088050316
1.1764985996447446,24.923195084485414
1.4223610460118739,14.230979748221124
2.3399848902473375,24.234521394764798
1.7254198329218973,33.510011778563026
1.6620905918485562,18.070856780534207
1.6987651585073615,27.37747733906899
1.2605435851837514,12.328767123287676
0.8906814707806376,10.848806366047747
1.6573220442118795,25.16594516594516
1.7735214019869172,20.485436893203882
0.20646154074260997,13.958333333333336
2.017919003820076,25.227272727272727
1.9790795410700073,13.649268399213796
1.906169195751792,2.5806451612903203
0.13908432508650975,2.1535580524344553
1.790089465784503,25.7867132867133
2.443298520904411,25.229034531360114
0.9607685705701222,8.484848484848484
1.5139997625180208,14.673130823422468
1.8624855051550495,23.241464417935013
0.24441215011244746,13.71951219512195
1.5391823964981683,26.263786764705884
2.1010041190788846,35.71428571428572
2.3232708708992176,19.433497536945815
1.1418917236163593,9.6813725490196
1.6440785396345023,20.880149812734075
1.3038241566740145,29.77973568281938
1.6438620006034517,24.737439682089118
1.3576441403933783,16.10360360360361
2.272077148372067,37.00751328568811
1.0159631862125356,29.384420340893087
1.2220294492525012,3.1954887218045087
2.067266339513384,25.891265597147957
0.9402243497617543,11.28205128205127
2.412819375533391,32.51083293211362
2.383620514324086,22.450100714154928
0.5903570687065571,11.763565891472865
0.556553977418139,10.76527698458024
1.865047638800551,26.187258687258684
0.6920871831081965,17.948717948717956
0.389102776748058,0.8098591549295691
2.731713890612615,42.06989247311827
1.6707718231327446,18.265241986172214
1.702704098812173,14.59940652818991
1.167751943383484,8.796965317919067
1.0650635897067648,10.175639557082853
0.46496343784891947,6.164874551971323
2.240373825500617,45.255666842382716
1.2968956592118976,8.460774577954325
1.072512642251643,16.235182550972027
1.896319247932944,34.53996983408747
2.5514657356215005,39.16361416361416
2.2505574086434437,17.348130841121502
0.8289821946841692,29.273504273504273
0.8118548862874746,4.720731464917513
2.075196677299631,23.135888501742166
1.922406620891854,25.471698113207545
1.391835763483564,23.737373737373737
1.1691420537980306,22.218950158286084
1.3150752792938376,22.8368794326241
0.7222881711445679,21.102227298686465
1.1968073224154827,27.75
1.3891764669280668,14.465408805031437
1.7991329208818423,19.590336134453786
1.6649466902533079,9.65390380160784
1.5880203102347497,31.762917933130694
2.0489291624457513,19.666164658634536
2.521449269675611,39.586563307493535
1.946629951470092,16.245847176079728
1.7135011740527675,32.86338527496084
0.9241881376553789,3.685897435897431
1.349789438146054,15.952380952380956
1.557300426085528,15.538746278265073
1.3906656001835742,17.426545086119546
1.5291304711197167,26.045400238948623
1.630306138547006,29.593977539183015
1.7609688498387888,20.346153846153847
0.7554353764362961,8.321759259259252
1.339764638901886,15.582770270270274
2.2202141339831902,35.97724230254351
1.4966338100957528,31.59420289855072
2.0750840790584313,25.378841523863464
1.3972817743576198,-3.001841620626159
2.519213048610193,34.634567427584884
1.9235229633045678,28.872984891202194
2.087193144474048,31.923871083580217
2.2498772806790184,22.01696770662288
3.1314982387289017,40.22826451829472
1.4301884018813706,12.811791383219962
2.0927536435470393,28.792965627498006
1.7606534311639666,25.938189845474604
1.733468941187289,12.235449735449734
2.398226697462033,45.443349753694584
2.097489434200603,42.486772486772495
1.402289943820016,16.20991253644315
1.8388466927903744,9.807692307692307
0.18639633128881716,11.29032258064516
2.675218815090184,35.18361690661329
1.4070361936713478,19.22845087402049
2.1750735005078057,16.346604215456672
1.1990292889701464,15.729332273449913
0.9025256416428348,15.909887798036465
2.34598562376623,9.340463458110513
2.069427458417536,30.547602004294916
1.2895280931729751,14.095345345345343
1.5554386975371164,21.162579473206165
2.2626422073363996,40.888888888888886
1.8825537885442856,36.2262038073908
2.3374257230718025,23.3381408155238
1.5532005511160114,21.674271674271672
0.6035890907298829,6.276185687950395
1.5164796019935518,20.12121212121211
0.9831175056931631,8.050347449849212
0.5582125339323877,19.52983725135624
0.5985602407164098,14.594377510040168
2.822980975959802,30.505962881941997
1.7913275386628011,34.83773299271454
2.007583643374817,22.27554179566564
0.8236848232126497,11.374353076480737
1.8857477975048909,25.451617420529345
2.196309139416617,21.974569932685114
0.5722782117159351,12.068155111633374
1.0944424415724674,17.408906882591097
1.3966147489954877,22.813079386482393
2.166356555145252,20.93621399176955
3.587983915588537,52.564102564102555
1.9341646744531622,30.169266511782276
2.3877315820964737,21.613436123348016
1.5695432768445723,27.66531713900134
1.4650299672031195,12.365353401209973
1.2333314757006728,12.026515151515149
1.2455333280628142,20.634920634920626
0.5775946508527103,1.007653061224488
0.6083015728639989,13.41880341880342
1.3344611399138808,16.666666666666657
1.3704632180515133,17.562724014336908
1.6268300128782842,18.223370429252782
0.7888522891985954,12.418300653594763
2.3969409766528185,27.915632754342425
1.6867687453210214,29.635547439701746
0.7880180014639875,9.019607843137258
2.646757732990772,24.272755708476687
1.6847567478805279,25.710344827586205
2.4577864090003283,29.6642071977112
1.317339324690968,10.0254243111386
1.549331513392485,26.34720610180733
1.0365742787045984,21.27822426329889
1.2927180906485596,22.620320855614978
1.6331434222048176,12.119044212333677
-0.32050420161526216,5.620664912700313
1.1884040035956245,12.763888888888886
1.741001505835095,27.015558698727013
0.7372903212511435,10.311447811447813
2.44828093369067,18.576815871454336
1.2713081549555583,20.98884598884598
1.3137027505350876,8.600546855580411
1.587803990269639,27.55926251097454
1.0943593110493053,25.664968873797392
1.0644234299607658,13.92857142857143
1.1988308418518137,24.99217037269026
0.9714642356748531,6.141169154228855
2.0277109641241364,9.471243042671617
1.941108505600158,11.698283649503153
2.576581048149937,37.4025974025974
1.1712080213155622,20.485249517507576
0.6346651342783285,20.474649406688243
1.3413626783708297,18.208516886930973
1.0079540373777642,5.714285714285715
2.315162453197959,29.0
2.1137775918945376,22.68867924528302
1.5402204906582195,24.423076923076934
1.559431354334695,22.6360103626943
0.36399116870464354,2.9813664596273313
2.0859014819625483,34.204793028322435
1.381141195050367,8.62385321100917
2.4933123693651047,30.41201117318436
1.9836854564639763,15.424791086350979
1.476935591105556,20.87912087912087
1.276862897767625,9.115062333946454
2.3115024990344946,26.726726726726717
1.7663221682604004,21.729957805907162
1.639057707704409,16.847826086956523
0.2528902595843414,9.087728505204232
1.1550024915492476,23.330745341614907
1.5104376642397495,11.388140161725062
1.4605832758822916,23.055555555555557
1.183640238720911,21.276595744680847
2.0894029042210622,22.486449864498645
-0.02830027752418697,5.1052048726467305
1.932576911287928,26.766360268898346
2.063112798668713,30.067567567567572
1.720241496254309,9.228070175438596
0.7427952218781432,11.054127533366284
2.478767567758953,38.26588655940191
1.9451426145829414,21.28590078328982
0.786999672100301,12.74231678486997
1.694114859210614,14.36984687868079
2.187900020084032,24.321133412042506
2.9025203092497214,45.61923583662714
1.309416449429586,17.3842073046317
0.5184778598273597,5.921757770632375
1.952019462020429,8.046321253868413
0.68123261984811,8.558558558558559
1.0306181863120445,21.28175957527494
2.1919985976007124,36.86954872961699
1.183915428692953,9.50738916256158
1.2216043868301647,12.128562765312303
1.4301634249649147,12.496315944591807
0.8408894005857215,19.006090808416403
1.2666992283845468,21.72932330827068
0.7906295556433726,20.277127244340363
0.22854116502578534,17.184265010351957
2.030128116997342,21.264367816091955
1.9686134702737164,14.321658615136876
1.5636154602238204,12.852112676056336
1.6312269960022387,31.264367816091962
2.472933754941674,30.501672240802677
1.0332764150041862,15.913177498073466
1.0078577993938906,26.90032369684117
0.6181493214221124,5.748987854251013
2.342106901302867,35.63648740639892
1.1732850291564159,20.61302681992337
0.9823152727384964,16.3505236119344
2.436850264881126,18.821052631578944
1.4874333706236098,11.187366737739872
2.515676068215403,39.13412563667233
-0.2815989602874289,1.4692982456140413
2.3128186973712914,38.6498223450454
2.89599304160407,44.517985611510795
1.9502411467914949,24.679654130638603
0.5573966149047184,10.996240601503757
0.40517761583034995,1.9043321299638905
2.396271571188004,36.21958121109224
1.2394696193225252,17.797888386123674
1.3526629004472968,20.13444049031237
2.2296135707722717,29.304691916336914
1.4849963540699902,10.130904951622078
1.5900963274849613,27.891434806328427
1.758856422087053,20.38961038961039
2.8174714320460086,49.39134939134939
0.5645852974729919,10.483870967741936
1.4010121871800998,29.171435111009387
2.6710402870091725,35.297766749379655
2.810737687154541,38.723288417040976
2.3246090188611848,34.35287175452399
1.1735963006855217,19.034661483641074
0.6532502181893034,13.505535055350556
1.671078864962165,25.137362637362642
2.4803041195651625,51.121321518433426
2.388706004652436,21.67701863354037
1.3235767878388658,20.362531205904695
2.2030900466357677,30.78568107856811
1.9184757178081877,24.602267733145815
1.091405433860443,14.23501577287066
1.7524820404446624,15.42243767313019
0.8266288648641583,10.582729468599034
1.5637448286864841,17.235465614817358
2.0029437465888673,31.95740365111562
1.553483474372771,26.35496459025871
0.916055885956587,5.323471194916131
2.305392482622406,34.85228539576365
0.9899814869318158,8.970860110925258
1.3219057474271578,25.75987841945289
1.991177912971872,12.231421249753609
1.2079251078962123,15.348101265822784
1.6660836660824334,18.376629056240702
1.4979841280148192,25.458715596330272
1.3906637727346118,12.095009896864248
0.992096009352514,10.357142857142854
1.5170751997892071,19.04977375565612
2.0167741072400016,16.556776556776548
1.3362977696709541,19.582712369597616
2.3600548493284625,37.94429432550406
2.184062202126485,19.238790406673623
2.2076616509478217,22.34596730734686
2.6599561793521196,29.77502642307111
0.9921898898993632,7.5582792597933235
1.7956002581619965,11.191099476439788
2.1655887873755453,30.659393550457246
1.1947688879131257,21.065641307333152
2.473162933092979,34.19240605941372
0.21711456969106413,10.588235294117652
2.0740623674674,14.678002540799376
1.9105636050639099,30.033416875522143
0.8695215765081685,13.644314868804663
1.1502091934104237,13.145888594164454
1.8222743109304427,17.742346938775512
1.9060791697083084,6.669850366125438
1.955113689898276,22.57882882882882
1.5950831282635163,23.647763428785325
1.524258033015906,31.00961538461538
1.4546251338847138,22.094214029697902
2.0854400415828076,28.2520325203252
2.2150506515036965,16.40675763482782
2.306230867708327,18.965517241379317
2.1627996218863963,14.764808362369337
0.17272839663693385,3.695714696577511
1.3535526390766242,18.756698821007497
1.4261693352680063,10.76146076146076
1.9686503520551826,31.77536231884058
2.624004699071584,29.669891293507526
1.6296298472460753,16.65013637490702
1.3240309844373845,19.73525872442839
1.2991682861931877,11.290322580645153
1.2537639836451704,17.770655270655276
1.409173389105768,26.500422654268803
1.1751280907458237,19.714285714285715
1.8511596969789388,29.042836646853857
2.256110686520217,28.627450980392148
1.3380846217480433,12.513833992094867
2.7001566796358056,38.49790871067466
0.508383953046793,7.880161127895271
0.5105728700531047,13.92830470500374
1.2331372684663418,15.783132530120483
1.4716013571836404,16.48079306071871
1.5183890955218466,25.759598021512126
1.5515782105175537,19.0576230492197
1.4951447117830239,26.739926739926737
1.6678583731333878,20.067567567567565
1.7904692405628846,15.426731078904993
1.4064211988769717,11.9734593344727
1.331820717057127,17.738095238095234
1.2460172775591873,19.230769230769226
1.7971037229074946,14.61038961038961
1.6680863334460674,19.45436002039775
1.941274421333878,14.896664620421525
1.5602225670879384,10.330414012738856
1.088973366985811,11.929657794676807
1.7571803940832758,29.638236888992175
1.8323108937666994,23.27586206896551
1.3040367842564076,11.215970961887479
1.1627867273171675,10.465116279069761
1.6431797824613679,13.004354136429605
1.3961957838584456,26.469938107869147
1.043259540699233,15.900765900765904
1.5586800811426489,26.920915295062215
1.3587432178126304,27.106227106227102
1.5122315028346243,21.395672199530722
0.5157460967088083,14.336134453781511
1.6780554741557046,19.521540042986643
1.6943222058638399,14.980079681274901
1.2709566500067844,13.537344398340252
1.8375532748146144,19.932432432432435
1.5792933291908344,29.29110105580694
1.3982065688514127,17.54943502824858
1.591573308269733,20.465686274509814
0.796923337694582,25.354355789138395
1.6878124073358203,9.110320284697508
1.1220349747841427,15.52166691831497
2.220943540242989,24.828218048557034
1.1816441518069094,13.11780007432182
2.0894600322780907,32.02046035805626
2.5736091486784805,47.88172043010753
1.971024880460437,32.03677510608203
0.8200882047516798,10.121711115088594
2.1783068496332425,28.496732026143796
1.9257087233423233,20.5897435897436
1.8292208505187577,14.845938375350144
1.0883085864835955,16.439393939393945
1.733942732565907,14.352846401718587
2.3047741343350596,31.346669416374517
1.433791009129687,5.812451562903647
2.132689006956311,41.5915915915916
1.7991700488740074,22.21301055656884
0.4043251339934243,5.173894375268361
1.0617121855800742,12.789115646258495
1.5699394597592167,28.96551724137931
0.6340727891145619,12.529231876236736
1.6369098652786023,22.205882352941174
0.8481358178327036,13.312746611768745
2.2378496468225695,30.617112193182948
0.6221110379075205,7.26102941176471
0.4570029080589446,2.650290885584994
1.3013450393094734,15.020576131687235
1.4314560737099917,16.666666666666664
2.0439623183334246,25.483281086729363
1.6253639857263826,13.14632781906817
2.298427575262303,26.96482035928144
1.5113620701627464,34.333333333333336
1.271999812939928,22.946708463949847
2.4893967706526214,35.542464408443784
2.5222322316861683,41.83164983164983
1.5498626633743395,25.014245014245013
1.4529541344756303,19.379217273954126
1.7813037100346998,20.649312664521794
1.472559492493471,15.114737378888321
3.0627548630098524,40.150736553614244
1.6986579130259654,23.707420924574215
0.7237458394508305,12.464006581653642
0.9647866736312922,19.831125571306842
2.1013788782479152,18.92301038062284
1.6075074304175023,22.78969957081545
1.8796559210450798,29.114045158821284
1.9907814134198387,9.677419354838712
1.364258352571935,19.36507936507936
1.465470657292383,23.00202839756593
1.7541902455453882,19.589743589743577
-0.11468104818387329,9.394177812745866
1.190387631448061,16.714975845410628
0.20784830387264033,11.232990835878923
0.5080604571066268,11.376286694624483
0.8677246693047069,10.244798041615674
1.4452961269071347,25.0
1.2236151251261582,12.790697674418603
1.5947763473149787,22.948841698841704
1.8865345385947188,19.485457195361512
1.6223601775798318,20.370370370370374
1.714227086392936,24.909408971635635
0.6662550053208212,15.57823129251701
-0.1381366761770752,4.330870279146147
0.9703721368267515,10.073529411764703
2.316003936032943,27.307410124724868
0.5420110630245474,1.3888888888888857
1.642380777429532,22.035180631738235
2.82380790374071,37.22473604826545
2.9173670504202875,36.871891613788364
1.9761365370369324,7.069478237361444
0.5855426240253989,13.723544973544975
2.4892670412339655,33.09799147900182
0.8773806937857157,13.75146084924036
2.4943575940303964,31.32911392405063
1.5164402994850752,23.857832988267766
1.795484365715165,16.987781954887218
1.8860429995951074,21.906354515050154
2.492416726288649,31.879755056596764
0.45502426657237205,13.261602281565985
1.1223708577033218,19.46543778801844
0.8615760994435366,14.78165938864629
2.1547943151590196,26.703018808281968
0.5254286209019605,8.416515426497277
1.3523105713159003,13.919558359621455
0.854515008223152,12.017684887459815
0.8419153342325545,5.960581054354499
2.2731959213904207,45.65986394557823
1.8306861590078631,21.974025974025977
1.9744245934840263,24.39716312056737
0.847870681633395,8.559702950947823
1.28365148030597,17.87174628503042
1.4071620510469185,4.235510097036453
0.983362083180902,9.25025443853896
1.248167381786873,24.684794166793253
1.3070168379135798,16.905901116427422
2.030908039807103,32.72886297376093
1.7149004192094512,22.010178117048333
0.6004182902795874,21.436448855803697
1.5386092678389847,12.39513422818792
1.59610678400058,28.529411764705884
1.7494148944899723,21.047120418848166
1.466616429828486,8.701188455008491
1.72848016992631,33.974358974358964
1.3936160996315543,26.479579359256533
1.8353764872762635,18.120155038759684
2.018967800913193,33.07079723461976
1.0585078678343642,14.797297297297305
2.0723765050642147,21.843897328444214
2.123754071037144,12.926547137073449
2.3459252385042175,33.284671532846716
0.7442039228786077,8.285750539271675
0.8557736736214452,11.613648480540249
0.8347701023069157,21.668393782383426
1.5548697349737255,8.646616541353389
1.0046382742390205,21.36480686695279
1.034658875530447,15.96023024594453
1.0605185934572634,14.12429378531072
1.1470115144210524,9.536182928413673
2.0620407523141675,26.13026819923372
1.5897427684488266,35.89652728561305
2.6337491481529427,27.442002442002433
1.0914959090389427,18.183656957928804
2.3144480653416704,30.38178038178038
1.0959513115831494,10.280546327057955
2.215010430268352,28.053304025278194
1.5649429751490913,16.056485355648533
1.0565403230739001,13.333998204846914
1.1125747647329698,10.160427807486634
2.429562759274829,34.183673469387756
1.3830523343533212,9.38476327805816
0.979886260316381,11.979332273449913
2.18829462836432,29.05982905982907
2.1735334990243795,16.857698961937714
1.9885944675979226,32.742144476838355
1.4594286758584933,14.767378215654084
1.4629834957892704,35.76320939334638
2.3075702365932607,29.825489159175035
1.7304716652707688,27.398523985239855
1.2382877325242787,6.629536471433703
2.03982589478659,34.33566433566433
1.5242675189293275,12.243589743589745
0.6805634776310234,12.250909721018893
1.2066005009955634,21.152638190954775
2.6058614307260406,42.21174941090435
1.0197417353976,15.585996955859969
1.7093124779956357,17.403633141338062
1.5591949025177534,-0.5479452054794436
1.471568315986584,20.299356754082133
1.9253446374950127,16.060606060606062
1.9742974649128557,25.555555555555557
1.0721475277561447,14.543114543114548
1.7930374885330338,23.869047619047613
0.921485401366229,11.971140375455306
0.7916367475423783,8.125309968589853
0.9007669223482175,21.401171007470225
2.3209700508611375,23.194648093841643
1.9682091862538118,32.08018523031928
1.3699927034482333,21.15605278255881
1.349310988732862,24.64935064935065
1.705404519510176,21.45792388779703
1.5236770726372992,10.275689223057654
2.417576286974995,38.620071684587806
1.3561877812951555,10.460526315789473
1.064835299441436,12.650176678445234
1.6987513539200334,22.01447906830343
0.768329853653909,16.06107460378817
1.5866282900555024,27.438330170777988
1.270492369718713,20.09291521486643
0.6796756794449818,14.764918625678106
0.9210107254898459,20.23809523809524
2.0137679855873163,26.80040676712582
2.4956169621273077,25.581837180583257
1.024472534179249,16.944770857814333
0.527210572880178,12.384716732542827
1.5967303285514198,19.743589743589745
1.6363922438273064,35.317611259033846
1.2596451524724834,21.03325561418579
1.2343243181189714,19.654850746268657
1.8984873945351644,22.84902597402597
2.5165114603896668,30.287929125138426
1.7455426021855718,24.62855297157622
1.4114699328723552,19.717159019484598
2.4723484712494583,37.19093406593408
1.9982401066770947,20.863517820921466
1.978067060723716,24.744525547445257
0.8019701946561268,8.60951008645533
2.3362986365880967,31.089743589743605
1.9930390028486373,21.97463768115943
1.1282897025367908,8.263888888888893
2.400651254403933,36.99485099079419
1.6935636097255107,19.49570273003033
1.182395188398961,10.671140939597315
0.8136121441628128,13.076923076923073
2.1410055115796274,29.102564102564102
2.5477040225231797,36.21996103052609
2.5418823385270954,38.019607843137244
1.957805454369349,22.430806257521056
1.8417007402008951,30.06189213085765
0.887743128748439,16.45381836945304
1.1226260067339868,16.012183182856518
0.5940227351843259,8.804347826086953
2.879701755160364,24.848766868310847
0.8190260315221947,11.173681090693542
2.422253011333574,43.25292122125896
1.9782044566935286,24.76320228363825
0.7210788521594066,11.010345586616765
2.721060217403666,32.94437340153452
0.8861143662097314,13.994966626545576
2.534778410504668,20.084427767354605
0.5590049460675885,7.972222222222214
2.18480448579669,21.914008321775313
1.2495636504891632,14.553536915345965
1.6754411951495223,26.11655122999761
2.2467989226415037,33.876901114588485
2.3037166711892043,29.03427440358371
1.0991389523544082,10.640891675374426
2.695729007311483,30.366242038216562
1.1345900835419929,17.18830928597854
0.7800043346979897,10.9309412914726
2.196459362238596,24.828944640265384
1.8511414121251333,22.2011385199241
2.429210399134311,32.232755802549846
2.2084759825515867,23.5754463193935
2.6286603846926426,45.68580920740388
1.521619991676131,33.00773300773302
0.8955330177185015,11.96949602122016
0.783258924856163,14.997581035316884
2.0713399278801035,22.83502660861153
2.0261003787502316,34.44918644971992
1.0513707169269002,19.328771586836098
1.4841089548601047,31.826625386996895
2.913478904007022,36.2984723854289
2.2936021984340407,28.945801072066708
1.796127822493636,13.843283582089555
1.5392623611693415,16.111111111111114
1.3795989191764122,24.12681912681912
1.2606819025973515,19.32720953326713
2.0563560790634545,16.08460403344811
1.32992798835704,31.33906233003372
2.0057456760383743,27.688953488372093
1.4980003078013793,32.67770876466528
2.0890837455246363,18.89724310776942
2.6183438135536967,30.083996463306818
2.1818172215581066,22.997416020671835
0.9899824825381638,24.314856789614666
2.6626236048186693,48.94117647058824
0.3303643129471426,0.10534380386899045
0.9696819938341099,16.110358418524456
1.482910213062079,20.27808676307008
2.220441125642306,39.51467111667362
1.4865210562423377,15.294661733615214
2.1552539881315393,29.489489489489486
1.9531005349452288,35.08558284283877
1.2426114979971508,16.963661774982526
1.737723980418433,19.802231237322523
1.0485581785009084,17.53846153846154
1.7209002441035957,27.032227032227034
0.5159691114993793,7.678914505283373
1.2894273634636555,17.016317016317004
0.04350694975920988,4.371002132196153
1.8005762369257452,27.402310149913994
1.748980371617628,30.62745098039216
0.8939159921812837,20.863960194504124
2.412058422555118,41.190341445010375
0.6270397343174188,8.314421291520532
0.7336807098464188,11.494252873563212
1.5143617741849478,14.873837981407696
1.6850997253529194,19.087388041636416
0.9875984447215224,10.203771289537727
0.66728163059097,6.31516587677725
2.077724281297224,31.18091913903433
2.0468978663191857,20.322401334074485
1.828742866057408,31.739431739431737
1.1194468733426555,8.125640150221912
1.986723176492359,33.50767085076707
2.0228570603396867,16.440217391304344
2.475361429912432,41.18835034013605
2.110849095628033,22.722457627118644
1.1511436722920265,15.1412429378531
0.5178131270577224,3.8596491228070207
0.956145550505199,17.644900953778432
1.154889075780896,14.41988950276243
0.9794001695693347,19.7480881691408
2.0718901886549976,32.94172494172494
1.6093840666133896,23.10231023102309
1.7349627541723875,20.826098875993793
2.297045538691797,29.40027894002789
1.6808914059082543,16.159809183065
2.0247695573298734,19.4508301404853
1.1217208170442319,15.171650055370975
2.0721892633701953,35.00188536953243
2.1588509811618772,29.259896729776244
2.386195600119186,34.84848484848484
2.030646478490448,29.503273007316132
0.788003716703463,14.971838197644644
0.715140417406408,0.29532403609515967
1.5267180767958113,27.688618336100355
1.966796460790707,25.611731605422456
2.389003657297238,25.88667820069204
1.752716158807328,27.922077922077918
1.094944955030216,12.934782608695649
2.2059702576493896,22.298387096774192
0.3861418092287541,14.476252439817834
1.9679951414176358,23.19671110003737
0.8107034389419272,17.74193548387096
0.36243836698800025,6.529951430113336
1.5826139735753069,17.93981481481481
1.27204951529523,22.541594951233513
2.412913125345337,35.75235752357523
1.874280519075877,29.993802933278253
2.1652357071119837,22.135761589403977
1.907084400248885,29.140757490107397
1.2256125192556606,12.150349650349646
1.1399274145735316,9.152542372881356
2.1482267010834235,26.29733520336606
1.039941580898717,17.924528301886795
1.1806111657438645,14.421768707482983
1.9990933423026034,15.631742987293215
2.548273397123154,41.843853820598014
1.2555136683414743,22.180475907982334
1.6988025684820047,19.089907751617787
1.3604697476683199,13.841463414634141
2.72564287065845,40.202038262113355
1.744112822260148,20.778378378378378
1.390729093322148,16.293991833560177
2.036050289486318,21.2593984962406
1.7219025437473912,30.980895352152835
1.8006837295555531,28.120978120978123
1.3998294620410874,22.770280750736774
2.055850487860712,7.855191256830601
1.6170064843996375,12.21698113207546
1.48478325744816,25.5913365631234
1.1482666665536256,15.128205128205124
0.7721757951348331,4.166666666666657
1.5919667574055212,26.904761904761898
1.5740509848461213,17.018072289156628
2.0136082381952316,26.919786096256693
1.6883595936738356,21.174039320822153
2.064930367370485,18.166498146275693
1.6313261563729993,26.55349135169763
0.886007023489431,12.994214079074254
0.7043957958215665,9.45945945945946
2.0412985023612364,30.048968689716567
1.7777830229199412,23.083581802443007
1.6244947727105532,13.903061224489804
1.244395937872609,8.392857142857139
0.7049658350640007,13.21608040201005
1.6484826777927024,20.86787564766839
1.0259457580846139,15.42699724517906
0.6876917435633716,6.503032867823386
2.618581605728904,41.48936170212765
2.2324790355168744,22.62426900584795
1.561595117785234,25.443015468499965
1.0709362270874763,16.317689530685925
2.051951596790714,39.39136348180891
0.9771640556827061,23.8471517867673
1.2161762949562127,18.95933014354067
2.5544411677915444,12.486368593238815
0.8705724089850289,8.701883701883702
2.2320239664395234,25.104895104895114
0.7576303671199387,9.433962264150942
1.391096279303151,16.241021548284124
1.3131271708238934,9.830508474576277
2.3996391308594345,35.04864311315924
2.1225204480977595,20.747678387173586
0.7097279475551621,13.053435114503813
1.636404801130445,23.60360360360361
1.6412169712623466,25.17636280348144
1.40479016797037,11.617744063324537
0.9894605506432147,19.545632589110852
1.3534314825772118,24.704225352112672
1.9979161171950544,21.579913246579913
2.1348155531627664,22.11134453781513
1.324057003309496,12.390198797965787
1.9979166356116493,39.76902173913044
1.1771125990855613,19.13185913185913
1.560484697141729,11.838989739542221
1.3285851180826633,9.044585987261144
0.45135447069350454,1.8176958032611665
1.9119343085856915,35.7936507936508
1.6039027950126041,20.634920634920633
1.5795198204241476,22.969506982046163
0.7787088744985016,19.821862348178136
1.3348615013485006,10.401049475262369
0.5082933121649975,6.277641277641273
2.0275089477289403,33.24175824175825
0.34498302877606535,14.997126987167206
1.3724934237556112,17.654808959156775
1.7587081838647551,25.555555555555557
2.269231883018182,30.07223942208462
1.6624257792419723,22.974963181148752
2.2149758381617426,27.332506203473947
2.6544277748461553,36.00891861761427
2.5792407759564737,33.24899852414083
2.471031709193449,38.50920357207946
0.6038021657606809,12.314814814814817
2.1936293404612264,20.444471431173717
1.6743286418121028,26.36363636363636
1.201798067764673,17.023809523809526
1.1031136152755938,8.574879227053145
3.0458639840124495,43.24254881808839
1.6550759723850195,9.227330779054917
2.612612351715899,38.5840108401084
1.8759089006322425,10.93179494669198
0.3644849669126533,13.945766463752072
1.9481368007428426,15.128205128205124
1.4312611821805548,21.021021021021014
1.8501934768390782,20.140895953757223
1.6695836955855274,14.220221722097193
2.2873838424612924,27.900818488204152
1.2197951510259983,27.478219919943484
1.7523817056063322,10.426267281105993
1.4329371013152936,16.462585034013593
0.6012619869563294,16.24988715356143
1.8168849390089965,26.392905340273764
2.134983178353726,28.258388495777233
1.0598996650127273,12.463851937536155
2.35832648936842,24.432074620129377
0.8662898683029007,15.651834504293525
1.1864399099991725,20.643939393939384
2.4622768768244048,36.50103519668737
2.0528662053182964,35.55988810714589
1.6732413337178282,26.784200711985086
0.8756780752286717,9.029126213592235
0.6285817344678132,10.36103015523701
1.1436754775793605,18.774815655133295
2.4912470406378366,21.42857142857143
2.15863039173562,22.188139059304696
2.5955622633410846,21.095238095238102
1.0701817053300648,16.069364161849713
0.7871885553492802,13.336120401337794
1.2114452800799103,17.527654236514998
1.7411556914439152,26.62151067323481
1.2878024588017867,22.940613026819932
2.2143310186177763,29.121067031463745
2.74734571281554,28.192689530685925
1.4814463760435694,2.4750538055175184
1.0252308742552845,9.18484500574052
1.30482117629517,7.563405797101453
2.5248537953716665,32.917748917748916
1.4727612073268523,24.092888243831652
2.2382816523509557,21.976401179940993
1.5119892024475268,15.896358543417364
1.329588145925774,19.131455399061025
2.6579048815415733,31.66557561021228
1.0627278301062884,16.121629374641422
2.20806592093957,28.224500809498103
1.3279003596188892,11.740930599369086
0.7775247804399649,8.045977011494237
1.0399805077961148,14.264508376334199
1.1398875391598606,10.469283987663587
1.8419220092335893,21.966205837173582
2.174854187413125,43.48984348984349
1.369825637974266,20.542754736303117
2.2748552956183805,19.783092863367877
1.709106759320185,30.944669365722
1.1155786119962856,11.21163536417773
1.6273941126935805,3.6591123701605355
2.072055217442714,25.66599053414469
0.03830656237684296,8.066298342541437
1.6841984896790456,24.830659536541894
1.6521760207566454,29.32018681888946
1.2352389844015244,36.552217453505015
-0.23499066772088778,-2.6878166997136006
1.2917282272661548,4.731281580156178
1.2071514015624143,16.97121401752191
1.0917393891672804,11.642156862745104
1.5298608632405735,15.129611166500496
1.5207109324029024,29.305247597930517
1.885087763385846,24.173748819641162
2.3889807990534306,27.865230599281972
0.5313156053218547,6.0580989152417715
0.8095473462072911,17.745130406074615
1.1991943199847452,11.602564102564102
2.0381307850432453,20.382127093536496
0.6633353303598469,-3.3912556053811613
1.4680911792235811,14.906330749353998
0.9194233083735462,6.176429857360475
1.4433240715057896,25.660516605166052
2.0588574940457454,26.364692218350754
2.302544205507611,15.840660804689577
0.5438060315933115,12.365591397849464
1.6683718302878634,17.28492501973166
1.2616736053365747,26.453201970443345
1.1035639394768335,22.810149177610597
1.3367859425952955,6.935161878309167
1.923593679752629,16.756756756756758
0.6884079201969242,2.6713395638629294
0.6456525894499522,9.383289124668437
2.2476816330025646,23.333333333333336
1.7281785775578662,33.966244725738406
1.205978495579459,17.09137709137709
1.8154979585142246,27.336448598130843
2.0019483347102187,23.095667870036102
0.7471662549468799,5.144230769230774
0.5317392745260422,21.527777777777786
1.3046727977749455,23.0470966521657
2.606517494076069,36.032757051865325
1.647806491677534,24.011220196353435
2.412900821817162,44.857020913358944
2.1997966666097977,40.04222378606615
1.9087954413690298,14.09214092140921
1.7527207689390507,16.798418972332016
0.9367174369219842,18.422908731838056
0.6448870820149135,4.8494983277592
1.5165139553255507,16.129032258064512
1.368307490856205,18.566140658484322
2.0392757976996743,28.10344827586207
1.7705174879452095,15.416594491598822
2.808105088002394,49.523809523809526
0.6263926909167412,8.888888888888893
1.4723952114778855,15.586854460093889
1.2708223423176792,14.626391096979326
1.5839333102864583,27.69435080192053
1.5217242992957138,20.644634842921256
0.31625859375629406,11.473943189443077
1.736971644205397,26.013513513513516
3.2837952904240564,46.98882077172737
1.507965789618111,24.469878449117203
2.7509978642619646,37.85294117647058
1.6127406474218167,15.481557377049185
0.4247739287311779,2.1857923497267677
1.2532729779599154,23.71385083713851
0.625606003911891,9.451137884872828
1.19816265003838,11.436238180424233
0.584076768516679,16.899766899766902
1.5954986797126047,19.81475857880352
2.540034043976004,36.19055537080146
2.619340543473159,42.75757575757576
2.350610499053497,36.43790849673202
2.3074803227647065,34.92211113694489
1.3345530673082466,16.228619107217362
1.3360288017608648,16.13813229571985
1.7783396739496284,31.488025127601105
2.4911451823908823,31.986301369863014
2.6059692479719034,21.371428571428574
2.626138879778124,42.0
1.1037666329213136,9.725016767270283
1.6372406985065062,18.59170305676856
1.0989922664514231,26.917808219178085
1.436024520820876,14.532520325203244
2.7094520775124504,36.81641315882561
1.8523335369561789,35.970040189989035
1.537032890079571,21.00280504908835
0.5986739716901203,7.545829188574679
1.7550749236130354,16.936936936936924
1.4279803730860046,22.08835341365461
1.585313722110281,21.135322173384466
2.365477597967521,20.048701298701296
0.8594335862824334,21.3168187744459
2.5780455063810566,43.93939393939394
0.7685612738781794,7.692307692307679
2.744840082730119,49.5609756097561
0.6540095534107784,11.578769438810014
0.27758196479864483,6.438442211055275
0.9292694349619786,3.7462294443903943
0.5467725747748591,14.275005354465627
1.8997548854121433,26.400428839453248
0.406888112913647,19.077757685352623
1.8612475428573387,24.989265779304425
1.9413399667948235,28.51518560179978
0.5045274294193905,3.1963470319634766
-0.18725681133726685,1.0952498154073353
2.114327882258235,12.967320261437905
0.7207546177360459,9.285714285714285
1.7131602244543314,7.224287484510533
1.2693508093782442,27.071538857436956
2.4115589083572146,7.756262990920035
0.4479081074496244,9.008215962441312
1.5424539751007673,19.357687675632278
0.8098285226371591,17.385057471264382
1.582195651899529,17.105263157894733
2.468388071732507,34.46275946275947
0.7575318155958621,11.101508485229417
1.9200083838754654,17.763845350052236
1.9106926175748162,29.11196911196911
2.7790947394992687,30.269679300291543
1.9001942201784319,31.453634085213032
0.9443375844261284,12.54819874407844
0.42975022928071055,11.527777777777779
2.0807391196177343,23.479105928085517
0.9987028870952213,16.012596899224803
1.9298936573274883,8.994708994708994
1.7808849819481019,23.173150266971774
0.6748699968383993,-2.2919780767314393
1.5966314238299653,26.199413489736067
2.120709036884804,43.073389706649955
1.7766661781622486,26.493492917995084
1.4421154798561144,21.583333333333336
1.6070827915295727,22.15617954498873
0.7092833475496492,11.828711828711832
1.0579570496851491,7.696078431372541
2.820092357940377,47.293676312968906
1.4537674957787898,25.58338076266363
1.0106203741729378,10.178571428571423
3.078488914073123,45.965331739390315
0.8614668159478501,16.761363636363633
1.5040434853693971,24.95942875689711
1.4433380135901837,10.607876712328768
1.89194193863855,9.735449735449727
1.8964254028436556,26.52329749103943
2.527338949466462,36.71909130624726
1.9987789131267772,22.823741007194243
2.5495861459868485,23.473127035830622
0.9308628118257348,12.367149758454104
2.730644966189751,40.12605042016806
0.31582707401301946,8.39598997493735
1.5629849213751115,28.772593526691878
2.1761358689991597,25.886015325670492
1.219176729717021,16.02672783484592
0.46347309040239865,11.882832553223608
0.9922035323165496,1.819970486965083
0.8857838316524526,9.389847461865457
0.9216431031965631,10.942042432114796
1.4847373743138248,17.754833485170565
1.1805641565508616,19.834135901551633
1.8747966904555888,22.901346576258234
2.124104350298786,2.8237585199610464
2.1968171185896126,28.506787330316733
2.817106231543548,37.50418573501507
0.07459649274744239,9.598059598059592
0.1137856762416978,10.857142857142854
1.071190432890177,5.813953488372093
1.8374563739873264,27.18454790823212
0.33188741204949973,13.197740112994353
0.668665244290667,10.633484162895925
1.715810742528149,12.134146341463413
1.940406182021183,27.085943372588332
1.2623359146831103,13.464696223316906
1.5668084547591974,26.27875809693991
1.20267527079422,21.538461538461547
1.152954970627465,19.91947446492901
1.8959704956415502,36.147186147186154
2.8166298931366613,35.82627500450532
1.7905196797912408,15.116279069767444
1.6943799300172013,27.450980392156858
0.8523627076659762,16.369307548346846
2.256578373635296,30.88534107402033
1.6756518407102123,25.419181757209927
1.771351710171388,23.597260603147895
1.134317401259755,19.092122830440594
2.1438526515083938,35.84496544247188
1.4532087605619755,11.10435047155461
1.634170375795606,12.982456140350877
1.887738421441329,36.62239089184061
2.446802584454529,36.70367433254032
1.2432442823877135,21.013621794871796
0.7564612630807427,12.283557791919492
0.9008574309303823,17.674365942028977
1.2409796245309697,19.146757679180887
2.466045484990888,20.14735980352026
2.0534723457768416,33.12852664576803
1.1586709503545811,18.92402076451156
1.109133611828974,8.963815789473685
2.314116244664921,35.05540072054925
1.6748063988706199,17.03163017031629
2.411426419263075,20.868288590604024
1.221938551707866,10.209042294603805
2.308328977339521,44.81443823080834
1.8602835737619308,30.26815878378379
1.7364313780672513,22.879684418145942
1.3915976095744977,23.15062388591801
2.2692471827163634,31.611116416770123
2.2600810293146902,40.90519090519091
2.380935767754223,25.312066574202497
1.0135543755769327,11.564009661835755
0.9752229391483191,18.655462184873947
1.695146884147816,25.193798449612395
2.2676560137284514,36.56840934371524
1.4702119852487674,19.93325917686318
1.9867765556337247,17.872184581578466
1.0115486260217867,17.84188034188034
1.6365222537710125,19.86531986531986
-0.20401307528554852,5.882352941176471
2.419379225127398,17.433483815195473
1.585377368348053,21.272255192878333
0.7028876799351984,19.417004048582996
1.4432467779885496,22.74143302180684
2.4288811704946176,31.543697848045674
1.5956938259455056,19.1976730093322
2.4094364715187657,28.316326530612244
1.2756859327062777,19.72776769509982
0.7820727760871031,13.212560386473427
1.5567335680595726,18.583591331269353
1.9798738972426304,23.590071829884074
1.0103401198544233,17.144702842377257
1.2558156511368992,20.666666666666657
1.4492196076620432,28.148471615720524
1.275301460914244,7.348618459729565
0.7599794698985952,8.23891625615763
-0.5840681271549065,0.2262443438914019
0.7180290993479388,6.4116235670487995
1.8660327159840566,27.085410435360593
2.493943049538547,30.537534754402238
0.7329692351767567,20.19238607646531
0.32978456699235453,9.69101123595506
2.628771422508881,31.445045045045042
1.3410076373147881,21.881081081081085
1.3248003690276744,18.983162759986797
0.542445231265141,15.453527435610305
1.9528355749999862,18.33333333333333
0.6364464459212653,12.414056531703594
1.4253071110942206,19.786096256684488
0.6130065288168237,6.4562706270627
2.1405613318613277,28.449502133712663
1.7633252085258988,17.4812030075188
1.717722824182212,25.94854202401372
2.2525178434523534,20.8994708994709
1.1124681330475858,24.72358372278581
2.019243370260049,28.11463046757165
0.9000869245526392,5.0466417910447845
1.2002240332275347,13.423423423423415
1.8845209443981408,30.794790005316322
0.854635741896663,12.994350282485861
2.0977512173390824,34.87745304472331
1.470237795931511,15.675182481751818
2.592256463820558,31.49239543726236
1.9084010898842259,28.870867124142237
1.4953885256028416,32.50843644544432
2.030655619126279,15.008025682182982
1.2226194863608382,7.59271099744246
1.4338829148571317,22.35528942115768
2.7025599199255974,30.398580398580393
1.1401143756947296,11.858974358974358
0.4483447426187821,13.323451910408437
0.28479553359891807,12.239316239316246
1.74980599838715,23.193347193347194
2.091084926283952,32.807137954701446
2.1294737748560078,23.645251396648042
1.769469728848299,33.599419448476056
1.4494330810387506,15.914634146341463
1.0325468286723383,18.256578947368425
0.45937509603916005,6.99168004670851
1.7219891032492258,30.150375939849624
-0.18169851391538,11.136249371543492
1.6579940262379247,19.754641909814325
1.725933169062439,20.83333333333333
1.7747637840044332,24.74358974358973
1.85121792343753,15.590148698884754
2.9477684259000476,25.328947368421048
1.089852287330983,17.292418772563174
1.1237572597882366,21.602787456445995
1.8059870580161086,22.969187675070017
1.5781381053247912,29.208985098969535
1.4096263098593353,24.20746887966805
1.122897430033602,18.17365024912195
0.8710201044848596,21.232492997198882
0.21228051549767557,-0.4934210526315823
1.868648265270592,17.047413793103452
0.23462244659599546,5.002736726874652
1.9462089465792967,30.086580086580085
2.5295903971880005,35.5721393034826
2.561148204769429,41.43295354951797
-0.10805542658623293,5.912508544087494
1.3631018563338306,13.642373804153372
1.0422359106730177,14.543114543114548
1.8273884181974187,28.002070393374744
0.8819104278634144,8.338738070971928
0.9999335805982277,9.267285861713113
2.1723142355559224,26.488888888888894
2.8997410548140414,33.126981730333675
1.754523902713806,28.12846068660022
1.4844625246923804,25.15984654731458
2.477527495300886,39.41798941798941
1.6994829296614609,27.394741680455958
1.7387252382871572,25.868725868725875
1.3980949839832437,21.56337371854614
1.6063819070740815,25.532581453634087
1.7683661457252566,5.884995507637015
1.7125764357608597,23.5625
0.8656312244341726,17.662835249042153
1.6183611683498604,18.260384722609416
2.6277961309322975,36.51814423518603
2.071039430548862,32.18623481781378
1.1021194262078464,11.514598540145975
1.7455308877262876,25.785970302099336
2.1500151588442336,28.887935963407664
0.9842215879311105,10.810810810810807
1.2797361616477354,14.441079295154182
2.3955665571030487,28.107287449392715
1.195500171131942,16.57363675397167
1.2457827943241044,34.969696969696976
0.40504811770836613,18.210361067503918
1.0421942877118695,2.925531914893618
1.5008586736759941,26.09462710505212
1.4355908193197489,29.853479853479854
2.5021572078713183,32.09581981294141
0.44798877366337475,8.55503390714658
2.0434075953246245,24.290780141843967
2.323850205378713,29.14760914760914
1.174130856721875,16.74164962508521
1.692693993787433,21.009098428453257
2.048216765040321,21.1231884057971
2.1651323744188296,32.33572758712423
2.589836798330907,44.27272727272727
2.0235291276352925,28.967198581560282
1.6445866890192005,24.18920651198564
2.2286860963420496,16.011904761904752
1.1475649620591875,27.603103307472438
2.3895964385938147,30.175109443402135
2.3511866926860914,10.309050772626932
2.0677975532413564,16.558005752636625
1.984096803624316,20.345086271567894
1.261882575850814,21.277945140320277
0.6595743238716985,13.823351482153662
1.585703223647154,15.307971014492757
2.242881028811773,25.324434556915087
1.446536982978578,7.972972972972968
1.364556414914162,19.996986136226646
1.127529945958016,18.476760239300503
1.9756271998265653,24.13432488961189
0.7111491707649957,16.839549768263083
1.062424474696071,20.051382432101782
1.677475561386388,28.125
2.056517500558558,22.380952380952387
1.319130793444859,23.28130806391676
2.595882252244549,20.53542699015381
1.1457141501972887,25.416342412451364
0.7566133447034145,9.172932330827066
1.1334300400001691,12.5
2.132367482221486,18.194018404907972
0.7645106330641753,11.374521072796938
1.729719235284721,27.023105257283177
2.6821912195173723,45.18002322880371
1.7911587574972914,10.959383753501406
1.522502341434807,20.403321470937122
1.4112470637903298,16.19500900437356
-0.08115924662318458,25.124378109452742
0.9144137355449156,14.042277825711828
2.15989929790397,18.98126463700234
1.0692458613013145,16.017316017316013
1.8916711776221844,26.959754323581706
2.7841691353245945,36.03392277156261
1.1728786978485142,13.660511004300524
1.0732029037033999,15.833333333333336
1.3735593221140707,15.865384615384613
1.6219691917558694,24.190540769621975
1.0960098672041532,9.701965757767915
1.9033851434171956,25.73824279985419
2.2567822027741578,10.288640595903168
1.7795387794881274,11.899814065405224
1.1911264899607241,18.81551362683438
2.015848371691675,18.05350553505535
0.44926199606991535,14.514652014652015
1.5137021948954812,8.163265306122447
2.3187081974326302,27.442348008385743
2.654084913885617,40.515577612351805
1.4194922830028769,13.07377049180328
2.7181989521803938,37.48353096179184
2.0286520300088027,26.94120565616472
1.335042824034437,6.996533249290891
1.2508261755574135,23.698884758364315
1.9030660229082381,23.813559322033896
1.9785199654371584,16.834002677376176
1.694496128610606,16.850507982583444
1.00938253254799,13.195146612740146
0.611634390140907,9.230537569643126
2.3721657560070013,20.177638453500528
1.995292793801057,32.37471748110046
0.7263226525642748,5.487496842637029
2.0159609645842944,40.05098427984705
-0.13394882855503148,7.666345226615235
0.8970433565739218,13.12684365781709
1.6920096334870638,19.626865671641795
1.246906182324679,17.342342342342334
1.5372521871541078,13.623595505617978
1.6296029288158915,17.20430107526881
1.855846285749086,25.28908999497235
1.4748523654441774,12.272408963585434
0.7963151706457282,18.488419341731003
1.9271567113154364,38.75939849624061
0.5856226586339639,14.63211335909677
1.3254576565146658,15.322158198009433
2.005016446413647,34.613743064447284
1.166752721819417,11.08857336037864
0.8668846994633848,16.34829485526778
2.97574135076762,32.92383292383292
1.0671740230947593,16.862745098039206
2.157601482733638,24.285714285714292
1.4008621733414122,9.91935483870968
2.291451587487918,32.23684210526316
2.083897143572911,29.53853955375253
3.0432401415793917,44.75835110163469
1.9574030236664162,27.504472271914146
1.6924935903436578,25.9434628975265
1.27689750182121,18.538324420677355
0.945489468288553,14.711359404096832
1.9653695328039118,33.273759461732546
1.564137825282207,10.217842323651446
1.987812484447326,22.88461538461538
1.8637973018682383,25.176767676767682
1.28482183313942,22.76214833759591
2.216994858351852,23.359144542772853
0.757067103188446,14.887700534759354
0.9768658654935398,11.998327759197323
0.8415419482255817,13.452380952380956
2.4962601390211097,31.6678520625889
2.659182138231262,32.56164531064929
2.496054498198909,19.591836734693878
0.8634775946120488,10.171077252071633
1.8703666957356553,25.273833671399593
1.861400426676277,20.359848484848477
2.134756127517653,19.794584500466847
1.489367728273876,8.57142857142857
1.5072025409214789,19.490586932447393
1.1250639921872119,22.128801431127016
0.6011440368755945,6.425630928942184
0.7532285109972601,9.523809523809518
1.5631906212961828,23.373381182711803
2.0661026952192545,28.606833067799613
2.3360940761161806,25.773195876288653
0.8884755697812585,8.374276667758494
1.666356240036794,20.9948123283491
1.4639456343129245,16.637145748987855
0.9754347363125615,9.226190476190474
2.121106783189275,26.25168319255723
1.042929431511804,12.262015710291571
2.1870552867502218,29.927536231884055
2.480178420009001,38.2047071702244
0.8430793219830599,5.905612244897959
1.026663579421203,13.956310679611647
2.4180149039297514,13.986013986013987
0.12894422000929467,8.160642570281126
1.0282004355539616,13.91339214113873
1.0620780637368612,17.657342657342653
1.9346343920270508,21.958537915984742
2.3070181731578576,38.03412675652423
2.2681441787623715,23.384666889856035
2.23964926369217,28.844527152766027
1.3699267961070585,3.0863483990290135
2.022506500066314,25.694444444444443
1.9266889999864305,24.562696540880495
2.0994816792932576,29.985531709669644
0.5689890229227061,18.83635441754341
2.376063715433047,33.770893497855965
0.7542946029772523,6.91632928475034
1.7183142610075617,16.157945736434115
1.9448429529915896,31.79033356024508
2.2058242686566856,25.46206896551724
1.2533273034732004,13.340336134453786
1.9026443997015416,9.494949494949502
2.6702311444954976,37.97592729059198
2.6905785750821267,27.09030100334448
2.0444556378982197,30.555555555555543
0.005134500192133226,14.284077892325314
2.7149693798972594,46.320346320346324
2.5861572985552628,29.357426464630095
1.5939553528325985,30.27426160337553
0.9105081208688541,8.709677419354833
0.5132423857957984,17.482306881493756
2.413435901780358,37.37253737253737
1.6801746913107212,22.615315718763995
0.9597580394571801,14.867017040930094
1.4589526628025777,17.231997097768904
0.6122396030330721,9.758064516129025
1.9102423378262052,8.676002074535084
2.105802693141373,32.11492689561374
2.328008739668534,20.581113801452787
1.317279594403324,9.084924292297565
2.3130008905272037,27.28483606557377
2.411675317253629,24.368438320209975
1.7211864137190214,15.501423600126529
0.752907864370527,11.202749140893474
1.4584330787763113,9.197994987468668
1.1597532345878072,34.28158148505303
1.5034869536760698,16.094771241830067
1.2042559373024337,11.91737288135593
0.986573668222548,24.78546188793539
1.5855715800142285,15.841584158415827
3.1343480304486895,44.20041180507893
1.94527748543247,7.8962703962703955
2.1863321692792086,37.49592701205604
1.7047606052265556,17.565112053301014
1.2969468558602277,12.378533568904594
1.7352576997375748,34.43451224251846
1.453504502327636,14.162234042553187
1.5581439770568886,26.08695652173914
0.39680441753013584,10.36231884057971
1.2617374521233362,22.731906218144758
2.1244900156387776,24.254901960784323
1.4555292132735356,12.442996742671014
1.69153566719603,28.418900499772825
1.8249850017921343,23.31550802139038
2.54458338333641,30.79653408497756
0.9262256256491538,18.421052631578945
0.6985183801229395,18.80607315389924
2.050846009579844,34.167722855935786
2.2822518313657025,20.061953352769677
1.1105459628306136,19.28104575163399
2.323156962669283,32.250957854406124
1.4642325316225735,11.519607843137258
0.9100652387450029,4.87385321100917
0.47709272316882434,3.785876132930511
1.8034395258855795,9.927536231884055
1.313454043105271,21.464435146443513
1.9786072565826462,40.255986787778696
1.136121368084352,14.316996871741395
1.6388480441506217,17.789017341040463
1.2700251478706135,16.025800049615476
1.4851573437295191,16.557377049180324
1.342521052150782,17.83783783783784
2.739291858062325,40.047619047619044
2.175275537569067,22.89540816326531
1.9827587638263884,28.04054054054054
1.769310759521826,19.31089743589743
2.126563565910916,30.448169688676018
2.125890194166467,22.839717282261738
0.6704357889277611,13.256955810147296
2.0889470300243946,32.05479452054795
2.042787356713295,29.006723053567555
2.118155567726938,26.45028460700013
1.5471512969369092,34.390735146022166
2.1504219006020664,34.90028490028491
2.469785047736006,31.013431013431003
1.9782877581874945,32.04573012298632
0.35851603795341885,17.944250871080143
2.2421468845580064,33.24699352451433
1.6148098692395723,12.140468227424748
1.1909839233893018,26.565189816073207
1.044794898339884,15.013774104683193
2.1925507679280134,38.19693094629156
2.3898356423662404,28.802308802308808
1.2181027350252025,10.291530535310379
1.1286386142937115,14.642857142857139
3.0990646208341364,32.71538686701142
0.8047539224487859,17.922341350333234
1.467185084914556,18.011632133769538
1.3863417912520568,19.74686813896423
1.1067657043601666,5.054012345679013
1.4658678554344209,-2.5988700564971694
2.4735208858402977,27.586882675725114
1.9005187014021685,27.22222222222222
1.4312401935091321,20.81109134045078
2.84423584641042,34.73576669452957
1.2506784044094708,11.759259259259252
0.9256921188587082,-0.15343306482547092
2.0061647208763254,23.694581280788178
1.3090097765267905,17.16748768472906
2.393429036560263,31.77514792899408
1.211351656287346,7.770700636942678
0.7653320067928844,6.605099377635014
1.3290120640067853,19.09153005464482
1.3007467017120908,21.576271186440678
2.0354873279696664,23.752540076766763
0.9400928694243749,14.061096136567834
1.9811255754376194,31.78981106612686
1.8250262250458993,23.301413588691297
2.031006438454478,36.92538692538693
1.005760964479057,18.5897435897436
1.2287218426615685,14.404510218463699
1.4202638909514265,21.118962628396588
1.4335725844795342,19.13043478260869
1.5180702254055174,27.172827172827176
0.7890857518195864,12.442099845599593
1.4613968869534864,20.102339181286546
1.738493312772512,23.33333333333333
0.2489168114114268,6.7737617135207415
0.5862364900718758,5.685704514363877
1.5544356327525515,10.723944247971708
1.911539106990804,30.40673518478023
0.4424387586966059,10.952380952380956
0.847318364462841,2.4038461538461533
2.1925047391628802,31.314365508814795
0.781746702086221,11.913405943256684
1.4696354910163871,24.15181840371003
1.3290485271611472,23.47027027027027
1.8011959075435966,30.14797243872134
0.905597384224178,2.9943855271366075
2.2961622241396484,41.18457300275482
3.0138777418957354,45.16101404590614
1.7978848788909085,17.47668139420717
2.155734853451748,24.40147329650091
2.2714650853931895,36.79913436946685
1.2780374778523071,19.67650195520796
0.9730817595942385,5.000000000000007
2.6667019235837195,43.93939393939394
0.8805050589209409,7.142857142857139
1.5854599968262306,16.666666666666657
1.2142566713243907,16.49073422472437
2.091349553277409,19.96411565799461
2.326378649972248,32.96285110238598
1.8720878366122908,18.723911747167563
1.609848445395755,19.84126984126985
1.9928791345729304,31.906016688625378
1.7750946851268576,30.975306724646693
1.9590738852645366,21.464019851116618
2.3091799777543156,24.43877551020408
1.0468530595404044,17.162530856177725
0.8529171548098398,15.481941568898094
1.7338373233620836,30.18300653594771
2.49265178211898,35.97368251306199
2.615017314960394,33.03952748750568
1.6409615936711537,20.62937062937062
1.703736487825938,9.103496019383869
0.5589342637142111,16.774193548387096
2.6837274024400672,30.46875
1.2420143987932124,16.236016236016233
1.1258608303442141,22.217837411207576
1.023967386433121,14.877794619173926
0.7157230124292252,8.125000000000007
1.5610765187699767,11.904761904761905
1.7852330364766829,25.766526019690573
1.125338643825852,7.8007518796992485
1.4605737604926115,9.3042071197411
2.102017584493075,22.53146853146852
1.2282615091096365,22.751240694789082
2.4794226447748207,22.309303425444234
1.521198196089407,18.97716682199441
2.3693845200431505,38.20297349709114
0.5080804538525263,4.402654867256622
0.6767727905251034,6.222943722943718
1.8048962631826908,37.11111111111112
0.6855626302637778,12.298850574712645
0.919743634224546,4.6760797342192575
1.3986153010040017,9.838576646636028
0.934141267047434,13.429256594724208
0.4411810773994081,13.091787439613526
2.6225396589843104,29.464285714285715
1.3035047473804013,9.65468639887245
1.7346885263479597,31.558057299559792
0.02747893919618072,6.557703807056008
1.0157015015534308,16.485507246376812
2.3972977399336757,21.02900930487138
1.0226248182357542,19.230769230769226
1.3160321918354678,15.647163120567384
0.9264007384322981,13.275399833595266
1.3936587078441303,10.26119402985075
0.8177840358880275,24.288557213930346
1.9023923454707057,22.396142433234424
1.638181966827871,26.238158052524277
1.6285898792218094,16.620879120879117
1.2645606171413537,13.434695912263209
1.2276717974650588,19.39117199391172
1.5922896556982535,20.636942675159233
1.8206212031290583,21.327433628318587
1.9939745459867093,43.62637362637363
1.7294246292767086,28.20573223400079
1.3750436762438683,16.86586985391765
2.4230842352751387,26.724137931034477
1.6257255154222974,24.804432855280318
1.7260310392828804,23.26456172346974
2.163519530954468,24.30773249738766
0.9141421422216164,9.427609427609426
2.261394939947827,30.653223756672027
1.9555258352397336,21.470396877033174
1.9447501508884864,15.230769230769226
0.7086680236352964,8.89170799215777
1.7106433450595455,34.29487179487181
1.7041794562039565,25.034246575342465
1.7840995651907514,25.185185185185198
1.2347010208129205,27.290260366441657
1.2305151495657365,15.342163355408381
0.5230416578126788,13.090909090909086
1.8055029166191081,27.122280110327928
2.01420293118726,29.628830384117393
1.3651971873770299,21.901709401709404
1.1277926837546397,15.525291828793776
2.674143575899369,40.90270953250035
1.4630116940086024,20.126512651265124
1.121668746809011,3.8726076555023923
0.7327653042896304,9.705329153605014
1.3952809064676732,16.984126984126974
1.5317191563748898,13.535313791068262
1.7765226857341399,33.057202650854556
1.3102350715594557,27.34358317317959
1.6426111684408815,20.339479075212175
2.9594603736614826,36.646586345381536
1.9716366337115483,41.901728844404005
1.329686237877281,23.833943833943827
2.1476224656500116,30.76036866359447
1.7531411230731613,23.614457831325304
2.5697510281963765,21.904761904761905
0.9889022000955972,23.61990950226243
1.041864207531356,16.23582766439909
2.3557604338524225,47.18803758105068
2.2442209477447426,24.14589472007644
1.5883567569376755,16.472677056618657
1.233426117985215,17.72125066242713
2.246454842186616,25.497404844290656
1.698878448746636,24.85995750434614
1.4243449078351949,8.40764331210191
1.8566268052281787,6.330205974334092
1.9672938778454299,22.805183946488285
2.0406078383409025,36.13861386138615
1.1808933826398573,5.720823798627009
1.2336481036433045,26.571897211591036
1.884134211153799,13.047619047619044
2.6694955339899313,27.96703296703297
2.5629573582989136,25.24427223719676
0.25076250190278415,4.003099173553714
1.7290643753662418,22.83990060347888
1.651556779039905,18.508863399374356
1.863523745935824,37.45808182427901
0.9560692586999447,13.68421052631578
1.9558025159275902,31.92167577413479
0.8314864980580703,23.33333333333333
1.7041032271855738,23.824511206485454
1.4630821634563276,16.301703163017017
2.53066492148285,29.51127819548872
1.776730537869394,34.44315855069883
1.054468238675553,27.76376628835645
2.5041582189442924,26.64131615706968
0.900665837813921,10.32863849765257
2.0911074734314776,26.107431935246503
2.1234939615482453,32.06792318634424
2.600999004770414,32.35294117647058
1.251013917582931,20.08576842525183
1.9635525577717843,28.615384615384613
0.7218881919548321,7.910628019323674
1.5206839774425784,12.056996711728175
1.4977166417346206,22.76214833759591
1.7820055770194143,23.26241134751772
2.2899566338836292,37.20494567253653
0.40057278959073817,4.372323642100511
1.3458566782909527,15.848035284683242
1.0881495598140953,19.668085106382968
0.7893895054026663,14.583333333333336
1.887783508486762,35.27566853747112
0.6599977332039448,15.75845410628019
1.6080849469021792,22.239886945769307
-0.12168660338621767,6.9366852886405965
1.2504856810554852,15.171755725190842
1.5573821070345206,21.90589165678135
2.5560341440781165,42.68231768231768
0.57705034924226,3.763345195729528
1.062046557383499,10.640394088669957
2.565449073964145,28.548951048951047
2.7051433921551467,29.00543297483091
1.4602126245756506,34.61538461538462
1.4148524375616522,14.621212121212125
1.7902726877067137,18.196378830083567
1.0639281583452809,19.657621986724124
1.7608269551458158,23.48045397225726
0.07139728236158133,7.010954616588414
1.6021009907693515,15.526363802225873
1.6221661714150344,22.647169103862012
1.4404706124450573,5.803038061102569
1.0944357007039522,17.77438248026484
1.0162005794504356,13.44086021505376
2.0983161970405786,31.29028610200158
2.034307041771052,23.026038001407457
2.3413427578744646,35.497835497835496
1.2988049275947096,7.60423786739576
1.2797343190962809,7.449628844114521
2.4274615808018942,28.39253769486328
1.9268179107127237,25.457875457875453
1.6974707526860815,4.298592788038697
1.3717214011147498,28.351459028749865
1.258590534638078,10.99238773657379
2.43644048035944,6.278787878787874
2.9035856237157294,40.21640298236043
1.5484170807595272,11.886792452830186
1.1149190355869638,26.10814022578728
1.5784652663874386,20.016463163671297
1.1100977534266108,19.04761904761905
1.268953346643269,18.562091503267972
2.2022928826731714,9.090909090909093
1.4741285233522756,17.147435897435884
1.5083704841641814,17.751288659793815
1.704178173053069,23.66081110388202
2.483948579746031,28.804477256489633
1.0485112761858113,15.57279780921953
1.0906563528665805,17.832693270996828
1.6634911064291484,17.770270270270267
1.6996304858517473,13.33056478405316
1.589486408342423,14.324411480167683
1.0437783473007347,10.02331002331001
1.2624591204045168,9.490886235072281
2.6347582832438876,38.37104072398191
2.0942297654015833,31.797235023041473
0.8937445101485617,14.567147613762486
1.5725618719796677,24.76036350056018
0.8335280972246406,8.270899053627758
2.5118502709843287,25.651408450704224
1.8353555774204355,18.103448275862064
0.9629175244124091,-4.735800213187147
2.0857241933224735,18.725274725274723
1.8662869167548035,26.19249823071479
2.452901891018656,16.17647058823529
1.5901228617313996,22.57142857142857
2.121882974636135,28.663282571912006
1.8881867774137406,27.546583850931682
3.0729552840128886,51.54639175257732
0.986973582343916,9.96503496503496
1.8640159747423488,11.755508173418626
1.2715671703113918,14.179401993355476
1.6565539156116644,19.253731343283583
1.8935672862968989,29.16943521594684
1.8934201113055922,30.976699648898823
1.904519565869163,27.325876970005083
1.7955205547057003,34.96163204192401
2.214788227979307,20.331991951710258
1.9832790331939998,22.82430213464695
1.235101349277652,11.37195121951219
1.0201837268763674,5.395761245674734
0.9797525264127712,5.110148067894535
2.038954002492426,10.972654897888539
1.8838660739991158,26.167846309403437
2.0328031853040986,29.055118110236222
2.110732824451017,24.341848293102096
1.2364358672847424,18.339529120198257
1.7820258842872259,35.50508811119384
1.7803501659235366,25.469588550983907
0.53072341090313,16.545454545454547
0.4761146713909033,11.716082659478886
1.4289702961385107,11.584249084249088
1.8903256516551785,3.229166666666657
1.8392273635442127,19.53607150457544
0.6057552047782943,17.24664224664224
1.310459606992949,22.101339013998782
1.636665604336682,21.007604562737647
1.517636595761223,31.707317073170735
2.560092080958147,38.12781954887219
1.9524757213649808,24.435483870967744
1.7849652520982662,21.445200573065904
1.6252396287513846,21.94749694749695
1.4736431070753744,29.38027037879801
2.0362545770954,37.4501329787234
1.6156405705173322,16.39833035181873
2.105227286966555,29.796996662958833
1.9842678363538424,23.60153256704981
2.0838590480742702,23.079378591189617
2.1130117199290432,30.97667638483965
0.9724590714161818,19.166666666666657
0.9859388449423361,20.588235294117652
1.3454213198460636,10.228310502283108
0.6891953624273068,8.576839826839823
1.9265306206802038,35.47077922077922
1.28175121296229,9.792830857298625
1.6847334634512794,27.69344141488577
2.3262754067634606,40.491676772130965
0.9682503303980292,10.40640394088669
1.1817335382441794,13.909774436090224
1.4084257767590511,29.80392156862745
2.033263589252591,23.00261096605744
2.6166961821611427,34.074941451990625
1.5365203938599985,11.530054644808736
1.9239168984519979,19.88630490956072
2.3656977399870627,44.032597266035744
0.9630052915721193,14.057017543859658
1.4572264733517821,14.399555226093405
1.3023671834123587,14.988814317673366
2.4600210811660914,44.176790950984504
1.0186261418773637,17.657342657342653
2.549321223387936,28.05825242718447
2.2125855614224585,35.300081103000814
1.920426098467828,42.3972602739726
0.8248873206338562,17.085235920852355
0.8543626863597402,10.862831858407077
2.2510859637756235,28.55516194331984
0.7671346528315328,6.6088840736728045
1.8293033120146833,26.85089234312032
0.9163650716803554,14.308176100628913
1.7249942199424093,29.23647747695518
2.412078821353549,46.81113026348189
1.3083379818553462,15.574387947269301
0.8494453342070227,17.900790797987064
2.3602274013593387,24.666666666666657
0.8396400557598477,18.459495351925618
2.919684900268454,42.609351432880835
0.8866428813186369,12.10526315789474
1.9618307032820026,11.05382180009046
1.5395217183030219,10.76330601362693
0.5668434005723568,13.468840741568009
0.6512478711707277,7.15682788051209
2.044722789827447,27.437275985663085
1.8285210190281864,17.536140791954743
1.5682385431912023,21.833629717447145
0.7538603058718563,13.400453771979578
1.3853045603886935,15.562015503875969
1.1621565342673104,18.897721250662435
0.9724895032879763,20.305480682839175
2.1178984637583054,31.77993527508091
1.0036115110781312,11.75406871609404
1.7702553656656526,20.89947089947089
1.2686667769596403,13.227513227513228
0.9192903707675744,16.505246166263113
1.8101317139584177,30.086580086580085
2.0969142281456006,9.470801307536
1.8458834423278907,29.13322632423756
2.188772626746973,11.418575063613233
1.0815348138051393,14.463276836158187
0.5129553668569564,3.007407407407399
1.071141186084934,13.96978917626602
1.87396571421082,28.449770525242222
0.9247071134976573,11.519607843137244
2.276594310470701,38.805823332677555
2.565871450099336,33.31704934049829
0.55430245785496,20.462296324365283
1.5646029574979163,17.68181818181818
0.9532975020268141,21.81238615664845
1.508403338242029,20.050005953089652
2.2179028719449376,17.045454545454547
1.2410163410820918,5.95375722543352
0.5361546124405874,13.027838598686273
1.9342400990451958,19.638242894056837
1.954608504476032,28.45205479452055
2.1074155070587857,27.72307692307693
2.1740324040581127,37.839506172839506
2.1919794005928743,33.793032996220255
1.9313736232542134,22.60545905707196
1.4587484700877464,20.24570024570025
1.8154028267561602,26.83609493954321
0.9992280284816646,16.92406692406692
1.9035163298185127,24.23788105947026
1.5890785568163555,27.696078431372555
1.9241908624753035,7.123287671232873
0.7534724033767893,10.871794871794869
1.2602706071012937,17.410628019323674
1.4730890084842554,16.022727272727273
1.750953979612623,34.056603773584904
0.8737682363157646,20.028095524784277
0.8691446383290307,6.4400130761686825
1.2608802104166992,15.343137254901954
2.136919503563421,29.978709466098913
2.119413290545429,26.79956896551724
3.3687303980965915,43.647382920110196
0.7088520671437772,10.031014621178556
1.0199783832306364,12.457983193277308
2.1335001108478293,25.91382231905107
0.4928210238314167,7.142857142857139
1.4395230574119813,12.040043290043286
1.3943763582606994,14.782536520584337
0.9559979410367907,19.371238846233652
1.3214381109815165,18.532818532818524
2.170381328804597,8.710801393728232
2.46079758415077,39.10456496293405
1.7298355204368927,26.899430740037943
0.4302244297286374,5.570026046884394
2.2932846730915495,27.5
1.1459661200785058,22.87652645861602
1.6948357391621987,25.692185989276602
1.2648557602333343,18.509615384615387
2.894125469957033,39.59224408326204
1.534776844366996,19.975490196078418
0.5336839494903151,9.643201542912252
2.7057540353033573,25.874915330774442
0.506734994636925,10.43580992386454
2.5516596270529845,34.80093676814988
1.464516136162103,19.802980550644108
-0.32475284252720227,-1.1940298507462686
1.4106946855273503,21.566901408450704
0.4118717890274192,8.611552729199786
0.6996003428917161,14.145658263305307
1.4451725906719741,17.745803357314138
1.7379477084087436,11.933139534883722
1.3261642735710963,26.915113871635604
1.5263559209332604,27.686047883005067
1.3623619033827066,15.942028985507235
2.182411272594894,32.91594346640218
1.1380862268277367,15.197095435684652
1.1154513605538205,12.619525439735568
1.5341948729658785,30.549682875264267
0.5422877746909774,5.352547606793621
1.5413606631824606,25.668958223162342
2.346598591049282,33.11719889771438
0.9196474810831008,16.118996694536257
1.8947631174980406,22.41379310344827
1.5073643203182128,22.09989806320081
2.4299869320709,43.15738025415445
0.9298508914477573,17.462466158011324
2.396250285294682,30.735294117647058
1.3571316609599933,6.25
2.2668816003864842,33.670164529084076
0.9127878017045742,10.085792006695954
1.2413895719378198,23.82701503915726
0.8435056943657733,17.147696476964768
1.0660574146375286,7.066052227342553
1.3772949770602212,20.202020202020194
1.8777625677952599,35.850815850815856
2.092545453786881,31.78312159709619
1.8631683985216951,35.66213076667772
1.0144273706050906,10.68181818181818
1.3162105022434278,13.293935052531054
1.1539766895604757,14.076532604451387
0.5788128667199819,13.875205254515606
1.5871429814014237,24.234023927633494
1.7167526792657943,27.58290205098715
0.41075661518889295,8.546511627906973
2.276172087960788,24.207317073170735
1.5013568024690174,20.622406639004147
2.0455190143729447,15.801048891896464
0.058906196176130465,1.2581547064305667
1.530786655387835,23.208985158443646
1.6783589364949985,25.554092604783847
0.18138775436461885,3.1233279828785427
1.6287997813923492,23.5820895522388
1.2952378962355526,10.582010582010575
1.6287058879697436,22.806502154328243
1.1060114805068695,20.02685395579425
1.9639523877782903,13.555114200595831
1.9283641923795107,11.0948905109489
-0.1645527913667038,2.9869477911646527
2.631800750782163,23.202433628318587
1.811044448859152,30.990099009900987
2.4356476523245476,30.23112099864047
1.070525049311506,14.812867956265777
1.2536450568045918,11.427216690374586
2.4740858577190847,39.57875457875458
1.0261629258694533,5.576548723233714
1.3216202590485602,14.111842105263158
0.8340771437359147,19.404761904761905
0.6862036032192176,17.04617330803289
1.2805547428249817,13.107344632768353
1.8580356471992272,22.13536089098308
1.3153535259357838,12.620967741935488
1.425760434837554,23.132586367880492
1.1737273773739774,10.012562814070343
1.1517729919330009,25.57533651758576
1.5299608784989123,20.752242926155965
2.0048955213936184,10.606060606060609
1.6433165508990235,19.721485411140577
1.6759999908715804,21.97392923649906
1.0334815322891504,16.184351554126472
1.9734648458129662,38.634538152610446
1.1795978071343851,21.397041740881278
2.559873150658317,21.135348677430443
1.7358301369521345,18.77300613496932
2.113194456930828,42.24364592462753
1.0950632503478588,12.322064056939496
2.5098297923930897,30.43478260869565
1.831293336473738,15.867029820518198
1.2156598245665142,9.649122807017541
0.9080912160922158,13.025210084033617
1.038405691848731,16.866096866096868
1.4034372025920372,19.29103366100685
0.9526631434564794,15.562953995157379
1.5901724920249518,25.302461410095958
1.3073527896158514,9.163879598662206
1.945664486858234,26.559571619812587
2.080284784788385,11.191772534785244
2.061424525850743,30.092091007583974
1.9230144428564144,19.9468085106383
1.0469242771838239,4.374999999999993
0.41128681426418257,10.555028462998102
0.9639183378160322,13.753501400560225
1.1112840017883836,18.065805658056597
1.5793549348329923,32.60869565217391
2.105628369788737,20.65091049980628
1.1213395073520143,19.248338870431894
0.7845910408024903,16.913889424003088
1.3318217418065832,10.570175438596493
1.4911325185169626,10.875966139124031
0.7154331892125555,13.246268656716417
1.08017760887214,22.880597014925378
2.170031631356995,27.92243767313019
1.962763560931717,26.828243205379664
1.5005230576650042,23.187171846175673
0.6543902007828366,14.384508990318103
0.9653863020572684,19.02722394525673
0.5095308311090343,7.15066695823311
1.5316319788136659,10.174999999999997
1.3625210792574027,20.065543071161052
2.113232492888247,16.97907188353048
1.5706113792984464,23.89234356781966
2.151765786331918,31.854256854256853
1.6667152884080858,25.051419169066243
1.687745350551869,19.362745098039213
2.3739421954272615,34.71698113207547
2.270142255605,22.41379310344827
1.9517288316470436,35.07956374038977
0.9086783214839236,11.142151767151766
2.747175203095326,42.26918798665183
0.9385243901271922,34.94186046511628
2.0366478199127243,25.578688736583473
1.007174618673265,18.458089425831368
1.6240048801100793,25.844795381219228
2.5208751281189246,32.991909106558786
1.468153189622448,9.907773386034258
1.7776868404849424,22.390037095919453
2.0628885891127053,30.81918081918083
0.39349820459721685,14.172972972972971
0.7801113272129729,11.190476190476197
1.2053366912733858,26.18323191345503
1.8212025012360047,30.944444444444443
1.406604323843102,12.327851317020986
3.328049760989762,48.93721386527141
1.4641385559813258,23.076923076923087
1.5405550712224798,17.368421052631582
2.140654627907144,22.597689850086006
1.3251770246195602,24.665246500304313
2.733623322497248,41.3993196825185
2.0235444491047003,27.78877887788778
2.0688130009725123,21.89739413680782
2.44786528776688,14.56500488758553
1.715677823571108,9.008528784648185
1.1386125623238978,8.844295800817541
0.5149418570400938,6.964886964886958
1.4095433330228446,27.197081956001362
1.7100400117559336,20.033303445625727
0.8125154113432412,11.099865047233472
1.6701060525576423,29.105500097866518
1.8017617140482063,25.555555555555557
0.5117778181001013,16.800392991648927
2.2400943104514073,37.91208791208792
1.3938270808726194,7.0977443609022615
1.261743867116476,16.369939479405367
3.037512295830656,48.430446194225716
1.7748463841848432,13.202197412723727
0.19299170248132066,10.416666666666664
0.7235045013567212,5.760977220204687
1.7552227519757846,25.008826644698125
0.845721605856074,17.904411764705884
1.8074573888466987,31.971326164874547
2.550503081785771,24.677051671732528
1.1092239669221258,5.180742961852403
1.4925746153132895,4.715546090660183
1.5457940319334966,25.41605645053921
2.730405364252653,37.18248663101603
1.9182657692775078,19.320903181662672
1.1425698400380422,11.177507836990586
1.7294873652723068,19.09235668789809
0.8699681939208788,14.048734026510033
0.7290746391132694,8.622339153312595
2.469971185383594,40.91368633893593
3.0082040385058884,37.90189125295508
2.205722706490754,29.13260219341973
2.395310372461466,31.08108108108108
1.407687616523085,15.151515151515149
1.3290412290299893,20.270270270270274
2.83007729170751,39.35686115886339
2.0799079621019514,12.309657137243335
1.7239909733289405,18.48739495798319
1.8558071852073774,24.836601307189547
1.6768721637744932,18.827838827838832
1.5064654428959399,22.39491616262155
0.8514998570807567,13.450395083406498
0.6845344198584963,5.421511627906973
1.7139424341431977,24.233637116818556
1.9827530935841313,16.85633609994011
1.1621760119855467,12.77027027027028
1.7483639417987598,28.803400174367923
1.9132809390173224,28.299595141700408
2.1200695453898284,35.8843537414966
0.6855345687213525,0.03890041493775698
2.355062666389002,12.871202396234494
0.28501888451507046,8.945497630331758
0.9045484869596383,8.178475603696711
0.8595960555727323,8.098915241772382
1.8806998582949193,18.41442953020134
1.095044120115142,24.061718098415334
0.8647390658900864,7.248742010063907
2.075736092017241,29.532481652623005
1.0348573190245385,12.327044025157221
1.872451385229031,16.936809960065773
1.5762998190248405,20.66194987408562
2.2617810999440873,38.649569224604285
0.4870298815358307,0.0
2.0210004439239255,24.388966480446925
1.5477993798630474,31.48093984595885
2.3843574263626706,29.615384615384613
0.8471265183592114,5.495689655172406
0.30915181411455106,5.292792792792795
2.5094882984312807,33.00022711787417
1.6608413333731842,22.063645130183225
1.2771428671343095,9.473684210526322
0.7928181399212704,12.652956627586654
0.5151636132858696,-1.860465116279066
1.9930082242838902,16.214622641509436
1.44113679823815,23.823099415204673
1.3031820510242824,18.73180873180874
1.8773412874568307,20.687699397376825
0.7786619890381111,17.826617826617827
1.9183268301487957,3.045903045903053
1.9264928419471894,23.888422818791952
1.5126683937741232,10.432401812688823
1.8817484142975354,19.25287356321838
1.544407168948336,22.56166982922202
0.5936764667408352,25.292740046838404
0.844832390101083,4.833749759753992
2.1542062487054783,35.83450210378681
2.3096353543828956,36.99944842801985
1.483197766048597,25.018773466833544
0.07924786625388813,6.621031511861204
0.8383843751775192,7.9156091370558315
1.3321072272486987,18.484848484848477
2.777253949078067,42.88617886178861
0.42823900325535874,8.82352941176471
0.8982330949170765,5.647590361445786
1.8301661275488716,23.54740061162078
2.0322545727319077,34.593654932637975
2.468503725113826,28.54166666666667
0.5342900701779133,10.135207069094008
2.2298824224345988,9.217548620533698
2.6738738203403187,33.475465757019144
2.3576211046548385,44.93008917758449
1.9469741408800696,26.2993402014122
2.6786371158561977,41.19411123227918
1.7052385556895233,32.45328118209474
0.9032661401460105,21.42857142857143
1.457679572140151,10.11736139214893
1.5771996524539553,27.002647318364538
2.630979672575729,38.05831265508685
1.1663499583047798,20.800275957226624
2.1243788738714993,15.694489203996142
1.334097282247084,14.014687882496943
1.5578952105346047,22.136422136422134
1.2492606123191576,14.642857142857139
1.8802030152160105,21.879562043795623
0.680446147857816,26.49122807017544
1.1761637151129454,0.26856240126381437
1.7120852753376417,13.300492610837445
1.883211769942619,32.06349206349207
1.8074303860452978,19.408201304753035
1.7962897453932563,20.0
2.124242016548916,37.17006033182504
1.5909768288549597,15.315013404825741
1.158380120852081,18.958536925869055
1.6408347743210956,25.78357825506115
1.3530434455107878,13.690016547159402
0.9887195297784326,8.540145985401459
1.6106507447714973,19.490586932447393
2.764590579497241,33.89018940200042
1.9523954982882943,20.53810160427807
0.9208928044617186,12.17948717948719
1.8785680715002093,23.893473368342086
2.086915345427993,13.93574297188755
2.2475491055264385,26.214833759590803
2.0056543084923244,34.09338464889985
2.1023848936673337,23.816369561050415
1.3122946977850307,10.19549280477871
2.5546610042198132,33.97849462365591
1.796039023100571,16.310892172961147
1.5763704519295934,21.744801101369468
0.7738290109787539,13.13131313131312
2.208228680163648,37.996556389128024
2.265162165467895,45.0120852559877
1.129981884093097,14.83769515893519
0.4122587397827091,10.78078078078078
1.9385621904685313,21.532742350586226
1.499581273480358,24.69615461247261
2.3567260467308997,35.19813519813521
1.1436937391280546,12.662866449511398
0.60109768539931,17.92168674698795
2.3345137845222315,33.10538116591928
1.6071518393134734,24.849344204182927
1.1177381184044433,23.159549384333253
1.006689425155181,9.5904095904096
0.2755279725833223,7.666666666666664
1.4476782232761503,17.624521072796938
1.7991964801190217,16.427038626609445
2.5313993987258803,23.144179667409567
1.547589756160553,25.07772020725389
0.9666296350382566,7.708333333333329
0.2863539703493587,21.81818181818182
1.0146520885339814,11.19447523233012
1.3611892379842296,13.909030982201706
2.8723181716739172,42.8110599078341
1.9002209295620296,37.75086505190311
1.1123592064602452,5.948317893710389
1.1692163161332827,19.059829059829056
2.181600680106842,29.83870967741936
2.203841025915135,23.18181818181818
0.28772884544884036,7.069143446852422
1.3133805008694752,19.534239345560096
0.7110284096652638,14.178291194420225
1.3888722916644338,13.809523809523796
1.130648481970816,18.363043894958786
0.9290018007483763,16.400580551523944
0.9315329910265966,5.6574239713774475
1.574591125218741,18.562936698300135
1.4216538854840994,7.447735191637626
1.388419430630862,19.948519948519937
1.6371344789578681,23.526717557251914
1.6762702379400007,21.56488549618321
1.4292107665166731,26.910911966262518
1.9250839575961893,22.0
0.43596718746732743,3.913392141138722
2.145598990786387,33.06779961055054
0.8134182114345974,12.73359073359073
1.3367811771617966,25.668276972624803
1.6543862391433164,21.832770270270274
2.059025881323861,28.496732026143796
0.766847710741199,9.634508588402433
1.235245433587292,16.360153256704976
1.5421604377696714,17.642450142450137
0.6590785006341857,7.397959183673478
1.083848917331069,20.655848546315077
0.5828530610983689,12.567287784679088
1.090853544195628,12.85956006768189
1.3976990990692455,17.14285714285713
1.090822123473942,30.75601374570447
1.9241943289008132,28.451443569553803
0.7371220786793671,4.943820224719097
1.909565867270448,31.314044605183845
1.1165437577329391,13.262411347517727
1.9388784824309744,11.404220779220772
1.2061933898898547,12.47826774142564
1.853735444660472,16.804204735239217
2.6524058362587044,38.27838827838828
1.382898465922705,12.112676056338032
1.3962449924725409,21.74030902683655
1.297865724030196,19.39921392476137
1.5030953683622346,27.553232181563168
2.430347072897712,30.952904123635818
2.341263791191749,22.916666666666657
2.3288787583921913,40.60096153846155
1.4001816239673026,22.32023145861266
2.5006055420907334,38.09523809523809
1.0789835153186575,4.651872964169378
2.2015704298499874,16.118598382749326
1.8770972583756045,24.242424242424235
2.2553173984109574,29.602675059008654
3.061660658901312,47.769926297393816
2.28413687913024,26.920871559633028
1.7464280743485308,19.509098603470164
1.3705621979944342,7.2960251046025135
0.8207443487724875,14.785017145871798
2.5007175300012694,21.034482758620683
1.9841692976085588,21.669238683127567
0.7753331673351749,0.799790218958961
1.9312346912770328,30.388423457730397
1.4691026798615014,22.40870240870241
1.6056636581507682,25.374149659863946
1.173021039054356,9.763033175355453
0.9567605231372093,1.4539007092198588
2.623930192452152,45.81272386150435
1.9611052655470975,30.22888713496448
2.3102695671021727,33.55249640435587
0.1482926877859389,14.242919389978212
2.329523562266456,25.95113438045375
1.444869855720758,15.750915750915752
0.9139824463176074,10.746214194490058
0.5931498162306098,13.333333333333329
1.2966637655897704,26.729927007299267
2.473329713150919,30.263157894736842
1.330626002965382,14.786821705426348
1.5854263929497252,19.490644490644485
2.3284924453618574,24.742560226735947
2.8883377131255994,43.462717058222665
2.091259558611801,36.676606126321495
0.898304089987459,7.773279352226716
0.9722707969630684,11.175496688741724
0.40661273713159224,8.568859198355604
1.3860080225538556,26.653497718139093
1.2437574170135557,13.180076628352495
1.9479808216651973,37.37034777303233
1.6252957917212547,12.891566265060234
0.6422618154612771,15.578265204386838
0.07750864696480791,7.758241758241752
0.3664605915929682,6.273584905660378
2.842147055841548,47.537227949599085
1.3490242198074243,22.279532917830785
0.8212050138210185,8.401826484018265
1.0136664991604498,5.267505400940401
0.9626488581109482,18.56818181818182
2.8508442133943217,47.05128205128206
1.0275629617507274,10.488245931283913
1.030041100987999,15.07532956685499
1.1663164856106607,11.850431447746878
1.5774051225328474,25.52822453484705
1.9827089740678423,11.795446061963425
1.5247814294801776,30.050505050505052
1.6161487395248755,29.08496732026144
1.3635704950547238,21.444866920152087
2.07752839056919,38.36259697835851
2.025462779918132,22.698019801980195
1.669414678779148,21.61016949152542
0.3032977480133492,22.735760971055093
2.332756887083986,32.411924119241185
1.174942530480168,11.04400345125108
2.3460430069134612,31.966036833293472
1.7085693543384515,30.026536027760756
0.9495551278914638,11.351351351351347
0.45412129466949025,9.25387596899224
0.8557045053792974,4.098854731766117
1.4964942748259216,18.46896551724138
1.1616404427978793,14.239130434782602
1.601188703361,14.82479784366577
0.4313998638231411,5.948275862068961
1.528100046721669,12.648367952522257
1.6925934025794789,18.13015061096904
1.5664127735129703,17.835570469798654
1.9896130525584426,20.941150780652904
1.2225042558254144,12.5
0.2130445585424603,-1.3095238095238173
0.8072460083477091,6.275758711127764
2.012879862648274,38.017498932991884
1.5405010242767159,19.134010643444597
1.7358612514262775,22.722268097990643
1.0714191743761559,7.540033402102367
1.5009297544052402,14.576271186440678
0.8086800277630789,11.827956989247305
1.677820991668197,11.944193516009243
2.369676499968613,32.71966527196653
1.0078015127525328,12.7092050209205
1.7839666852921494,27.528735632183903
2.538927901926859,28.473426904273765
2.5679760340744275,46.96969696969697
2.2157280953556504,20.195086705202314
1.0511360232016598,8.986045010889733
1.9025228549668909,23.905723905723896
0.9209499979674415,6.078316773816468
1.913091888451416,27.355623100303944
2.6304967546545073,34.67492260061919
1.586031588252279,12.509643998677397
1.3787368135746496,10.962962962962962
1.7241633416234738,28.907168037602823
0.7551709401602202,2.9813664596273313
2.415563166895414,21.49367832990297
1.876191712228574,25.498949579831937
1.8385326191786533,18.534201954397396
2.5542349478253525,30.209364293871324
1.9354416032459332,24.875930521091803
0.8942844561526326,13.69047619047619
2.0594996183931213,32.922362190654866
1.765390553622515,23.34891282259703
1.0560347886903392,9.942468195446075
0.9047821369914513,11.42457745583937
1.6050523273877353,32.20807969009409
1.1379261591817236,23.701298701298704
1.807063581885866,24.54054054054054
1.379202445210959,28.158205430932703
1.8145311917878644,25.317153888582453
1.4842400547159476,17.564870259481033
0.8239103119362314,14.435483870967744
2.278804059176619,28.89317889317889
1.7224478911727645,37.09893048128342
2.0264936598273318,24.545454545454547
2.2143922340103304,33.769945225053576
0.8769782033200942,17.766376327407237
2.823901535912297,38.81016983217767
1.7841312166290006,11.02978941961993
0.7327958401378329,6.209797130133595
2.0407379842140836,30.178615728107168
1.592662730851826,16.319444444444443
1.757519106606452,4.593837535013996
0.959433020858901,11.264534883720934
1.3399657151309794,19.609375
1.617797269402644,29.023203592814376
0.2921771352963938,14.051282051282058
2.373427699564472,21.776291341508717
0.2442263931685273,13.469387755102048
1.2942685179804423,8.187177597641856
0.48335798735990076,9.11673080447133
0.649298022830064,10.610766045548658
1.9883937366958433,23.809523809523803
0.7004533834345015,16.085271317829445
1.9635439998729836,4.41202475685234
2.079438938381748,28.02013422818792
1.7218354276681755,20.444739462329906
2.3229819243986434,32.31341149556764
1.155758603458342,15.214506855373735
1.8769849034793609,15.840407470288625
2.1270895013836117,27.725225225225223
2.1644269525512203,32.58804907004353
2.095966770089743,37.42718446601942
2.2239353173782668,16.453295400663826
1.3191202713497439,18.967921896792177
1.2544999718909695,21.92528735632183
0.06419117537688096,13.869863013698627
2.569802133448803,30.47559449311639
0.9992404734145587,18.405511811023622
1.3069589591957251,11.477832512315267
1.794686179659527,26.496685364609895
1.301781512834329,19.98089983022072
0.7543018250635218,9.98463901689707
1.2811536886280854,10.338616714697402
2.127106077744435,28.881789137380196
1.179603702992306,19.08783783783784
1.90657620256792,21.110100090991814
0.25838557601535717,2.845664546367601
1.8356572802668025,5.70475688959101
0.4564963041974066,18.30409356725147
2.495181514558324,39.57129347483451
1.7520919511668043,33.737044369395605
0.8369875562855598,11.239166513000193
1.3654404760301107,20.588235294117638
1.2075659194982904,18.427350427350426
1.3741622812236451,13.931888544891642
1.8755962614146897,20.82043343653251
2.155776282727838,21.303258145363408
0.7058648107761119,20.360824742268044
2.477826700998606,32.88830999674373
2.024580509280911,13.79061371841155
2.141209423997089,34.36132983377078
0.9411382173897427,5.640096618357489
0.9171857019839056,11.630935684231623
2.914285627200184,34.484088717454185
1.942635400805469,11.951754385964911
1.2269791942549086,6.450803212851412
1.12052074419744,18.651162790697676
1.8660076924656963,10.101955888472737
1.196426270480337,7.5982532751091725
0.35190123961785236,15.717255717255718
1.322712645827523,26.034665723381686
2.646820916912444,35.208979471274546
0.7478778855982018,21.018990842603408
1.4431202503523275,12.256355932203391
2.3280444356785153,32.169117647058826
1.7808239020366248,40.91463414634146
1.0047486303247357,23.436662839647916
1.4205086148615598,19.828178694158076
0.007103586436549764,11.728333499551212
2.2237897306993557,33.06878306878308
1.152689543087874,18.241125679565073
2.5992357354221234,30.5956441878772
1.1875598691679616,27.067669172932327
2.2232122697533057,21.346153846153847
0.7161740147590347,10.985915492957744
0.562737174470779,3.1372549019607874
1.1660672458030372,20.396270396270396
1.589884540516761,29.310344827586206
2.398727495414054,24.083835341365464
2.515843974666342,23.585271317829466
1.5846764531553827,7.4230387288977155
1.3674313402575846,25.389983579638745
2.3321520511360574,36.48571428571429
2.4282581990690533,36.497747747747745
1.0889323345758846,15.106045303707965
1.6738287163937355,26.787082649151614
1.2978668037863343,29.853811767548635
2.4599621506764926,27.015020097313304
2.414060765625439,35.21489403842344
1.3999686581976643,22.299721004384203
2.350364181950296,20.79964061096137
1.741460055103887,25.070028011204485
1.8713371286348384,10.122249388753055
1.544271270836618,21.090909090909093
1.440165699137166,28.94949494949494
2.2615008792978983,36.32275132275132
1.6326343023358973,19.754806352744502
2.544401739795718,34.975940117626095
0.8565911628778076,-0.5040050400504015
2.022115810070491,35.53274682306941
2.1214334341422014,17.872807017543856
1.8718374224343095,29.883381924198247
1.5137054593404824,17.436974789915972
0.6614790195572218,16.166666666666657
0.6227430825766094,9.533333333333339
2.4121633274542282,38.961038961038966
1.8642735081784736,34.739454094292796
0.9519258559054953,8.970588235294109
1.4314424460361055,11.282051282051285
2.2178848774706683,36.690433749257274
1.0959189202622603,15.019474196689387
-0.000434238471536022,7.915758896151054
1.922777203739968,15.997942386831276
0.9908425745931015,16.639753940791998
1.8342400261302967,16.53688308955067
1.2611570809380148,20.890351636930532
1.6585767019199125,28.65900383141762
0.6785354575344893,15.117521367521363
1.2860489647604152,27.657028913260213
1.2016116786600632,4.2872807017543835
2.3090579528064965,34.67361628195581
1.267527790378725,11.42156862745098
1.229116915597678,20.99547511312217
1.1405988085516305,20.758181229074417
1.7648371503471731,30.339452214452216
0.8828761647391157,11.778584392014508
2.9288205891081,26.445444319460066
1.3071913099936747,27.173913043478258
1.1846295129205286,4.874602613917347
1.0404834028800027,19.007092198581546
1.8460192854554893,35.47593958552862
1.4885685658173549,10.557620817843869
1.7930979630182249,24.48916408668731
1.2599143746707475,12.878639828024234
1.869757221965287,11.278335191378673
0.7932205502625821,9.191176470588239
1.421953059730562,10.957943925233643
0.8373740541428173,12.884615384615387
2.065070542592921,15.932167905370044
1.9592772983061937,28.802247980330172
1.2565984302670317,10.396459176946983
1.0135482713135033,13.205128205128204
2.086823058254547,31.210094253572514
0.8651443064783094,14.561403508771924
0.5483562018147493,10.210905349794231
0.8077742866247751,11.383405821344944
0.12341698036802828,3.16024686103426
1.9665620409302997,32.417582417582416
1.1345442419999536,10.03521126760564
1.0751038255408258,10.396440129449836
2.1865390964554416,29.956999522216904
1.8776581948449873,12.896716198862592
2.0646824135328545,20.21336858006042
2.2707088840776155,30.05030959752321
1.068899710836657,16.385767790262165
1.6293025578453821,16.72228120734112
1.4109297612510936,12.108115081924915
1.6483918129567237,19.377133105802045
1.353460582559806,20.169558359621455
1.921154331867529,20.0
1.0822581809415905,21.248710010319925
2.140220251301069,24.94943365695793
2.241876633739745,25.991267931925506
2.6168071349300757,23.718487394957982
2.047204810264356,33.48588863463005
1.1477014931030647,13.80963797650444
1.4699310130297014,23.917008663930687
2.1545440073817943,25.047438330170777
2.3068327125245993,36.47565618112602
1.4247852901080043,16.408588158750817
1.8207129046236277,30.64459930313589
1.2893439364667354,18.735983690112135
1.7264758272473488,25.108979947689633
1.2589870160584302,17.129049579380705
1.8362151707133945,26.156365124846502
1.8441727660376164,31.46666666666667
2.856493040927016,30.82823790994997
1.093254472645668,15.580286168521468
1.4724873495755144,32.756433490395075
1.1877135044689064,17.795878069850673
0.435566391100002,12.268518518518519
0.12419064668141462,12.395232602845063
1.4429600907703564,6.7747872095698085
1.588128336906423,18.32718327183271
1.4889635209196794,24.452830188679243
1.7511116754668494,31.097603577167604
1.8742681086739743,37.111801242236034
1.6696827510960188,21.16959064327485
0.5035533098929361,-2.396863583712019
0.8162647300263192,15.130083354382428
1.1698430126383277,12.49214001257598
1.1624177593148106,9.44653021678576
1.8740309021442347,16.088700165133282
0.669913285352977,7.995642701525064
2.4078695790035765,25.799319727891152
0.5617526768810805,5.899532710280376
0.8983541763061534,11.320501643082288
1.1979901568682179,20.541630653990197
1.7788898339192345,27.895981087470446
2.2503080964736335,29.096632042807684
1.1333104470959934,21.02453430258973
2.2544972160651304,23.653846153846153
2.96132512057872,49.97476871320438
2.173096213546768,31.32920719127617
0.304235641096992,2.8000000000000043
2.075679896844243,5.9649122807017605
2.167908162719761,33.13352216586523
1.8731795620625924,23.9648033126294
1.787326925653941,25.41622760800844
2.155759519646616,26.294345622577758
1.5000074012345381,27.29838272006947
2.1368052960754222,31.460819927348197
1.667891998317263,34.23983423983423
2.6170747840565216,38.6119257086999
2.8321895162228015,45.06512502611965
2.3379573973104755,36.758936355710546
0.5947591315286768,1.3381612090680122
2.022693146997069,17.169179229480733
0.8852302665381567,16.08361774744027
1.8165575104648584,30.68607068607068
1.0879654427228238,10.276497695852534
1.475667471554202,14.615384615384613
2.006786909094478,15.0
1.6616635424767576,22.67025089605734
1.8698780426337944,23.52143704456872
0.5112780406172717,7.750865051903112
2.690649232114869,34.94949494949495
2.0073166099321984,21.192528735632173
1.568208959131134,26.944357448585443
0.8388885243922783,12.35671469134504
0.742850133163871,5.74660633484163
1.5138702475448738,20.97784568372804
1.67763535822212,18.377693282636237
1.8804187275233417,21.07151122425364
2.676522550124563,41.681528662420384
1.3419200101452404,18.523925385239245
1.0108526319367293,9.560723514211887
2.2039316091908367,12.247191011235955
2.4597187409285755,36.20555594825757
0.43428607902116434,6.299118837818526
0.942429873050068,15.432661027976572
1.373204831128719,18.6244890705527
1.7946876652970865,21.791386464444123
0.44096084984568695,8.342013888888886
1.4626875869264624,22.06413032271368
1.859333787424218,24.910693022148138
1.353773220304906,24.911674648661382
2.096370595020049,33.842083842083845
2.5314423365810597,21.030444964871194
1.9496343309187494,27.09003215434084
1.785558706893016,21.699561403508774
1.6833824938793536,16.594756057085966
2.0872544985644286,24.417919245505445
0.5776508003514597,6.10557768924302
1.834189695237918,31.544424567680387
0.5857501960595961,11.507936507936492
2.5031330091583657,37.835129040340775
1.6118257911601765,24.11642411642412
2.399858537134293,24.057315233785815
1.9532735579430804,15.033783783783782
1.6308357060894139,9.774436090225564
0.34496514436918313,12.162162162162161
1.547409424228762,24.147239263803677
0.6731474619015777,6.330275229357795
2.055660805598547,33.20005711837783
0.9025466373547952,14.12429378531072
1.8735754655292731,21.42857142857143
2.346108552781298,25.61950963681658
1.6115923068012203,20.83333333333333
1.5937006562837137,17.732193732193736
1.6301020102829178,22.971790946862022
1.4512484922783353,14.454022988505749
1.6272105090471827,20.04178720668596
1.2182478959521792,24.86808510638297
2.5605868284226903,39.88294314381271
0.9847464345017083,9.767441860465112
2.5502489244000746,10.154905335628222
1.1726956286524584,16.726963183656096
1.717359733149431,24.344629156010228
2.1712058631178675,49.00751879699248
1.6376091453757373,31.145653425446177
0.5227096939403633,7.472178060413363
1.9138738440033034,27.7991452991453
1.9322965952037525,18.989405052974725
0.88680536675082,10.086206896551715
1.0443500377505823,13.924050632911381
1.8323439619918518,15.756856540084385
1.0383099139926193,11.091703056768559
1.315937333757239,14.134414225941427
2.1853115206849982,21.94660996928892
2.2535878686832422,39.75840336134454
2.091959692867227,27.296819787985868
1.9256434556913111,30.299539170506918
1.4701837250990055,16.441717791411044
2.132270176478782,20.160658307210035
2.2592628886791255,30.503841607565
1.0074342664925031,11.704533218477444
2.12914400558748,28.42910101946248
1.827033421535027,5.576323987538942
2.3062902689467255,30.579050097592706
1.1724672116228967,21.698841698841704
1.5160162325174895,26.731341849966377
0.3900978698361244,16.5079365079365
1.4521006560140879,27.177006260671597
1.2171467613499267,19.199346405228766
0.9452122063634005,15.240820219360991
2.0740796768247254,26.87074829931973
2.2708665448024727,39.183098591549296
1.52821388500616,14.710424710424704
1.31397950748342,11.861187845303867
1.449589699837508,18.35897435897435
1.844039908982324,25.620133985152997
1.4493727914487613,20.39602987421383
1.6442581445224105,17.16908212560387
1.5434792305902594,26.758723642470613
1.5564991346006867,26.121794871794876
0.9133347160253662,10.838127818379725
1.6952190892322148,29.48717948717949
2.2408985066031812,30.336731541550826
0.36396179720855704,4.217204702369848
1.3417602423378236,18.427370948379362
0.7236273164519187,15.004652605459057
1.549566753517379,30.420233463035018
1.0100430851988393,20.643881599023487
0.9975054854085662,20.745272525027808
0.9391022792606183,11.84844044379318
1.956869385234899,21.560550782629157
1.039774749754759,14.96551724137931
1.196037046172177,10.467542029696894
1.7559747495868991,33.724608724608736
1.2694932162647152,2.7926960257787456
0.12929856050620323,3.444421865474496
1.6143983903152948,22.620232172470978
1.6046276318789983,31.18846694796062
1.816460029081414,13.36296296296296
0.9940308822584827,9.397590361445786
0.997737080004544,16.361816361816366
2.0086046154282258,24.113798874182258
2.2984783774657993,46.0
1.4490665829433285,22.58503401360543
1.6137851335444495,20.270270270270274
2.3653685187680424,27.34745054332683
1.6403548232491603,24.48324022346369
0.2065108793718331,4.17777777777777
1.659901713772169,17.358870967741936
1.0334148733303925,21.262363908062333
1.0665783509345914,14.577680525164112
1.648836577766528,23.844884488448848
2.3559794610394995,46.29735935706084
1.0085112172327155,10.760574701095145
1.8489709183932694,34.873949579831944
1.6830438607059377,29.392327530625394
1.6440649840669561,12.814465408805034
1.6637924650596054,19.767441860465112
2.544463607067195,26.129943502824858
1.5358359802151136,9.375
3.0820492516920375,44.05615292712067
0.12024772450088808,12.374443408926176
1.670382609170722,25.768958185683914
1.479907585615388,23.559745806854878
2.149315035852311,16.2065637065637
1.6161966955444687,16.401869158878505
1.2449133673708093,12.040816326530617
1.2023328297780236,3.7860576923076863
1.9502716899944423,24.616368286445017
0.5064983426247999,12.297033990041129
1.2859828620836766,6.792537987061841
0.8492751488164076,25.479195885928
1.3053912069460678,18.883264304341154
0.17913186247797647,11.30952380952381
1.4595370792598432,25.904946117712065
1.619504329391244,32.000000000000014
2.380678928051262,23.74005305039787
0.4863711848397912,11.181048294804306
2.176004475858952,29.746363297277135
1.6081772046199045,9.326586220319193
2.2243943126664023,25.12634585805317
1.884854483141084,27.204968944099377
1.8451386324779588,30.50185109008639
0.3587934123554403,9.068468234377022
1.8468776327773355,28.939205955334998
1.760655392328056,19.7594501718213
1.459745400732558,5.013969644340406
1.8306481478452332,27.591036414565828
2.3919657140640354,28.85250063467884
2.7053620702375087,41.20258272800645
1.3589220461900005,17.75630378982335
0.43618093368325384,12.98262548262548
1.3587173265174184,11.180981595092021
0.2790320555194365,7.285546415981202
0.9417591503403171,10.530035335689043
1.8462301643382464,26.270270270270274
3.132363610548838,42.653508771929815
1.6442431447191979,13.692548746518106
1.1793322630829208,14.848583523282322
1.8352878498934206,17.527544129842447
1.3235593505388294,8.986486486486491
1.7477659416303881,22.27716330513988
2.0538243941567327,36.68300653594772
1.3916341718652938,16.27764127764128
1.6648785663059855,27.30789066529139
1.7637917897154622,28.303747534516773
0.4642674579925744,17.851446798815225
1.180398863123552,10.874952344643532
1.4578140333630683,27.45441795231416
1.419889675906068,16.268191268191273
1.539186437282102,13.193446392641569
1.8650330842750003,14.561091340450773
0.8600293882161918,11.242884250474383
2.042193992353195,27.16194968553458
1.2961321059625917,8.695652173913047
1.405785932552863,18.377693282636237
1.5929818124991926,33.271028037383175
1.7867771669134251,24.121863799283155
2.1718633913140035,33.333333333333336
2.2619447097360177,29.962870218461276
0.41154668108649217,20.08755472170106
0.9616570142249694,12.73408239700374
0.7076835601776409,5.714285714285715
3.0921152106915932,44.97703788748564
1.2373845598339448,12.055054579971525
1.968999722507597,13.259878419452889
0.5249521768404682,13.874614594039059
1.619041794945581,26.77577741407528
2.0746236328929455,28.163381890888324
0.7979062011106093,8.930890203433847
1.739182493977718,16.564667482660134
2.621705077498369,38.79062114356232
1.8210399229233674,24.194092827004212
0.16431235278639766,4.101889500119583
0.18222839330810103,6.358590733590731
1.2597983182429822,9.401197604790411
1.7992148790929627,30.103650292924748
2.087916069620828,10.106716886377896
1.3684125744231848,27.868471953578343
0.0835457155118286,-1.8793103448275943
2.5370687555465983,49.74449339207049
2.7701637228886433,38.180953674772454
1.1530027654722976,8.953974895397486
1.426474850622874,17.155172413793103
1.8695414627652602,26.860215053763433
1.2281953157169991,19.59706959706959
2.6813965328879306,44.03761755485893
1.8411845543840577,15.36231884057971
1.2629744053520982,13.449392712550605
0.6823603938272204,9.758108851017049
1.879855700360563,12.85452236489347
0.8850213188683291,20.24875621890547
1.1729803042629654,10.221518987341767
1.2076003849215073,25.333333333333336
1.385544539236779,18.223760092272194
1.5580717858033764,18.821548821548824
1.9962750941325058,33.28511500072327
1.4377640327061736,29.431643625192002
2.449897638600049,36.320535465278425
1.8282883847601181,18.871466431095406
1.2435583408133901,11.221507890122737
1.2768656997028955,3.537890369076223
1.2978453417239133,8.336491095111782
2.139283901711599,34.36260963594857
0.9739417747685715,15.808627729451437
1.3741333942738316,3.827940015785316
2.122927987647847,24.708140092755478
1.496025647496126,29.248623131392606
0.9986275942983363,12.071488294314392
2.5385641665589973,30.131189166314
1.2268176722124093,18.18181818181818
1.3917938550577384,4.106280193236721
0.9675511904528316,14.50892857142857
1.3938627228782972,13.939393939393938
1.7083040771873725,25.283018867924532
1.245150726760939,14.051808406647119
0.08454123012150061,10.714285714285708
1.4304701767960855,12.269272529858839
1.838521761957358,17.401960784313722
1.4422044537036025,21.450304259634898
2.5007448663230347,30.13850415512465
0.8464731463933217,12.123947051744885
0.6319643234098758,6.862745098039213
2.634299696419424,28.485479578849933
1.0907225598725399,10.763888888888886
1.4682940370742796,25.87100956084914
1.41451655613187,14.224890829694324
1.5803685218077543,15.269848519448885
2.27054065911507,24.89233419465978
1.7785759084293917,31.267699483591528
1.4274747381491766,2.9780564263322873
0.951184293711922,8.218527315914493
2.0570022423592893,19.056372549019606
2.281305996572985,27.352941176470573
1.525169298913693,30.95238095238095
2.144406453112758,20.584045584045583
0.007019209948770755,4.303797468354432
0.634281875368738,9.999999999999993
1.4250991401057045,13.852611940298509
0.6776832890057124,15.51020408163265
1.795880218217118,20.789473684210527
0.7051092067464406,15.775109170305676
1.1310932845421808,11.66465284877777
1.1259993717633534,15.789473684210527
1.2705608723938961,13.16872427983538
2.0129364149473816,30.609862853807996
0.9736713514505653,11.519384553092415
1.4383216474495246,18.440709617180218
2.8135594800978114,32.672413793103445
2.636423119097368,39.99661475964794
1.0436920054220442,17.956989247311824
2.4270017574190557,20.707742316784874
2.324369500546796,35.59368191721132
2.2241264298528614,20.562770562770552
1.6950526962271693,26.967741935483872
0.38390108320097627,11.007462686567159
1.3765020376570436,19.723618090452263
1.6681803996906488,19.67112743811773
0.8067412721823166,9.466248037676607
2.2037873685617173,31.869908185697668
1.6300878175699576,28.565840938722303
1.862762919491078,29.448164787657873
2.084431064299369,29.82590885816692
2.406449337280111,27.16200906344411
0.8703609146168607,15.772532188841204
0.6144838025800916,7.169811320754718
2.2897959744771113,35.425268373245245
0.48259205328868554,5.751811594202891
0.8889275793239233,12.906621749657859
2.0437582730132724,23.534869336632127
2.7358038146346924,40.48542950620102
1.9813781487453714,24.492492492492495
1.6931394442172605,12.506887052341597
1.9713811447647038,34.918287937743195
2.1108971092411264,25.5242311276794
1.5985366240482919,16.783868508006435
1.3084800526391294,15.57560137457044
1.0391346747867132,14.722617354196302
1.835369348973805,25.21008403361344
1.2690449724969959,22.726045883940614
0.40822488290159153,8.143939393939391
0.6189312621558131,36.888888888888886
1.4790677899021243,20.670731707317074
0.04566937797121828,5.7582859055908955
0.502678609290389,7.9750346740638065
1.149629315987552,8.145363408521298
2.3265009977805367,30.31055900621118
0.9649185225271706,21.528517110266158
1.524176013448649,29.572649572649574
1.7050492283290444,24.788494077834173
0.8113685402066995,14.242878560719639
2.272224955078786,31.420161883738054
1.2271258605465465,5.808383233532936
1.737743658174254,23.22165891391836
0.6946085559768911,12.525252525252526
1.1445112657906975,14.20122887864823
1.8005020680083104,18.778758860838202
1.2213378809024797,9.085085940002124
1.9751772443165991,16.00432549337659
1.406770346855061,8.803827751196174
1.0047664002694834,18.976755626614192
2.336075036798508,39.93958355809688
1.7923132501208698,28.57649982250622
1.6354441251918448,17.171717171717162
1.8919560869653191,35.32187394674755
2.598746318694453,37.702922077922075
1.1909034539409262,31.773049645390067
0.6750876824676697,15.0
0.8762766037793569,13.865372702870118
2.574467523002107,50.70028011204482
1.0760893768363613,19.67871485943774
0.2999724378006251,12.63510682865521
1.6992273460674021,11.049875998897768
2.011308867836955,38.15985130111524
0.7746588416127259,12.72686025408349
2.631022786857996,21.93471337579618
1.3512913649017284,9.506741764806279
1.539404246385419,14.251805985552117
1.1611874334006627,14.311594202898554
0.5324480083134838,11.315181094271779
2.1491656578726626,27.842199641362825
0.7595452671666945,4.202085004009611
1.477272887579957,26.806526806526804
1.12771040089638,27.40872210953347
0.8537664939120522,5.21551724137931
0.9261501795520795,10.928961748633874
1.663831229328961,11.975717439293604
2.8140010442365737,40.4536222071767
2.194407386927986,22.41379310344827
1.300821160236153,12.925060435132956
1.4859563130279156,15.934065934065927
2.6671835957424377,30.332239540607056
1.6766497384425452,16.833890746934216
2.0902569388885732,34.940711462450594
1.8511710846840315,22.6602564102564
1.3937997378987683,19.80099502487561
1.7781668007817122,28.578154425612055
1.6203725547241281,20.22638708480237
0.9220199695133238,13.377192982456144
1.9919670546209267,18.484848484848477
1.5047916277241162,21.396239554317546
1.1545037546244106,11.132635929226396
1.143492794989248,17.58094572559981
1.8118064358606212,28.116531165311656
2.0261593889299507,18.272425249169437
1.575514616680126,22.588235294117652
1.0645355681963151,16.5034965034965
1.4911894205789116,23.973973973973976
2.1581247153066956,33.841642228739005
1.7395245370945915,29.350261389096353
2.025772853601261,31.88025210084033
2.1062613112715747,17.1972049689441
0.6215519787386797,9.232086084617265
0.6949988481330451,6.360153256704983
2.112840372645834,31.402439024390247
2.1090472935167033,21.36319058515855
2.6130403653547374,33.839701770736255
0.658003470958499,5.957287373548148
1.7478188353682262,19.659468438538205
1.748761257387974,11.776095757789122
0.8570904734215378,16.081661891117477
0.9115102904234166,6.400404448938325
1.3874721428405987,25.177304964539005
1.7990632127437,16.637323943661976
1.4427425204727642,0.19789734075448706
2.1391110080838533,22.34202985974966
1.4284045005168382,24.141807176826624
0.8085409216699911,16.798497132687366
2.254826381389927,23.867281475541297
1.9394952234603067,28.181306306306297
2.2985827401870633,42.10693320640964
1.4686430364452754,20.99271402550091
1.8754273903386904,39.14416376306621
1.2527344896951313,20.243407707910755
2.19791010079505,27.976190476190474
2.0010899631962005,19.540460878885305
-0.3683749172817757,-0.2083333333333286
1.2495106109193066,17.440850879097034
0.33145319609953344,11.015082189459413
1.148177786129116,14.493506493506487
0.9820694596290422,19.374416433239965
1.5624452975817202,40.57377049180327
1.351420973050113,29.549767120924614
1.6368505471391106,13.50927619545336
2.3241794666145643,20.02291905406814
0.9827978292091087,21.07423879575778
1.872317555041498,19.254658385093173
1.427457319674369,19.091608929946105
1.3775590531658979,19.137074294024963
1.5434813211833462,24.546444121915826
1.5067966180845644,12.366920152091247
2.0142431792547866,25.69356872635563
1.019937949116174,5.408205553253211
2.085554859971658,24.12612187057156
0.469129043265188,3.9634146341463463
1.2835029492233918,18.17236817236818
1.792537421030476,25.152788388082506
1.1472943014968229,14.435762776995006
2.724791014252072,37.90007806401249
1.3478242420011202,25.279955207166857
2.173947009730461,30.15496521189121
3.0694708515833917,44.38839848675915
1.0301021529387875,16.999027237354078
1.458373257989322,20.986856280973925
0.7089895695795937,12.729929516933126
2.099095675461788,17.109099278809268
1.285873711502484,11.231884057971001
0.5729596506016774,9.558823529411761
0.5224497148499943,15.419274092615773
1.6863318141486099,30.93841642228739
2.3369229534415283,14.225437010247134
2.838852911895384,33.98627985783949
1.4125817461355181,15.527139874739035
2.520350175611365,36.06382978723404
1.3330258591006876,10.404424472865536
2.252051963825765,30.372743156668598
1.8354132839032835,30.30483448440105
1.3528962847308275,25.736758263639977
2.2703240936120475,24.296435272045017
1.3888116329111437,20.187265917603
1.6351187076114875,11.190209566469377
0.2087971886619543,16.909090909090914
1.384766407300911,14.145096609551587
1.6812280529293226,15.945945945945944
1.259716875363977,6.658719346049047
1.2025499711984662,13.61413043478261
2.5676054734068416,37.50733137829913
1.5492851158849685,31.018833673700925
1.6038901802568422,21.026134920982358
1.0858956400748438,11.42857142857143
0.7222367813642696,20.568082720817237
1.9321376538792303,26.362683438155138
2.367356807702007,30.88235294117647
0.9192059009064744,11.42857142857143
0.5368683423143152,12.207602339181292
1.3305967480374148,17.456417456417462
1.2797816791230587,28.131083711875398
1.6421499105447843,20.5026455026455
1.7527999363198867,25.79365079365079
1.2115360121192145,2.665852665852661
1.7995823698284696,27.930203191367234
0.7805902448817588,12.5012421743019
1.3689983055036323,17.214714714714717
2.2082974712265235,8.968946430246739
0.22695721166970054,7.7177177177177185
1.3216403984557925,16.649495157634448
0.4899007753011244,13.705647176411802
1.0886117900303165,11.486486486486491
0.9955369003685645,17.86504424778761
0.5194586481832166,6.341463414634141
2.204071962459193,36.200716845878134
1.4632967916458939,14.7638387484958
2.0238478828839312,24.72857472857472
1.2002451439640405,5.788973384030413
1.2105684621141601,25.226429101707495
0.6913401412613672,6.698113207547166
1.1323215322509355,15.693277310924373
2.197598018346,34.09090909090909
0.5684072043885534,12.552787162162161
1.1439343228348038,16.765605324698697
2.0189758327158738,33.662559820792175
2.4885329002907133,43.090185676392586
2.2225452289100858,18.716182980816534
1.3887651969628858,20.301217247782127
1.8273935970475164,32.56661991584853
2.4094084885074367,34.92047097707085
2.3014628549388902,22.77389277389276
1.9941186892718488,28.257790368271955
1.5118392928844897,1.827956989247312
1.5608551658141627,29.297649391107328
0.9696625852663489,20.12288786482334
2.2283357898699228,27.545605306799338
1.8611881544547277,28.35376331767671
1.1196553793106339,23.16696375519905
1.8563953263070396,22.233287688285813
1.0065965933163379,9.688013136288994
2.0567692358176393,27.740863787375417
2.4784487417196006,28.378378378378372
0.9431153380487131,17.770915216170685
1.249915965359032,15.340909090909086
1.9779587150373232,29.00297619047619
1.9248062099200796,39.40119760479041
1.3387584240893875,31.682307959680216
1.4220258311369718,14.435069699192951
0.7623509272252349,12.476627570967196
2.2456616201928337,28.43905472636815
2.5369803960061548,31.14921644333409
1.8630622572775528,21.75706646294882
1.7027293051010228,12.503677552221234
1.8878394680365005,19.701086956521742
2.0839151454164444,26.246946655109923
1.4670012027626216,24.956088992974237
2.5060557562185894,27.77859997040106
2.8628443497434564,36.09427609427608
1.5106914820301882,22.795138888888886
1.4392974476785818,18.201304753028893
1.7993169744483768,20.43378995433789
1.4959929224780648,18.059370846256087
1.2718980422160877,22.293798155867123
0.5562280413032323,10.68068068068068
1.5844733051926405,22.5
2.0507835888189785,36.39028475711892
2.791698060152716,35.18982060909469
1.1096191646754534,2.866541353383454
1.5086349114704678,16.290726817042597
1.331454504358107,22.14285714285714
0.9438895202305164,20.902004454342986
1.0063843666607386,15.572691367312395
1.4848817099574103,12.624217887375785
0.8946785360434899,12.591613600865074
2.195800798294361,25.320512820512818
1.5956503881443287,15.304798962386506
1.4181411559995425,18.268398268398265
1.9778093284737959,6.515609264853971
0.8539235002496128,15.277889165129523
0.41728430860821325,2.7586206896551673
1.6857921050295332,14.912280701754383
1.2152056752684313,7.585311572700299
1.2514811238232812,9.386503067484668
2.53680691278299,31.52237639241742
1.7142344260142393,21.679586563307495
1.4956522577213163,23.127906976744185
1.8549165925396862,18.83517320137038
1.5802000310588813,24.259296082720233
0.7969649560870355,13.014460511679644
0.8674498873822045,16.869918699186996
1.9561944381243481,35.25252525252525
0.8623954876382409,15.225968436154957
2.563452889969429,28.470744680851062
1.2572246736292603,13.34349980937857
1.6556946467589169,20.27322404371585
1.9430384529220324,18.5
1.2552080297453474,19.88668961560527
1.3987856550840476,28.59574468085107
1.5196232062234158,16.854444065096168
2.1129283303704995,31.43288084464556
0.8572739083506996,19.703703703703702
0.4867791354966623,12.760163392336125
0.29690928729583643,6.3986784140969135
1.4859182935173294,18.318636096413883
2.096796982284784,24.246548706980363
0.840312537423098,16.21743036837377
2.245011302635124,31.08108108108108
1.1489103529343354,10.21834061135371
1.1798585334173852,18.458417849898588
0.9661071358998972,13.614738805970148
1.8947936071049487,25.67662093085822
1.3207975164776045,21.79487179487178
2.5278154015758547,23.68992669019822
1.485509410593385,17.441860465116278
1.5864460752403615,17.78506300583956
1.8000522417903377,26.008727760993622
2.7469414966256664,33.260991881681534
0.8781776242972412,14.829749103942653
1.254066843393426,7.407407407407405
1.499962903229875,15.772915772915773
1.9882624841394656,22.411151960784323
2.359321654392631,33.76381116372506
1.5025629967980754,14.616736217878326
0.6582478055650067,6.658009680084994
1.2620196431453747,19.63109354413701
1.6562095649058428,26.140155728587317
1.4476380031635967,25.136314067611778
0.37100766859368445,11.245551601423486
0.9585604907876262,12.944756554307112
1.9102928300514028,20.169133192389005
1.1339140909340348,16.07142857142857
1.6191107267400073,18.32834828846792
2.0923393407791346,43.44507135745105
1.1454559657633279,23.939881910896403
1.6004604680529169,11.178861788617873
0.20160090254516805,0.526315789473685
1.362872911383111,13.710385177961967
1.2027506572441027,2.7041942604856573
0.7264416232823867,25.098679733224444
0.3870205952491865,9.40711462450593
0.885097305254413,15.91406677613574
2.3593024213333247,36.340836012861736
1.477753361568448,14.876999096753622
0.9706384843761185,21.788052373158756
1.8225494313499386,6.90816208057587
1.8646039255662332,21.774029668766516
2.0048357975773707,22.281866982076245
1.065422086399721,21.27258618778405
2.0607904956429577,42.28680065181967
0.9893896193756146,10.953387697573746
1.5017836879273232,22.824858757062138
1.983414793748214,23.423044575273337
0.7109823421256165,14.3002458252098
2.291208277505108,26.4992774566474
1.552695652172615,23.949869164026993
1.7726591827434492,29.546210106382972
1.0669907723150964,11.666666666666671
0.9194767786480756,5.91281423594765
1.5650022862898432,20.739292695930338
0.835764937246804,6.607142857142854
1.7369363014146106,23.626943005181346
1.7211107895683049,20.665541355196524
1.7048683730639707,24.513812705694626
1.4514878065881378,10.927869398634016
0.769106147980216,12.5
1.8592230019088136,11.012145748987855
1.934152156340221,29.48717948717949
0.23148499431561056,13.93534002229655
1.1410441639383242,31.499460625674224
1.155296846316171,10.016111707841034
1.473509802813819,15.821917808219176
0.6034431689580045,16.478779840848816
1.5503593135450693,13.142123287671232
2.638306053507293,34.259410135245226
1.1507116667690038,9.268172281870918
1.525225382351725,30.579710144927546
2.4266394084220084,22.35918239975036
1.9995602149139429,7.480694980694977
0.8028182814357784,5.969174503657257
2.1978469470575988,33.65384615384616
0.7532684039798285,14.55123502078748
1.4294104270577361,14.032214032214029
1.8652658350924598,28.859976998274867
2.116955539865814,35.70186875271621
0.521285080184491,2.747584541062814
2.0318073992282666,16.346153846153847
1.0287781933835858,9.54081632653061
1.633266832675363,17.08572796934866
2.3168690631605036,16.410664544369276
1.9689905627015103,22.92397660818714
0.20485491222646565,1.506765067650683
1.1009625313569038,12.470657276995318
1.290192379904703,12.127264945070628
1.054166556055153,15.749235474006113
2.742856928711479,41.50414431984399
2.0772658790944343,31.03538320929625
1.5150596937105913,36.95652173913044
2.284190396861534,22.82879818594104
0.8156603682610714,14.124179707218573
1.854464236599722,30.936454849498332
1.9161769252192102,15.089475280558084
1.2358541172661637,14.652014652014635
2.4804947855665653,34.36293436293436
1.8278402795934445,11.768911768911764
1.0336280493290135,11.574803149606304
0.7268831602375583,13.278688524590159
1.8013540538169635,7.9022988505747165
1.8998310993218932,27.9378837125316
0.7243835200573759,19.676163148186106
0.6688733814603757,12.819861040501614
2.0285199070165634,24.276556776556774
1.4752955034615192,20.995670995671
1.6106149379401662,25.4248366013072
2.1531120640750276,37.92569659442725
1.3474864556280586,13.646532438478737
1.4347795545268465,13.527431174489998
0.649965702310084,5.64312736443884
1.6867124878661468,20.736970946337692
1.2904739733650832,11.659263959390863
0.754623395915412,9.552901971674544
1.552233684913743,14.410603496897913
2.912134111706705,35.86056644880174
1.6462582330332578,18.437225636523266
1.2964493473069445,16.742081447963805
2.784174051097226,19.725274725274723
2.334779637925421,26.477591036414566
2.66487680618687,33.48290598290598
1.0480078010129512,15.076560659599522
1.7693915765217785,8.891887839256263
0.9903939003812217,14.812338840607396
0.9668405021951592,14.658664666166537
1.3375483249497102,7.667473769168687
1.86529758920115,31.810344827586206
1.336093330719717,23.3501638763398
1.1439950797281195,22.774899251583186
2.3407333865678583,39.19146546883772
1.8376416444913737,15.14236410698878
2.0207167633180565,27.735978112175104
2.165136829500591,33.7360594795539
1.0151949944669314,16.45833333333333
1.0391237929544634,17.800559179869524
1.7200989531358406,25.515151515151516
0.27111406371321234,8.020671834625311
1.3277899443909384,11.29819040125885
1.424180482145245,16.487854251012145
1.3789255211286457,15.142428785607187
0.7595806419077373,8.583144796380097
0.38043802279078304,12.847222222222221
0.978643883087156,22.17261904761905
2.379706529884147,24.02426160337553
1.4383169481210318,28.820990152434916
0.5998296557188602,12.252252252252248
1.993209780234221,26.892561983471076
2.1572359005074473,34.90886623416744
0.8833331486594358,14.491911266104815
2.348854892825544,19.34760956175299
2.3844592292603095,25.747126436781606
2.243799408310859,31.574122577265584
1.558679863089872,23.057184750733136
1.4034167786371674,22.004608294930875
1.4040475299200643,29.737335834896804
1.1459593652506048,9.779442363712029
1.0531360487555523,15.683760683760681
0.6843470511098221,7.881679389312971
1.714476845953463,29.582103111514883
0.15867280280642293,12.060463121783876
1.2249916090245678,18.94117647058824
1.3186185107942,28.885893980233604
2.712745168126607,27.309935536682694
1.5823271623012976,28.86021505376344
1.4828235694162952,18.19739337942849
2.201508806659636,34.31278098908157
1.2712544942318103,14.052287581699346
0.4510320987265406,13.717948717948715
1.5709253503260072,13.846153846153847
1.4761161358518762,20.185873605947954
0.8934156720254236,16.890253757879428
1.502103322499494,30.0
1.0192551343407574,4.85794838429841
0.909999825114678,7.007575757575765
2.009133862682784,25.545454545454547
2.242393451716127,23.18840579710144
1.3660015817780304,28.104279686558158
1.9713719684909445,28.581560283687942
2.2928501530754923,32.011371712864246
1.7898149303964546,26.21133559806902
1.7344100098151154,13.01975410968366
0.8550527975764315,7.215067165212574
1.3387230254194153,18.369453044375632
1.200329682204219,13.10914216673379
2.8856841196307093,43.272727272727266
1.435027256168781,14.61927981995499
0.8082186839812864,20.0
0.4034152255010959,5.100896860986545
1.0395437179984204,10.465116279069761
1.8748673477148121,33.263403263403255
2.4046734851188774,23.404255319148938
0.6423597217862089,7.663922793074086
1.5963511618097224,25.44217687074829
0.9115693729421184,6.102449888641431
1.4519610650508141,18.201304753028893
2.22543518215805,30.178615728107168
1.4103540263184762,19.599999999999994
1.471551731140894,23.708285014817683
1.5774167247808186,19.49507647182066
1.8420765630582694,24.6
1.2520495892862689,16.043165467625904
0.05181853078473686,11.42857142857143
0.5507359119842138,3.2872142086154525
2.5005503451630497,32.16156603253377
2.223235369875672,33.0827067669173
0.8155673146170208,10.131578947368418
2.1950785145883627,24.84633569739953
1.5167702316590699,11.851851851851855
1.2700868630804343,11.010903217122092
0.6478870153347914,7.744027843695605
2.005504166597397,21.87224021195172
1.9209379123004864,42.61016949152542
2.0120221140029866,19.73492217898832
1.6900367558342857,21.97986577181208
1.6381349244336052,19.66911764705882
1.0286736910944625,18.358853553199836
1.8333565731221206,28.084738434932994
1.4926087220506297,9.829351535836174
2.353440229406591,31.59302647357255
0.7982888409925344,21.684981684981686
0.8093508574362819,11.900220102714606
2.206110347239971,21.099806201550386
0.7432281921512093,14.344322344322336
0.9281791589491925,11.28706199460916
0.717900310797642,8.380503144654092
1.7224539061600606,24.074074074074062
0.7116807684419499,8.552507095553452
1.9650022213958072,25.47297297297297
2.178668500155124,30.505952380952372
2.347893840139059,37.7867746288799
0.994467605047427,21.27799736495389
1.760499493249977,21.70506912442397
1.1906827742952188,22.73858921161826
0.5182296797690669,7.404664938911516
2.9983874449530377,32.35294117647058
1.5392076380346467,28.606060606060595
0.6476921478690226,7.346491228070171
1.9973195619785378,26.259946949602117
0.806879789107932,15.77432946254239
1.4724949528574405,15.954664341761116
1.2926518402769025,12.156593406593402
0.6330462472344621,19.0625
1.2688984830892622,17.04761904761905
0.9793896632406407,17.93659621802002
2.290788486912184,28.681081081081075
2.2795935545067976,41.720779220779214
1.904325560430182,21.267799724391367
1.3936544868871075,4.635911352329273
2.2348525959004606,26.635580048042954
1.91400199440208,27.247156658921362
1.3619354845110434,23.266862170087975
1.984881291173144,22.587719298245617
1.1578363085340975,21.615664999576175
1.001842933353289,0.0
1.197283634499931,16.96787148594376
0.643180971332335,16.67045885475919
0.682715287632894,13.882488479262676
0.5101134621275228,12.703678407649527
1.230012585750637,23.123522458628848
0.021830970514493342,7.288588715351061
1.1816048855508896,13.50754508649245
1.800733827175796,20.598591549295776
1.3303277591976894,15.65217391304347
1.862814877108364,17.04760954187045
0.3656224173747821,10.18280596138316
1.6788447835806304,16.063414349828058
2.138585653217234,23.424145299145287
2.487980623885473,47.691197691197694
1.686773441565431,24.942528735632173
1.154859400903027,15.230352303523027
1.5423571017035802,23.088718510405265
2.29942771981941,38.78205128205129
1.87186543319255,16.850144488784913
2.1039134846921237,27.094017094017097
2.669182223227684,30.974108658743624
1.665347347957306,25.655629139072843
0.2906458383829351,6.678971834837299
1.4623902461741538,19.350775193798448
2.3030405734631705,31.724010358860518
0.9438679164851058,6.433823529411761
1.8356051774830537,6.645646373999519
2.4197789416228757,32.87088420273769
1.996365620018787,14.489730423620024
1.8535091010136735,30.797491039426525
0.7960240811314656,21.099624060150383
3.0855838072214183,40.23405972558515
1.1596471903871932,20.04761904761905
0.712483248706403,8.295298123596325
0.182108048459647,0.46511627906976116
1.095490127805804,12.353567625133117
2.8545626394381225,32.222222222222214
0.838178961718667,17.163305139882887
1.6393446562490046,26.220331392745187
1.8219268772089496,18.209219858156033
0.8824096439751039,19.796380090497742
2.497863869871776,39.34850756439961
1.3267685111683463,12.857142857142854
2.0649674369085456,19.697893382103906
1.7827183811012914,17.567567567567565
1.2138749751538627,15.285451197053398
1.5166371876120435,30.593958013312857
0.6610380281956184,9.69797074091553
1.9257606118801314,34.67824310520939
0.431158671398714,3.2608695652173907
2.02125492564709,17.745571658615134
0.998780023487121,16.320598006644516
1.914560996273777,17.17439044991272
1.9122537218574793,27.993216506500843
2.3033206626687974,25.232198142414852
1.3872154170543316,23.670634920634917
1.7497715952724933,24.237288135593218
1.597684069506479,17.441860465116278
1.6850529873575502,31.773246833487804
0.6160980037253779,11.756531406336855
2.2122724423421043,25.868178596739902
2.5705838172098594,43.46320346320346
2.359421494913983,43.35978835978837
1.7971987734307846,26.071784646061815
2.035186937016828,30.176810608636522
1.170941664046272,3.249336870026518
0.629167475903542,11.00513573000734
0.07190270993924303,4.366866866866864
0.36848914774361785,7.692307692307679
2.7642884237987393,45.22144522144522
2.13601801966935,32.95162120432321
2.6257881900409514,27.993762993762985
1.890461663488594,22.24990166513701
0.9520518389673935,10.91840756799369
1.8202274522814534,26.152623211446745
2.337701272175053,31.310951239008794
2.494798133513167,40.89309705073252
1.3688764507236275,10.291574005436125
1.6506759087649243,28.276562147529894
1.9211243375132625,29.668000941841292
2.005468975130646,28.809523809523803
1.0888307896924603,-0.8062047147668139
1.357863339817321,19.146126760563384
2.5143464053562146,27.64951540461744
2.8420767587243905,32.7485380116959
2.3968179042697115,36.88073394495412
1.7873585325459693,30.78078078078078
3.2059190984528714,47.01935978531723
-0.20941794279414003,12.033511043412034
2.4844435775996176,25.116279069767444
2.8357285684914086,43.82332643202208
0.4925737579765303,12.797619047619051
2.0831105862648625,32.865039152464306
1.0024784959162565,10.331125827814574
1.4486950942334822,21.187258687258677
1.447017949506063,21.525102826924325
1.405933353581065,15.06813644648902
0.958906279519405,25.337597725657425
1.2397069061084933,14.099378881987583
1.7303301616383848,15.746268656716417
2.0081798519574994,5.910165484633573
0.7738257049243978,12.430555555555557
1.8708321643231804,20.567375886524815
1.852935168265023,35.70906966554696
2.31796325161045,28.414718234814764
2.5182357025323094,36.59303077918477
1.1556901247041047,17.902542372881356
1.7741253384920814,14.57142857142857
0.9414208269574723,27.673161945308664
1.2818910387860603,19.128717758854748
1.5830578091598733,19.835680751173697
1.1591646651585723,15.384615384615387
0.6527825385426396,8.785046728971963
0.45882313602965347,8.16053511705686
1.2285973365834275,13.398058252427184
2.0235888991958446,21.875
1.661228693216925,19.529411764705884
1.369372728179433,23.988127361036156
1.8487631162167217,17.00234192037471
0.8066385634570724,8.842175508842175
2.167531423630292,27.32528908999496
0.7416184673786593,16.10360360360361
1.1698574057847277,11.20860927152318
1.6443418082120453,28.167539267015705
1.5782048517850764,23.53333333333333
2.0063832783613353,33.98683029033223
0.8290119341671187,0.9957627118644155
1.8409237190941277,32.19338309011919
1.68876812821067,32.172206549736295
1.38864870417791,16.611733684904415
2.408049539680415,29.49543746645196
2.311004468080647,23.438375350140056
1.4321578323473723,20.666376306620208
0.26692530871439063,6.098047030689521
1.180774987286585,18.63092600797519
2.065010350592487,27.88273615635179
2.248509193469882,35.57692307692309
1.971017212414967,25.13274336283186
0.9818528252229665,15.15793936824253
1.3960528968315122,4.896994258696381
2.218764395876298,26.91520467836257
1.8770071806295365,21.382828611744266
1.699289730077857,27.78514588859416
1.4897899679181692,5.836627140974969
1.1715516044637535,14.365551992670632
0.34141994770377193,6.763604318131748
1.1319135258467081,16.52089407191447
0.7091564515553215,11.216692789968654
2.2962446403608396,27.94745484400657
0.24516837228111926,15.787733509671021
2.670489207119141,47.4140127388535
1.884113953390544,32.02194357366771
1.4177449986645523,27.673343605546997
1.7187637009501993,23.949579831932773
0.9606010472821583,5.993975903614455
1.378429021039731,28.515406162464977
1.8023131980716562,19.047619047619044
1.2524195175372133,14.47963800904978
0.49062460584079315,11.330798479087456
2.007448699824174,18.00438596491228
2.004626779555931,24.127053192646578
1.214388351198976,12.227166772621324
2.3271864930902026,30.654761904761905
1.2862677649376602,17.663551401869164
2.200517325749904,30.800477897252087
2.6716342606189403,36.75317325571995
2.015671094648143,26.895245824034617
0.4652379656461726,13.803509556275849
2.3356949017456112,28.896103896103895
1.5414694937174696,15.626801152737755
2.0388225672252043,23.658506429277928
1.7910967544345064,14.661274014155715
2.253813695103581,29.23197492163009
0.6823297986011585,8.780726427785254
0.80982291323093,26.553911205074
1.1801777138550844,18.214285714285722
1.6378070106865283,24.223993288590606
1.4966220867865028,33.40874811463047
1.5217534780612274,10.757314974182442
1.5451360259993452,28.263416920553077
1.082829482902822,9.735632183908052
1.1631583998525457,22.36539346525541
1.541467936179564,15.729166666666657
0.7991915044803475,6.950549450549445
2.123294391355367,19.32659932659933
0.8398548822358758,15.052335572566783
1.9614741850516453,20.29475982532751
1.9794297886916294,27.149758454106284
1.6774362154263547,33.33333333333334
1.1922852629210365,14.285714285714292
1.4985285724365605,30.608695652173907
1.0708189073714598,13.832709113607983
1.0984425973569887,16.251572327044023
1.7912204544776102,11.476190476190474
1.8073326317702842,28.360836083608362
0.9796854115086553,9.019607843137258
1.9552391200986112,34.01942645698427
1.7655850305307155,26.23670827554323
2.294937369227792,46.3924963924964
1.4028789075682186,15.247050147492637
2.5385684488209126,21.025641025641022
2.1322307979936057,36.40417553461032
2.085415015575072,35.04273504273503
1.3611051979483382,14.335443037974692
2.0178330495022867,33.904761904761905
1.6481544689227872,24.17624521072797
1.4332800178618745,25.07541478129714
0.6840138134812809,17.640287769784173
2.4757416606494,21.05263157894737
0.8396283262898505,21.029411764705884
1.4287983203169399,14.261578215066592
0.6716153101636866,0.3361344537815114
1.0164174420070184,10.721197264869055
1.6135110984197243,23.11295645693602
1.8044514086011623,29.691261119832554
1.5243752062605793,11.577964519140991
1.5001894378497564,12.903225806451616
1.6406604795617385,18.091603053435115
1.8581679506675746,31.36094674556214
0.7946058480911108,9.718076285240471
0.7361071304432604,5.458768873403017
1.5408059997894026,13.117889862075913
1.608436160199201,9.553872053872055
0.7957529926280377,8.742138364779876
0.8850183654046381,16.369047619047613
1.2442636873035868,16.886811623653728
2.985542358623764,43.85353095030514
0.44125332802090417,13.982823403113258
1.943616499882499,23.324129467709767
2.0897241373224444,16.035816035816033
0.39333632551308256,0.6298220752637249
-0.012606364597001653,2.795450163871216
2.0242298397524485,26.292679233855708
2.309976805129908,40.631163708086795
1.3056533519709497,26.496138996138995
2.4042756993040024,34.43558474046279
1.7783943150162553,16.227244193345882
1.7726377913397031,22.460391425908675
1.2022937829563451,17.152675503190963
1.7945666419056745,7.122507122507109
1.5152939519792938,19.813519813519804
2.1484380002190764,5.001381597126276
0.6554139494515703,12.00913242009132
1.6030577571395743,20.179515948068605
2.206165431033661,19.388812154696133
1.1417013986072038,19.563376874697624
1.8408788633044995,25.145719489981794
1.5982686546985627,30.706382978723397
0.5030256487991812,6.124031007751945
1.1346075713823578,27.65151515151515
1.7981615406575517,17.407407407407398
2.0662862985529076,31.923076923076934
0.509980203496637,4.166666666666664
0.8206382167207483,9.157926736586106
0.15138689683366435,11.832611832611839
1.7165253247324168,27.74193548387096
0.9822081780224421,28.52067642461276
1.2795854340343822,30.604336713661468
2.6321573152889632,36.209286209286205
1.334666142329166,16.826265389876873
1.8191090908757936,19.979716024340767
2.3925793835384033,24.535005224660395
1.2961955871020259,19.230769230769226
0.9651939066982314,16.8075117370892
2.920140875652783,42.63942931258106
0.23467062707825928,16.024340770791078
0.656806656184703,13.52270637984924
1.9805332849513508,25.329794079794084
1.3452075535120238,14.00193798449613
1.8510059203429363,26.91131498470947
2.289053871019686,30.554625599821442
1.5686137452284754,18.657367044463825
1.2375953098573909,13.621668851026648
1.5614228191685737,17.147435897435912
1.068913342318999,17.57802746566791
1.8707337247147344,20.995273109243705
0.5513767006842175,7.563025210084035
1.561996517406091,10.79048973785816
2.305891173887382,32.049180327868854
1.8043091579699542,31.07088989441931
1.8497777357091165,16.820742452693914
0.5881819473896736,16.16885096007315
1.6870079596369592,27.59301600498857
0.42232944166557573,4.9424718545094635
1.8280100531520254,22.69121813031161
0.97730994418254,10.46153846153846
0.7186572266019245,9.722222222222214
1.3544123747200412,6.65650406504065
1.0084561215313774,8.82352941176471
2.334757523895979,8.794142980189484
1.0799165720813888,14.587378640776699
1.2869355588741227,21.477893435020093
1.3597141211817791,12.87530907806429
2.028262462789661,9.427609427609433
1.1697966222805767,29.741496598639458
1.7514620875565179,27.834286925196025
1.9635321725618238,25.87402049427366
2.1442990769866674,22.88256793262356
1.4814860988599259,24.563894523326574
1.8127326490418714,25.376344086021504
0.6586689949395246,11.869969040247675
1.8780217793699636,17.785714285714285
1.097759335126345,19.146825396825392
1.4570362640545407,20.576923076923066
1.0611060176794829,7.5884244372990395
0.8071571894420849,9.691668110168024
2.109182080015523,38.11363636363636
0.33436388547745255,8.805271702798201
0.6887143255249232,11.262751585332232
1.2017868717868652,5.604660506227404
0.9548226709654157,9.429657794676807
0.44265978016820223,8.978966986155477
1.5408928358121603,18.4313725490196
1.6100250296109784,24.879614767255212
1.255136445476542,6.362672322375396
1.5272612384426245,29.17054986020503
1.1952353977909473,20.57680683878766
1.7604872223336143,30.41462084015275
1.423336997462037,17.849576271186443
2.027534866863049,15.472127417519907
2.2873421991859457,11.801632140615183
0.9313838705788908,19.964136282127917
0.9019551420518813,14.984709480122312
1.742619435754217,6.50335374744823
1.6766076005645276,32.74491465980828
1.2131912634619113,19.754098360655746
0.14067741871262823,10.357142857142861
1.174196600711177,13.315508021390379
0.7800846720740207,12.89265536723164
1.19716483824611,32.56797583081571
2.1924216637392973,36.180124223602476
1.4768105252659418,16.1251504211793
0.7676958543778439,20.872406933788007
1.0410040253977066,14.985044865403786
2.0828568667321754,33.22997968566236
2.1923097976343278,16.909797151488988
1.6603234079061766,14.202786377708975
1.10475717697159,7.499999999999993
2.660292949125288,35.520477815699664
1.2387919890023742,16.932654216185625
0.32702472340928,10.58823529411766
1.8118721918927738,33.27759197324415
1.712913121461415,22.910216718266255
1.0784375497037788,20.167022032693673
0.6657262371346735,10.0
1.8546749675440788,27.11258159706697
1.6699948335767685,43.074874223142935
2.2880769173419804,27.03165960879209
1.0061117299648181,19.590643274853797
1.4682608772614492,24.59016393442623
0.6936014695148964,18.162393162393165
1.2019492313489366,23.391478410065787
2.9456699339024857,39.6875
2.091246455996419,32.898300911105636
0.972212480361048,6.891025641025635
2.1598393549187254,21.875
2.167327664431579,27.958964936456894
2.1536456388489467,41.781198460692686
2.3462497444800596,25.675675675675677
2.1695356376192234,19.90558615263572
1.2204369984293058,23.95434023341
2.437057662793456,29.358974358974365
1.6795377959875462,3.336101882613505
2.3109621047269164,29.237484907587998
2.6002457218707917,24.66598150051388
-0.07630663084530576,2.1226104152933374
0.5995708075622607,9.512735326688812
1.6689154818563763,24.46601941747572
0.590523194122528,7.932741902207546
2.259205232167391,17.42660142348754
0.5536877494721555,7.371794871794876
2.5035417823475834,26.214369266761054
1.7980357224510257,39.393939393939405
1.3020627890152756,28.098770251805576
1.4333689464107673,0.1666666666666714
1.7814648162112094,26.79186228482004
1.992035333709162,25.459423205902084
1.3212550808379204,9.218260188087783
1.8341191967315587,30.233448143895906
0.5657091479078551,1.6863830858293412
2.174003318419067,21.392684887459815
2.270453024122765,31.310498883097537
1.778618387984959,24.537583628492726
0.6712833230254251,5.808383233532936
1.0811820079433014,13.253012048192765
2.242996622951236,8.759689922480618
2.6730008041295963,30.070686070686065
1.7398215535886874,29.096989966555192
2.019765552336064,28.420655861289106
5.98676658969538e-05,11.108760050782898
1.221516398532582,11.805985552115587
1.699870347582069,31.314878892733567
1.640181593995371,23.028673835125446
1.702099579091532,30.98039215686275
2.6178358150245153,20.060754761070214
1.5851650828718478,13.934683131699373
1.5533886694269878,24.75221529373154
1.3968919633601897,25.692577440093515
1.1441790982738957,17.05756929637527
1.1341280470086859,13.301141352063219
0.8140436940127906,15.081120943952811
1.3857167692961674,22.889305816135078
0.8870355016706213,12.250830564784046
2.1728876750513724,19.804022692109335
1.8550962692975734,28.538011695906434
0.71629171891877,13.945766463752072
2.279833053782438,26.337215876964834
2.5644753709612855,31.257959530210833
1.1318646272620785,5.2871712292002115
2.186818176164037,38.15789473684211
1.744916555835213,14.411557434813247
1.4698028583130143,22.069754145225843
0.628272286810319,12.004235656526753
1.6312424691900587,28.333333333333343
1.1999482352409538,7.038551401869164
2.633816604068199,29.217273954116052
2.1237013988265563,31.150793650793652
1.2743567570972338,11.042711658306729
1.9643223252707682,29.262926292629274
1.4916003290986533,28.678422449753512
1.609816963329874,22.5081551286698
1.1677838841703538,33.09503051438535
2.6657022876370964,42.770562770562776
1.8447427855040086,28.103856097695143
1.7033173466692402,29.848484848484844
2.3023708110186574,25.20634920634921
1.2937415512011348,13.224043715846982
0.7789232579460426,7.126436781609193
2.6778721366299467,34.68789275240888
0.9314103398396272,14.390885188431199
1.926226180740561,34.35503194888179
1.4417520896295064,16.545012165450103
1.125800350911003,11.80836707152497
1.7673961618538971,10.482062780269061
1.8526879342633578,16.679841897233196
1.4711570353380239,9.986504723346819
0.8037602609530434,7.861635220125777
2.763754703972497,28.224637681159415
2.026711371104491,31.663049911225087
1.4279326592175199,25.605306799336653
1.8049822073174513,12.723214285714285
2.4144297386620965,26.57520325203251
0.38976985583037826,11.628264208909371
1.014855786328693,18.471061590838744
2.0662746720377054,26.308679500168864
3.117345705708427,38.3974358974359
1.3620901237992924,20.96024180423158
2.2601039845961433,37.666666666666664
1.4446750857253419,30.838530838530836
0.7405088001393275,11.646586345381522
2.033273422328995,31.55357142857143
1.8019188373069177,26.967720071168344
1.8180981226134159,13.443526170798897
1.4981363205162568,30.21592442645074
0.9138758040089493,11.587119033927543
1.8517518066078351,20.482456140350877
1.498288877508873,13.613231552162837
0.7138719861830629,10.227272727272727
0.34620879809394045,12.478983747431343
0.7928056572468221,13.424657534246577
1.648865346018106,23.595113438045367
1.5629276663080556,12.592431491953022
1.715024060180412,20.65847665847665
1.006893013816595,10.904392764857882
2.3636579425410655,38.45984112974404
1.2452737204144326,12.04279943225243
1.4206584670954232,14.929577464788728
2.677900588042785,42.84917980570155
1.193643473845488,1.8032786885245926
0.053166890795260824,2.583979328165377
2.867911393352032,20.469328941951417
1.8841528758253767,7.012578616352201
1.9479557965046688,28.957960644007166
0.932908830917018,15.901338231435325
1.4104836674702628,31.437699680511187
0.958399229613217,11.519607843137258
1.5982811678630158,13.81972896312638
1.9228091043671127,21.25
1.33854092859382,6.9622507122507145
2.0836557791257073,8.66271409749671
1.802154828024803,15.78369905956113
0.824860580392579,13.714285714285715
0.6825772819060716,14.738202973497089
0.7528839032417746,13.602941176470587
1.7431993429465873,23.53634850166481
1.3873967325903642,13.968300992445556
2.510228653330216,38.94040741866829
1.2045789162142981,13.376235348195813
1.776540542635542,17.190604183709247
1.8248506768035926,33.02658486707568
1.7809230421043898,20.714734668223045
2.4502381877732073,25.756929637526653
1.356021867050064,26.472626472626487
0.474427431630028,9.597222222222221
2.3589465472838373,45.37164362741551
1.3911615491773583,20.412196499153026
2.029755996535597,4.814814814814817
0.8759640973622049,7.79713644988788
2.0894892324015037,30.735930735930737
2.1181854620341687,31.134948096885807
0.4699495840565432,5.247376311844086
1.6359352039546475,19.971482889733842
1.5953716638290736,16.977351916376314
1.6185073546738862,20.763673890608878
1.8648825173760915,24.215995546483583
2.2488318908607186,22.85539215686275
1.7798804101849743,33.08488612836438
0.3777581124698295,5.5683122847302045
1.7122328573865726,20.373563218390807
1.0791882837226694,12.086513994910938
1.1713448659027739,17.14285714285713
2.0978951745734373,29.328165374677013
1.842327596365727,30.158730158730172
1.3637345585594942,8.8778729157278
1.5584977182604303,24.612244897959187
0.5201049746233761,6.788906414300733
1.2267674769389014,9.61012311901505
2.224907351374527,26.73992673992675
1.7324822586762556,24.81040086673891
1.320932116473746,20.38743208126624
1.056055942478679,15.085714285714289
2.0210109512413084,10.966576332429987
0.9838474463947898,18.3218101822753
1.783916077439454,18.625
2.3480841427333567,33.41441441441441
1.5726233328123738,16.4861612515042
0.6737755716469287,-0.024172105390377396
2.7472790638566273,41.809269162210335
1.9468271708157565,22.41641337386018
0.8803677808462611,8.565488565488565
0.7658055811824771,10.351307189542482
2.169486785391422,22.318251143873923
2.2111083889832406,18.529694143464546
0.3647368864655637,7.461661707484559
2.121633360248567,34.12784398699892
0.1820937587883843,-1.990950226244344
0.750706268591484,12.06896551724138
1.2405928278253515,8.208045509955312
1.8530371369630294,25.234375
0.5570699557077383,7.719298245614041
1.6794014784395603,16.719305171733126
0.4823448830122729,-1.39492753623189
0.837821183393362,8.947649572649574
0.7630426049523042,8.141711229946523
1.1095811243636478,16.71346671346671
1.2683887663482203,15.21035598705501
1.6900107066115422,36.21157323688969
2.1536870216410704,40.892255892255896
0.8663595446773229,23.484848484848484
2.022431429134273,35.86883029073699
1.2186330618261305,9.280447495550476
2.3568173174602483,30.0
0.7932144842823878,9.814814814814817
2.855267592848702,36.82487725040917
2.550568002469827,32.8603511637403
2.279514084522528,25.666666666666657
2.3893383133334947,33.5135135135135
0.5060476119274966,15.203339617559926
1.3416671788740087,16.30982827913774
2.007305453905262,21.0227623218802
1.0828745631510792,12.286441294074884
1.4198481254324378,12.296002072359897
0.7122169636950965,16.92502372666877
1.6881833764718057,35.76751117734724
2.3869261212025714,22.487091222030976
1.1237872125618096,12.607619990103913
1.3108018684621794,13.382352941176471
1.86023208087781,32.258064516129025
2.4974421216614946,16.90058479532165
1.8672262019529888,35.574136008918614
2.9660835208590006,40.01695633743111
1.4110273855464954,11.660516605166052
1.4152509357928706,15.798963263466312
1.6013797706046788,21.45550527903469
0.8335332911158826,22.07918387175127
1.2207208719802565,20.238095238095227
2.257516293992807,7.724645296899631
1.5696091659909155,26.985074626865668
1.3061011504928979,24.36974789915967
0.5658539319192555,12.055702917771889
1.6464864352734563,33.51916376306621
0.7824322163163738,17.577876668785763
1.5492108725192122,15.277777777777779
1.611908488003369,24.468085106382972
2.031335942032932,8.891992551210429
2.074412121393044,33.72294372294372
2.60980861787946,31.629479377958077
1.5782072182405325,19.385026737967912
1.9307586424164096,29.382967873533914
1.4964854800015128,27.708006279434855
1.4408077376178987,20.740740740740733
1.8505768675208185,27.11484593837534
1.0679313724741812,11.3673139158576
2.06084032727076,25.684821140831446
1.6327180729138395,24.95331465919702
1.5336262129402607,22.809711861927745
2.3503262253961026,35.024630541871915
2.1448365481405833,23.4375
2.4810390981908106,20.788740653863066
0.9332196541292829,21.42008318478908
1.4971686484316857,25.658561296859162
1.2323319126475138,15.75502571294998
1.4059270069704488,26.17647058823529
1.186162321667249,2.6136363636363598
1.7778456355304302,9.844054580896682
1.8193943806200537,35.90909090909091
0.9841542463844692,28.435496794871796
1.8825879168291046,13.488372093023258
2.2146474904530473,28.098290598290603
1.4718772867936651,23.016540510232687
1.0636728064206997,13.60164764438342
2.6520926829589078,33.95744680851064
0.9716344682941295,8.423913043478265
2.3384264556414545,23.809141940657575
0.8056200919278746,12.988599348534201
1.9997083719107442,38.59807460890492
2.0492624391493166,16.416416416416418
1.042764369001054,7.9715864246250945
1.6207104338873006,24.42525513064932
-0.4576484712065443,10.642813826561557
0.9584301930353798,14.697674418604649
2.322127964889154,14.411764705882355
2.419801670363471,34.7007722007722
1.2669535036102244,30.229419703103908
1.8210025844254938,29.076220583069897
1.7474419253927596,16.272037060867326
1.0340341555413166,15.982142857142854
0.8975036282636559,13.207547169811313
1.2617751170005551,21.27566622979468
0.23974426405690727,3.8540782935401694
2.5564341756615505,40.52525252525252
0.8844906580757632,10.832873690016541
0.8014405669027963,8.10562571756602
1.7693320171637006,8.306010928961747
0.875090291418519,11.423070752446662
1.9990218131496282,27.005829358770534
0.2578603237409616,4.585351089588372
2.5491931335797213,43.80378657487092
2.473353782572674,27.79585798816568
1.4053741120706693,21.806249533895148
0.9632567930112095,17.476851851851855
1.3047507885336882,19.9391444424557
2.654427359032898,35.044839106734656
1.0200772437019479,2.8076463560334375
1.1101019949332196,6.28044766293614
1.0000717729021318,10.628930817610062
1.7567198583554502,16.908284023668635
1.0502301787940342,16.444391521790912
1.0862793216476303,10.652382196672761
0.8895327788858968,30.884557721139423
1.2745046564625901,16.153846153846153
2.380534009126489,31.86813186813186
0.812790742535813,9.55771305285868
1.9953818516154915,26.28899835796387
0.9460324360738941,9.295774647887328
1.417377813456051,16.17647058823529
1.6218069607359011,20.31645569620253
1.5552919034425883,27.100840336134453
0.31805605096121736,9.437386569872963
2.0986065372330946,32.0
2.058872349763466,17.793642241379317
2.807154301947717,29.636732851985556
1.5173815559207955,13.745059288537547
1.4135808665324543,19.37234544596508
0.5266663176600289,12.365591397849457
2.2229948162033546,25.17776341305752
1.448748982501113,19.364725550292555
1.0221280816339358,6.053927923256417
1.5572367668649028,23.72098264593194
1.6845020591154694,20.247148288973385
0.6228031685504791,15.274034141958673
0.974915334937414,7.164429530201332
2.420870977894341,36.28899835796387
0.08824574679241065,5.440313111545983
0.8505809556260804,7.894736842105267
1.0479175316760483,9.354439450198683
0.9987617265869966,9.35393911224726
1.9961705324331038,32.51209051920796
1.9760315417375054,31.69904692082111
1.2842562607749646,14.974165341812402
1.6703439885670774,30.642954856361158
1.563333600853638,8.938660209846645
0.7576678181515598,13.657294013912015
2.4016105179756466,38.40702947845806
1.904883207813757,39.30711610486891
2.0657141784423425,14.376754419239816
1.3745127246629987,12.092027822364905
1.965760933880313,19.62833914053425
0.875741027216208,3.1683686829012956
1.90533815717953,32.08342110806825
0.7689082881830408,15.18218623481782
1.0631684801614507,24.56747404844291
1.6078218797897903,32.05475738682569
2.133825566661962,37.28710462287104
2.532570081568193,47.410658307210035
1.1195576588466989,5.822649572649574
2.0137469798696253,14.364035087719294
2.350670452795846,32.498168498168496
1.187498550610547,15.60104529616725
2.086896688873142,29.637286224393904
0.9633146965467402,38.39383938393839
-0.3547046951357352,3.0172413793103416
1.6226021538968063,25.46803652968037
2.5268239944026742,28.560291060291064
1.720387504087231,39.6429388876173
2.796656787353348,20.67669172932331
1.3567110950386754,13.503963327284886
1.5717600128998308,31.706168576361634
2.2017088580617314,25.04542701393094
1.34486079149906,17.90340636494483
1.0461008394238611,17.250341997264023
2.1087722173402343,19.51977401129944
0.8000406886593042,12.355967078189295
1.4099914395661775,22.764857881136948
0.7151336690537713,8.949964763918246
1.8749786730397289,33.200834741130876
1.293289310713536,7.528517110266158
0.019187568656091558,9.037558685446008
1.2102352296405787,15.347442092984508
1.5862873590228768,16.705882352941174
2.0960630411559324,32.47213779128673
2.9389865953215275,34.08392434988179
0.23244497911307704,14.327230456262718
1.1679768040804046,18.610271903323266
0.7637538813039563,18.15384615384616
1.204013307446651,12.069610778443113
2.5161003575816006,34.831075287257754
1.2295380512788534,29.202226345083496
1.0607938519024982,11.454714902990759
1.9460070325638488,22.551964435900516
1.1335045548959235,19.536533983811957
1.7984709947046478,35.34161926830981
1.2042851684850806,13.230472516875594
2.0921182286045497,32.97872340425532
0.3604598916695757,8.108108108108112
1.2197796704397872,13.406292749658
1.212335250041502,18.702326019399194
1.8973187540635115,14.880952380952387
2.3123654829460785,33.286963434022255
0.7353938876067925,7.15223097112861
1.7975603084532945,30.722076267813073
2.1644830120340557,21.65298303229337
1.2143402881452203,17.69786708972326
1.7967135493727486,22.17051377513031
1.5121658895229246,25.0631313131313
1.8280192155288484,27.65931068683362
2.0025075252262665,8.032786885245898
1.8508665913135203,19.18181818181818
0.9869951322779704,12.881473156393184
1.7512802381780213,11.515151515151508
0.8217286230876164,21.72894916577227
2.340989338450746,34.66563520715144
2.1520905317969583,17.774617845716314
2.463479067996311,22.1875
2.4505026435950374,28.375
1.7649359824273432,14.504365690806374
1.3876180077970282,27.432384966631545
2.214999055449847,26.923076923076934
0.9127640869955274,20.536659997646225
1.2736433541479195,25.778744846541464
1.3961765290982595,35.32861476238625
2.0375944964802133,24.639289678135405
2.091948531058148,27.248210766517985
1.7719501070550803,15.52950221026331
0.9673121483608762,12.243589743589745
1.602435327289223,20.53571428571427
1.1621655627106562,10.342809364548486
1.0018032219369353,8.639705882352942
2.2325517573819913,34.65158585778692
1.9339362958542052,24.575070821529742
1.2390913712579783,12.627156125608138
0.2183320289074393,3.819444444444443
1.4689112719436106,19.4364161849711
2.0743591513882227,24.44362924920518
0.5622064928245564,11.82614555256064
1.609872381494961,27.80572755417957
1.0035669171813988,13.103448275862071
1.3576790638071103,13.094017094017097
2.3648984074437984,21.040076335877863
1.8051969538558017,15.12935883014623
1.7870422434645483,14.014687882496943
2.5192203169719973,30.72755417956656
1.2193995661707373,18.784905660377355
1.4208898659756253,17.323665128543176
1.075052151004139,8.0
1.1579883093464027,15.308438209201569
2.331663399417041,28.26844417512497
1.579281845717205,6.955161626694469
0.6876485988626169,19.798561151079134
2.2963670472523967,26.20167189132706
0.8460888872841645,4.73180076628352
0.31703890949220026,11.634408602150536
1.647469274802006,25.012106537530265
1.6790319526364514,24.699980326578796
1.4702053010536424,19.195849546044094
0.7680961621997372,12.852112676056336
1.06584636278287,7.762096774193552
1.0064991965749284,12.787356321839063
1.6537146453943279,16.630434782608702
1.1847897487194,23.109756097560975
2.172226367483894,25.244212498327308
1.4526919631876345,9.123794212218648
1.9317131537795484,27.908973808501507
1.6572919071495316,18.801031370863775
2.6650718811280583,22.334004024144868
1.1130104930709774,17.461281506225333
0.7454931822008061,12.894409937888206
1.5164458053343102,11.91740412979351
1.1039738332960036,14.472811671087534
1.3429160248062568,21.985815602836873
1.242837397073817,0.5793226381461736
1.358044399910074,22.016806722689083
1.213631408782279,13.99638336347197
1.590353579144337,27.879665379665376
1.0833617089014733,17.950513538748837
1.897646305186567,14.139398776270284
2.824070306970454,50.23056653491436
2.2314856649944144,19.59842863378438
0.8322330978412306,21.458863443596258
0.9419933581198733,8.955412403688264
1.3318910681167462,15.692146440068882
1.603914115515428,24.55357142857143
1.2820100598676691,24.49466272995685
1.960990406407472,31.189965864888464
2.486625923449754,39.672611125898314
1.2826332875649715,10.77731092436975
1.5814349270923898,11.38121546961326
1.8653455566494939,26.819923371647512
1.9141071708792883,31.01045296167247
1.3726678409874453,19.93325242718447
1.4452056305545478,17.205882352941174
1.704949688856653,17.51959930313589
1.2550233472234753,18.252933507170788
1.3920383352602075,25.974025974025977
2.3917849963892013,33.11489733508082
0.6473522955468685,8.415584415584412
1.3623456873910071,23.313109027394738
1.1747668723510816,17.478187447227697
1.5346553381519077,31.22938530734632
1.0556303336367754,35.51948051948052
2.550354381508061,34.640403114979385
2.168443178756317,37.67663489976996
2.6652544666636824,33.56232576662684
2.6214436577324203,35.55435175153485
1.0393513842056392,24.08662900188323
2.4897464203161896,44.4055944055944
1.3121243432763101,9.893920848633215
1.3262374640324626,8.55130784708249
0.9576013137364076,20.129870129870135
1.5095716223029108,24.177935943060497
1.8739153838816975,4.841269841269849
1.5300785224801632,15.318037070302935
-0.16374322987904283,3.590914858520499
2.715776631624051,32.64957264957264
1.5100351610543334,27.631578947368425
0.9796594002357671,14.531986531986526
0.8331340557038975,13.160919540229884
1.9742030081219137,22.886857445680974
1.091361434810878,20.64327485380116
1.532359974245046,9.37382827146606
1.377486427799124,23.723548825470786
1.5410288398490688,17.797619047619044
1.294339680046963,5.329754601227002
1.8089848410335143,13.348509933774835
2.1010710717306917,6.4019253910950695
0.0016910393846185645,-0.24916943521594703
1.627490473581887,21.97154471544716
1.2509383288986904,15.144660078580785
1.6365941403658248,8.292893346274134
2.0484475518298217,30.731532393019357
0.9135764455825,8.754448398576514
0.7347592148633008,14.054054054054049
1.2794394801027176,23.856589147286833
1.7605974121181707,24.82993197278911
1.4615052905547234,13.467492260061924
1.353666343093547,10.429852320675103
1.1323400330785585,10.880648089950412
1.6271807555515614,23.934511434511435
1.7020433588510466,8.198051948051955
2.390088280596605,47.301587301587304
2.8244044501246464,27.320544554455445
1.154735376392727,20.16216216216216
1.0012333678704155,22.756005056890018
1.7620787385181798,33.21746384872079
1.1234959595411693,22.759259259259252
1.4679598978667858,11.618567292425517
1.5127764127697683,18.31460674157303
2.498813645582529,39.115722986690734
1.5491765894954859,20.997854077253223
1.095831416741407,17.179361179361187
0.7137893178650528,4.956014284470001
0.8430631046113848,18.217588038559903
0.35210557712541635,7.743902439024382
1.1505377718746823,18.589743589743577
2.0614988634386675,29.041255838090287
0.42404537789173236,7.133343199644813
2.778694531719229,37.11093375897845
0.9541011734159877,15.921288014311266
2.1708945767673393,41.954022988505756
1.3656822677043792,19.544401544401545
0.8245486796433663,9.550693954363688
1.4460923957889473,4.71567267683772
1.7009737139977479,19.363057324840767
1.5135343619232575,13.92857142857143
0.7673863328114763,19.945054945054935
2.1256181728671777,26.666666666666664
1.0292918408138958,16.403816199376948
1.959872581775496,33.41013824884793
2.298722677003868,28.366013071895416
0.9434333567697244,15.98173515981734
0.9965697662911346,7.118807118807119
0.8336851827456415,14.93046444502756
2.595693512554889,46.77018633540373
1.6670373159415734,19.082125603864725
2.3321316548985687,37.38248847926267
2.0988143511296573,20.581113801452787
1.6471964664688974,22.75291828793774
2.6783267293149677,28.836206896551722
1.1940501187221144,21.233133433283363
0.9483139652783616,16.33024950939165
1.7600486287081507,26.40913081650571
1.0568648431737993,13.098802395209582
1.3540640927637944,21.684845990258623
1.47841592161406,22.814207650273218
2.8625864821926195,29.526963784289727
1.6313793213150463,32.28427557793546
2.385958641857329,40.52226935312832
2.700748670645527,27.049873203719358
1.0700939808217993,12.677505659600733
0.9641993131051584,12.869772186331183
1.555017789570734,14.611918902314152
1.5509884769636857,21.913380736910142
0.8045322544217937,17.677224736048267
1.9725289251236413,20.614035087719287
2.0671640278541763,29.098976109215016
1.4043034194109993,16.042738425009887
1.78997311811891,24.1254462009179
2.557618212177793,46.078431372549026
2.2057972649451014,17.638888888888893
1.104889786999159,7.8803522623747355
1.7654165223454181,22.236577662934245
1.1161799915663773,21.51400692477179
1.6808768749761058,12.134444885536588
1.4665937218380987,15.727233491583938
0.8857622012533043,10.617283950617285
0.5898186499444065,11.632079887657987
2.063216640043212,35.17369727047146
1.6952738957740305,27.493562231759654
2.2561140918870075,27.601134497686225
0.26764629785826977,6.600732600732599
2.0771481295103915,38.27324478178368
2.021652520543444,25.555295768061733
0.9286458245164146,14.28766189502386
1.610323165757816,23.953619909502265
1.2170286059828028,17.75078369905956
1.2367027894204778,11.94174757281553
2.126174476901379,35.12820512820512
2.247041393075811,32.45396369335249
1.4009849251781714,16.3771712158809
0.9901718286409396,23.975368463557437
0.8478197287280728,3.089430894308947
0.8660241056579308,15.99632690541781
1.8203351050613987,25.969158278003853
1.6785350917971886,12.962962962962962
1.485320126518363,30.025083612040135
1.2458958995121499,14.559929234851829
1.7154167843823394,24.516185784658695
1.1346839528405752,8.502024291497982
1.1260655719070716,15.148691010759983
2.522790649386361,31.952161220453903
1.9292561512796464,32.40740740740741
0.6699873707476651,20.83870967741936
0.7158094128612449,1.821845353035009
2.5715808259505266,24.228920926168634
2.0702518300426442,38.399835458658984
2.7397450393968055,32.927852348993284
1.340940706522959,11.67635658914729
1.2395201679662182,9.351656095842145
1.772962624893034,12.185467910658744
1.6765088998000972,24.414414414414416
1.2698104125133083,10.583623693379792
2.115600607235838,23.753753753753756
0.7609999555838202,5.351430794501603
0.6087275069701261,7.435897435897431
2.8406423290719207,21.967213114754095
0.8009106980757429,13.58560794044665
1.6822862163023136,22.17051377513031
1.4416227169376565,9.386446886446883
2.167010450503601,33.35377069282648
1.2455987455256838,30.401810979060556
0.9193780780821147,14.272237196765495
1.8768313007823756,20.602711337535617
1.2916545207536574,14.429824561403507
0.806339395775972,13.114250614250615
1.5016053575551271,26.77777777777778
1.9097173806927312,32.795641491293665
0.21332824767908376,6.428571428571431
2.016439873475592,21.461382330947536
0.7815819749101931,10.784313725490193
2.7317685241259566,44.1948051948052
0.7742984548233607,8.646934460887941
1.5653108858976439,14.5901395901396
1.2601801992211628,17.45689655172415
1.2490877914700362,13.4025974025974
1.668753437287842,33.66016713091922
1.2406730664076664,9.45652173913043
1.6331344871652875,29.814814814814817
2.6636528367331773,40.85144927536231
1.776409467977234,32.00414964663165
1.1350575739349638,9.036954087346032
2.422468498380918,22.040658775090066
1.6097655714736334,28.828828828828826
1.56366577942305,20.45979964038016
2.6038929163211075,39.35540069686411
0.5428179132598516,2.8549820381924746
0.5308905493597148,12.714592274678111
2.5542562685473933,45.51711309523809
2.5173503470120187,34.663234663234654
2.4486479788729216,34.25867507886436
0.8667069694617939,12.554112554112542
1.7172022348657598,35.291396854764116
1.7109109064541919,0.4477611940298516
1.6648569042332169,26.70763827919228
1.2365295589127003,23.98498331479422
0.5882732944892571,10.903775045145764
1.5208396887881201,8.57843137254902
0.1994739678238083,6.122682536049439
1.8829902663231226,26.726998491704386
1.6347619160069213,12.830188679245282
0.3555673722676156,8.275862068965516
0.3929119889993645,12.601941747572816
0.8367242114339998,20.59270516717325
1.6914268412098044,12.5
1.3607641643733404,15.52013422818792
0.1811712506495502,5.238095238095241
1.9610390927079848,31.450481623492003
2.8965652077839783,36.73718967836615
2.848318127383613,44.35483870967741
2.3414216010281264,36.320754716981135
0.9596615928043335,21.582417582417584
2.5036159008436445,27.423927423927424
1.4163678631050496,11.752021563342318
1.5633872347098414,19.348565872630054
1.50809898215778,16.86429512516468
1.3621699200967348,7.3150749063670375
1.5964115850975356,4.429713804713792
1.7543075160035975,21.9933829611249
2.893950949314631,40.59766763848397
1.1816232179551525,26.0259604038285
0.5977009276971187,9.676535087719294
0.1832128613096075,4.8721449851042635
2.160761895506837,24.33333333333333
2.102593066812412,35.75757575757576
2.427185291449744,22.98664508296237
2.261363764872156,38.47117794486215
1.3684345457714966,24.260355029585796
1.913721886082413,22.956656346749234
2.0425860814049974,22.11302211302211
1.5908280526178742,29.13524384112619
1.0708749339724486,1.0359869138495057
2.0050965188067837,27.047413793103445
1.5310994077214588,28.913787737317136
1.5497040275189375,27.42355237475602
1.8558897157882739,29.633807053161895
1.3630591494210673,24.961757752746486
1.8939384525928156,26.39676113360325
1.8058431695006916,31.914893617021285
1.9730626945015317,31.412241009764244
2.5694306660759487,27.684431609346277
0.8945216585465454,17.182242483447304
1.2437362190625678,12.28506787330317
2.425347401290017,17.752715121136177
1.5464778670032004,24.131821403260105
1.1312857274994883,20.288379983036464
1.126155053436778,19.157894736842103
1.7834018031738466,34.313725490196084
2.2134129446423025,40.52757793764989
1.1366023530449922,12.917771883289127
2.143649198057359,29.0
0.9897322086949735,22.154617036506792
0.48702931059156424,18.699186991869908
2.252916178941417,26.80447889750215
1.3676326704834794,13.943106312292365
1.7852450921093106,13.270313176504544
1.512963149341884,-0.06802721088435959
1.9292822895160133,30.266964211918342
1.6590535171302783,13.810821331257294
2.305959009726374,39.83957219251337
2.358891714095213,24.000405926527293
1.2259168192362893,17.70416904625928
2.382729227815385,34.08491809452081
1.6157614595339778,25.292740046838404
1.6481451084278518,21.367521367521377
0.9624610898661468,7.822390174775627
2.280779102851498,38.9125386996904
0.4684465327586551,4.395604395604401
1.3982354129291112,17.441860465116278
1.300405627596795,25.85193889541715
1.1609192964497708,17.481305402862375
2.1622704954405156,25.99543825350277
2.516225475035877,36.78813221823974
1.475200230682864,21.139455782312922
1.1271895307071487,21.162841292287617
1.1541550481645968,11.198005213646148
1.9152520064576763,23.069620253164558
0.9575734878722979,10.21557271557272
1.7196514476698885,15.55555555555555
2.312497035990629,25.86726998491706
2.10487131634692,34.462412587412594
1.5808639607437744,15.567567567567565
1.399955157926067,19.877675840978583
1.3239785222123146,33.020325686437666
2.236557013998377,20.338066260987162
2.376178071867815,35.25493520649145
1.2388744480937746,5.672268907563023
1.0400536182203197,20.36427732079906
1.4478419245237135,18.052057094878244
1.455280209894914,13.85964912280702
0.8700155618128398,19.625292740046838
1.5066534251684662,16.294458229942094
1.1099091813864956,15.322128851540619
1.38947059947093,20.944444444444443
1.3246237521000426,16.895398454618842
1.1741269573799564,30.976220275344183
1.3951491710205932,4.9991695731606
2.2180672952263443,30.645161290322577
0.713931252416129,14.201451905626136
0.26485045724392076,11.28048780487805
2.672363716146959,36.501412792191104
2.2694705617676534,35.57598863721313
1.601470896039787,18.965972039039826
1.0441592643258615,13.275193798449614
2.6469265661092605,31.773601856704346
1.741504011116142,29.21409214092141
1.072163450232524,16.168327796234763
1.7717746217578008,12.668371696504686
1.5041546141962518,27.05558107487368
2.4189450549867253,32.33889051379546
0.3978771720086448,13.772253946926433
1.4573649318186346,24.03108400550856
0.7718025679997496,19.778830963665087
3.057338171663426,32.06965354616361
1.9450610061761775,36.90449563855961
1.9974367179647565,16.369837059492227
1.801355495464535,23.771755893368592
0.981629796019958,16.00267827251423
2.136175968902343,33.64367816091954
1.331940803963926,24.230066950699943
1.8378966491763946,29.774535809018573
1.4311936648136547,16.883116883116884
2.774261032061645,43.46232526423458
1.1542593888897548,18.983957219251344
1.8775958854274597,29.675163546131287
2.065721329719251,19.026687598116162
0.578175158850145,12.475393700787393
1.2496898065826536,16.47211413748378
1.4142979965108133,19.14141744650219
2.805441710836782,40.44207941056078
1.6288910723310677,27.184325108853415
1.4299190292899056,31.829059829059823
0.9162777007929833,17.974657674228496
1.0394958148420093,4.971988795518207
2.1288950271433524,37.21395881006864
0.7022853287820991,10.61465721040188
2.5362180860998054,25.391566265060234
0.571001683425043,14.82479784366577
2.423295036446371,22.40239204186073
0.9395527061405636,16.885193476175246
2.1265283205431915,33.6025641025641
1.2516607898418206,21.525606469002696
2.556393995866792,23.21593214088142
1.6135318658806221,24.314108830237863
1.2666155413637956,6.721955477957216
0.9376711898381717,11.185577374170627
2.0404477112423307,22.702217664401992
0.577827590090842,11.482153660012102
1.5107142414533643,13.069620253164558
1.40635930608452,15.071010860484549
1.696390137684522,31.015536187949984
1.661759873928794,4.15368639667706
0.6065988628777422,8.574773192859233
1.4955839016522017,22.25877192982456
1.9817502209598843,24.41469124963418
1.4596656131909866,25.198492260806795
1.2063255808319568,9.691358024691354
2.0767461947129173,35.87972368955708
2.7517743140437334,34.066419360537004
0.9536739315918727,26.624040920716112
1.9275869272771597,26.898684001902645
2.6533617580642237,25.425841296219353
1.98915807074858,26.58730158730159
1.960360533353153,32.265847773634576
3.0017171423253433,49.97940126338917
2.3574023221718936,37.525150905432604
1.3986115695679942,30.051480051480056
1.4593341207107706,13.389402859545832
1.0348268038293922,0.2681863895407304
2.7687095216856266,33.68476541908276
1.1928334055643717,22.077294685990324
1.173361458383002,13.617021276595743
2.0619933231741925,30.328930328930333
1.2498932634502804,14.330218068535821
0.9365455837501659,11.271466129663807
2.1233509048174586,25.208333333333336
1.4151187070099525,19.999999999999993
0.9537476254363616,5.246972900249858
1.262698767634084,16.084337349397586
1.085113765460283,20.50454921422663
1.7576218291279648,23.191232469582992
1.770339844904866,18.14595660749506
0.34990695970111657,9.982014388489212
1.6143258845523274,19.333755007379303
0.8988640208680363,10.942173479561319
1.0807385900375648,25.045357083951842
2.8256026720309757,30.903630903630898
0.9343373289620402,20.039682539682545
2.9410285369512112,29.362150764364785
1.5488509957409862,23.502865329512893
1.6779372630300724,28.858695652173907
1.0075666493522744,19.658659924146647
2.723154636872005,46.610403984504714
1.2294960612564605,26.050420168067234
1.5584770332195261,20.79905992949471
2.6443040177338624,26.958082297141395
2.5647032336651656,35.16606436069524
0.6659000110057715,9.727598566308245
1.1990585637064575,7.089947089947088
0.5951869918217454,13.283632666892572
2.9355760788875758,42.15526601520086
1.5024302551975959,26.037512922758822
1.787443422161533,28.65384615384616
1.2923963762332116,19.558236839544612
0.9268637679573344,15.342823739770303
1.6082982992591965,25.826330532212886
1.8453731200450434,7.986716479867162
0.9613181584984122,15.391641927380675
2.365343403307043,28.53382469070808
0.826018420900384,22.46543778801844
1.3971735301429846,18.79365079365079
1.9300872507202282,15.598594182307636
1.0873660551361248,21.108566193311944
0.6213963016383548,7.032274993440041
1.8405400745035028,14.285714285714285
1.4006169829359256,7.617781155015194
1.7957977883107783,24.188790560471965
2.069892128567575,26.287505597850426
0.5454691987506555,0.019496977968415763
1.6865857485656348,21.11296689948376
1.3938628871817251,21.584699453551906
1.8553827862243557,28.899267716081425
2.261125269768787,29.21454803933183
1.219508387610643,12.618416066691928
1.5216045927073805,23.34497816593887
1.707046692525889,31.396260217220913
0.9938920637782898,14.048114048114051
1.2358719967929312,18.602312719959777
1.1577104980903683,18.73684210526315
1.9046567256147542,33.634538152610446
2.604851933252709,22.55328403653762
1.5729399069080636,17.821921668075518
2.9972401916318137,41.49797570850203
1.6339854725636507,25.0116495806151
2.165430250687102,46.09065155807366
1.7882803034936605,13.214867696127882
0.5007057322108314,11.468952734012973
2.2039301088548395,17.723375451263536
1.866253009180106,25.587002096436052
2.018798173228365,28.47352024922118
2.8080865169418874,41.93128578865175
1.941745563142064,20.296052631578945
1.092059781905895,18.60773634967184
1.406607191077368,7.93143044619422
2.8033276229848862,43.71848514107929
2.1542045811092705,25.52582629846902
2.282369089120399,31.99256505576208
0.9366225055113699,9.217271293375397
1.7476760622370449,30.274629468177856
1.6853822605239668,26.89196108550947
1.5067124803127876,15.128543177323664
1.7132317732883813,17.441860465116278
0.8467666135251477,15.120044667783361
2.855633008947164,46.54712507409604
2.3505019999651555,35.897435897435905
1.5898259018289265,32.95116140559857
1.4238401331905624,23.736331751598925
1.3408888239871573,22.653721682847888
1.491507412609591,11.51315789473685
2.674364285876633,30.38669506799934
1.3140939065722246,9.600000000000001
1.0046210448841644,11.529680365296798
1.420746440293881,18.905228758169933
2.646901655085185,25.655353767770563
0.2952072000375851,4.621848739495796
1.2327339033054727,26.33699633699633
1.1588975504206898,24.142528178402628
1.749497058657518,28.34008097165993
1.673228946537384,11.182228915662648
0.8845839946448589,6.312292358803994
1.9516929330950723,27.95997106341934
1.1376117972769606,20.88972431077695
1.4692191133459305,8.74219446922391
1.19554993982684,17.714672075726845
1.3817174466727518,24.918064391748608
0.858889707278742,17.25479036236009
1.734883721179173,23.387723387723398
2.1566028900658702,45.66609209554296
1.634944837863264,26.55575311150622
0.5365447956766746,15.742397137745975
0.8921425336698297,13.224999999999994
1.8360659831833757,20.22445820433437
0.9796020339783439,21.577380952380942
0.8967834378650679,13.197278911564617
1.8436000457858062,11.885404568331388
1.2108352278053034,9.201277955271564
2.3083224948659367,23.84144907080686
2.2208830636868484,24.807410124724868
1.3070881674960362,14.622302158273378
2.2026086145875996,30.97679438747975
0.7499242453618523,13.480146813480154
2.5167457927855543,15.194109772423026
1.1328385006721209,15.34615384615384
2.3971500761758238,36.12023238191463
0.57998337452431,8.679437192744537
1.409920980535378,9.625935162094756
1.6145731535401917,20.104895104895114
1.8199425349327345,26.62393162393164
2.4206610896521985,32.50493096646942
0.9714488267067245,19.268774703557312
1.6337355088689716,14.273085815313479
2.723260791566001,27.32176856357097
2.158897676922917,30.779436152570483
1.7290924704435353,9.652706843718086
1.0861334544462784,1.5374759769378485
0.9004672829954896,4.445554445554443
2.680933034747056,32.65822784810126
1.878995206450423,26.20490620490621
1.6943065524045158,18.971193415637856
1.8914742008865049,31.02011665277943
1.739000817290139,24.954432477216244
0.8204061533250204,15.809439353630893
0.5459984075581381,11.611030478955009
1.4511471576326214,4.049405878674172
2.4135590739673365,31.493132476739028
1.152155076763878,12.382851445663015
1.799952189579255,14.086610253857643
1.1011764336515544,16.02366255144034
0.42214163814633315,7.7846153846153925
0.9812376006025273,17.179802955665025
2.1690513335569013,34.02474850885783
1.804193151682768,25.12803748501689
1.2701840818130385,21.559109080525417
0.9121291003613079,6.255012028869288
2.177852684888596,26.419558359621455
1.4742050381711085,16.944444444444436
0.5121126088020655,8.427672955974842
1.5361762942314443,21.809440559440567
2.272832542686276,9.259259259259252
1.7124690887169354,12.885154061624654
1.4465784593535247,18.209876543209866
2.271974714236187,26.06382978723404
2.4094399031344365,32.0910973084886
1.9801021628856417,31.02874167542938
1.5551239470810088,11.686206036418064
2.596568239492263,34.7935328818003
1.0002123382739696,12.791932059447987
2.725778668577807,28.009009009009006
1.6014440730839516,20.226204465334888
0.9368572210648214,5.383279583229957
2.4836783460931184,33.87096774193549
1.47216051699843,21.93877551020408
2.054941507341724,40.31222643711701
2.2649201551928377,25.57938856015778
1.0572710207223857,24.565972222222214
1.9689874626204815,5.0
1.8833435776560634,4.430598823122189
-0.3588708779007217,6.090808416389812
2.120977478831133,43.45238095238094
1.4768669835502557,25.75613241247916
2.3973894365311565,31.20879120879122
1.6069098677835494,20.29004614370467
2.001034373157929,20.039682539682545
0.5087093254577373,6.2794918330308604
0.8537998130935632,14.767932489451468
0.5301168380837284,12.496947496947492
2.243616675883426,30.785123966942145
1.8108689018769368,17.681984043540105
1.665443785858289,19.962335216572498
1.2273576839449027,17.77777777777778
2.38812439737315,32.502194907813866
1.3654536189593582,14.343885459083154
1.2749091545659579,15.574963609898099
0.8274798957742056,6.69586983729662
2.102793846616733,30.844155844155843
2.4649784556359404,26.37459807073955
-0.6174659151450019,5.8204768583450175
1.9215953809979507,23.468645424123373
1.4109729161719433,32.20271348762969
2.132612892639361,23.88102388102387
1.1638856751531639,22.310126582278492
1.4989620682341702,25.038402457757293
0.7265497381325298,18.512949039264825
2.1317916240584736,42.92278049503484
2.783030249504291,18.670559945036075
2.239761143146085,17.35261401557287
0.9361990915713878,13.175252567420877
0.6968650781002534,14.47161572052402
2.2901428754082684,20.57142857142857
0.6493564434399928,17.371861025111798
1.6973805263075334,23.534688995215312
2.125096723576325,32.197802197802204
0.9330465689276692,3.966817496229254
1.7168522406866122,23.141088302378627
1.5448871190167837,19.75308641975308
2.608266654212207,35.8251633986928
1.146114735541996,8.996212121212125
1.2769359972658625,12.663934426229503
-0.010741390693019603,8.839960565231678
1.41552071071555,29.465587044534416
1.3224330678059686,13.955582232893164
1.3670009796563178,10.768398268398272
1.1368068423347264,18.68016426320314
1.41786015551993,22.012578616352194
1.1474368190946007,14.854389272993913
1.8131519050104978,10.31746031746031
0.9069791821157903,21.46551724137931
2.061479187179235,23.076923076923066
1.021109973770563,10.648148148148152
1.3310368859570638,17.039848197343453
1.3580523214561384,6.7118531988758505
1.1445829044697562,12.268448223504407
2.180200297746764,47.04166666666667
1.6213607979345823,32.59827420901246
2.227906858821113,9.315673289183223
2.04841928753731,33.55343604793348
2.0017082401392607,24.566210045662096
0.6433370536831334,9.825783972125436
1.45077870395074,13.761923688394283
1.4359372117609213,17.68153980752406
1.8596261259310025,32.51141552511416
0.7170412636190505,17.897727272727273
1.7516080615803267,24.861111111111114
1.8987293675939325,31.930176229850503
2.4092111742698163,21.80685358255451
2.6750840203541864,39.30544593528018
2.956693371577242,43.34387074113102
1.0450188296127614,28.0243161094225
1.0793222308283377,6.526898734177209
1.457933254068105,22.15996484289166
2.758806241526807,34.45186759793501
1.8462752983779258,24.72009122952519
1.4500698030281318,9.738372093023258
2.0922203708529956,18.518518518518512
1.486486600128769,6.04288499025342
1.522310317531169,11.428114760648924
1.6115379225073887,20.145757418011456
1.7436471123138606,26.448412698412703
1.3210984443475318,11.258417508417502
0.8977494042083533,7.459189252518954
1.6655564926111854,27.378745752239723
1.6798262235860506,16.236772486772487
0.5271288508516785,9.255842558425584
0.9674025712963179,22.307692307692307
0.2145986416144422,4.227716727716725
1.7609596476530105,6.818642350557241
0.8910904633390668,6.574096829687882
1.9998322109818016,33.558840724964504
0.9577538411012083,11.647727272727273
1.6890359214418935,21.403452685421996
2.6923299274521293,24.270504731861195
0.9499143882877082,10.32863849765257
0.8964286315212633,18.605141171512855
1.8374697755412264,19.0836515098924
1.7030418373387366,15.73464912280702
1.358267076066494,15.549630347836626
1.8734907751871361,24.4343891402715
1.4196278834070126,22.136578769438806
0.5635985803055985,0.25159094272605387
2.4154808802926198,23.706645998837423
1.5269230625185644,17.799958411312126
1.504671273008017,25.77430972388956
2.6001618494132077,33.43220338983051
1.4690660491534837,16.418142280211242
1.8340858332577348,25.051759834368518
0.6796626566936709,9.803921568627452
1.6058766642454105,26.11796762301651
1.4720117395654997,17.296181630546947
1.0831489694742422,17.073170731707307
2.103166064134,29.68944099378882
1.2960967655542228,12.669491525423723
0.6322926120756767,14.871093187382975
2.375096281874063,32.47772912577382
0.8135306846140073,18.799330303755085
2.0995702343255935,26.198439241917512
2.3597968719539413,36.08854913202739
1.5146021186560514,22.692307692307686
1.3070361094305998,15.842550422901759
1.2688038217035396,18.491614143788063
3.1779458221691606,47.35112142304717
2.241246786906974,46.856671554252195
2.178603572354812,30.059615266424927
0.5727670700312307,12.09196707351689
2.0477275388310234,26.176470588235297
0.7443610661360005,10.169491525423723
2.3231021951819164,20.827067669172934
2.3625138304192315,17.88629327329017
1.5268405464992174,19.575253924284382
2.4666336365102177,34.164222873900286
0.9198776585343256,6.132723112128147
1.381123960275717,17.89101203113941
1.5058921895929382,19.131924614506005
2.524257013722887,21.976475319191707
1.9015756774223411,27.418126428027428
1.5603189373129185,29.377593360995853
0.5734283772028348,13.182382133995041
1.055092495297061,33.4888960411973
0.35994154088794533,4.48669201520913
2.8181655763200837,30.237752161383284
2.300184424966836,30.012964563526374
1.3815267692056636,22.670305235496265
1.5391290576019925,7.441564636667202
1.6939813553114749,18.104112120745413
-0.2048171249773173,7.533112582781456
2.539193776676715,20.642434488588336
1.5885842915480948,23.42963653308481
1.8615790246096384,24.324324324324323
0.9806253248010692,8.78570615682257
1.1682864416175593,17.905405405405403
1.6882626062765018,20.124113475177296
0.8874922240344467,11.753053813139651
1.2954210168755247,20.38095238095238
1.5280676990882154,13.71515239058212
2.1394448500245926,32.03047694438948
1.7656050124404143,23.64945978391357
1.6940561179907663,13.791512915129154
1.131258823114956,13.817567567567565
0.5147276882401146,7.6116648209671425
0.8214868541784661,20.688012197446163
1.491109708866243,30.745341614906827
1.5623995695075856,16.666666666666657
2.023814907712984,29.21641278989982
2.6882905045575107,37.94741843522331
1.273550342252649,22.148148148148152
1.2915515125396642,28.57142857142857
1.9804549540680667,14.521040974529349
0.9132932638068909,9.000373459479647
2.6620279267825127,25.38961038961039
1.4432988165039824,16.08361774744027
0.47265035790758303,16.657706093189965
1.9389061504236846,30.17977814611755
1.4180904152887361,25.03155768745267
2.1969300010193242,32.506013557839495
1.143332034378003,20.25657787220134
1.4864518246459841,14.159533782553268
2.3264684611727775,41.86303387334316
2.6037968633341735,38.84408602150537
2.7588315316314933,25.344827586206897
1.33986126991089,26.029411764705884
1.5708187592012357,14.318555008210183
2.1200884859757307,36.1845972957084
2.154366148763311,35.9320761797542
2.0024617987435427,21.044402751719808
1.1379858676412287,23.129712784885193
1.387304690891831,13.04028226992061
1.4968923727533399,17.663817663817667
1.3025478676886384,11.768567141785454
1.1508783124102957,36.40839595750193
0.8529814449356303,11.6872427983539
0.576191655327319,9.116541353383454
0.7793389236262755,17.377593360995853
1.947771996558541,33.06122448979592
1.5070596687121927,26.864111498257834
1.8905424525033698,21.433060967944698
1.1998317907482465,12.012012012012008
0.2902710600366291,2.2429646140986392
1.6537673017286507,22.902684563758392
1.7990697810466139,23.581560283687935
2.0173626751833926,21.424161350072033
1.2917092289373588,11.970162351908733
1.865333254456053,32.24104859335038
1.2406738670475148,16.886446886446883
1.2107249896690002,17.079889807162523
2.4522826303052163,28.035982008995497
2.0456942234437197,38.051282051282044
1.633783924473017,11.624548736462096
2.9124050797227574,39.336858338841154
2.7591185958786824,34.8663101604278
0.8596764180138954,17.770034843205572
2.75923927137282,41.52502360717658
1.9592464939751313,27.06240487062405
1.3821034440769515,18.361730013106154
1.6578100318626878,19.81440472424338
1.0054280395780462,16.07198748043818
0.8451868225660684,12.375533428165006
0.49395862905994126,4.892743644067799
1.4466802771719294,22.893772893772898
2.858434178893687,41.77805900498299
1.2306181449586844,23.7372802960222
2.238184591352029,34.79448800190069
1.9398198626279883,29.469951474430758
1.2839976368335626,29.390115667718206
1.9855301158881977,31.176470588235297
1.1666492918371212,14.303278688524593
0.6510364685604344,9.9099099099099
2.460618393051728,19.586120401337794
1.3114557960584114,20.043165467625904
1.4412748205594192,6.995100707675562
1.3094510829339958,16.492450638792093
1.2742369937775562,17.96875
2.2437481263519308,36.10329299183789
0.4531324686582033,12.43961352657005
0.74653875646541,7.735733902960014
0.21682890245134068,-0.5912863070539558
0.5960597055514364,8.63626349416171
2.467880252268608,19.921875
2.143031546024888,13.74556374556375
2.0003221463120084,36.19983619983619
1.3389304006879126,11.427754479603507
1.8943602964323294,28.704442670923115
1.3344171961461715,15.51194539249147
1.5755462032173306,17.77992122819709
1.9425800434043663,37.5306823760432
-0.6500065652606268,9.024064171122994
1.514040958760611,14.493206309542401
1.12785904712318,21.148155454724787
2.2887427428553724,33.78086244168847
1.7760301967681777,15.234138972809667
1.1607982546995035,27.31664470794906
0.8357592322139418,7.8409616273693885
1.983192066409126,32.47110919105735
1.4276367026704928,15.962984384037014
2.0812699509648334,36.68276972624798
1.3750879564194396,8.655913978494624
0.8434394614241456,18.410275502606112
1.8193417319426448,25.42168674698795
1.1564680331833337,17.349308070957555
1.2177608832500326,18.899782135076258
2.2405195554869337,29.86156888595913
2.5256160805204098,33.554512045732956
1.717880318203775,19.462365591397848
1.7073891917420225,34.56182065217391
1.598678064863281,18.173628173628167
1.5566160235999529,27.9936974789916
2.0286924378597404,19.908913467794413
2.1991743845340137,24.642556770395288
1.087541714633158,18.56838582078199
2.6601516092026043,40.12605042016806
1.2726156785649092,12.731208185753637
1.6542782174971173,19.92780451684561
1.9583035603117882,29.982086878638604
1.644906318708774,23.821548821548824
1.7672019567249588,30.764896464290743
1.4030423294424883,24.36860471993849
0.8797496305222583,-0.04177109440267657
0.4241498337548105,8.0
0.3067750419012823,13.26013513513513
1.7702729004356341,24.038331758671895
1.947655702719714,23.097172081829115
2.451263803517648,31.623014169171313
1.4421198298251026,25.01909438079651
1.2672869563212181,15.499999999999993
1.8337361029629446,18.825235678027553
2.188755399695904,19.46103200122493
1.9187470708482492,35.161248204726455
1.0113291166776635,19.68925114620479
1.0898063892931635,13.17180616740088
1.0506275825107316,15.740740740740726
2.2646140623700464,29.916839916839912
1.27719416534522,7.523148148148152
2.0455395799945055,28.298887122416524
1.02932172956696,22.841555977229604
1.6079030763911466,26.524320621146373
0.3401098766917147,15.039815052658618
1.1796188719060496,8.511979823455228
1.1728648203710352,9.1657949790795
1.854403976361731,19.129720853858792
0.662087591786327,24.00639561443581
0.7779054537861481,8.025372311086599
0.20038083195143092,0.6451612903225694
1.2578423948110902,18.062149331031513
1.3374164682572343,28.121059268600256
2.6547162752632594,40.596832064408865
2.288842448439534,16.671826625387006
0.2891102870094401,14.662162162162161
0.964080442482739,6.8702915165411085
1.5865054847393008,19.515273920727097
1.6969484294434523,30.583773533793853
1.722855502456558,18.336594911937375
2.4972681984919345,41.70054200542005
1.9495160460987364,20.13803680981595
1.0446894221147414,10.45538689374306
1.128295673948291,25.534424296034203
0.4386491314930628,13.791512915129154
1.869553792393528,15.417519062674351
1.873105804680837,19.65070835368833
0.8422676832313523,16.475095785440622
1.2505210102907909,13.41075107698071
0.39431636095221034,11.303191489361694
1.7866472130906759,20.319148936170215
2.137705223305849,26.219211822660093
0.16203652300603816,3.9388322520852697
1.0012743671449187,12.548538728796238
1.12066224399592,26.00860365073828
2.2069075573834853,31.574990602681368
1.1168420944164772,14.705882352941174
2.788364186494186,36.84395914054244
0.8990970931006095,18.743914313534574
0.8123451922411543,16.103950686466796
1.007259959936462,11.01019051838724
1.2816632945850392,18.122091431699978
1.916241591146461,38.0225988700565
1.2930282620422526,7.550353263735097
1.1839797925289417,21.516973125884014
0.9283141755184843,10.680076628352495
1.5378550867414291,18.61861861861862
1.600408023173808,31.51998710509349
3.0903790013093744,45.78120656102306
0.70154182548015,14.962187318208265
2.1598808879280615,34.34065934065934
1.666697302862156,30.09808982963346
-0.7000291755611563,-2.611885546588411
1.8012351695465771,25.166536050156743
0.8776336820321484,16.491862567811935
1.202344230346925,18.586956521739133
2.0229041808811874,13.905606588533416
1.358927096429172,22.42647058823529
1.7423830520665777,23.680025445292614
1.8182144223248062,34.39739413680782
2.0637371171174745,32.89855072463768
1.2585344378112453,23.692307692307693
1.0521238504033579,11.740890688259114
1.0878385121214433,17.54066985645934
2.225554601586766,25.20215633423181
0.5586525568903035,5.541433655312652
0.9564444430318767,0.6385696040868467
1.8196285946514366,27.67983789260385
1.4279513709432634,16.879432624113463
1.5892415531638933,15.908635543979166
2.4256886052933537,24.33805418719212
1.8935721564246086,18.377192982456144
1.2904110290837443,13.793103448275865
1.810854891060224,22.70833333333333
1.5747287563394872,26.469938107869147
1.654191919728476,15.888634630053396
1.8994327161900966,29.33284989122553
1.4730064434057841,13.382352941176471
2.2870738333020366,26.677389705882348
0.564890507020332,0.45454545454545325
3.0880178617215073,28.500506585612968
1.6790151326481895,5.993431855500816
0.8473337664373369,7.263779527559052
2.1762214812136764,24.354091610910956
1.3059159189384704,12.701525054466224
1.0289372072741243,19.415148609779486
0.8663527548546762,14.046167247386762
0.9641298995479034,24.148148148148152
2.3096200198953745,32.55221599592462
1.583382795716083,23.529411764705884
2.568652847941253,32.60663507109005
1.586313894276309,23.2473544973545
2.350417254664003,25.241090146750523
2.250725244896904,30.12633624878523
2.1691785792245426,23.3948087431694
0.665110544421269,17.636022514071293
1.5555877363574893,15.27472527472527
2.4355025903585203,32.56620428751577
1.0652660203099988,18.21344339622641
2.91136498217292,26.6584917228694
0.957992667890706,6.984419372169782
1.2028775771667033,19.22943722943723
1.2870685317909336,24.67278161393383
1.1099676664727829,20.048309178743956
2.515372920119204,22.162588792423044
1.503046127387599,18.78706199460916
0.8630824766232564,16.310892172961147
2.052393808188798,32.17088055797734
0.9687008174861349,11.83706392417826
2.261740194492421,20.288105585063576
0.07718497320015505,9.607843137254896
1.390980995144477,17.465388711395093
1.6483135385742398,8.138639281129656
2.6436628684420116,46.23647229849782
0.5989939067993553,14.614714303498076
0.8907003160631604,12.121212121212118
2.2134155292344415,25.049270792274342
2.400826465738132,35.91979075850044
0.21217735483111028,9.17647058823529
0.7304170909730379,21.45880820579616
0.8256295476073011,14.985543163981824
1.362643820448642,22.73646209386282
1.847109586982184,31.287083523505245
2.4105530603118126,14.424655803966154
1.0111741507968925,12.616290108221001
1.9422972898595483,25.620915032679733
0.35271302377853614,4.207616707616701
1.5234471879996465,21.97392923649906
1.321131982076956,19.847605224963722
1.6254511986376439,15.732080865836217
1.8049037898288773,34.9041349041349
2.140227682617576,17.584811702458758
0.90545115440682,15.920467185761964
1.5011969887923968,7.192174913693904
1.1213678773850875,14.428887251289616
1.9560352107174457,39.35839331733759
1.691817911526011,10.969170499063196
2.1151271538755965,16.554621848739494
2.3960506297158597,29.15892585711873
2.280295156123408,27.849002849002858
1.9544757336279992,29.48717948717949
1.8714393170018118,22.9163130198608
1.157875558026226,26.268656716417908
1.1084068366908204,13.298388662395645
0.44628091505180073,13.28816111424807
1.6605184122167747,6.666666666666664
1.058197077784481,14.791282366605174
0.8778790389535058,4.886399004046055
0.6885885518118335,18.259803921568633
1.1733610971482376,24.416342412451364
0.6950252565385429,15.519052621526122
0.70048528803712,9.844074844074846
1.5630270630770688,25.72005619950825
1.4521451355588946,16.80357142857143
0.7615024285481202,17.444540478248342
2.1544013127510513,26.020799124247397
1.6329234777011032,29.38526762056174
1.7137475704363367,17.51152073732719
1.280260607425975,13.975353719762658
2.322682475830361,21.326530612244895
2.0916982838835576,29.214136247384324
1.8093569115966661,25.746569814366424
1.5403696542408691,20.43103448275862
2.0007411682516727,27.373737373737377
2.31049918177244,32.97805642633229
1.3540030728188395,14.177978883861243
2.1357449462496056,31.254612546125458
0.9465524195064676,36.27450980392158
2.51481969970388,34.27658603377452
1.8470295379596067,24.50980392156862
2.3102940968298102,27.916524119055772
3.2659815326746884,47.65943012211668
2.3858405616615146,38.85733757383007
1.1274490260221517,16.559673183542458
2.513332651311213,33.26330532212884
0.9068983777637016,15.128644939965696
1.0317419644908923,17.801932367149753
1.0880205527090634,21.06854838709677
2.0023088750884375,24.276729559748425
0.5588510426668456,6.093283097310646
1.6684712331120188,19.602451288497797
2.3839694957008177,40.45183290707587
1.451538046879524,16.28716002530045
0.9293911593616078,5.742811501597444
1.0889158944933939,12.594129399108645
1.713184620471612,25.65651260504201
0.5591297593339275,7.87615974183138
1.5955250096451619,15.18960821286403
1.2053155250259355,18.562091503267972
1.18309378282395,12.901069518716575
2.1274792056584433,24.386724386724396
0.4571371515564728,9.472710453283995
1.910396365176067,29.48717948717949
1.8531620289588357,25.81453634085213
1.0522238132838773,13.848039215686285
1.2824476515313998,14.562718640679655
2.09270563776125,27.22326286682722
2.237748116021402,36.961160904822876
1.396791879777065,19.071199143468952
1.662034000492746,28.098242451554754
0.7771013047590605,11.066666666666649
1.6423820433677365,25.602240896358545
1.8877401738691852,28.850050658561294
0.9318043084613998,17.619843207813894
0.8673559758083735,21.494700120756754
1.747728663420724,9.388528138528137
1.5531439053058864,24.38816163915766
0.6894058018249822,13.92706872370266
1.6523373834897894,27.55102040816326
2.0727792212299883,34.41558441558441
1.681491149559643,18.187830687830683
1.2734858842934362,22.57611241217799
1.2941573232196348,13.529411764705884
0.7834162393886483,14.32807998644298
1.4552920191830792,11.035516605166052
1.4037651035424976,12.4031007751938
2.014197160828856,36.531986531986526
1.8652867735815084,28.117192823075186
1.4280886246469693,21.623253406934623
0.8460687109965357,4.795088767214196
2.0445055148631446,31.851063829787222
1.4552407714456896,8.297720797720793
0.7686704205036378,14.551820728291318
2.1130623175293466,28.23901712583767
0.39390338665786423,5.57960557960557
1.8913623699083884,12.413512413512414
0.8868968604085958,12.747273955418308
1.9530494634493645,19.02311128374442
1.8725687114279086,21.343283582089548
1.7963507981705957,23.942246184775662
1.2112848454996243,18.113695090439272
1.9761257032862756,24.194756554307112
1.6105286336994407,28.18406641936054
1.2709469762170675,25.248158821645845
1.2306614295870846,19.4765672550213
1.7440910660962283,21.094771241830067
0.9659235414256382,19.129943502824858
2.491780611237911,40.810810810810814
1.5615708481772825,19.727891156462576
2.1113313814125343,22.692307692307686
2.539291795448154,38.128518734226354
1.7819402216276343,37.88641265276779
1.6101990724237216,20.182291666666657
1.1060741614821485,10.725518976724679
2.2285159571448077,38.93846153846155
0.35989260105694565,3.085824493731927
1.4858926609086147,15.841232227488149
0.9596343191424358,21.979974160206716
1.9735387209979687,27.923076923076934
1.6686128125543325,22.700911350455684
2.5214783263926046,20.919737831739553
0.6939170692641371,17.556669572798604
1.6547636412253013,23.721340388007057
-0.5991489381743575,-3.835860838537023
1.7201595567721668,26.736542902824652
1.5471991627107906,29.03161662358322
0.5135730685869613,-4.625
2.090761719366722,22.851681957186543
1.6007051956671694,16.07672188317349
2.652220482602192,28.90279823269514
3.4495760527815698,57.83926218708827
2.108538798562452,31.570512820512818
1.0418352193603289,6.058230683090706
1.6387632133745864,19.0717299578059
1.962596831017767,41.68533034714445
1.0075287701860152,20.414201183431956
0.7992178293036999,8.9920424403183
1.0700759814447371,17.24085365853658
1.2281678433605197,18.785121755418785
1.650437942349336,21.666666666666657
1.2213121935117772,16.89948375341634
2.573545918795567,33.83512544802866
1.4152366100037597,21.770223832079502
1.4890616822694254,23.12681912681912
2.3310234154211833,34.31023655013606
0.9813862144758901,16.997075073123177
1.8210569096562952,15.405122345996382
2.358835070882977,41.5151515151515
0.7010987721389066,11.458333333333343
0.5010746677854042,19.21487603305785
1.9131456911996423,9.411764705882355
1.367520770318213,24.210200289077008
1.229102499738076,17.559523809523796
1.9614116043962775,18.86446886446886
2.640047733309393,35.94491927825261
1.8456742260637315,23.306451612903217
1.807148041949102,17.10942441492727
1.773953007054029,24.588235294117652
0.7031657193191622,17.937944408532644
2.2123418435548023,30.31532362161164
1.4284868909492807,22.97142857142856
2.156520384051995,37.374886260236586
1.2010603717456179,17.125616182219957
0.1700103128478003,10.92916984006093
1.2390999771461262,23.422222222222217
2.0541919488008253,31.330614044758022
2.1437830813138485,30.830039525691703
1.055908066762316,17.287814129919397
1.1488433333196004,18.60803727431567
0.9881679917725064,12.745320906266578
0.859996499579768,12.875417130144605
2.584691109387979,39.886473764363835
1.607138478223979,15.942906574394463
0.19384100760817918,2.8587443946188387
1.0538136699296423,2.6364193746167928
1.794565827024114,11.68981481481481
0.9312912876128479,27.838427947598255
2.5354917335124245,25.659630606860155
1.4640258649481392,10.537790697674424
1.3982749750038248,16.180981595092028
2.1695613197876704,25.38057742782152
0.3579847170458263,15.487528344671198
0.6581802806099029,17.216981132075468
1.5097380053438774,22.1826809015421
2.008120351261581,14.565148136349151
1.6322612909606162,21.848739495798306
0.7767349627329505,12.162162162162161
1.4726671874048682,3.555555555555557
0.7530927601755006,10.286014169509315
1.542044119601788,24.59902685168499
2.5454711376262877,37.68436578171091
1.1511728935389336,5.623844229304893
2.102817639792231,32.69865448083271
1.6072936339013775,16.596889952153113
2.1587939058817107,25.161290322580648
1.3460831059179372,25.048923679060664
1.8625339016290374,29.830322933771207
1.673056378184671,24.80286738351254
2.2331533329268116,23.89119889119889
2.2763762747389165,22.528735632183903
1.1982490065080298,18.92230576441102
0.6615956704002761,14.432989690721634
2.5554513255588853,32.19178082191781
1.681973174313069,27.162977867203217
1.1091539557948786,10.562442372707721
1.2201322049881809,15.55555555555555
1.5929729829273334,23.244774519562064
1.8428532900707981,23.567639257294424
0.9748206265387939,10.828402366863905
2.1753046408821635,43.533886583679106
2.303129097451551,24.11557434813249
0.8291211005596428,15.998641304347828
2.4155996501697903,19.597457627118644
1.3852928015317616,16.808755760368662
2.6993443425959334,33.335722990895405
0.8704086518640866,20.54026503567787
2.610097551582956,34.452736318407965
2.0731623796004954,27.922561429635138
1.019443841099418,23.666666666666664
0.5541818624782493,14.842646114322406
1.9903864548442534,30.817977966266945
2.318190189983386,23.1159420289855
1.718182143408277,26.383329408994577
1.319614886094106,14.732260617251399
1.384228636322181,25.506535947712415
0.96564911370501,11.601796407185624
1.553150853741276,14.269655027049808
1.1212941821467963,15.04237288135593
1.6265156254422357,20.253623188405797
1.3533141800065844,22.166521360069737
0.7605348252718664,21.562313655336908
2.569701246954618,37.03081232492997
1.9247603212413722,8.014440433213004
0.6203568813188857,12.217878087791007
1.5803211814424833,6.3048683160414996
1.5377089576859362,28.165623495426097
1.2047259113279023,10.018776824034333
2.356778802582548,38.0830731384237
1.624206053511622,7.945205479452056
1.746532085831058,16.868656264202407
1.5509814610705779,27.669297881179887
1.048855059084179,17.797943133696315
1.368535036840152,20.918367346938773
1.3010967345982019,17.997198879551824
1.7240457491608834,23.0599647266314
1.929752517486177,34.01177675371224
2.0963662747625844,39.04010161495191
0.9598646025496742,19.984286836654533
1.6543404158304549,12.170790103750996
2.2668509929410314,33.42785843920145
1.71691177550271,21.879699248120303
2.317585104486207,36.21613347619777
1.955230491627821,18.600981767180933
1.3825277069066613,24.786096256684495
2.0983804443793135,36.99106908326767
0.9901292336545346,17.061894920047862
1.979019823357567,22.132587859424916
0.33440788107427916,4.706607748432845
1.1005782021795882,25.458570524984182
2.3515549089389087,33.091804941670894
2.853686117211022,41.159274193548384
1.69212972324945,16.666666666666657
1.4951992746915002,22.166521360069744
2.144946286026277,24.78678038379531
2.4763269022406833,24.33016941006848
1.3680495666675128,20.41641398827573
1.7886794897975251,29.013056835637478
1.7815970340116078,19.90963855421687
1.772647288062696,28.006546644844512
2.0370734492168894,44.51127819548872
1.5942223031599343,18.137254901960773
2.3967071723734663,38.75818578704827
1.2177509674444311,21.212121212121218
0.06961206986640661,4.387898216790219
0.18335326280293268,9.25387596899224
1.5350652087496983,14.575471698113205
1.7124033309598963,20.052552552552548
0.7036962392761106,11.053054662379424
1.7338644151900975,23.03107289427399
1.391730747633999,18.80818439786927
3.019928965170222,39.08507223113964
1.9505048551614603,19.385964912280706
0.5779947985961659,8.932461873638346
2.5168365557961123,38.23810662204159
1.4792225012929512,10.679513184584167
3.0631631993340496,46.17516629711751
1.5400766771936212,11.681937172774873
0.9762853410263529,17.92009400705053
0.2240331817031571,10.522573764664067
1.5299316415095947,18.04330392943063
1.1750066576172182,21.530826493605645
1.3712804530263687,11.339285714285715
2.251922086752778,50.24843724955922
2.1190139236428056,19.776328052190124
1.870617154339052,32.720425343376164
1.398743317600037,22.50312891113893
2.122841276547457,35.1113172541744
0.29813670066886233,18.021091811414387
1.842543180101987,32.2559091288733
1.8611558571985427,22.16417910447761
2.1720448498872833,32.881919695889756
2.2311852030576,28.496376811594196
0.9146415194939056,1.2800417972831823
2.674667672398382,39.52609256868892
1.364066371110292,13.740535083291263
1.703921332722977,24.665775401069517
3.241552395065094,47.88280432507847
1.6854548505168307,23.17919075144509
1.0254509783361219,23.549549549549553
1.891156312637521,16.47489539748954
1.1699849663648934,15.086705202312139
1.8631908376863227,36.3707879900354
0.329820225774929,14.276082926007078
1.8173957099838496,14.789915966386552
0.9734505164424452,1.2391193036354338
1.4407999587774696,17.24289224289224
0.9759170256209913,13.406156901688185
1.3536783809084998,27.85509619320508
0.6443262767614737,11.493945868945865
2.1108638495065266,30.554447546868765
-0.3630988580356912,6.663924310983134
1.298639265983784,9.51767025633248
0.924397768481235,16.56184486373165
2.006951558324075,23.80355276907001
1.4543518650217886,3.0
1.009710734103713,7.1413230240549765
1.9495962232589976,25.432525951557103
1.8813835226533864,22.1242774566474
1.1210270887035338,14.300736067297578
0.937745560707981,13.778896772716877
2.203156202653398,38.4
1.2354294010880018,20.085106382978722
1.939432451247584,32.12274774774775
2.435495271307936,39.30615164520743
2.0388073095389676,22.820455057445372
1.5222359643563337,24.672785993540714
2.257717672226552,35.71043262487862
2.2043408745216935,31.76835951772013
1.8981125365507987,28.160469667318978
1.0352370141299558,19.28876244665718
1.945710462029068,23.779042200094835
1.78437681097305,5.0
1.6670031966734964,15.948275862068968
2.269861615692459,33.60294117647058
1.161375114623262,4.118852459016395
2.3975378382242116,32.36891828058573
2.291290228915302,34.37606256375382
1.3418398700401042,18.217054263565892
2.352310041052077,42.50976017847183
2.593702655911477,21.764442454097626
1.9149514494268773,19.32773109243697
1.436684907118957,16.789257612042427
1.7314988523729231,14.082801145122218
1.9226619677303372,23.219814241486077
1.8278867210272607,9.904761904761905
1.7095907545228481,30.328719723183383
2.577733495796498,32.974478656929904
0.8119473193614403,21.05263157894737
0.4278899547445849,6.4582476347182265
2.25499220624366,15.9375
1.8222473197869933,28.846153846153847
2.253513229754285,30.473793631688366
1.5425998982757223,21.36627906976743
2.14355023999042,21.537267080745345
2.0464679931998186,11.376633986928105
1.6368935850002888,18.76651087177403
2.5432690752178373,34.53312754933304
1.0677103625108155,14.069264069264058
2.0159323801690188,23.83048981838195
1.2655223325092553,12.409420289855085
1.8562839601517098,27.209818514166336
1.2243681233972412,18.900910410344366
1.545759482720405,25.270403146509352
1.217740882891033,15.947242206235003
2.8690299280352844,43.87096774193549
2.1056660557193325,22.3506289308176
2.419748773875407,32.25447978885956
0.9341449230517821,13.373655913978489
1.3282912317541797,7.64119601328904
2.821154653351778,44.49685534591194
1.5756550252771142,17.42160278745645
1.8716454098567423,27.74491415380176
0.9614014663998495,16.695906432748536
0.5817559028695917,14.24245384389959
2.8805082194667984,41.52064152064152
0.9821408565093918,13.096695226438186
1.7574919028962186,28.57142857142857
1.4001730960061114,13.909030982201706
0.9572036163316618,20.07336757153338
2.106569430089768,21.313495906329784
2.1838719459670433,22.35695339143615
1.5196946054041451,16.631926350529795
1.829188130354366,27.497630331753555
1.2319296594961098,8.448379351740698
1.4079927735877698,24.206447357572756
1.2682284415487781,18.19603753910323
1.1824694246477236,5.942588551284203
2.1905881351591594,22.78455284552846
0.5718509316054052,4.74885844748858
1.9889752105766285,36.951127413960506
1.7742799010859283,32.898259705488634
2.455031989499437,27.491638795986624
2.26306877829176,20.972644376899694
0.8633819997461465,13.671274961597533
1.0454686894614762,20.024752475247524
1.790877368003438,40.79003864319451
1.272575258107966,28.28218243819267
2.5532955844790717,34.33850074325758
1.408378561905582,10.438465371200799
1.5893004936849149,20.473186119873823
1.1201929720656534,8.092948717948723
1.129697801639653,19.639639639639633
1.1904132336297444,11.903114186851212
1.5582701360128026,19.181773640372363
0.9925734030749175,11.979166666666657
1.2871636852661879,19.517066085693543
1.8846054298634611,25.13850415512465
1.513987341752023,24.365079365079353
1.4907731871798555,8.523965141612194
1.4834212875208133,20.301204819277103
2.979330565530727,45.757898473553425
2.4108677178375926,12.380028038391032
1.9971308514311348,16.98186528497409
1.4367070919318863,15.04601226993865
2.622133436653318,22.60165463826791
1.6135509896009201,17.018131651556956
1.6037485612805586,28.949652777777786
1.1933768577815704,25.52199258081611
2.0204322184818677,12.750348470398364
2.4378588039989078,23.928944618599786
1.364411972929843,25.180598555211546
0.9056704454956357,9.095670391061446
2.219271652974462,30.83101306489612
0.6360437945919684,14.276940520621714
0.8684980597331868,19.220629428241892
1.8491820537702464,23.968019466411754
1.7399784791103894,38.197146562905324
1.0762415586490586,22.983957219251337
2.3393863200416147,29.014598540145982
0.42270264811464475,8.129084967320267
1.6702104808398452,26.327838827838825
1.098451017745243,2.5313283208019968
1.1652575072278477,17.257494585660545
1.2725745712912624,17.854406130268195
2.512575518485079,39.74358974358975
0.7490226041535494,11.872146118721453
0.7844437884457941,5.332446808510639
1.143138133000352,4.329004329004327
1.160933273968572,9.062634062634068
1.3860293046886487,11.9724025974026
1.616042477228252,16.200113485908844
1.7744468264573574,6.438289601554914
0.7558005523098017,17.588652482269495
1.508097884804496,17.395833333333343
1.9913912448554874,27.190533173780082
2.4180136247173047,20.689655172413786
2.5871142604832538,29.045045045045036
1.2258072418110286,14.032711740806334
1.6045029361384189,29.056603773584904
1.1161766290280517,5.301497369486029
2.2694108711641414,31.937602627257796
1.4360514898604855,20.57377049180328
0.6278241398554859,22.4520982720113
2.296767116638344,44.44444444444444
1.5229918860561564,14.549298481645202
1.9374707324609632,10.779220779220779
0.5511815557698025,10.85820895522388
1.6541724883446824,36.49408793479509
1.266403340096561,23.76460017969452
1.7045055370869975,11.216931216931215
1.141030800716531,20.545454545454547
1.8370636694815028,22.00624783061437
2.431404051063499,24.689826302729514
2.131733678795882,24.794745484400657
0.5143541376309522,10.746088008991094
1.0718396882645094,11.797907488986787
0.8742099345655012,22.874008485519276
0.6761281823376253,8.035714285714292
2.720771277789075,42.678812415654534
2.2094660333729736,29.31661442006269
2.3360864903500502,23.632188498402556
1.7324046582594792,33.092948717948715
1.908225860013087,5.13463324048282
1.3276670605660048,9.378881987577635
0.8982060967727645,19.165419491152385
2.0586478812320705,27.133255406195204
1.12952074953038,16.96787148594376
0.3556075587914695,3.2727272727272734
2.654354624960901,44.79052706094343
0.6526145289163541,17.27047146401985
0.4738090988535856,2.3113207547169665
0.8765653759746493,9.146887595163456
1.0084826767054353,20.08502212904729
-0.019896160969271118,7.389558232931726
0.9275914701955336,12.326345036625419
2.2740985953926494,30.7032776210115
1.8197448008253398,28.07486631016043
2.4451293640993246,27.280405405405403
1.595396887020656,13.378136200716845
0.7666954143131635,15.39821648216482
0.5484206454100728,18.354609929078016
2.5574684188932792,34.78478478478478
1.259257609307849,6.146485093853521
1.2841374465701612,22.934904601571276
2.0404523800360144,11.962365591397848
1.6272326085243578,26.070681492898814
1.4646999988312397,8.944037308461027
1.3178899842399174,25.34108937070333
1.587072871687091,21.803278688524593
1.5808729004637714,20.191570881226056
1.3262501972522218,18.57697911607577
2.60675571505772,42.278911564625844
1.1893816154806023,1.8487394957983128
0.9254465816116308,18.593189964157702
1.078472330683923,9.375911344415279
1.6673078437625692,18.10667699857936
1.5129218829616207,23.517023517023524
1.7009088948706803,17.31266149870801
1.5263939426136888,22.275571075221876
1.9826582400105832,30.263736263736263
1.9561048275707016,17.688036345280167
2.4747023540168143,32.26218344328581
1.4819879325511662,8.410200759631039
0.8231416061549367,12.369290038525037
1.5025355344168125,13.298153034300796
1.2276099824120943,21.77843900205996
2.5139889151127397,42.33230926779314
2.0207047177196635,28.16599732262383
1.5477214555000178,8.305647840531563
2.2169555682023594,29.026625927542554
1.8311692049067338,18.604651162790702
1.919434220079118,32.240682532555006
1.2374056125636683,14.927536231884055
2.0193328362748595,32.678668848881614
0.8841225938918387,4.4635627530364275
1.2070255684793434,25.777253049980324
2.8121141988189775,37.52731454859114
1.5751469384093695,30.11626055104317
0.883156481650702,21.704860604291333
1.0873509387239284,9.787612471228293
0.8665107733468661,18.858858858858866
0.5785311921139458,10.416666666666664
1.2011635023783631,13.414396887159533
1.0550244821110168,5.659509202453982
2.5223815767803233,24.555652680652678
1.2755092314418355,12.474367737525633
0.9165990740084498,19.65010141987829
1.8820222741785393,2.6162790697674367
2.2738495603517075,26.01851851851852
2.1647092952793905,12.80837636259323
1.3662946912940919,9.135765550239242
2.240853225646625,38.94862604540024
1.2205968043804396,29.008863819500405
0.6494927283354311,12.755047537656232
1.6359473491029963,17.07903780068728
1.8786519983690613,21.14556416881998
2.2180630458782864,28.015075376884425
1.7218671875470961,20.583333333333343
0.8014054682172564,8.265908593920848
2.103995961755908,20.725806451612904
2.0962529463923967,29.333500690347684
1.23359933221179,22.67539442766028
1.8532548996385756,29.30485070223061
1.7128259154689296,17.567567567567565
1.849193742258514,27.620751341681583
0.9418518377779286,16.315499724738494
1.8440396328357165,13.625214618592096
0.5529225570526595,16.51756285902627
1.2926509071984653,11.886304909560721
1.8657577297839971,30.558608058608066
1.1814605881286557,6.032269893656036
0.9872858563367093,17.844767844767837
1.716789107126883,22.616222253245844
1.535425639170647,12.896405919661738
1.009126216507326,12.878787878787882
1.8105626554649161,13.956310679611647
0.6105457458077612,10.833333333333329
0.9603283747136414,11.513342041425645
1.4520183664413358,12.962962962962962
0.7033501769158521,15.77079107505071
2.4354210662138893,31.422222222222217
1.5706431995876728,5.518308406395043
1.473582683851115,21.91811303960837
0.970467562084879,21.384615384615387
0.7250766237905091,13.919067863328614
1.9919437565964133,30.925185608223877
1.6536327948301652,9.011857707509876
0.8333396429133653,15.325159914712152
2.016411952131652,19.34049079754601
2.150372693467728,28.898506212480804
2.0116156232148064,22.010567296996655
1.612471548030879,21.833786895541138
1.5772613247560736,14.785478547854787
1.2012170176262496,14.933523266856604
0.9954130063870257,8.507462686567159
1.7762700765552013,29.37528709232889
0.6983558037574444,17.660550458715598
0.8887862772924222,21.76100628930817
0.138980011979334,13.988179003658878
0.9545929249665687,3.694581280788178
2.36931946860993,18.000000000000007
1.0235058491616251,11.910235358511223
2.1296679390095097,36.96145124716554
1.2642737431665052,8.499743983614948
1.5746728033511461,8.00609541671551
0.38720399075886297,10.906298003072187
1.070472286476419,12.622921509029148
2.068426889124489,45.68181818181818
0.32997976480862534,1.547619047619044
1.1209177653126747,18.401206636500753
1.6949621178909613,20.21164021164021
1.9174770381104609,26.552706552706553
1.4325523074128763,24.404223227752624
0.98080082056964,5.234460196292254
1.8901296941350083,37.664751605272045
0.21251105128268252,8.538973756365053
1.5412416240228453,26.01170160897123
1.9372261453951196,39.582033686837185
2.309735956608111,26.6
1.8193635294882269,22.217465753424662
2.9641136642843064,37.802392556490915
1.562500339591922,26.7841614006609
1.70875880871156,28.214486243683325
0.9125207289752543,8.50299401197605
1.7470914466937317,30.295566502463053
2.1853494277548218,37.49398749398749
1.1525352193905032,13.676814988290396
2.47189910860088,23.850683890577507
1.9561895918812149,20.955373978629787
1.8357562940340701,16.406249999999993
1.5206004015101802,17.71269177126917
1.6474320025865121,10.398438551622021
1.4400579839492633,16.94076038903625
1.2591128504551232,10.769230769230766
2.0067944821476993,36.44796380090498
2.0219965050607787,24.999999999999986
0.9597433758077762,17.9225352112676
1.6729083688036748,15.792838874680307
2.5057681880677336,25.038149301104802
1.9782785225806843,11.42857142857143
1.0887246921782174,9.465223097112869
2.7231615065757304,43.16168327796234
0.9674666068363886,8.77918735061592
1.7464861556747553,22.097378277153553
0.8477688643668955,12.323974459896789
1.2288773819036707,13.078703703703702
1.3898940536412643,10.308972073677957
0.5106326817849363,12.563427927081378
1.4083961110956191,14.777070063694268
1.3196471623381625,26.232790988735914
1.2833475254955091,27.300242130750604
2.1542152664717733,27.76518315236845
0.6093841484072806,10.842858668945624
1.462340503966073,24.688149688149686
1.9998062535035952,27.247014456316784
2.5570370846745583,29.42942942942942
2.5850659365115347,41.36646906824746
1.464318852581346,24.163449163449158
2.3135435801041626,27.523219814241486
1.9773944128584926,27.51831501831503
2.400446776343558,14.132231404958674
1.8182887443239117,16.040100250626573
1.4781343639078075,17.390267175572518
1.3620253504662627,12.942477876106196
2.280576400821078,17.42263671047054
2.2257706423767325,16.268544128740253
0.471944335710483,-0.8870774394629564
2.289787164103486,23.204068658614126
1.158848193055341,15.895308011490584
1.0160791987871503,7.548741876353951
0.9942544811672855,24.661406969099282
0.8545158437447749,6.774193548387103
2.413907865951529,29.829351535836174
1.6820457902882795,29.32106653036886
2.05721193862508,32.50305250305251
2.2442207218929218,32.68817204301075
2.043507140777062,9.875222816399287
0.8011928762100056,12.40680335507922
2.4070252223384054,28.298722044728436
1.406468997440785,17.735708058288715
1.9783784043449157,18.370242427980997
1.146422311392193,7.241644256626969
0.635956016311604,15.925394548063124
1.6773241930870957,31.964809384164226
2.1399260090722736,15.736377025036816
1.213765720134667,20.57960381511372
1.5624506412833812,4.758064516129032
2.3569744473696836,27.044609665427508
1.480259849383246,21.443736730360925
1.40889216341185,23.40659340659341
1.6779275389664559,11.875
1.0514155305759056,15.254945667316804
2.387821671480817,21.757703081232492
1.3889252541306738,17.166666666666657
1.8501534355383868,18.28534031413612
1.4318721305664612,18.87545033453423
1.2662101847637524,19.838187702265365
2.0864393806129153,22.575280112044815
1.8205974112147258,30.246490927764462
1.1950289742516247,8.736929003852502
1.314028325621698,20.59585492227979
1.7746028629448334,22.629280938736528
0.6911883195233883,21.257796257796258
2.0578352849174486,13.079615048118988
1.3276518658696612,18.206521739130444
1.446992243126246,6.060606060606062
1.7971983053723117,25.628862118469506
2.0026625289300757,15.515873015873012
1.8166242289363561,23.541076487252127
1.231002527695643,29.443561208267084
1.2786954401484496,13.68186874304783
1.4787104420277977,-1.6782407407407476
1.851780227093823,16.568322981366464
2.313322461943845,41.481348637015785
1.9449288089896262,27.153581880646392
1.864978408475663,19.09141583054626
2.288994646636897,27.405278842060447
2.1043778095953933,34.50292397660819
0.5216202615510028,-0.6713457430576852
2.504038931745357,39.608200455580864
1.3846576640980452,24.648469809760137
0.8714181894048563,12.091503267973863
1.31199931927132,24.163449163449158
1.1946528172024955,17.738095238095234
1.911084240815814,26.069537845185287
2.206227567042243,15.620587857784628
2.2376220404503977,20.777429467084637
2.7207687239390586,38.12229437229436
2.266408302787887,24.206349206349195
1.8388790727759936,30.723928603787257
0.6129650926100729,2.2804054054054035
0.9675794057000674,15.692574902301331
2.23133472485752,35.54099114637231
1.3552308295659392,16.730769230769234
2.187657979946529,21.591674777270335
0.8936450124051405,9.809322033898304
1.6180967929793648,17.818823848974603
1.3067858211512087,16.11721611721611
1.9282455155133975,28.366782006920417
1.0904854197345761,10.987903225806448
1.3369105770391378,17.857694088593917
0.5523614739805857,13.104838709677416
2.027751076010083,26.101010101010104
1.62196633620127,18.021011044266857
1.529282226249567,15.882053889171324
2.0573440916135652,31.840120663650083
1.113846050576349,17.996031746031747
0.7020333669126657,20.517676767676754
1.081730926007074,2.5
1.545740484844615,21.071428571428577
2.1624056214754415,27.80748663101604
1.6936813015342822,19.274916013437853
1.10517774965625,27.94486215538847
3.0500892412850553,33.888888888888886
0.6015033131837214,17.84207353827607
0.661440567385893,13.30956625074272
0.9417553646586069,13.672316384180789
0.8769603874507059,18.714121699196333
2.52285179693684,31.57314799118494
1.9009493537417284,34.257781324820435
1.2420864205525828,12.768817204301072
1.5788835774081844,26.9816524763161
1.9151619297601574,7.84563189143342
2.2920076533740392,26.366120218579233
1.5962438787107602,10.31897926634769
0.9896404627282032,22.8968253968254
2.794203468325509,36.24615384615385
1.7916972986770192,20.643231114435302
1.3370904808109407,13.007518796992478
2.605294434222806,24.119928400954656
0.9896639667119234,15.220074043603447
2.507491707709315,34.15719228868017
1.3684301654250564,12.62175324675325
1.203485393397226,24.831846259437192
1.357421074235153,19.846491228070185
0.9978973431149949,16.81404907211359
1.6377562566487938,27.201591511936343
2.363355284417766,27.33388704318937
0.7871755641987132,14.177978883861222
0.37229980593813405,17.95665634674922
1.5926008119891824,35.33834586466166
1.3417891135571742,20.998071359691423
1.7808081134106757,31.791143423661588
1.3284885553400407,20.023964851551057
1.5692925590103382,26.25524032368139
1.0627991772467438,14.469414733806026
2.8565009395355725,48.37057728119179
1.8959184544198338,24.824724567176993
1.5080855898127918,16.754559437486257
1.8555245835529637,19.04535900739033
1.2157559627349062,18.888888888888886
0.5411473777913693,2.6841448189762858
1.4637896040020881,19.41941941941942
0.6928423848079823,6.412698412698411
1.2419595615525074,18.4718023558845
1.1633801904767225,22.837022132796783
2.3009698915586814,29.697567389875083
1.7606390918173147,20.123716767570407
1.6123150851208101,29.26672384219554
2.0203422729039593,25.666666666666664
2.4263772802849752,30.501089324618732
1.660305499404239,8.730158730158728
1.1023859979062645,16.619526503247428
2.6124168314636957,31.91901578998354
0.6473590156754292,20.48984468339306
2.305183516221051,37.36596736596737
1.7892192645724743,18.750000000000007
1.0405731976445562,16.08742004264392
0.5530456439994055,14.881827434128688
2.6205504144937763,36.83648022800142
1.75689214288792,32.051282051282044
1.5903290214516455,32.84950343773873
2.035624021414947,33.89447432000624
1.6106285017243653,10.349206349206348
1.7224841029235147,9.191176470588239
1.5888605623690468,19.361179361179367
1.506449918670756,35.946420729029434
1.4544165878016957,25.425719318849097
1.3920870273586123,23.25
2.1333302884739864,28.382958121520204
1.8336014420545332,21.525679758308158
2.933991997679479,38.34586466165413
0.22713802321619905,8.835437008811617
2.1189034524502763,32.417582417582416
1.4869828865631172,22.34169653524492
1.6082430099505491,19.217687074829918
0.5397380300749455,10.836834733893554
1.2786333473422524,16.413043478260867
1.8755414509906176,29.73856209150327
1.450824822271494,27.57774140752865
1.7219837879969961,19.22919898750714
1.4048586905233647,24.43714821763602
1.1188468346625726,16.317016317016304
1.2571592538302776,14.431036202253907
0.5808710098360015,15.125448028673837
2.183541152594748,24.619553887846585
0.6215816177848816,15.706422018348626
1.391130166691379,22.3731884057971
2.1980831001054395,18.799739073711677
1.2449205184776133,8.679245283018865
0.365702398135638,4.009504009504013
0.5261364751926945,9.957798329891354
2.262191849455155,15.537607269056025
1.2687784051407527,13.744588744588732
0.5067085274299186,8.770693906305034
1.5029877655123287,14.954022988505741
1.5789997118576207,24.19790611279972
2.3334844031042308,26.526526526526524
1.5875201589485806,11.671732522796354
1.810856726036626,29.311740890688263
1.7662876864378136,21.358940782773168
0.9756458237509367,15.483234714003942
1.3047008368710893,9.50819672131147
2.2589373160635837,30.01700680272109
1.526185026936565,36.6
0.821703155043244,18.214285714285715
0.8870831094876004,13.968579234972673
0.973732225831246,6.866383881230121
1.0239859097800137,14.600916325054257
2.6261798413904414,47.5609756097561
1.3925159342366025,28.435188789412223
1.9080501212533891,29.66873706004141
2.2981294193605115,17.206505398387314
0.37507093306939915,11.463046757164406
2.108537500602444,12.475633528265107
1.8339612060528294,29.891076665270212
1.9470026531523061,24.86631016042781
1.2159661773192907,14.899789029535874
1.5264603472138227,6.969696969696969
2.475668121749928,42.90083005679335
0.311219741756313,7.15066695823311
1.3084673253867347,12.095808383233532
1.3827370729878194,15.506607929515418
2.336553568247251,27.046380962873187
1.3815897216026558,21.577968858935627
1.3266536316965996,27.990221756591573
2.2015549948526445,39.70408412814869
0.8262626788185536,21.014072247207316
1.0398368412571959,18.112397088652912
2.5364511768677387,19.627808988764038
2.529608355658916,41.577449518905
2.0714448270528485,22.545008183306038
2.2961783853610593,37.07735062528948
1.8016278127410565,28.704442670923115
2.156665985314566,37.35404274069178
1.452120848806592,19.854139854139852
1.7457691607144554,27.833395130391786
2.414025487891932,26.5113427345187
2.1158095722093666,19.234102480771313
1.7910627453037606,25.865051903114193
1.2230909615729242,8.204225352112665
2.311216437808782,31.633986928104576
1.8740712862494946,19.149194037086417
0.981189054720374,18.373424971363114
2.876317599053639,39.28571428571429
0.6989921599750091,8.282828282828277
2.2611377769072756,36.60377358490566
1.3890013400824597,22.79761904761905
0.6361992385342942,-6.038361354487321
1.362990482384332,14.207317073170735
2.1983592386470843,22.069597069597066
1.5079608431633,17.64705882352942
1.9449502748715959,21.65238678090575
0.8239133929486746,4.400749063670418
1.365790702575342,19.147157190635454
1.5756211894541239,26.215277777777786
0.4809756655863428,4.741379310344826
2.1351066108500754,23.89644254051035
2.627012312311817,29.42857142857143
2.0416042041215516,32.33333333333333
1.8269856165172316,18.893047800208628
1.7010170163763363,8.681318681318679
1.5240274397851805,16.55643268615318
1.254920352448614,24.745269286753995
2.0747640277571358,29.377880184331794
0.6691594313337329,8.206106870229014
2.3668259230280944,41.900691900691896
1.5425396038507706,21.10843802904749
0.9291056744612813,22.29330708661417
1.4158550330898605,26.258701635097943
1.381778022974732,19.1381495564005
1.7448494587455428,23.936696340257164
1.4192945447968766,18.108886984967675
2.609994424660513,26.986754966887418
2.1085337185198023,6.113176373399426
0.5862359611601731,32.016129032258064
1.9193840616618172,31.016381572993033
0.980988844292902,22.545603607296577
1.5957424535912403,27.207792207792203
1.189742614895754,27.924528301886788
1.5144908952078375,22.207666850523985
1.5733134089357779,9.231993633107834
1.1927716071729995,3.5579514824797798
1.2268617129333623,22.35324496470993
2.0911057226682637,29.94842037395229
1.98213893553282,29.392091284674407
1.0046044719082494,11.254633269684376
2.51877217968839,34.98168498168499
1.0292289034357898,19.905025722200243
1.5130856067324245,18.435013262599476
0.4138846915482187,8.477508650519034
1.879475873195211,26.393041587387884
2.1372513448163195,24.03846153846154
1.4842584079209944,18.398576512455513
2.111170314664742,24.764652292742184
0.5081459440322883,6.086956521739133
1.2438749279533539,11.73113506658212
0.4999787176822359,6.277056277056282
1.3016531220987502,25.78397212543554
0.925415542659304,13.725490196078418
0.7058943602108346,5.45454545454546
2.114754458253704,36.26984126984127
1.1397080843000873,17.258222077499184
0.7423533596855408,1.9945292910872965
0.5653533296443137,8.82352941176471
1.9825741852336616,22.14755504718329
0.5591149061413252,12.553802008608322
2.289388195859392,18.83771929824561
2.00484579323394,28.005115089514064
1.6925162121050732,20.270270270270274
1.1203364168835153,6.971514242878563
1.939236126785366,24.436936936936945
1.838090747523845,24.037742899850514
1.9559612480129998,28.226675285498814
1.9421832029629509,9.579455126027582
2.0629647158322433,36.04694625102788
2.541065186522087,37.624953720844125
1.549974623632899,18.44532279314887
1.4649329307322887,16.85254027261461
1.45724146972899,27.988967502098568
0.801653553178898,16.782522343594835
1.6997018570827294,16.61392405063291
2.247177167611388,36.89700130378097
1.6169994844808335,28.686946476703888
0.908157746675363,15.763813651137596
2.0015538710299614,17.127791563275437
1.6692274989954607,13.389746142359385
1.4179559353626758,20.944148936170215
1.7276614198726263,22.217741935483872
1.5802327065926558,27.90606958963957
1.6409578594824055,13.862459352041434
1.9045403708959454,39.60865244974394
2.42174477311636,27.12923728813559
1.0986463168742717,13.887454827052146
1.8165490321812516,23.761052084107284
0.3185283276941846,2.857142857142861
1.4756001462148953,22.97297297297297
1.5260615063388572,24.349083895853425
2.555215437836318,19.277845777233793
2.686322370950458,33.650793650793645
1.8018658716763807,15.371621621621621
0.9616113714587707,3.312122695382598
1.057220740297013,12.7659574468085
2.250373735558217,20.480061943476578
2.690010664957019,31.837606837606828
0.7045613857181122,8.82352941176471
1.531311317363213,28.063241106719367
2.243594738323814,38.50757205666829
1.9332652766249288,26.129426129426143
1.262652753095352,18.311403508771924
2.2479906725721515,27.61904761904762
1.1071853731542052,19.885607874434697
1.926199598306153,24.574567868149543
1.8542910599964453,38.3218451749735
2.437364526972682,31.84397163120569
0.3706608970183552,14.091161756531413
1.0320724214577965,16.455563147106744
1.7539436104939576,24.410672653484156
1.3215637101527324,6.465350367789391
1.7758153879218894,25.911949685534587
2.2269849952001244,26.395173453996982
2.434704242335066,24.823633156966494
2.2706764666823216,21.849929211892388
2.783671946625892,30.58988764044944
1.371565740011085,18.63677130044843
2.2439174537267252,28.603603603603602
1.9170490818658765,22.493224932249312
1.4349785025869193,19.731258840169737
2.294898864412681,33.76712328767123
0.8734479874315926,17.666959027690766
2.0566749894320275,36.43452253791924
1.5808484863945347,30.465949820788524
1.5575972858459015,6.195707715891679
1.9116666204792396,28.503184713375795
2.5345369655163,21.580188679245282
1.7740916173476067,32.916666666666664
1.5015055458649167,8.765816981478089
0.6295303649516111,11.276332094175949
1.1225521962483092,13.10240963855422
2.8119165455280455,46.52981427174976
1.584133189613952,12.084487534626042
0.6876679416128982,7.128152341739565
2.038518996916334,30.017539463793547
1.509920164366354,25.312056737588655
1.6813643264101257,25.11580030880082
1.4240463123612312,17.850654069767444
0.9675962654176721,15.345911949685522
2.2650542929171937,18.495297805642622
2.4884590881592437,22.137745974955273
0.21701496218366342,7.499999999999993
1.9806367183124058,10.40650406504065
1.6316595825500504,15.203180212014132
1.5061697399341791,17.910216718266263
1.500134038151907,26.80355160932298
0.9365643098797067,9.560604313228005
2.993548500850984,46.47711409889061
1.1742838972935463,12.602044860109373
1.4676331609851694,24.950570342205324
1.6869944479226553,16.358447488584474
1.1003758136133017,15.115303983228507
1.6413397589689014,29.473051492686828
1.710843873156531,17.269736842105267
0.8160137747732246,8.291203235591503
2.2830989902897,31.388888888888893
1.851765725045579,23.107149702894382
1.0702519380119244,14.96751624187906
1.590361807332263,14.885290148448043
1.3776494751058073,21.09477124183006
1.1659896005011654,5.952380952380949
1.6672471224622463,32.86324786324786
1.3703660951820202,17.71144278606964
2.087665716654337,27.027027027027025
1.7322386524499496,19.08689591078067
1.6995128448103598,31.82234432234432
0.6645556742045873,14.338790200859172
1.6298438462190639,17.29253112033195
1.0372437928360387,27.215686274509807
1.6671271685381992,21.508480692890657
2.247744614175234,29.519930889793898
2.1228964716977035,34.64476699770818
1.254556048945385,18.068535825545162
1.0221483630211003,40.47116736990154
0.6984891820141059,14.164705882352948
0.9116695649828512,15.402298850574716
0.9632603252543723,6.083142639206713
1.6551118273969332,19.175027870680033
1.8001333097041878,17.733102752558004
1.1676420495043076,18.60712901975979
2.8516136564363945,42.263355510177185
1.2754167283703834,6.093906093906085
1.7068449247987045,25.604278074866308
0.30087178126331027,1.602564102564095
1.2524564057776535,8.648648648648653
1.4618500002142416,11.511344699397519
1.4865716954380357,21.761006289308163
0.010503474890784181,0.682826903379997
2.247177271884828,34.41494591937071
1.9321609671815008,30.867579908675793
0.8441559718931515,13.132537072298192
1.924324152110028,13.294314381270901
2.3416353022748484,26.688311688311686
1.4931041694060796,16.097560975609753
1.6571039675526662,35.17880224041362
1.3368750550987898,20.716845878136205
1.1880496444299007,16.58873855949065
2.359850786614436,44.34650455927052
1.9183735938650461,27.368725589469122
0.5324056754130555,11.176108374384242
2.3708650796773814,38.43240093240094
2.2642199715608484,27.812756638379426
1.040289029950476,17.822277847309145
1.512197610843552,14.0625
1.2324376212446062,16.017316017316013
2.18858663204766,32.01280512204881
0.8471188944430108,20.01162340178226
2.2957604337987894,14.54844006568144
2.1809961883602917,32.01970443349754
1.6501677101990795,13.157894736842103
0.930644907171867,14.784946236559144
2.377452352029358,38.627992633517486
0.9886816431492214,20.24036841514097
1.3402708094408757,17.949246956880543
1.5620938181639124,24.357142857142854
1.4614262422052349,17.567567567567565
2.3883631088847643,27.357970215113063
2.7887824789697757,42.11983887210472
1.1737418120904262,5.710048201705597
0.8154007943262651,8.106060606060609
1.493174087852742,16.29227053140096
1.295509250844106,16.847384114936297
1.031600404294023,26.364502518034577
1.1706291180860642,14.56896551724138
1.7191371932565982,14.058544303797468
1.133806697808481,13.857677902621717
2.705754169989573,36.209150326797385
1.6247251623723085,11.11878453038674
1.2876147293551856,23.630096279567333
1.0839844710690438,3.3492822966507276
2.460739870281693,24.35064935064935
1.5826996601664198,27.552688172043013
1.9589886196390307,31.889651229273873
0.820103670749891,8.533611981887844
1.1754642707775247,20.202734559170203
1.6297966415826253,21.274490401741538
2.351875419087907,25.65963981571967
1.6421521592270363,14.811827956989248
2.2417285300450143,50.416666666666664
1.2631049405816415,35.63899868247694
2.3531732181920835,42.22846441947565
0.8561765091217274,7.193712436430879
1.3379257650719996,20.350257941895187
0.6160241868072065,15.196078431372548
1.5522263260701177,16.486704270749392
1.1745626621741883,1.5647743813682737
1.4074777451412492,12.797485406376289
1.3854137591813416,31.752688172043015
1.1301508759765224,6.7406767267167425
2.1587961800353974,29.057498518079434
1.9361981596552265,19.84585741811175
1.5710558668938266,11.330049261083737
2.5610153443625103,27.366666666666667
1.4784822463220528,24.22872340425532
1.5159654309078947,10.294117647058826
1.8994258101566388,27.237276933245212
1.486676223669563,27.211178334773848
1.7391448695878735,26.923076923076934
2.2048976727127334,39.62745098039216
2.538154772268517,35.13638894043422
1.4602449123747068,19.041843541540338
1.0625279191628865,17.98985328397093
1.5063759129759748,21.49233515976112
0.8608192501743684,8.0005735178149
-0.056524268549920875,3.274139844617096
1.3131773773552768,9.549216027874564
2.0536998610794734,28.685559240277357
2.213852594398592,9.31320931320932
0.8733659914482691,8.19397993311037
0.983711166659764,9.60629921259843
0.84594067776001,13.590513590513588
2.500740397391535,28.369471773808378
1.1298182462035178,18.76082117239674
1.249343892962183,14.772727272727266
0.48051225392819796,17.165435937297573
1.8051899581882598,22.185061315496093
1.4070243850627269,15.063168124392604
1.2538549689155585,17.870196582040897
1.7612227985584386,26.936744847192607
1.4794649686778176,23.588235294117652
1.968515041972781,9.819494584837543
1.7590301555585683,16.880062712307286
1.6744937626230643,24.966402866955356
1.0865722088857255,18.981737686773663
1.993129686566945,27.21947409528768
1.4783970729876237,11.176987263943786
0.8498027169654132,21.011625030917635
1.2694059681230698,20.155038759689916
1.7204050851243649,25.213675213675216
1.4010965030262341,13.409961685823738
0.977270328672132,7.0387129210658586
2.608454515322175,37.3450657583499
1.4387776499187361,12.750455373406197
1.8352150940834135,29.576930373743124
2.2102148954927783,30.93333333333333
-0.05637313762555626,14.756061059563002
1.0348563717896864,8.37718083633343
1.0881908891619592,17.5
1.981177560389253,27.362784471218205
1.8324716509513124,21.77592522420109
1.8180403938882372,17.05882352941176
2.3548433801970345,28.627819548872182
2.1159399355805864,43.85351490614648
2.715910547071896,37.56319514661274
0.8781373988305139,19.96078431372549
1.343917254117694,30.580693815987928
0.6987004874045095,16.797923751566138
1.0958748099647622,20.36752504455781
1.253450649519285,14.738004663148857
1.2830430698751103,16.48079306071871
2.004312300819896,23.076923076923073
2.2300197890614273,26.989966555183933
1.5888480552031032,15.824915824915813
1.5357960670010855,31.226053639846754
1.725765968568276,18.386454183266935
1.744104901646114,24.00507372760425
2.899315606346427,33.18590383792267
2.259611972581077,29.701492537313435
1.9776059303462903,32.25825825825826
1.0693576469590118,13.120740019474198
1.2492556980310903,8.783556104683804
1.9175197638003871,29.044117647058826
1.701615442566768,20.133246668833287
1.2682816436408668,27.014066496163686
1.5502134749258565,15.753968253968246
1.9234166915130295,26.125356125356127
1.0088930344061267,18.504901960784316
2.0453804852355315,29.43310657596372
1.0246783309067289,14.573845152895252
0.47082422093393467,12.6896551724138
1.4579959607038055,30.427965320051655
0.8371459616286181,11.615044247787608
2.0466528693745403,38.366403914107096
1.8399501839175683,15.441176470588239
2.169661663349669,30.50185109008639
1.0216186208889935,22.11240771612289
1.5635874000487533,5.208333333333336
1.0745012021986602,11.136363636363633
0.8335627331466848,14.494983277591977
2.839151827302673,46.77777777777777
1.4594939677778975,21.744277821625893
1.4820573736021898,12.480028404047573
0.7705112274862046,15.608155612842758
2.5409157178111714,26.055680119581453
2.184842718121047,25.755939524838013
0.009379694264211147,11.252383979656713
3.1963022221751043,42.07167403043691
0.698864629471649,15.73359073359073
0.2035822618550103,8.582266477003316
2.622104173041209,37.143360338147225
1.115020743671971,6.994047619047613
1.396875818138551,16.72894021739131
1.7408773597347755,22.0995385629532
1.32022599744291,26.7027027027027
2.468012354562744,18.047538200339567
1.2042512510089618,26.061057334326136
0.6903442022545151,10.326797385620914
2.1045483330570027,24.255952380952387
0.9084102416961589,12.631578947368425
2.215265134646884,25.555555555555557
1.9125100379628335,14.36241610738255
1.0095875505760574,23.981698471152782
0.9672388961152903,16.588602654176427
1.4630211957293162,27.870680044593094
1.335918237877468,24.03084172199614
2.3611983529035476,42.511520737327196
1.2595767689963024,23.80292338709677
1.4489794578362456,19.238578680203048
1.1948565127081112,8.929602603811226
1.0416810925110815,7.499999999999993
0.9541611140207995,16.53654485049833
2.061666698342373,11.091329891401102
1.1663105542458603,21.39740566037736
1.9769025005616718,21.726454556978062
1.182217860356511,21.692307692307686
2.2786612133385638,16.874999999999993
1.662171461582404,30.87855297157624
2.160572097647304,21.632653061224488
1.3373068568473185,15.471189664738056
1.9411809020712292,5.701754385964918
2.3118925075906427,29.026625927542554
1.5618144574243593,15.119047619047613
1.4074505281562526,21.979831240996084
0.848732924616999,16.291021217238082
2.663161176664769,43.21563682219419
2.2801097848155814,35.387596899224796
1.691721844248638,21.484566389024977
2.5181125647727303,25.023745790518944
1.7074632817592335,24.077253218884117
1.4790362648014783,12.131643019058018
1.80800625224596,31.11111111111112
0.5557793375725647,8.109243697479002
1.599871005025863,24.93428912783751
2.111560248683503,28.923076923076934
0.6803371375067003,19.772281115037295
1.680454924807292,30.9375
2.1230083880818555,32.707551105548596
0.6145724638309218,11.621439406708241
2.4801224619898914,32.49721293199555
2.1499314256779294,29.54328561690525
1.6616739928216033,14.641080312722103
2.1602169646534315,37.80524344569288
1.5748328308331927,17.524509803921582
1.5303349425138366,26.173913043478258
1.5857290394190793,17.2198488333881
1.7055730097245574,16.889952153110052
2.3446266431374654,20.762663631189525
0.9763627793103397,8.145161290322577
-0.2205189215878346,-3.285638579756224
1.353700967712449,20.65067548938518
0.9906341026632176,24.787775891341262
0.60701994191517,10.19593613933236
2.5540627731112258,21.716082659478886
1.0653021833738947,11.812297734627826
-0.916963207380911,2.352941176470594
2.093506352806749,9.462365591397848
1.2812468345570651,11.470588235294116
1.123973607952553,12.098793535169591
1.607637580664738,20.37506894649752
2.684615458636946,41.56881930854534
1.8171354120924321,30.279856817442237
1.3758062909749973,20.162107396149942
0.6839218028552607,16.3152610441767
2.4135042905178388,38.110779559865726
0.3950749449479719,-7.59291521486643
1.7089998891458063,16.131536235974878
2.241466467381225,27.95332371836895
0.5634787571779203,12.162162162162161
1.4835267950860596,25.049352928273755
1.1770925387509137,7.95945945945946
2.3660903553377084,35.834658187599366
1.6790992761964423,22.955692265155186
0.9265616292976606,15.967691829760803
1.9058010878189913,35.28937285743093
1.6096929375328872,30.34123222748815
0.9730389982167374,12.55858670832832
0.006969204844259986,7.383512544802869
2.0083662662753006,24.41379310344827
1.497863270513737,36.75348592475664
1.105015230191487,16.037735849056595
0.37118728567678594,6.88803088803089
2.136051283628197,32.926429624774705
1.0691725500282783,17.006802721088434
0.6468398648562309,5.743715083798882
1.5494761836705884,15.28239202657808
2.767836532548616,28.962872907509585
1.8671206992703733,32.67020686375525
2.0304841332562407,21.859545004945588
2.041873851653607,37.82760187850326
1.514312824184175,17.413793103448263
1.3386295648638695,19.09569798068481
1.1238277128431973,13.692893401015233
1.3418104957564028,22.62693156732891
2.16475929284392,33.619749045280955
1.5547287878619935,17.043644472762033
2.5664983197291793,47.18219660582773
0.6665801044800176,7.942477876106189
1.034267879569062,17.048398091342875
1.2399136529420614,13.905930470347641
1.3409483003931557,18.405797101449267
2.6909551636797397,27.07133917396746
1.7490574744539362,12.132024977698485
1.703451909468532,16.736282513764962
0.032642292273910134,1.6488413547237073
1.0243961224666758,20.496240601503757
1.7687265306864568,8.403196227403726
2.3850135976183067,30.278569167458045
2.0618852095969493,31.44796380090498
1.557793108176914,19.509098603470164
0.37694843367243175,10.535197685631637
2.78955454439267,44.932671863926295
1.291033560942694,25.566037735849058
1.8043354201997657,20.67470389170898
2.5078081868872837,37.96296296296297
1.4303402939170335,25.769230769230766
0.517320870529996,14.471122647631411
2.0185307067915,28.079146287238785
1.1032745922483005,24.854227405247812
2.177657583316113,25.669642857142854
0.8199076399024254,10.777777777777771
1.1558047956854365,21.633213244124207
2.5558888729171203,32.381615598885794
1.8924575432612887,20.945945945945944
0.6811463248894265,1.2559808612440193
0.6567377255212645,6.708463949843257
2.5090089396588042,34.73961766644693
2.5355678907546677,34.65250965250965
1.3145737721160342,23.095238095238095
1.5933288506974939,19.057093425605537
2.3523847574833248,30.270919816473672
2.2157068868448815,22.19046381707158
2.529065557404884,41.85181742121409
2.7282931560955026,33.33333333333333
2.696317470218257,34.54545454545455
1.4279294374530052,34.97848305540614
2.3785204613357216,34.43503408386697
2.1390718685141725,29.507116499736433
2.0218624114586845,21.550324675324674
1.5425385588263512,10.813608446622041
1.7486187901195591,22.71592244418332
0.9119305204321083,15.908131894628966
1.6570110125880926,31.21682319314006
0.8069381772068451,7.498675145733962
2.424214264346766,29.60629921259843
-0.9554708890784614,1.4033264033264103
1.5890731031608516,18.982742960944584
1.951288798063439,24.586977648202136
0.7047711358396631,19.271186440677965
1.6279254638153247,15.723566519160158
1.6563214730775546,17.30496453900708
1.5445393307729383,14.514652014652015
2.374892951753912,33.85579937304075
1.890144851553592,19.256756756756758
1.504598475619873,16.227272727272734
0.5784024620386871,11.847103513770186
0.9496418767872217,10.567309927923745
1.0473106540061665,8.070750081886665
2.5832982611092854,32.745098039215684
0.5505116922201458,-0.4830917874396121
-0.09121211806421747,8.097886540600669
0.27226816258355935,4.77528089887641
0.8939428911093621,10.19305019305019
1.2716695107551663,22.14646464646465
1.4065631572348072,15.081379722263698
1.4831404578615022,14.438291139240505
1.9422842387692931,22.41379310344827
0.7072348733471386,6.258417886324864
1.753319807932755,26.82282493835858
1.8741076475012775,8.741830065359473
1.4886241622544178,18.378378378378372
1.7361713439382547,22.35304611542235
1.7265362151459094,28.940383830134742
1.5563292108648583,9.259259259259252
2.1951018902011277,29.08496732026144
1.6366975632534586,25.158371040723985
1.7489414811469572,13.906919779546847
2.369710371628376,45.72338489535942
0.7907211799765578,11.762300667847896
1.6687538650144198,20.737967914438507
0.8369938496216006,17.835968379446648
1.1271558936849337,19.78508217446271
0.8103072119602527,12.868398015757222
2.628410650793481,31.17647058823529
2.0861375528511314,12.096402214022142
0.7646141259971352,15.96030042918455
1.0870831603980038,20.445936639118457
1.25324588498451,16.75061345731629
0.8251696822394998,17.11583924349882
0.8736018029507168,1.7391304347826093
0.9094135366718562,12.673056443024485
2.3263079857823916,38.470862470862485
1.261838652645072,12.857142857142854
0.6485664784301446,15.53846153846154
2.196920633966238,30.353718303856816
1.0037906833342483,18.176773282211677
2.625803285437983,32.248599626567085
1.0642878267472027,23.97979797979798
2.0193467149588886,26.778711484593835
1.8450954120320378,17.847472924187727
1.6998336133288066,11.384615384615387
0.7540527968401836,18.018459527893484
1.6353725204326883,12.337133550488602
1.1284391769625968,18.63799283154121
1.4140975234762154,13.514492753623195
1.3924464468426143,12.256212256212251
1.308028548257506,9.255281059792345
1.7089725819310662,14.287466274221238
1.6728410914565572,22.8056628056628
1.7193785113652136,17.988710635769458
2.1046258761559202,20.76565023273487
1.359780080983933,25.549450549450547
1.8254374262436057,26.9496072044453
1.0211026863149062,22.487257900101937
1.333891871522161,10.3125
1.4293971095867053,9.141716566866265
-0.09009855084932583,3.9039039039039025
1.1818944395950888,17.607289829512055
0.013542978742383555,5.577956989247312
0.6774260121607384,10.648148148148152
2.39031232078292,32.246573220785244
0.4942870339166352,9.595959595959584
0.8608709119063271,11.890243902439025
0.7760835853479658,14.512312120243045
1.1845478214659653,8.767361111111114
1.7003894956398538,35.0939226519337
1.7442025310202647,21.681957186544345
1.6465857105368795,26.845063538611917
1.7939644082238644,20.934287812041106
2.302343668853621,31.81818181818182
1.8425825851851398,29.74358974358975
0.624658891576241,11.064425770308127
2.3201930354329505,18.158284023668635
1.8894599290260439,20.878997987027518
1.8582915132606095,19.858156028368782
1.1555963041685426,14.984709480122312
2.424984758750245,37.427681352914995
1.0274930663839328,16.3344407530454
1.1487538908318584,21.010101010101003
2.237950521925099,29.163396641029664
1.926533826430572,20.611991301646462
1.9595644083186778,32.65546713822576
0.8470098292185068,5.683563748079877
1.8259745078242797,21.22175141242937
1.7704945332520703,25.476797552269247
0.7046765423994146,9.750337381916331
1.7923010345371526,11.645299145299148
2.0177379340635384,21.828358208955223
1.910016120274886,34.25145067698259
2.1372476837659846,35.33404787424081
0.7069013990004265,12.540218790218788
1.195673052496687,19.061085972850677
2.001912711608628,22.72286821705427
1.8325087807499276,30.620862816708517
1.3670224313937658,12.523614609571787
2.0206036020740936,19.73905723905724
1.7238265533732637,18.35929165777683
1.2028874072871423,9.854311826983988
1.096520628090615,6.433823529411761
1.9408654875502833,31.504702194357357
0.970344822485743,16.905187835420385
1.2621496036602915,21.931884908984138
0.8534708319444285,14.798850574712645
1.5261179976066446,22.393822393822397
2.163929284603555,30.68007872293898
1.9541347016544068,16.31818181818182
2.901343928180519,40.37950205462895
2.0800195601488416,26.345036625410458
1.8460097844822776,27.798232695139916
1.3432501961974397,10.05434782608696
1.3530938341834164,10.81460674157303
2.747933068172592,40.6111221581494
0.6354037091941285,4.849530381445277
2.080024041421238,35.70235188279141
1.7990747912587637,8.305647840531563
0.8942155386017971,12.5602346532579
1.9418081542560819,29.333830938607946
1.8210690376662964,20.57915057915058
2.254451607800139,31.64770332911926
1.9331185590552977,28.05494018608772
1.152504088738048,17.1967020023557
1.351729327349736,19.080459770114935
2.398385694545463,21.058201058201064
1.1001979028902154,15.857454092748213
1.9287573929659332,35.97180807806994
1.9458724742356586,20.543478260869563
0.9590397840464918,16.89461883408071
2.4227450913785633,30.490956072351416
2.5307191103532407,28.815789473684212
1.7619206682699187,17.66266188172881
0.89218934007782,34.11764705882353
1.481045884941189,20.328947368421048
0.8163917731348252,13.34332833583209
1.8027317016604152,29.75966178024906
1.6857209263174713,24.76316105048567
2.7417343925717317,38.37274774774775
2.3115410987656224,22.146274777853726
-0.0891711034942316,4.1009852216748826
1.006346387647638,15.512437810945272
1.6410964865893893,34.927360774818396
1.7837975823808299,18.32285457663101
0.9355479085107241,6.552233296419338
0.6956677272998923,10.552228875582166
2.0032685540153996,9.401709401709404
2.172152389868457,26.660516605166052
0.4330767434143171,12.256223244014585
0.7255475342828248,19.14714309792685
1.61546311442119,22.90891039960288
1.0840625642110253,4.462915601023013
2.2628136691353005,36.233211233211236
2.8480848216959567,44.99748617395676
0.7849760979399013,4.557721139430292
0.24840694239793337,1.706161137440759
1.1188662554852349,26.47058823529413
0.18829615833911872,8.174672489082973
0.8385698283296796,17.55249673465287
2.1623236828238284,35.70318570318571
0.9693102093674504,10.045241286863273
1.6699317811697907,17.191689008042893
1.6648377410424984,27.517198248905572
1.0982148333494153,20.08278618327148
2.5597562294296083,37.89071820567883
2.5596290458554516,35.943396226415096
0.03503637335645114,7.476265822784811
1.002921387924911,14.753882600684392
1.1687239908366593,28.35497835497835
2.3366313880904737,15.390334572490708
0.7112315803261069,16.259414225941427
2.1843158016674544,7.178932178932186
1.45342899619139,22.236315738120787
1.7987030529838073,16.395835360513765
0.9979451980995007,7.935913753088272
1.1522208047713676,24.494949494949495
1.1143339050591923,20.519713261648747
1.2168696777763135,19.9915824915825
1.9602731787615162,19.468582887700535
1.6835124232068366,18.777056277056282
0.5657098015814661,18.368049578240665
1.5398311675287373,16.666666666666657
2.719788800099884,36.922494319616256
0.5234608887451172,11.585223287350942
2.215148228559551,38.624921334172434
0.6833920643249141,10.165851330390176
0.9624682668472127,22.250926653936872
1.7147223539460295,29.044117647058826
1.7971270102490597,9.955444165970484
0.7703336478506139,3.8975771817518847
2.43898778644825,43.12169312169311
2.9860488072533222,45.187089403027706
0.7251169541462738,19.596031183557756
0.4358223778026682,12.364718614718612
1.6097326509291117,21.098240339552568
1.7200541245316758,27.811682650392328
1.422919295968955,26.24778761061947
2.3833024569764083,43.33733493397359
1.4390240118915951,16.488430876920077
1.0158290100864784,14.454477981197421
2.174987322372449,30.654761904761905
1.7602618317229406,29.81683691440648
0.9316988809905029,7.402597402597401
1.087942953053655,19.886721208307115
1.6718806303097975,23.34976485919882
2.456639377143135,32.57775434897205
1.3606597668319187,19.150807110106143
-0.3256167645234456,10.40984883902135
0.8359136663156899,13.45817727840199
0.5521827428737116,15.255376344086024
2.8839053156133136,38.34586466165413
0.21463808756557845,10.23873072360616
0.9694306139083477,9.311966834090732
1.1100397547784808,25.03496503496504
0.9770537554943695,16.904024767801864
1.4329673806700378,19.0
2.004959009821268,35.25575447570332
1.0085315724644048,7.7830188679245325
1.7028977888012309,27.789501450804536
1.7653187799162926,31.287745957529708
1.7751505420635993,16.34751058254384
2.0341855226826064,23.00847457627119
0.9207701782066235,11.953385127635961
0.9447182673221701,14.93369499698614
2.145645346387112,28.38574423480084
1.6687098563833418,25.406000550509226
2.702012511583571,43.95674300254452
2.0469218004977794,22.199730094466922
0.18319281397214532,4.529881994670724
1.3670083556923132,27.00224874589172
2.3416503996701583,26.46551724137931
2.264284249282523,25.606343283582092
1.5514663347392672,22.527869115406205
2.808765350007081,34.31344561804168
2.0379891804596757,22.251980805713636
1.9858892495648195,15.189113468080848
0.6272960246551456,22.47864337625908
2.0261407877592887,32.21288515406162
0.7666157249535323,10.864962951761676
2.373830614748235,21.41503046716317
1.6210008429241904,11.48936170212766
1.7114841035701316,15.673799884326193
1.991673235086153,27.112648981161094
1.9858067439586442,25.131264916467785
2.158226912762569,28.243021346469625
1.9829078864543996,36.20590765701176
1.133124209641679,18.328522697454744
1.1140203073904134,26.774064705099192
1.4686843412822685,26.760180995475118
2.11814069251381,23.906633906633914
2.3890990863362402,25.20349267426372
1.7990800654097394,24.262412435445107
-0.19271649056354392,11.742543171114605
2.3887500392434466,28.470588235294116
1.411840512222366,13.967611336032391
1.3905005466000957,13.290298082399843
2.2744516009997575,35.225806451612904
1.2033936893513344,8.406634832872584
1.0269176759487262,8.214285714285715
2.3229004832520115,29.88391376451078
2.7474055302156244,43.83684001587931
1.7295265226850802,20.841988644232103
2.050207327413075,29.759956355701043
2.776413366933105,40.526001195457255
1.6428045951794263,25.32781228433403
1.699133491001974,12.262443438914026
1.19975196371142,23.203387719516748
1.790730053680119,20.270270270270274
2.037613504217908,24.907407407407405
1.3727707510105869,12.787524366471736
2.4414486823103685,28.893520272830628
2.0349802146854072,29.818829818829826
1.1213032024799965,15.588235294117645
0.9667363848333613,9.19312169312169
2.1915260146120192,28.155646947168613
0.7463075314727228,8.755234107346787
1.4363561432232457,20.46184115149633
1.1220780014419562,15.660125738235855
0.8295986915918535,21.78440754292148
1.3249968735204696,14.24086757990868
1.4908063566741876,25.153846153846153
1.195721979573507,22.528815927348937
0.5136875848352587,9.052686900538681
2.1865015264778465,22.534464475079538
3.2045504731843697,50.786782061369
2.70045133617516,32.99418604651163
2.4500337887876418,35.20816101461263
1.0411171054212711,5.5092592592592595
2.0526213880048036,39.71698113207547
1.0846240590534788,28.682892744846868
0.9811511329823381,16.885026737967912
2.121791863900678,24.20722713864307
2.4679556531940645,27.188194865575092
1.5191238125322337,11.912568306010932
0.4826184715136749,15.655401945724527
1.4258405465574464,15.813424345847544
0.517148068155536,0.1470588235294059
1.3738102782331167,16.597149808828647
1.4885554882647687,26.455441110613528
1.0519425636475939,17.393641529718934
1.2797322528268535,17.621816168327797
1.5961723953393143,15.602836879432616
0.862909358964911,6.812101255402347
1.727362722229869,16.85400516795866
1.9409595324610383,17.579908675799075
1.1540916864444963,19.15708812260535
1.4524796726147413,26.755547438590078
1.1187645481465078,10.965250965250966
2.418171526340335,28.28525641025641
1.6078789974187515,11.200170236913038
0.6420013224672263,3.4283387622149775
0.8461074634598258,13.723025350932332
1.6602655119475975,30.417956656346753
1.725773472212369,23.24929971988795
1.8219659530921648,40.955414012738856
1.8718894056390345,28.367433930093775
1.5868966673345237,18.67334167709638
2.9683116247454073,50.971786833855795
0.7504270697130448,8.346972176759415
1.3834106969190003,26.038647342995162
1.9801493798996963,10.434239300218685
1.863411999975768,18.028846153846153
1.8193842445630561,27.139527139527146
1.2356303122806302,20.385674931129465
0.8285349115000018,21.970087674058796
1.877293375038387,8.928571428571423
2.297991897354472,16.419484079567027
1.5625925802021334,23.076923076923087
2.43905474931609,38.70189892494725
0.5599655461936449,11.981656746999704
0.9386175560567231,17.11956521739131
2.05641537187733,26.116717858709954
2.6429147716185857,23.809523809523817
0.7057590301476331,10.168393782383426
1.1691927288210056,12.592592592592588
1.9253577608394856,24.83509446045469
0.7899248529963614,13.99516713652838
1.2504417558176435,20.588235294117652
1.5188591624979415,24.525589419206447
1.4525666232765484,20.813700157065405
1.123999239071175,3.783173348390733
0.1438008646785457,5.645076355976819
0.8541417150088301,8.175039943191898
2.1046473324564428,33.73554550025138
2.6609094193175085,24.525577557755774
1.904131025132413,10.119047619047613
1.1646992304517048,17.126696832579192
1.3402163452516145,28.85705121351438
0.8648641292000485,6.040769451622161
1.4351311012543344,22.96640141467727
1.3371730934956718,24.31263515600866
2.0322386543895936,32.74398868458273
1.0552025717142535,12.064104466538069
1.4910885534174194,22.700911350455684
2.2370287245079954,17.276785714285708
1.5625986228973572,21.636074577251037
1.17221485665252,13.659003831417621
1.730663990147132,25.951029399305256
1.9501959447243415,27.345351342828614
1.5149785773180104,15.883458646616546
2.7807900636483,44.5736434108527
1.5019283623647293,20.585048754062846
1.3807827634098886,28.248084120477635
1.5534626684077444,19.36127744510977
2.821217119299743,49.30614556782781
2.4443482609708758,30.570652173913047
1.8211456503823662,31.541218637992827
1.9464470566887404,13.27855186376086
1.813139875308901,34.91611269389048
1.1497380935487498,18.041450777202073
1.9389519792350898,25.161290322580648
1.2725227416251041,18.17187841679423
1.34850343937432,25.833869009356476
0.9643646435966695,18.0
1.3699763826234965,27.41935483870968
1.973282248216405,21.532534246575338
2.5227286149045645,28.221749226006196
1.4610598139174902,16.258799865906802
1.027703619050048,16.948436179205416
1.2130719776214764,20.686572501340954
2.064492775244955,40.52614052614052
1.9824902363191783,33.55343604793348
2.1576970740786114,18.244949494949495
1.4766355468373125,23.107926556202415
2.0719580606590497,18.997302158273378
0.6788821918088985,12.379199263690744
2.6300885488118184,39.897435897435905
1.7379854649601976,10.288065843621396
1.736025587855874,21.025345622119815
0.7485285303925233,7.252908500157204
1.4533922782814936,27.812538338854125
2.009761776505657,30.854700854700866
1.1674143916168016,18.723794549266245
0.6198121892052836,25.44600938967136
1.505665952333858,20.25800286669852
1.0842529988871672,10.989010989010985
1.5384559326881095,23.50613375544124
2.556074669105828,35.46849680678678
1.6107253857178225,16.88883453589336
1.2938278950591977,19.29636648265634
2.446317334935255,40.895390070921984
0.12823786142517413,7.658425689116228
1.342219144201467,10.373711340206185
0.25869094735442993,9.72789115646259
2.0730733829235337,30.43859649122807
0.5821099816412616,10.176602595375165
0.584226279128043,14.691075514874143
0.4471594900165833,10.946702002355707
1.0648051325729995,8.236074270557019
0.6109158813131523,12.702751959176233
2.414209813121712,41.69683257918552
1.2894628735996374,16.95568400770712
1.450954277823881,20.529100529100525
1.5189892330574295,16.335540838852083
1.4703376017824263,14.529702970297024
2.236149586278297,27.51131221719458
2.2838342441927173,34.16995894337284
0.9831416752891531,15.940880268556512
1.6826383626136252,12.465156794425084
2.4660130258853186,26.925953627524308
1.4323573283031155,10.352112676056336
1.639735187975728,7.407407407407412
1.7618500562823722,21.55388471177944
2.4262890121756175,33.30493000608643
1.2986474537712744,18.108108108108105
0.7424840679123337,34.230769230769226
0.9349558395300861,13.054561232237774
2.5761255076283565,37.471051412691054
2.0104735786378845,34.68888888888889
1.5534052824215956,28.398129201987715
1.387119246706315,13.167866616142483
2.2637472084893266,37.96172674677347
0.6902871197466858,19.49724095646843
2.280257651066896,41.81385558707788
1.9604884020120776,29.24865831842577
1.7894196471858324,27.134724857685008
2.4099208563345016,29.0785498489426
1.2112382280768716,19.354838709677423
2.8452193703786683,32.02196382428941
0.663870372799204,8.866995073891623
1.10250088213397,18.54620976116304
1.3670432123974305,21.47988505747128
2.702827750111218,38.51796282403934
1.0185154364792057,17.849849849849846
1.460867752324757,24.887766554433227
1.812529272337803,18.350951374207185
2.294810320094223,28.61237162646286
2.1950774894174363,29.161882893226192
1.5176838782051547,15.156146179401986
2.3869395139946246,38.226863226863216
1.1774747862458976,14.440318302387276
1.9974482709330195,33.00164024056862
2.435473014382923,44.73684210526315
1.5913744626418167,17.5
1.6498495341986765,29.138117562207
2.2750668258908724,17.732193732193736
1.315852395122198,17.852112676056336
2.002984603912201,25.23056653491436
1.3052293288578771,14.23501577287066
2.393616864322116,26.58730158730159
2.6766030653069053,43.401869158878505
2.1132965555658356,34.961832061068705
1.193007566138927,23.53678313430636
1.483514017759585,21.626984126984127
1.7523428204572693,7.183098591549296
2.4020371524312853,29.90986717267552
2.1351007063588168,29.612220916568738
-0.2304623419601718,-0.7329842931937165
1.0257993830816805,13.517935808684705
1.4554455673358115,18.223370429252782
1.9569160434907114,35.860025076940616
0.8142594242671282,8.357142857142847
1.8009062757989027,33.98560503823663
1.5487214743095719,27.023302430468554
1.101537301243095,3.4605146406388627
2.1192397124666362,27.99450549450551
1.220893988734181,13.250517598343698
1.4899840297359028,5.339992316557819
1.3916908035899695,20.29921795307719
1.8003518257039348,21.64691203992514
0.6960737519639358,11.375835766079668
2.437425083735133,30.46920479683316
0.12929769727041485,9.720930232558139
1.317239031798922,22.167182662538707
1.3817614756341003,15.593220338983038
2.0433387747944156,23.571428571428577
0.5907291056705017,7.451923076923073
0.9588095118378496,9.877750611246938
1.0630089014207682,10.424710424710426
0.5460761201055719,7.484407484407484
2.750150512543413,41.08287545787547
0.39877742401487426,6.332305968058286
1.0284895327942727,18.37922403003755
2.2849163642156487,27.152941176470577
1.0079156877961024,7.142857142857139
0.5635123017463527,20.665417057169634
1.3129991309804094,29.787234042553195
1.3984571654541105,16.66943521594684
1.4861598215091327,24.606589261507622
0.7667648352035649,27.18461305467212
0.12850632258393102,12.885662431941931
1.7758967684466729,24.81572481572482
0.9557764923162456,12.505928853754945
1.5534119271099782,16.867088607594937
2.055769172019539,29.810614916997906
0.737883138735689,12.71834061135371
1.075029693912053,22.781713900134953
1.3605934657947034,13.313008130081286
1.4374636562719412,13.736654804270465
0.9487963966397901,6.0176665439823225
2.0522012809213748,32.97872340425532
0.5635695560484183,5.720534069981575
1.1955653482222095,19.658444022770404
1.0455469316918995,21.677559912854036
0.36646471663193375,12.877097280767018
1.9949768814107876,17.142857142857146
2.5022788906136406,27.0114006514658
2.440291464281159,39.07995296884186
2.6759121200179106,25.680693069306933
1.318040078304245,18.208469055374593
2.248389397165626,15.511551155115512
1.214767364361453,2.924340467894467
1.7294346308268784,10.113092648977819
1.4505661427192174,32.14226633581472
1.9060688267188846,21.807331628303494
0.4957481875112203,16.5822447347374
0.9961301810473934,10.410940976311998
1.5817638992670449,12.290076335877863
1.418904751575709,12.452185792349738
2.2660471741433654,17.4079754601227
1.1245895495830622,26.462962962962962
2.96189220458885,41.355997682055246
1.0340996714624073,24.30362783574232
2.873089256769847,39.45912243784585
1.1062754927422098,3.424242424242429
1.0907273080949307,17.332995951417004
2.1225723187310335,29.761904761904766
0.6204633557202898,19.554896142433236
1.61137899465818,20.228310502283108
2.680750181798027,29.595588235294116
2.263207294605552,17.86833855799373
0.7351780839933035,13.713230069631948
0.43193762453000484,8.14883148831489
1.046038546168688,23.40332458442694
1.3260447945533294,12.927667551945007
1.9405184120426124,26.04282536151279
2.8605405850155345,33.17560462670874
1.2183570796574008,8.733487104214724
1.4990089020162904,5.603293949158619
2.240288266617688,21.15853658536585
1.4750968236051003,18.301238990894156
1.6773013141721735,18.271604938271594
1.1903737210233702,16.240601503759393
1.1165044988634432,21.123372948500275
0.6478990387660246,6.7491895078102
1.1835828514595845,23.931858771809317
1.0623090711078826,11.92145862552595
0.8495421465292399,14.227238898536342
1.7926018165401596,24.007936507936506
0.7733159111215331,11.333333333333336
1.1230200118182505,15.862068965517246
0.8541920734325114,18.195447730680115
1.9798808312442058,18.816833390824414
0.8702635400768168,12.022182610417914
0.30661607061970253,7.291666666666657
0.7293667093760156,10.04193849021435
0.5245212128890345,10.41925080625154
0.8887014966339517,13.811447811447813
1.626776528510137,21.283979178716038
1.8345302096168223,15.056179775280903
1.7350256679543283,8.238009231386712
1.9459254919654962,19.338270425226952
1.8476680775315129,30.71115013169446
2.1897183528529984,34.69212246302029
2.1946335951020046,30.244507441530814
1.6905348715356636,30.600539811066135
1.5546845239218487,29.031690140845065
2.79351076168744,42.660888806933436
0.9706903419823557,27.892695539754364
1.9228190070694924,10.066062031127537
2.2850925019927915,34.1313269493844
1.0103499176852688,19.718759987216366
1.2710665467422284,23.6188357434186
1.8282123679667628,23.511904761904766
1.832336267060224,11.552268030022852
1.9978592596801437,25.197636042674034
1.2958417163884148,22.1562809099901
0.7331872332116595,2.218309859154921
2.435720821834764,34.865900383141756
2.0694052040354136,30.436564869850372
1.3164630165040034,22.869225764476262
1.3292470316263318,18.50671140939597
1.457143794889182,21.82111200644642
2.304292048364111,24.080459770114935
2.0539497356312744,26.991404011461313
0.9604550705913683,16.57733164408927
1.4698976239909398,17.876447876447884
1.7720987810771065,28.680727874276265
2.3325300706446934,35.9024278515804
1.3197992953007422,17.37089201877933
1.6044418435230474,10.17025089605734
1.6701267862935105,24.45611402850713
1.3651608190846274,12.523809523809526
1.4864502305008236,13.531746031746032
2.843573603511051,40.01945962128583
2.623165082071792,28.0980116489255
2.7746256162442484,27.099992663781094
2.0506992543428364,34.04118404118403
1.67195919465295,3.0303030303030383
1.5557305482247799,25.343511450381676
1.7854008686049732,25.47746371275783
1.2964674347795218,22.498410006359975
3.3055472073363568,49.63170163170163
0.15946658833171576,7.267441860465119
1.7586524960303567,31.034997017299666
1.465240175811527,23.56698197105667
1.8172526933356425,8.565891472868216
1.1738449180456727,9.242503551933005
3.0393281407173363,32.440003028238316
2.557106722396492,24.509613517187802
2.4407060185449287,39.06149903907752
1.5743282275215744,21.21593291404612
1.6964098479672776,20.38751079846969
1.2268380671565942,32.201334141904184
1.3149913653997982,20.329670329670336
2.6168299681014804,23.965014577259474
1.3016395901870834,11.574737344794656
0.8957133818999159,9.72239512012947
1.1932846206023298,19.558060022793462
1.4255914906702947,19.24626489843881
1.9107927101951252,11.75084175084175
1.47249139813119,28.041761477713827
1.0658772237129444,19.71210340775557
1.5875056184690415,22.681912681912685
1.1645862263311573,15.865384615384627
1.1688802746134037,19.695238095238096
0.7460319983974661,4.716024340770794
1.735799489641772,8.684546615581084
1.7505679728326013,17.351653696498055
1.4012493713180123,14.819774578730055
2.3330703921827216,35.3125
2.1306924822276283,28.4343891402715
0.9702968961196408,22.20458808252777
1.5656342734905333,26.847290640394085
0.4159400225298724,4.666666666666664
0.7587306433739731,7.015765765765778
1.5321086004491042,25.763888888888886
0.1952104219834206,9.367088607594937
1.2540243090802776,26.114975450081843
1.9875837666967353,29.477124183006538
1.0914721356369255,14.914493972525932
0.6936068926398572,12.127659574468083
1.2102978170028496,19.1757779646762
2.785392288717551,40.26503567787971
1.229582347979609,14.373088685015283
2.4413939187767655,21.823361823361815
1.2405370445439017,26.38827580118302
2.4376200149350455,32.56622959593257
1.1987019141375153,17.46970144841856
2.119508992003497,36.41509433962264
1.9712538267545603,28.63920388798889
0.9641617011862216,18.16842779378802
1.170957831961152,15.330188679245282
0.6997653535568054,12.847222222222214
0.7289278708245971,10.463800904977369
2.0506616966331332,26.669328276275074
1.5331567193269435,34.21052631578949
1.8094866541491366,26.05405405405405
1.2611497591903007,12.882205513784463
0.9007032923103286,5.218855218855218
1.6110664692209844,25.207264113699168
2.192422774475574,28.703347441323587
1.24593185424743,27.074527252502783
1.1719045328021345,9.755798257454906
0.7526277861433093,15.250334274253454
1.786597724709157,29.350441058540497
1.5860843913924438,17.528517110266158
1.6200603817516646,22.63513513513513
2.235920529428042,33.52350524874486
1.8586806888185254,32.64023210831721
0.8949937259713512,18.7639946260636
1.6859417064307696,19.42307692307692
1.6838979138741377,23.582995951417004
1.4458374992891212,11.481575927578731
1.4805069559743549,25.23212405475256
1.0290975950592607,14.446879834966474
1.8998322956915934,20.5851619644723
2.52898531875612,40.18987341772151
1.083256826842913,20.02525252525252
1.420327488127383,27.59239499466485
0.8110294897833109,2.2648083623693296
1.8034953183893343,26.324786324786324
2.227912236156745,25.106781956453794
0.9214326443718104,9.038499120578457
1.4487730919877833,11.36044880785414
1.5415084741220362,25.731225296442688
1.795223365446783,21.57500492805046
2.3923508762509456,37.22019781363873
0.5729787007387876,1.9607843137254832
2.532503316595906,24.45887445887446
1.3372563525749428,7.595731324544886
1.5394345962264846,14.252021563342318
1.778490127243869,27.949276290508514
2.0739179648336896,19.47261663286003
2.266011900700436,23.564814814814817
0.6407822511963713,18.51976262456612
1.7571714423676466,20.11253787332275
1.899011526393548,15.261324041811847
2.49266637852213,39.18010752688171
2.922610220770504,29.496273682320194
2.870591335386673,51.802507836990586
1.9670927000888498,41.03343465045593
1.4497599482770867,10.761775974757725
2.2563811351699146,18.75
2.0961886921897785,21.576086956521742
2.174935666365075,30.64240419079129
0.25593243531687415,8.482852600499655
1.9979495676568138,20.588235294117652
1.7175387978969912,21.07689470772634
1.7124701054423903,21.317567567567565
1.7952047110302658,32.92316106097894
2.2816431572584652,39.81786262892253
1.1867985377857588,17.75291828793774
0.6647990633908183,9.422446021210042
0.8836174315441443,7.409934497816593
0.17734328128687693,7.077856420626894
0.7027625802336046,1.9856887298747807
1.694555035684325,16.49106002554278
0.3044800421081838,12.287581699346404
1.4686656740628599,13.751593258745224
1.2781259280077166,16.52968036529679
1.1979749435671958,15.065810943108886
1.2896665682039548,16.19860903248526
1.565049445364572,4.115226337448561
1.1396814981660737,19.1381495564005
1.6032684396614842,13.781979977753053
1.6532200796067442,32.466063348416284
1.4024759544756673,26.656884323795552
0.6513028919992305,5.2830188679245325
0.5411644868787152,3.0592105263157947
2.2966431712942477,33.5483870967742
1.4209511333799,29.160773220179166
2.0134212067290798,24.459876543209866
1.9104133757767665,9.243489045059953
2.195209121656276,25.42016806722689
1.6130046698966671,29.18066157760814
0.9943260573457215,14.275862068965516
1.0622329240565629,6.368833931658031
1.4120732731782253,22.38432961837217
2.1724430733013644,26.58333333333333
0.5301097168451883,4.569167116387838
1.8795957670934496,28.78048780487805
0.4037541764483236,11.417748917748916
0.874811607447574,11.01449275362318
1.9540207652831678,27.688618336100355
1.6293420053890053,22.381063979376613
1.8503858168981022,28.740910830463072
1.7286971386427539,22.07107843137255
1.533304378159837,14.527868224478077
2.1626888553448245,33.52712016781539
1.1970854615845528,25.3541938287701
1.5023530210819918,17.555052479934133
0.31275733240166015,9.35699120412496
1.5239436573081213,13.639485820822294
0.2239387883732617,12.100276352151596
1.5331583729967264,10.043059777102336
0.3155589204253876,12.62222222222222
2.549415502906779,24.322552447552447
2.2075100758395316,12.073112073112071
1.7967818083881817,30.68598068598068
1.5672081831963318,9.326145552560654
2.029280533349758,27.346235418875928
0.5526364995686849,14.382239382239376
1.719227661944294,22.23793363499245
1.6103399652713493,31.899224806201545
0.12350866776786584,10.601204973721323
2.451362849500411,27.516166473221688
1.8750880691290455,29.48717948717949
1.3614378670886778,23.670634920634917
0.798406617992364,14.133842169824177
1.9036782953720648,32.2909178049365
1.3365568936616339,22.37229437229437
1.4840020072885205,10.787775477900894
1.5633891128495674,23.218884120171673
1.4610618133177482,14.418531358335954
1.9245559938270436,9.869335557408952
1.737575207806357,21.212121212121218
1.9797410778404962,13.999999999999993
1.1152733725592294,12.060041407867502
2.0238926069016023,28.324324324324323
1.636437221752474,20.588235294117652
2.423915749244074,19.830390334572492
1.0587591259043836,13.186907838070624
2.430455522872169,44.64356829948227
2.8088085660651023,32.759856630824366
0.8769346092318336,16.601901612236453
1.2769561223395753,20.0
1.1544939063171937,16.907051282051285
1.257699513975889,18.405797101449267
2.267296678164472,30.24566148298399
1.1397936086065097,12.498764944175477
2.500195335702176,30.220826194555485
1.2828075723002892,21.525621118012424
1.5074293309810718,21.454545454545453
1.7446879658301786,25.794971874641256
1.1535118847283754,29.636103607182584
1.1583282072192485,18.64791288566243
2.589244151064473,22.91666666666667
1.0738647636834828,11.147623862487364
2.501888116356125,22.41379310344827
1.179702072384013,15.406457040698285
0.4204041825612869,13.21668489298547
1.2911408743677613,27.733333333333334
2.5199199362249365,36.35115742185063
0.9286258547558278,17.802197802197796
1.122311260567029,14.744525547445257
2.624658806492001,42.1668993330231
1.307741267063363,21.42754456584243
1.6464731179220946,33.441295546558706
0.5784092134732163,10.607024238569707
2.6551049490579173,32.95285359801488
0.9821960415820675,15.57680812910938
1.5635963063519176,16.838972431077693
1.1088806296153144,4.34782608695653
1.841335161728544,30.886670581327067
0.9644618474592568,13.4646962233169
0.7931378117647967,11.426868044515103
2.0763712306509676,14.800514800514797
0.5973331540541884,9.609375
1.4782425369442924,15.447154471544707
2.9747346620207473,43.66666666666666
1.9941796996541106,24.01656314699793
1.3437002283673691,4.999999999999993
1.3542642809307683,18.059855521155818
1.3569666124998743,22.222222222222214
1.1923175713865253,5.151415404871628
1.8991806233753281,28.30681818181818
1.2097913163518046,17.070637119113577
1.078717855374507,10.031512605042018
1.6008899149232456,23.366500829187395
2.819767826605507,39.736164736164746
1.0409910768156136,6.897298858876212
1.5991491491975345,21.04810996563573
2.9076732073374463,24.83066502463054
2.349917053464056,39.1852487135506
2.2334768926538304,36.525345622119815
1.7198114072658006,26.155172413793103
0.6100899058970809,8.639705882352942
1.2178209852817978,20.80724508050089
2.3109413720404617,22.732264441027887
1.8706459827295094,13.137178990837526
1.508290253862312,13.168299810899093
1.3308944851123055,15.814977973568283
2.0770619892210385,21.89839146360884
0.9044272864516033,15.690117598514554
1.9097087364527043,8.076923076923073
2.4548484091658795,34.210250497851376
0.9371452613249517,17.39967897271267
0.718876814387118,20.73452862926547
2.2580648194454573,25.160256410256395
1.884463198311236,22.556739231125526
1.742123498705543,16.593137254901954
1.7887482545728346,27.03852788959172
0.5386871710967881,20.372208436724563
1.7994403902426845,21.630640879787634
1.3309421804106554,11.792138574283811
0.8986042652802586,5.7464681176021415
2.0555167315590324,28.784146887595156
1.394291200809739,11.360415682569666
0.9543294891298602,24.396135265700472
1.7968798763566238,28.822667318026383
0.6299830203465592,10.034172103137621
2.4936699167080927,34.319863403528736
1.5508720741551638,20.0
1.9947291725397944,21.487068965517246
1.5934543174773754,27.041785375118707
2.2134496278212827,17.266666666666666
1.1756790580729624,14.261603375527415
0.8835946436598765,13.698181222349668
2.172791445509642,37.01477992528829
1.7129498800028409,31.98036006546645
2.722339548584445,34.08859987807356
0.5179361834557069,11.53846153846154
1.0510845315146293,3.4044715447154488
1.0470772804745332,11.491354466858795
2.335534108280587,28.805728805728798
1.7392291070375965,20.714285714285715
2.1861659948683423,23.58757062146892
1.421622892423572,26.755031909671082
0.455363779271293,7.103753910323249
1.8818980401043448,25.907990314769975
3.0354893124862095,41.14547537227949
1.6025637025096926,19.76478648093171
1.5075580566811762,7.295513035694299
2.5965270116327495,32.35924410676018
1.4857703544186793,12.829545454545453
2.0968535131094526,27.717193747728103
1.702664386696225,20.218579234972665
1.7487948336533807,20.6361596253293
1.5036486136745264,15.900010244851963
1.6064520062000165,28.945381323936566
2.0337395535236045,28.158980127484064
1.7909806860646686,18.423855165069213
1.2871799809787363,19.708333333333336
1.4121383570405812,13.106757297081167
2.5837791350099044,32.870850622406635
1.155073475113466,24.68535166578529
1.3664136952557393,21.936936936936938
1.278535784637387,15.441860465116278
1.6684007332460835,18.34030683403067
2.0372938298837475,16.17416829745597
1.5711882142474836,21.81818181818182
0.535604485011448,5.62009419152276
1.8288909062605487,27.777777777777786
2.1291662744170115,42.826221397649974
1.8331767860054935,22.222222222222214
1.5663074484624053,28.25320324438698
1.7754094602029584,23.528528528528525
1.5626508933889545,19.12634876435782
1.651272339578889,29.41176470588234
2.524792725851615,40.43010752688172
1.3679602911142925,19.578762615182093
0.4541652212606814,11.709770114942529
1.210153828784141,22.385964912280706
2.21038516382584,22.131299981402265
2.379066169962859,36.04312354312355
0.4553497215791663,12.74509803921569
1.2316835061695584,18.70278238437443
0.9633589250505447,14.214285714285715
0.9705643718133604,16.563307493540044
1.6882188331243717,27.7991452991453
1.9546373829827015,29.639155171070065
1.7493830524487481,23.983739837398367
2.1300252073503225,41.517857142857146
2.19677078839075,28.14777156414167
0.5860236776601422,4.482210296163778
1.589392809684916,22.26890756302521
1.769347643008556,15.298100021838827
1.581355448588312,23.406766325727773
1.475598705331495,25.045821114369495
1.0210293605409995,17.958880356700526
1.7637349935684292,30.399792315680173
1.5919695361418502,28.435897435897445
0.5847222120314303,16.483247737833217
0.7609388013371599,16.88837478311163
1.3512646678629874,11.523493118177498
0.7041568488023101,4.104363747329877
2.7387457832812823,31.838949171901767
1.4632181824556751,15.202231520223144
1.6325418882302283,19.152542372881356
2.0476453697560073,29.25950196592398
1.8118673962555696,33.743842364532014
1.0316079285369941,12.906403940886705
1.0745786317228563,23.668874172185426
1.1015576384269767,14.52266152362585
1.796148754191877,29.239766081871345
1.2916593420248605,24.002574002574008
2.326255012238562,36.31520532741398
2.0656005270128093,17.38662131519275
1.7571873520693853,30.494505494505503
1.8336947768517782,26.823387582881253
2.5548776626740026,29.50967161493476
1.4540121784284903,19.530102790014674
2.040952336446668,16.13240418118467
1.3229413268006758,11.255411255411254
1.0278250072715167,12.56410256410257
1.1609160545562591,10.978260869565219
1.6307744689225125,23.774119313152767
2.0258238147072554,27.987616099071204
0.6288199260050661,23.383399209486164
1.597530827105583,37.09677419354839
1.8812041940398976,28.938882063882055
1.9154498686211043,22.49266862170088
1.4787803532885913,13.725490196078418
1.8535871893597498,34.946236559139784
1.7878770819576464,14.099326599326595
0.4282664504626407,17.03877790834313
1.4508097846916808,23.27502429543246
1.2661160636397855,29.663608562691138
2.2768529652471208,6.883236800134306
1.0328236037324912,23.286982744178246
1.4775565387809322,15.468799326528462
1.8527230791445066,27.975934679845295
2.654717767140773,43.55709342560554
1.631941883541282,21.41354372123603
2.5940364549539257,29.40876284901946
1.7448068828481555,33.529411764705884
2.1969055349909863,27.107620566940724
2.212222748453092,17.38095238095238
1.5968448174894752,19.568250841336287
1.507635304431929,7.5459317585301875
1.3773878821498464,21.99385778407749
2.3968223449172115,38.005933460478914
1.958177680768456,30.955188679245282
2.0224910471339,22.28053435114503
0.844397425727125,5.714285714285715
1.1107986445691025,15.839228295819936
1.0308187335936931,6.503807106598984
1.6921376937045727,26.279017354068074
2.083781212937143,14.082788671023955
1.7358037259676198,20.239880059970012
1.0922333099133326,22.813186813186817
0.6082818332090589,9.706760792831936
1.7559789474237495,18.23053589484328
1.4669769954599872,6.402116402116391
1.7376643806407461,24.119833807128806
0.5812810484394171,8.230088495575217
1.5008887817108354,21.460746460746464
1.990968255291608,17.70935960591133
1.9641544406600857,31.798561151079134
2.631224932509584,38.19163292847504
1.9640506056853293,25.442477876106196
1.5355386279752536,23.69047619047619
2.242914550543556,27.012383900928796
2.562240731891827,15.671270374517867
0.7111292715303484,18.767507002801118
1.176014346814695,16.714975845410628
2.3701486187675544,32.82939748399912
1.385472409425497,7.1590909090909065
1.7224918615637141,25.92307692307692
3.0334867385652204,38.2048901268957
1.8717812854742761,26.42802741812644
2.3682092856444728,17.223707664884138
0.9593794571061393,12.675438596491226
0.8813250070826291,10.184501845018445
2.0770079256025014,24.102982292637456
2.260665162194317,33.58834244080146
0.9257094969357916,12.31396534148827
0.9816512273624433,19.903345724907062
1.953651375811382,38.40445269016698
1.4162911940027358,21.229338842975203
1.8347202257368664,33.49919311457773
1.4006640684583853,11.220175173663549
1.4238816027713828,23.534201954397396
1.5204673685940286,10.524425287356323
0.9657275374099179,10.136966234527208
1.8268888560345289,20.702541106128542
1.4949808112870855,11.385422318683311
1.785299683393835,23.965449548488422
2.1666599398159407,37.065637065637056
1.8854875875137171,26.32078456184751
1.636884586755025,27.936706597532627
0.7198907379872399,24.61435278336686
1.7017767385658171,19.382749085719382
1.890240160473696,7.204464738711309
0.8212375558824859,3.6770648133182533
1.9755435744706578,28.36435981242007
2.150305791852922,30.666339428150692
1.1130682133865653,15.34181240063593
1.669510376416184,12.991803278688522
1.7039134644438854,24.19501133786848
2.3709385306466007,29.511064462520764
1.089045902041222,15.28205128205127
1.7647373348642599,28.66931918656057
2.404964755026642,29.489489489489486
1.3120981001692222,1.0559006211180133
2.158516158593324,8.817226247576286
1.9594341813363574,31.325051759834366
1.3124626293525143,11.01449275362318
1.8907710794819153,20.135543398383277
2.373438428437435,38.501444707118466
1.0115737897725534,23.593530239099856
1.4656395783230134,21.290650406504078
-0.19856489449129228,1.7999100044997718
1.330211020395845,20.339131962748205
2.12754517227492,30.984555984555982
1.5652694543194337,21.704545454545453
2.1089119946419506,27.155172413793103
1.851454326555117,15.697337962962962
2.350191138422859,31.610576923076934
1.9042074560387774,28.042328042328045
1.7352014544878682,23.616473616473606
0.2602880006000966,11.372549019607838
0.6258061405384289,16.59919028340081
1.5552756644940906,27.41239892183288
0.8299253889262029,26.26262626262627
1.9805561923619122,23.8487972508591
1.8399252368245091,26.19047619047619
1.545761642012047,32.513877874702615
1.5738774509500788,30.934343434343432
1.290844640516478,14.014175257731956
1.4049306298579647,6.1060298102980965
1.5707380609432828,29.095147276965463
2.323071770509182,23.740671641791046
1.3955544508526996,22.70701552616446
1.211816598250319,15.294117647058819
1.943112962195917,17.118093174431202
1.587008811142762,10.0
1.6469474916136826,30.636704119850187
1.3928266168511012,14.53529000698812
2.3497499942028726,40.86687306501548
1.8156410896641175,9.879976580796253
1.4035789980196767,20.013289036544847
2.0010310036322236,38.18201193520887
1.0642023635076312,14.339430894308954
-0.29465718791539386,-2.631578947368425
2.0422053052441065,40.28985507246377
1.2869989416480883,14.553990610328633
1.3619146720005006,18.812430632630416
1.9678340687603368,34.46507515473032
1.3279333617081914,23.742203742203735
1.7516800626038105,32.243732148524266
1.2353815969885238,24.349083895853425
1.415831732292079,15.574640548103822
1.5804222581867482,22.744360902255643
2.2059950234190406,31.417624521072796
1.554309448285877,27.845643556346566
2.1886550320328713,26.48148148148148
1.517154575242826,20.978485567720703
2.638345929365181,30.199228791773777
0.743521189218616,12.090417562373787
0.827731417228033,13.619909502262438
0.27026874929039274,4.071969696969703
1.9182341638764704,29.76116303219107
1.4628140010003186,7.434441741011071
2.7439498934741593,46.645946645946644
1.2279961286139414,18.64904552129221
1.3588398557942305,18.965922444183313
2.442486008871281,29.696969696969695
2.719133638245153,25.116495806150972
2.2921777180479204,31.677265500794903
2.1530115697065373,26.563947124694792
2.3442013076553576,33.322981366459615
1.7423138430069756,22.972972972972975
1.8311329051805896,26.923076923076934
2.526038770095772,22.139067828723
2.3594340561085962,25.51724137931034
1.6546756556204367,25.72094572094573
0.7297280097651831,17.520022883295198
2.1137819590713915,29.60499524908375
1.5675185566034984,13.87908546877398
1.760021022253444,25.50073792958044
1.1730725867324354,21.220159151193627
2.747599628056741,52.24920007528703
0.9163345673339681,5.150462962962962
2.5723009591430737,35.10813782991202
1.7769084768857069,20.83857442348009
2.010950559244114,19.874292897548706
0.9742559464649534,5.493295329403381
2.3155118673734014,26.74012158054711
1.907549014277397,23.656073656073644
2.1925073249689895,26.065478496706696
1.9394897302775713,19.80311355311354
1.1606729137885954,19.11542338709677
1.2305025909876743,17.342342342342334
0.4321835582804261,2.3929316480549687
0.6572080212425189,21.040189125295512
2.0179509617578404,28.05383022774327
2.036617518024882,26.071428571428577
1.0715246662206168,20.270270270270274
2.2413916677021457,34.85958485958486
1.6680434624992966,12.650176678445234
1.3093860121413936,23.34869431643626
2.216627753872886,33.36627140974967
1.7510518020137142,24.841269841269842
1.3215953720170752,25.19801211368224
1.529114782504291,16.55172413793104
2.5241429988935673,25.6703795379538
1.0625309262277327,15.805620321511846
1.5500714016686925,16.76243312859124
1.8476578379493154,38.39605734767026
1.9649436017421162,24.375
1.164130003118177,11.21621621621621
3.161833870134277,37.83783783783784
1.652893778145137,24.667888227210256
1.5770956276712984,7.154882154882159
2.0394997133455557,37.49999999999999
2.2075720698867096,21.61964472309299
0.9125929032029843,15.749235474006113
1.9699286935820979,25.72307692307693
1.4789480259251409,17.669491525423723
1.0378827069369487,8.576277955271564
1.6776455641968282,12.229343495582889
0.8814860944106143,9.853372434017594
0.48077944150449803,7.473544973544961
1.8978323475576802,23.880914407230193
1.1204121133535403,8.015380065069508
2.1995478827241657,6.742424242424249
1.3033446800472577,13.08219616887692
1.3382249685794592,19.289533995416356
1.1254068107853394,25.37623248572912
2.012039575675511,27.478632478632477
0.511286744246906,10.26119402985075
0.8543290564005948,22.416898640903874
2.019126035758399,19.833660009535407
1.3612756448676484,16.973566973566975
0.6463879830516194,12.718489240228365
1.9185335687824054,10.747126436781613
2.0335702294208966,22.812499999999993
0.9131730010143881,13.06818181818182
1.0508468356297171,8.924500032571167
2.6342764572840762,30.38135593220339
1.12100907812064,16.173145256810592
1.3760388701088457,31.106670472927973
1.1294429652008726,19.348729792147807
1.4481431602689965,28.335105754460592
0.011251937020666736,3.5023041474654377
1.974893260166749,12.067972350230413
1.1743956468547871,12.250830564784046
1.800440999116614,21.377720523425317
2.0379444264327837,26.814421726236922
1.5329002602446318,18.452380952380956
1.246865402107892,20.438184663536774
1.7913814827889523,15.399096385542173
1.3626800685769718,17.914180414180414
1.3231991781371966,12.957630604689427
1.0654656925135984,16.666666666666657
0.9853848726379234,23.505572441742643
1.436690190874618,10.78369905956113
1.1179907413367813,11.72174329501916
1.1116390080500478,18.887537993920972
0.7062027638325896,16.875602700096444
1.586135444304692,7.435897435897431
1.006560635199144,20.702306079664574
2.5863366363835385,31.554160125588695
0.3196940352273512,11.001642036124785
1.2726070967964078,15.439907993099474
0.8167494707420245,20.42016806722689
0.8978974873994477,17.914979757085014
2.492994840489124,22.32163606785962
0.2254290204198814,4.786324786324776
2.0988006470886247,18.030575539568346
1.6897793163369117,21.588427947598255
1.6238107493077671,23.486644539276128
1.6190574153402173,26.002248032971153
2.6972085319926262,49.225806451612904
0.15618983343225668,9.960915689558902
2.5008947250688633,15.561380515508958
1.3833285570840803,11.854171326325208
1.5080206883464553,23.68421052631578
3.1266232555121696,48.31378299120234
2.275944538945014,16.23250044302676
1.9037279647315084,29.5978215333054
2.154843691077381,30.08958912573371
2.028295892404822,19.982316534040663
1.5068077205306534,22.30215827338128
1.6042610298887001,18.752401690790315
2.1712873635965755,41.49163111256974
2.2087523105011155,29.510357815442568
1.94691509299995,16.526315789473685
2.057048202269197,23.656821378340368
1.687336995411923,23.262081784386616
1.1998834845210347,17.475292003593893
1.418564147567783,4.688445251058681
1.4558381490546277,17.926520270270274
0.7305093427389006,7.417802726543712
2.4673388334484194,38.865546218487395
1.754227149017747,30.949167791273062
1.330516079878574,17.163577759871075
1.555187371368846,34.45006321112516
2.349227974231565,34.053769109119656
1.9183102201633797,22.148499210110586
0.8786614739051343,17.222963951935924
0.2105709914678679,8.194598594154634
0.9765048131055041,12.601626016260155
0.9522891233422627,6.632383966244724
1.2654598443833656,18.270416975080188
2.057295219469668,33.06012462808062
1.1227802914045093,2.100745425796262
2.055255046707242,19.153846153846153
0.8551363544267376,15.074763503204153
1.2277141959955507,16.091160220994475
2.179408792604223,17.747228381374725
0.6621931731462543,9.809838776353857
1.26833179017327,16.087003337999363
2.8173640567261646,36.936274509803916
0.05169714067610914,2.8668507114037
0.29616676758668325,7.744565217391312
1.76134368508905,12.962962962962962
1.3060787912709038,15.138282387190678
2.0334166939107345,25.005138746145946
1.988434358923828,37.70226537216829
2.5409339548750562,30.02854633289416
2.80144771671436,45.61085972850679
2.019600959468144,35.034377387318564
2.2798394056575413,31.08108108108108
2.5303473197004127,17.151870211807115
1.868459187374556,13.695987654320987
0.915293325359576,5.136363636363626
0.9946730232247041,13.988095238095227
1.965466996242468,24.22710480264437
2.562654418169498,31.36707196845218
0.8924317564874542,5.446086480569228
1.6229350016951827,28.285714285714285
1.3165229215181824,25.466275659824042
2.0731304543785845,20.22754907069654
2.1709267762493822,24.03980936361087
0.9228231003218732,15.750678908573647
1.87556966777592,14.313081554460872
2.1651572634013005,34.83291678237527
1.5331514473700745,16.288014311270132
1.125230780495381,26.283846872082158
1.496707051958338,21.19883040935673
0.6562469062939308,8.494983277591977
1.6590243535304734,28.324786324786324
0.6126094162514149,7.8514456630109635
1.0060860763816566,11.217948717948723
1.2532125329270902,31.863380890618252
2.3674145583158355,17.536161222168047
1.314877786025333,10.084219858156033
1.0869464146395558,12.312312312312315
0.9686852024239916,17.21838532984043
0.9325373699837548,20.120320855614978
1.6104293806798249,10.574712643678161
0.23429267166125695,5.999601355391668
1.102684922933002,15.567551794572516
1.571015972655632,12.195316870454725
1.611152098940513,5.781710914454273
2.357715894820312,45.054945054945065
1.3382733938672322,13.514929282346777
2.006210450309703,31.69117647058824
2.0410225955240318,18.20175438596491
1.6041909403419146,29.84249792760432
2.4692554125472146,31.379310344827587
0.7767838042350994,15.018587360594793
1.568530216887277,21.907883387959295
1.215866150915331,16.404761904761905
1.1426283927126855,9.13398692810457
2.261864565360212,50.2929458636044
2.2767494711588534,23.39418526031102
-0.027185870570399867,6.108350502969344
0.7534595995284312,13.461538461538453
1.5583282562831022,18.105201976169717
1.7794866884316474,25.409723178625534
1.1519970793560967,11.060354374307856
2.2787374630960784,29.655172413793103
1.5811191263690807,21.116928446771368
1.3880344416536834,4.193205944798308
2.1979139299661337,25.006700616456726
1.9434389890873531,24.16138869340839
0.9782605796199875,12.680505415162457
0.8457384798748825,18.014705882352942
0.9795381200020152,12.564015022191874
1.6964503244593594,11.796652421652418
2.651652082343139,41.98250728862974
1.5135447135813207,18.407780979827088
1.3587847458280828,17.661920073495644
1.4528235313167461,15.89743589743589
1.7416201769314583,27.50647428782834
1.3260743850904615,17.83723522853957
1.455982369964251,26.51162790697675
2.3249089673561736,22.49299719887955
1.4911407327306934,5.0168524760176325
1.4427149303536517,19.16666666666667
1.7786038142374705,18.66666666666667
1.995769919177032,25.573192239858905
2.2770629937299067,30.126050420168056
2.4554838348660972,34.235004811290494
1.1268276480285402,20.51162790697675
1.3142492573342865,17.694915254237287
0.6162086447478468,8.522727272727273
2.4675056434406932,40.45140678140781
2.154064242414589,36.24373228689775
1.325854890984157,14.844910441240714
2.0801119136547763,35.897435897435905
1.4942804160656666,11.304824561403507
2.3556766427265163,29.386131110269055
2.1502022501925797,43.41246290801187
0.9079972997044845,15.238095238095234
2.2781039702856645,34.14436334144363
1.0580126513238421,16.653846153846153
2.510592456571529,24.976958525345623
1.6839925331043248,21.137659516698335
2.48347593858318,42.34006734006733
0.6664249471504753,13.244537563603707
1.6597504792427253,31.191222570532915
0.7964843809356197,39.70856102003643
2.3433418200556058,36.46953405017921
2.8272036838767276,40.21247294904583
1.1978658770834811,23.169482846902206
0.7012826442894009,19.539295392953917
2.314491062940809,38.32298136645962
1.6300282238092842,30.19354838709677
1.6650879791898132,21.1376858435682
2.4195519179210008,27.160043747721488
1.371320554501228,15.596330275229349
1.8759541569960971,22.539682539682545
2.131241004316542,17.5
2.0077263177657505,29.561001885267984
1.5519021101072044,26.8626110731374
2.5271260727107405,24.626791893227875
1.555571357458517,19.682539682539684
2.076051646331202,21.557433203927836
1.6446240117511945,18.311403508771924
0.3849749062517337,12.528121484814392
2.8050660611137945,32.3233171059258
2.103853494313,23.726851851851855
1.163106950294687,23.425134536245658
1.2279902022571325,9.751121991024071
1.1180311410892305,9.828349944629018
2.5242489289538135,40.02662793512467
1.100048206766134,13.429509734928459
1.8801347323438384,31.103723404255312
2.081736457037586,29.29167185360388
2.931323237797227,42.76954929128843
2.571249389109471,33.06884866517894
1.5379657711062125,27.46501789781972
1.3347742781400806,19.433304845177823
2.3351570977345846,33.846153846153854
2.178065303422179,32.726526142896255
1.7121203036508257,24.39420289855073
1.2668669422224088,9.391142349055805
1.8146552599713133,20.945945945945944
1.1854359435640545,24.262701363073106
0.31598293193046323,0.8145747569414041
1.483848415796242,22.15617954498873
1.1940099385737597,14.429824561403507
2.6953171136739233,24.03329752953813
2.100422641049792,23.813559322033896
0.6334004960947475,8.837209302325576
0.47208534347586545,10.59288537549407
1.2550303417047575,18.024344569288402
1.4661661989246375,30.296875
1.473598495481553,13.804981452040273
2.064478898168022,28.965094917330063
1.7220239776669048,26.467149871405198
2.106036033957611,18.821273589665957
1.3906016252307798,16.999999999999993
1.6685512125309554,26.269137792103145
1.4164506532873218,16.959308807134903
1.470627769426839,23.100458949515556
1.0022356074647198,14.282953227676835
2.643278802623626,36.65559246954596
1.4965014900049665,23.209582340398846
1.281569317933335,25.839110817651594
0.601395106881633,9.858757062146893
0.548491996294592,4.202898550724633
2.238698189069416,31.381886087768436
0.8133350105616097,11.346153846153854
1.651038957539967,22.872572075603173
0.9876633020794927,22.595356550580426
0.47343731580553533,18.446969696969695
2.79084730114434,36.52777777777777
2.0577090981112898,25.357142857142854
1.9179333660337003,12.954545454545453
0.7207547058188071,6.282773354049333
0.7254989062990089,4.107669616519168
-0.1487393604177576,3.7935323383084594
2.015336820427214,22.956403269754766
1.6417011927864924,6.4503363672338665
1.4910225986390784,20.09844896442835
2.281162291798634,29.92501171691923
1.4691175204167228,26.24944714727996
1.3396697096536785,14.93170911775563
1.2083017827794735,18.186488569226825
0.6389893096301685,15.40650406504065
1.0724503970447843,19.230769230769226
1.4076326950004772,10.849909584086802
0.9888506396743357,17.001980610862077
1.7783291682563758,22.628205128205124
2.116595550652749,36.80286738351255
2.4943451260747818,34.793476967027736
0.8076252258824784,19.958847736625515
1.088823404470201,20.108401084010836
1.1261713136569897,9.380793474230629
1.3290167010013478,26.862587533004245
1.818878522735778,3.220356878893469
0.9801512567437471,26.96256038647344
1.869456457680062,25.971845537905196
0.864961478634481,7.983942908117747
1.6284712012651477,17.076502732240428
2.274283306726907,15.803900896151823
2.0533330249513613,18.07453416149069
2.600982798721136,28.27442827442828
1.8054803955222536,14.326826826826817
1.3965220610611198,19.479166666666657
0.8963352723276685,6.581196581196579
1.6456690926475455,20.94835048571703
0.9086773836161703,17.3202614379085
1.6641234114012902,33.33016987757427
2.350485687720122,16.32911392405063
1.177907674764421,19.70551378446116
2.170507804167773,27.199320016999586
1.825604401728698,38.01204819277108
1.0898760123629567,17.303698466704965
1.785795750891434,18.10240963855422
2.2355118213731298,29.404761904761905
1.0397948751882835,14.76291578202406
1.5722343651221058,19.057093425605537
1.8776585595563082,13.309585492227981
1.820342058692312,9.469696969696969
0.8648158888561783,0.917065390749606
0.8827319121303816,12.905480984340052
1.051102859663434,21.601941747572816
1.3520784933511274,17.596034696406434
2.2691376605823157,20.84255162241888
2.8769731677653665,38.03188839063278
2.17853935854552,31.616832779623472
1.6592196226853442,17.60878839590444
0.8412100951367041,11.00704665061101
1.794624683229331,26.38562917494132
2.285410766500541,38.84061042814753
0.6991604233850737,-0.3448275862068968
1.6747400003351598,26.295045045045036
2.211173943688464,37.4965034965035
1.6853035343344624,27.58620689655173
0.5631468088852822,12.653965440850683
1.6072353139261595,12.982456140350884
2.07976466245345,22.038759016250978
2.488050942058918,33.215010141987825
2.8073863871720293,21.01781857451404
1.126775782354792,11.458333333333336
1.290809234019079,19.572889331282234
0.7318146768311707,7.5570032573289865
1.1277684631706621,10.71178120617111
1.3212004790968142,25.47619047619048
1.763437559222208,19.22051659159849
1.919810154212237,32.932210188527876
1.6449494934980107,28.804582792909635
1.0411984747365894,8.918128654970765
1.7389214683590035,8.331957060280757
0.8762882346482938,9.256303862112986
2.7377154524390757,35.617545987467146
0.5610444312829509,7.887147335423194
1.0521392442947783,18.33976833976834
0.757065922147797,10.79102715466351
1.584365723148447,18.987341772151886
0.5158239048562336,2.518392756083763
1.223091510137566,26.97070731126459
1.636856875742614,26.691066231590092
2.241726705240703,30.700298705609022
1.9412449296486098,26.233573022563846
2.1216059852607,28.73284907183212
0.8286340297475407,19.04761904761905
2.914607823734176,39.21450151057402
1.2090567112994792,18.26949322172687
0.9433638063548269,17.58227520082923
1.186206565400771,12.710970464135016
1.2812851434138417,13.350419384902139
2.7151294233568035,49.3006993006993
2.298268204393231,32.24794760630939
2.0316586857976904,21.506849315068493
2.3712890812923098,36.86274509803921
0.7368969076221916,18.657616892911008
2.439624278075912,22.23809523809524
1.4338880295412264,36.38654216688898
1.662382250153172,24.065087068227236
1.4988913291917503,31.57819225251076
0.5303984903714323,16.49865591397849
0.8644710551986658,8.938626126126124
1.6526817984095876,23.746452223273415
1.6324946470632116,12.212124984439185
-0.658417560535259,-7.973856209150327
1.914980875506928,33.24212019864194
0.8118858572309151,10.299625468164798
1.0775664918368038,19.75
2.290701158601689,30.384702250997513
1.257927824365866,26.690680920288173
1.0891923825508787,9.200000000000003
2.1492117617782793,33.52165725047081
1.0768029628198101,12.276456974542398
1.4368216053914884,10.533257961183338
1.4999021935654508,17.23618090452262
1.8205266406974308,9.983896940418667
2.878543095323643,41.74358974358975
1.6790703313917141,25.88215142171977
0.6430279754533466,11.47444021968736
2.2564142487110015,27.17096948907745
1.786151288245997,15.853405315614616
1.4614829796907065,6.236559139784951
2.2966166589950197,28.476972184222525
2.075388397309898,39.43524829600778
1.163935395197456,20.849673202614376
1.4982127904452345,12.289029535864984
2.456837073589853,35.35021888680426
1.4316711487333302,15.306122448979579
1.194131876210748,23.150183150183146
1.1634616872440404,16.35174418604651
1.8931788819133137,29.76785714285714
0.6574519018304469,7.802753913145821
2.013867375100724,30.871670702179173
2.8104422286132698,35.62653562653563
1.863933033000642,20.0065963060686
0.6710968762721995,15.133689839572199
2.4289379374158835,38.74795417348609
2.156252069656728,30.165330165330168
1.2784729985141428,11.369047619047628
2.6157411245851816,37.837514934289125
2.152899139169558,29.426523297491045
2.204493415833649,37.12962962962963
1.517795802903756,29.56521739130435
1.5140755755045112,21.27805771873568
2.4063849705131837,27.175629237484905
1.9960494556680537,34.61844197138315
1.2818116743155539,8.014221600512919
1.9184193635496811,34.28689883913765
1.685091992999185,27.297008547008552
1.5199962453656846,15.10122801194823
0.9330322979993275,9.637395402519957
2.050686870589486,29.09143434927055
2.0087850951453126,33.710017238076986
1.6768565239818374,10.949347892023049
0.5974127861526717,24.764487582072505
2.071518871531375,31.264898116109187
1.6936574403548683,11.281320508253174
0.8746350634020105,10.997854077253223
1.6103717440156222,29.573367808661928
1.8965781385771292,28.804855275443515
0.9640259141052615,6.9902548725637175
1.1688206629915512,14.202898550724626
1.3143268318932977,11.955128205128204
2.0075620190105647,14.98287671232876
1.4856879591786398,6.349206349206348
0.6629157932533445,16.727272727272727
0.21516340222546035,0.14387010584729865
1.1576969757073607,21.503184713375795
2.0459526533321286,6.145069274653629
2.5470874620440713,38.608207510646544
2.1825543334708395,34.97516207796582
3.254451908706832,49.625595643294766
1.4434459535298236,21.107301331181922
0.46762113718311554,7.607607607607612
1.4904461796587989,20.75980392156862
1.5821335168217658,37.472527472527474
2.956124035532082,39.2487149070779
1.4611092777863979,15.938101066620035
1.9391481430529964,12.751275127512756
2.323782070646886,28.519099947671364
1.9947197316613563,17.792068595927105
0.47939310752270103,10.883095037846928
1.3792365105800564,19.186991869918693
0.45574837294944276,14.939103394661828
1.765263552596302,16.537267080745345
2.4790460984306737,13.769111050077818
1.1475171819602512,16.529132283070766
2.15265181852978,23.019571295433366
0.5094309582793257,10.592830882352942
1.4288425465984291,17.131062951496375
1.8847513650117986,16.157945736434115
0.7285095095504561,9.91228070175439
1.701827228838344,27.7979797979798
0.9294770791164455,19.588285229202036
0.5950309949155439,4.744094488188971
1.1129643485277902,17.312595614482404
1.1592976507629889,21.346938775510203
1.3715740254905981,18.46617238183503
1.546311661646809,19.45863746958637
2.2284681509236397,20.903010033444808
0.8637092569212863,8.707620979426252
1.2420926715274143,6.231837261866325
0.8287742808366293,20.32520325203251
0.6873613278021284,10.165016501650165
1.2833057969130213,19.707207207207198
0.12008036657987106,7.317073170731703
0.7195618747137755,12.152777777777779
1.7415418398724176,18.334534967555875
1.9065136544854937,23.682228915662648
1.5237534986745063,19.12878787878789
0.598775931130255,17.747035573122524
1.2873696695502397,29.903730445246694
0.9254062659899831,25.888501742160273
2.419631603003408,24.3734335839599
1.351888169281848,11.548595949710155
1.3636730651788367,24.700854700854705
1.7257100593393448,11.068883610451302
2.623521183923093,36.53846153846155
2.4508783811424566,39.54613095238096
2.668736552934045,32.88674900565207
2.5640829498156514,12.028938559550795
2.9424115426406576,43.76485303314572
1.7256642676744174,16.256281407035175
0.8755700036994981,1.7819148936170208
1.7710830474447161,25.17006802721088
1.675588179199362,27.78772951186744
1.7633703377430576,22.162162162162154
1.677074654814971,20.21459227467811
2.563995773965918,26.420454545454547
0.6090961037315011,4.162679425837325
2.5821997230759672,31.639740298958174
1.3764792259826877,7.663551401869164
0.26055804985296993,8.22420634920634
1.0889760423246926,9.32923948984412
0.39522511643622216,17.392739273927383
2.1561195495997767,29.976580796252925
0.9390331057618239,8.741905642923221
1.62183932002108,17.528735632183903
2.3510276388162175,9.61538461538462
1.9430511620927224,37.267766264025994
1.2256576660466056,27.83670845387335
1.503279951891904,22.46804326450345
0.45802543569684234,12.8424342710057
1.3669342395168647,19.60084033613446
0.8325460048081976,11.905111633372506
2.089078777638922,11.064776202390881
2.1481851326602586,20.06961818775156
1.9585771994572023,29.688987622976832
1.5323261807467006,21.73305380852551
1.3246142428570014,12.215724496426255
1.8566172731518775,18.279569892473106
2.4197080074476935,27.5489282385834
0.6832294131649755,12.832253741344658
1.4445054068364551,20.499999999999993
1.8525659276014634,25.094936708860764
2.1031181099508816,33.4287317620651
0.6925339673466961,-1.8194070080862588
2.156488424863335,21.719348659003828
2.250622952275412,22.619554420320696
1.3478567443372138,19.904761904761905
1.2524919076260321,11.892985611510795
2.4926309941670413,41.255772381945484
1.804293023093299,28.19354838709677
1.193812242111151,12.53822629969418
1.3346011839157321,22.614020270270274
2.0714296091807287,29.565929565929565
1.979842670546479,28.17518248175182
1.9833849341867709,30.21399456521739
0.675254625370297,7.397685240424764
1.9908209821432572,19.32291666666667
0.6872491839271926,10.250865051903112
0.6952151374355335,10.490196078431374
0.6269774124929421,11.698113207547166
0.596398362247874,16.93617021276596
1.2389490299740393,13.827160493827158
1.462683665435965,18.614718614718605
0.8385117739102034,9.931972789115633
0.9237017512547185,10.186236656824896
1.8253743108313596,33.73060310350344
1.9814460213701122,29.096989966555192
2.144874991748862,18.550724637681164
1.589351251933821,25.374583795782456
1.8302853646402202,13.142754404890319
2.6172055828645364,28.93546082400573
1.9984077189521137,32.74572649572649
1.9128723775045953,24.71703079757831
2.3643081655888887,24.42475839852738
1.2781966504127966,21.834496510468597
2.2446111092396483,23.763440860215056
2.43674012976839,38.63240418118467
2.9260375488001023,43.621140763997914
1.6595645640959833,25.442770288131115
1.3034739837239577,17.44897959183674
1.4338755007327562,27.595836506727586
1.7181316303040317,21.184904416611737
1.425259582241319,12.061370195959285
1.1452424629012201,15.010570824524308
2.6377051473633983,35.506301607996534
0.883793672112227,9.469322117763483
1.8925634874819992,20.39408866995074
1.5686204492796407,19.77193139983838
2.5686081908516503,31.62955465587045
1.3048057650743514,25.79282868525896
1.69430333866189,32.2322057787174
2.0817906410013003,37.82817448156093
1.7632084717203602,18.909410729991194
2.4598298706598944,40.31843862352337
0.9844767760985081,18.540564373897702
2.3634216078913655,35.66433566433567
1.3700514181955226,18.969298245614027
2.086590527685306,27.032266999030604
0.7835755727447804,8.14564564564565
1.225747958761069,11.891029574180877
0.8777570937022136,18.21082341391581
1.0057622146985772,7.334983498349828
2.195338873126102,25.42096686583379
0.6017480216054065,12.531806615776084
0.10844247800239323,12.706591483569909
1.126465754793517,7.985347985347978
0.8057077015063173,13.492063492063494
1.324037190212113,17.003464203233257
2.1739479108208886,24.797725781762516
1.919971368065327,23.684210526315788
0.9014911187588988,14.08009595522089
1.8221452710071189,13.654290765673878
1.5126905639535972,10.984848484848484
1.5064845447623654,22.155388471177943
1.0929109330925062,10.037593984962406
2.072621827360285,20.238636363636367
1.9060958855134662,24.7921967769296
1.5676371354729395,27.336671435383884
2.16294064953438,29.76398601398602
1.4178706853570577,17.596050382935623
0.8485152440124748,9.04676718630207
1.5860330951326964,8.905245697698518
0.5262090032279878,12.846246487354477
-0.07309901605364227,3.3762886597938078
2.313119678929555,26.281196418365397
1.3481380505561593,20.227038183694525
2.146189580563457,37.40320276670927
0.3346651628087014,9.958772331653691
0.31892367907897173,7.652562491272171
2.986071652455011,37.22696245733788
2.580138696499619,38.172043010752695
1.9592268908920318,32.155876807039604
0.9083761299065031,10.739905718384918
1.864166261836261,7.335490830636466
2.801039410928644,30.984091749907506
2.761277954569865,40.277435771156526
1.148477781132755,19.28916494133886
0.9019699387328104,20.57122624808214
1.8701076140125539,12.398523985239855
2.5809176822625326,38.96959593554022
2.30005515437509,33.91991570073762
1.5833617048912292,22.376943005181346
1.3640356030941914,15.764139590854384
1.459136664067608,12.23684210526315
0.4597822140854202,7.173338752286121
1.7170527332059977,21.791164658634536
1.5481190989394582,29.73856209150327
2.644571897179231,29.99128160418482
2.413789677267579,35.570265540591954
1.8809448044232888,19.140625
1.804266208626708,14.53634085213033
2.0581903516936944,33.754829645240605
2.512167363286548,32.39064856711914
0.9668486462711429,18.51618327028163
0.7404525961979749,11.666666666666664
1.6199227172987507,19.291784702549577
1.4105702835892,19.558173784977903
2.680089513542613,52.6813880126183
1.2136839301921563,28.689731321310262
0.6990614374304531,4.823697870055483
2.2325510704565024,14.529155225327095
1.6066091636043396,28.483799937087127
1.881585601069549,21.982631733882833
2.0918212275889374,23.01020408163265
0.8979051923561574,12.528608342561824
1.9800144762945164,30.785989609519014
1.5807529639263507,26.198779424585872
0.6290888425581052,9.10015251652262
0.23133356826600238,10.466721900027622
2.700320881415526,28.953390340840656
0.7972130563852351,16.894977168949765
1.156465875680148,20.122312093115013
1.775938557277103,19.811320754716974
0.21444784050928245,12.907268170426072
1.255948025274181,19.781670921736072
1.2959921570958772,13.267476161075663
2.812340827909217,42.55131964809384
2.832396357791257,41.7422969187675
2.466734910500763,43.424036281179134
0.8861821782805113,12.82051282051281
2.3152073135684508,27.68321513002364
1.6367495462186719,32.95081967213115
0.7845684221623286,7.48456790123457
0.8522123721890094,15.677655677655679
0.9136329743486046,10.446906035141332
2.483644254768857,36.251920122887874
1.4239043486680816,23.33333333333332
2.5559801920963903,27.056650246305416
1.7542368022767236,26.05511915856743
2.3613346852278014,11.73913043478261
2.157643509125614,24.905139703345995
1.3230416928716788,21.278911564625844
2.2110785198801404,18.253828551311386
1.5178623536953406,15.40431266846361
1.2680695749238167,8.108108108108105
0.8325187002160419,9.63503649635036
1.0322259835344167,16.328361556577327
2.2389373000711927,25.139604810996566
1.363843868579285,26.612331679659825
1.6821793908716822,25.430901815943372
1.8710106027800593,27.08994708994709
2.730698332084624,32.55794494184586
1.7006066367031234,24.895351398986563
0.2719494438453217,8.024948024948031
1.2745577150196994,18.678160919540232
1.6467768157389202,15.9375
1.5216123433057807,17.07762557077624
1.2361030187977162,16.666666666666657
1.939332996188282,22.366343334085272
1.1512999681213782,25.47112462006079
0.5574814754050865,7.238219895287955
1.119414675938387,8.365261813537678
0.757725072696488,13.982300884955755
2.206586477768297,31.614765931119827
2.3479852739247074,44.951712028094825
0.22366161370122642,13.9043381535039
0.5505045582299646,13.235123535552717
0.7451323741688165,15.91094216671192
2.1347794645836786,32.204301075268816
1.0165912838052256,16.473616473616467
0.18402343244189523,6.524064171122994
1.1566075198774064,0.4020467836257353
2.0960659514423226,34.55352655386162
0.9543862722082116,22.065934065934073
1.3204492310635398,21.875354107648725
1.553824639388246,24.888107416879798
2.4358841140613725,30.938105340835712
1.8498429378941146,25.03628447024675
2.5034665295470244,40.3918791312559
1.0198861569972832,2.5382096069868965
1.4668695532986666,13.337988826815646
1.1877324386256554,23.555250514756345
0.8676699498726304,9.744094488188978
1.742983718325715,7.97047970479705
1.9419167940218423,22.003850473287343
1.2458305278104975,18.912938912938912
2.640319666495601,29.140025575447567
0.1373333171781336,3.290566037735843
1.0195591811655085,9.880771182141046
1.2890393809228629,5.279503105590052
1.6062425995949234,9.967571257893837
2.2191981929406315,35.45751633986928
0.6843367042572072,8.620689655172406
1.8162351705749096,23.651960784313715
1.0896600592471883,16.797674168192096
1.1245787708327586,22.241054613935972
1.8250404833912308,13.238188976377948
1.7603115972267156,22.434824204735712
1.5241596006824794,14.030847145488039
0.6699561011782327,9.656084656084658
1.4674722292312616,20.608449565393165
2.188572596159346,12.62626262626263
2.669035372199941,39.78494623655914
1.2232819825781338,17.761557177615558
0.2821756561246126,-5.0037716872014
1.4159875519137959,6.546080964685601
1.2361724042325408,6.833333333333336
1.8957395935824801,33.50900307422047
2.170124424942684,25.02748763056625
0.9759594641008627,18.62509992006394
1.8689441211877043,20.338983050847446
2.4834220065166144,40.186596882466716
1.2198087776466933,27.87789133942981
1.9122906580657961,18.11777456647399
2.062682897247708,34.79738562091502
0.976941863720107,14.221388367729837
2.7769546077051013,42.42815350197902
1.4661753313560708,24.944299137847523
1.0561850759113194,18.270864567716146
2.921103891490513,36.240013598504156
1.9885419860217992,31.577389760284113
1.5931903397151594,9.217415265913473
0.8941698139420771,11.246518105849582
2.388525556654115,22.24157955865273
1.727293078924958,21.10360360360361
2.1106673876053548,21.743295019157095
0.8964435752249167,10.217842323651446
2.177547368383412,32.26950354609928
1.0252470464792902,22.776300236406627
1.3884455959400008,29.318829318829316
1.0561180527930527,21.771159874608152
1.8900746974267826,31.117614269788184
1.1465534483296989,18.30140120102945
0.6433587538700518,17.016806722689083
1.8031238994870395,13.647894469812279
1.9214305930639228,32.32860520094563
1.0894929106183338,0.17115960633290683
2.134425431693225,22.005548302872064
2.2663657255293517,14.925595238095234
2.0778263845551717,40.216453611481455
2.165287887535388,30.009920634920633
2.2423962230636367,35.41790160047421
2.1970051529095995,34.87345987345988
1.750305295808942,27.708006279434855
0.5579205707639575,12.529634898055953
2.263131612162554,19.53125
1.5925430529915732,4.193639178159302
2.5202689906607687,16.74418604651163
2.2297074982676457,26.47298674821611
1.062996688989154,17.607289829512055
0.7958021178597678,10.645161290322584
0.9562098604105784,20.44188092677681
0.06156541467567844,1.470588235294123
1.31235369505264,12.873134328358212
2.851787364968125,42.46649624293129
1.5822392945830865,27.310104529616723
1.5379938675670437,4.665466546654663
2.382051156126686,35.799944222366825
1.682178970272544,15.92701265358518
0.44639825450503706,14.842926417878978
1.36365596849401,16.219054763690913
1.3989933434023842,23.529411764705884
1.2961945561012826,17.901234567901227
1.5048725762014845,10.817013463892287
1.0791360420108835,17.177862272919306
2.6640225941161786,34.306887532693985
2.5892492813570644,30.301321301965835
2.059397734497464,17.18239477224678
1.5184511913323187,8.991354466858795
2.651152208727531,23.641402578623932
1.3021897803569844,18.26391998805792
1.4940684327758564,18.731884057971016
1.7501329257618472,18.3271375464684
2.2291879315489287,22.68701714716412
1.9372593203079687,23.565323565323567
1.7359045124369448,26.260825267447792
1.9782470475973388,32.89689034369886
2.4023543844139326,33.78378378378379
0.7280517302454764,12.285714285714292
1.2488137005621516,16.881889763779526
1.1175971243753684,11.71826625386997
2.4295206646261978,26.39751552795031
2.6420400660424868,40.75963718820862
1.1625851156927947,22.55853797829812
1.9409978555426934,29.629165622650966
2.609037596911056,24.597255369928398
1.2658004599354309,15.249662618083661
2.1181112246717513,20.312499999999993
1.6694882687282973,22.528334786399306
2.1879575252637564,24.941860465116278
0.8492244509175246,19.801387891840157
1.8786404186827625,28.90983188996435
1.6826651900592884,26.068211068211063
1.1747211846567636,11.984448951994594
0.49736839205675293,1.8521307032073437
2.339398289060235,14.870435806831573
2.2019710457333534,33.333333333333336
2.9115780938697764,43.369890329012954
1.9442039402280473,37.0792150121759
1.0322426939918283,8.923688789460591
1.5484127058201775,19.531892619457118
0.784697014797992,17.422715053763433
1.9201947515381432,16.781548250265118
2.2506397689418427,25.06497725795972
1.3701801647515712,18.756206554121142
0.9243809456062253,13.334923664122137
0.9400515274077763,12.624584717607966
1.8148182707182576,7.564102564102569
2.019396927304864,19.36972668926228
2.1611436341939023,48.968393327480236
1.6947932047145584,12.97450424929179
1.90795605920373,24.588235294117652
1.08337075644901,16.966516741629192
0.8381741411935499,5.139755139755131
2.0424784304165158,22.463768115942017
0.6129272424411024,0.7451686865378306
1.0688565600726176,14.719690693178691
1.3777640863167095,14.449917898193746
1.887874536896303,21.37096774193548
1.9705551958654814,28.056787932564326
1.4900876467530828,24.34834714870668
1.882704128063276,29.31049626701801
0.7655638651778204,16.467463479415663
0.8775389205051838,19.230769230769226
1.5751471568127395,18.229927007299267
0.2891561768766767,21.967087638729424
2.121625813478031,25.0
0.7557018615685471,18.7006237006237
1.399311750702263,23.139198678232134
1.2121315161220578,8.884892086330943
1.5634724503195732,15.238095238095234
0.9567540513048327,21.56149732620321
2.4674104582549985,20.503978779840857
2.3615818651395952,20.18025078369906
2.1964931892761252,32.764976958525345
-0.2996469426385695,3.9632955876610794
1.9084967874264067,35.15416146854393
1.8903384461706554,21.028571428571432
1.4169807260446325,9.979679385865879
0.5679000608264753,16.34097706879362
1.7489536158772343,27.210393359797912
1.419144645242064,26.100840336134453
2.2100722239691066,25.265475265475253
2.0911338144759086,21.020604248959103
-0.04571450997059895,6.780303030303024
1.8578363167565999,27.983193277310924
2.5028416454127766,19.403794037940386
1.9415839860465867,34.16149068322981
1.1190328420911182,11.887141535615172
0.7664224298860793,13.087544065804941
1.9082868070583696,35.86027499070978
2.261487345946895,12.618943053725651
1.8958493693641856,30.249645892351275
1.2637374724698813,16.807969478592625
1.7611189197288373,28.529411764705884
2.366148889548862,29.96658312447785
1.6826514428405956,16.527237354085607
2.0088687801989447,33.99778516057586
1.2235375798540202,13.185406443353962
2.2421849631943123,15.66558441558442
1.780928626170562,7.907647907647906
1.8098607246668255,26.654872475305908
0.3422338798387302,15.675675675675677
1.5027130610383108,17.886178861788608
1.0833155965993837,6.013264554163591
1.6269790024097048,30.27462946817785
1.3447975301796755,15.749584717607974
2.254712065832436,13.75
1.1611941856304806,14.959349593495922
1.3935154503413094,14.545454545454547
1.1883580285086397,9.053708439897697
2.341397389048681,33.37204800619435
2.4172647765322313,34.53879453879454
1.9398219275557667,11.863867684478372
2.1865367486080673,21.243153131698023
1.0971887084403784,19.51793721973094
2.098134321754917,22.049689440993774
1.204258267703393,7.21919741883444
1.4663540080290958,27.30263157894737
2.4385168692911803,32.90899241603468
1.3264410981207493,24.137931034482754
0.7363861977101426,13.660045587756436
1.2344860656126446,14.002057613168724
0.5741792342414906,9.323563767654235
1.632953633881554,22.821548821548824
2.477462311168716,48.04081632653062
1.8314146772994424,9.288071664309285
1.4819531042836687,21.80894308943089
2.0143214994506753,15.965573929020401
1.8741924361477185,18.433048433048434
2.807401135034694,28.611111111111114
2.195918842857044,30.157728706624603
1.1170836032067881,9.531739811912225
1.0535344320693063,20.145953118089338
0.6294468469432731,20.398078242964992
1.0205862003116577,14.394350896252043
0.30057450306943007,6.039713182570331
2.010609048102839,32.839721254355396
1.269424539929037,15.95319634703197
2.081155463079055,20.643472906403936
1.7732950043560547,26.55640505539086
1.0009486352369044,6.805807622504531
0.8912467455027379,5.914786967418536
2.5318647784769386,31.256588656968162
1.1992799713500555,14.73684210526315
1.5990088944583905,14.629659254519282
1.0440619664512154,15.086323781975963
2.1394618125823666,29.518196856906535
2.652513173770643,32.9553508150248
0.10981610749058601,9.85663082437275
1.5238560883721979,21.148775894538602
1.7760209257859039,8.213058419243985
1.2858072673518608,17.27111897390536
1.3358790151946158,18.228447425527712
1.7343127743856275,20.0
1.3589244163731347,15.686274509803916
1.432498808011534,15.726950354609933
1.0767851235673855,33.52564102564102
2.4105711902046916,36.312056737588655
1.2565059303821169,9.95979532163743
1.8371624567693012,20.97186700767262
2.524405636545941,29.45729537366548
2.196801918664688,36.51939960351175
0.6400330019030178,12.75303643724697
1.8893345124587348,30.422008547008552
1.5040650440092445,15.576323987538935
1.6770527021444437,24.630733350608963
1.6422996776949246,29.921875
0.8775407189747031,26.138922570587212
0.47877637114144433,10.306917086578103
2.272209598159569,37.17006033182504
0.3866598032966374,11.764705882352942
2.298872713956532,26.06382978723404
1.6491505953363912,16.33040935672515
0.5607731667500154,-1.6988255033557067
1.9571486369657705,30.73945025164538
2.2151084580676708,29.87377279102384
1.8642649499485748,16.52582159624412
2.0307756544890623,5.315315315315317
1.504587011474722,15.098110465116278
0.8373937475435189,12.95454545454546
0.3354659677789636,9.185784975258656
1.6868609644945938,21.708937198067616
0.9938725201395093,16.88693098384728
1.5290533749459345,20.977011494252864
2.229174675851779,19.18038922155688
1.2760590889372028,27.23214285714286
1.066601015542605,15.650684931506845
2.611342355881093,32.78401997503121
2.192471972367963,18.962824117463285
1.3574323124664618,23.353350490896958
2.5297917062012845,28.822667318026383
1.2398308046671804,11.35664335664336
2.8105077015852213,44.39704967564205
1.891041272257592,16.51935124002403
1.6332415021953244,26.564133193967443
2.262555840260603,17.20500988793672
2.031373499551864,27.66934557979335
1.6236065352106943,29.399359525111294
2.0824078710646754,35.132109270040296
0.8187646880598034,12.51256281407035
1.5883863601207147,19.502487562189046
1.1342494616260177,17.799429657794676
1.6048724202931683,19.717155154744823
2.2336092564197148,21.22115633912368
1.7365136680262734,28.9777959684846
1.2023537687242973,15.279974691553306
0.9396071442643827,23.873873873873876
0.4787001853166547,9.597482627507539
2.34003266198424,24.744750529763053
2.215237278765286,32.03463203463203
1.464090390851626,23.463544980277383
1.707629506367767,26.022176022176033
1.0794865812355086,21.29629629629629
1.7949459817408664,24.68433877279775
2.4780721196905913,22.162549230218403
0.8603823439234435,10.321489001692036
1.29410464975823,24.30445151033387
1.3358837336862415,26.46251625018055
1.6798094969014026,23.46707818930041
2.7756541011711278,38.55315165383816
2.3304946835224007,36.69204358859531
2.1210723605955026,28.802776171197237
1.7618597893253969,22.557851969616678
0.9036804459961967,19.962779156327542
1.0651325817518984,19.620493358633787
1.1892187699820367,20.067340067340062
0.7481545394701884,11.932367149758448
1.7500085555189635,15.505464480874316
1.3822812880093318,11.221669430624658
1.6867636877510197,25.0
0.5576599750917843,12.561403508771932
1.2483569157174288,21.561585528065976
1.292405964813036,18.330237559878775
1.3652464450182045,11.900780379041251
1.1044383703786294,26.470588235294116
1.1168162571224023,10.735294117647058
2.0065405548543755,24.330484330484346
1.6964099842954248,29.205190592051906
0.34896509359222283,3.5981075697211224
2.32551037202472,34.98575498575499
1.0899796131940944,18.177988414955237
2.4997401779493287,39.66659763926278
0.835180794632121,11.902006172839506
1.5661925336525235,35.55289739500267
1.8436099817813716,20.297987616099064
1.3581248335427856,9.203564466722362
1.562234850707136,10.357458633320704
2.093479841022603,25.23423423423423
1.9790435711850838,24.073087171678722
1.1164402314656465,22.730649234883373
0.7678748217806244,8.184143222506393
1.8834038474914658,22.96624239070284
1.3024246918811457,22.599838644614763
0.8088164401375633,12.332112332112338
2.624838509955591,24.278846153846153
0.7815497877757744,9.670398009950247
1.950575828749522,13.724384282759921
0.79312424116247,6.94471200154112
1.0476310397001574,11.990049751243781
2.5487385309673845,33.34021043944708
1.866895893912539,26.4578282506061
0.5412605928540073,10.0
2.274980938049548,33.86752136752138
1.031316741524275,13.886792452830193
1.5531266813429059,18.35205992509362
1.3383227753082665,12.374827744602669
1.5247142955046855,15.093582887700535
2.1163838520490836,31.77072235243981
1.1386984996060903,5.3488372093023315
0.5056470950350122,8.09748427672956
1.955553508970946,28.67409797594602
1.7952977735400026,8.265895953757223
1.1589185787902416,21.243842364532014
1.8909226388197378,17.97954233892228
1.7964361388684944,24.07053802089183
2.33721649180568,35.38324420677361
0.7362984960791632,19.4015444015444
1.1587587249715614,10.239043824701191
1.993355851367083,27.307410124724868
1.4787790586148812,15.387081263022914
0.3183539105831361,4.799999999999997
1.214184954009935,6.01973684210526
1.4529158971458194,3.9180672268907557
2.3653022555748136,35.29411764705882
2.643582470145178,36.518694227945325
0.48515630809537097,7.7114427860696395
0.9668585830712371,7.701149425287362
1.2205017232514068,18.628099173553714
0.14045645394302003,0.7036374478235032
2.1173446349579006,31.058467741935495
1.327687925652715,22.28044638524988
1.864678170032331,34.04255319148936
2.4121759855186937,23.321945337620583
0.6199538304639326,18.368049578240665
1.0580407931407112,17.91979949874687
1.9260941611501317,28.173981191222573
1.3139593945334445,12.509920634920633
0.24454163987310817,4.927536231884055
2.1003584777998294,30.89563019140484
1.1875541440221005,13.755020080321287
0.7789385546852178,3.9682539682539755
1.9785713150858317,29.679487179487182
2.620140658109619,29.834983498349835
0.17786055453872976,11.812970664268853
2.379824134239109,39.47916666666666
1.693563702669446,25.370771538076987
1.3646075171563916,24.27278603749192
-0.011679819244665601,2.5424634120286242
2.340589703799143,30.957854406130274
2.797888172705166,38.33056478405315
1.9602928353554727,17.92763157894737
1.0847986537832524,22.009389671361504
1.0043421114657538,18.767507002801118
2.5153354879324583,9.308176100628934
2.237210392974527,31.63865546218487
1.8363682935518355,18.91998423334647
0.2767238331634926,3.88632499392763
0.5908934632848633,16.865962180200214
2.3374532824833,24.03186274509804
1.6589495674002268,23.157808264191246
0.493336679153229,5.402298850574709
2.8540355458417843,28.501835168501827
1.4228257259614194,18.259468170829983
1.2836693879957974,7.513057452792296
2.1424414841818376,30.6893106893107
2.117173460712171,51.19047619047619
1.7222815592203193,17.07317073170732
0.8689621083616089,12.156350790969135
2.5885990466414572,42.93507910529188
2.3217297236372896,14.404145077720209
1.9148776073760099,33.07493540051679
2.179400831291638,41.056910569105696
1.8894752515114457,22.868852459016388
1.941177033327933,27.0593149540518
2.07356052596353,34.53062089425725
2.0444955664305975,23.280692817116673
1.6006439089030526,20.798319327731086
2.204273161554844,31.523625843780138
2.130748203646294,10.330687830687829
2.3884035535757793,33.7593984962406
1.8089077070927009,24.92143306096795
1.7245816119951576,27.716216216216218
1.660205080967096,22.632575757575744
0.5078841019882712,16.09427609427609
1.6699601853853168,17.95519437733362
2.0219115033216206,19.049919484702087
1.9012195423073774,20.270270270270274
-0.18765453628767015,20.0
1.901482370046816,37.543202764976954
0.7170068964421814,22.644295302013425
1.8581900751997438,24.206349206349195
0.9842954255793885,25.57876905702993
1.800854174031659,28.531689346665658
2.2482518494159693,34.84165984165985
1.0144886552887684,10.335820895522382
1.4061470833946093,25.187265917603
0.9784002866476504,9.604743083003953
1.1795670312007769,19.309056956115775
1.6973854426763724,17.158685035352427
1.5368194996992162,6.030701754385966
1.9465011795337448,12.852073630516735
1.033643101061998,27.00740120094958
1.3337549768067052,19.869524697110904
1.7434090820792192,11.916726489590808
1.8352011038344327,20.178178873076476
1.1975279653153106,9.277496548550396
1.652569464939341,18.681318681318686
2.0895913788604568,24.745090634441084
0.321007235956533,12.205424633170303
2.381240270483376,35.64013840830449
0.7414655677145687,19.29152148664344
1.7043982902472274,23.905452591995697
1.3970377827678817,15.72327044025156
0.9196847749651951,9.259259259259252
1.0406143430666563,5.860714508385811
1.3379465517326,22.069996263544652
1.7683521041533123,13.190883190883184
1.7823736750227825,4.543409806567702
0.527926113960784,10.0
0.8315116629473773,20.436105476673433
1.7988122580728194,25.62951082598235
2.2003491370067025,42.710526315789465
1.8223759433019913,23.27633756205185
0.6781805694827536,12.311164044380362
1.1334745583402888,16.62904938927244
2.062972459158444,30.55100927441353
1.4746323315693872,23.412155559898387
1.6254038904372625,21.907519681476785
1.528852221983279,8.592592592592581
2.1669665551568063,26.353187042842208
0.2551020816304425,9.781209781209775
1.8092065226209315,19.13486005089058
2.603284316057263,37.53910323253388
2.1660932499430823,28.571428571428584
1.7773722644047976,26.552667578659374
1.1502716726670257,26.68174109666478
0.305078065708742,15.201465201465204
1.1070473999792578,18.888888888888886
1.7712887928948844,19.927536231884055
1.1551830350748828,9.303069053708434
1.5065648893299566,18.894123481279443
1.8208554892845625,20.06618863761721
1.7010541511118475,23.567272086051837
1.2203710465010407,21.519679300291543
1.785139775962126,18.734434092795873
1.0245118026197508,18.34013605442177
0.750158266368187,10.418743768693929
1.5253942987906735,25.54179566563468
1.3143955321504304,21.872571872571882
2.05657075789706,28.24786324786325
1.6644203553740218,26.22265122265123
0.6821759147499769,13.037433155080215
2.3493032532347216,31.389935712702297
1.78336919014239,21.106603560964615
0.7866883201868472,3.7311131668208546
1.547179464822023,15.380223795387074
1.2025341859764,13.742098609355246
1.3895984854793435,13.864306784660755
0.9492342942708742,14.112903225806448
1.0531204557390639,11.378039793662495
2.3842125219924215,24.196326061997688
2.153996060547943,23.62155388471178
1.7452098161489968,29.627023223082347
1.260593249371657,6.19047619047619
1.6953036358119555,23.313953488372093
1.459661647865988,24.128668763102723
2.2723422104817237,32.25806451612904
0.5647403753354511,10.574860574860566
1.2438693478142246,20.626780626780636
2.2940120480205195,15.714285714285708
1.7293212164272296,18.21461824953446
2.0185361080652147,20.876330876330876
1.6733204847979226,23.542132736763612
1.813066511873049,26.017396707051873
2.4998059271360424,34.40477557111698
0.6235325548738276,16.41941523836958
1.9063042285443612,27.12842712842714
2.4267645658999566,38.55846774193549
0.806502039299754,22.447422905088807
1.5682626690509567,25.501672240802677
1.0074479248607975,5.341726618705032
1.3600418262898966,15.322580645161288
1.2470608434439368,9.45945945945946
1.3539086081778737,20.91020910209101
1.6037981389806992,17.98534798534798
1.0834852094716292,13.19875776397516
1.4635092146474076,15.587349397590373
2.153673168198577,13.968253968253968
1.7406641193436851,24.373100303951368
2.432122091043067,34.43670150987223
2.5274819703485787,33.67791754888528
0.745392052045517,22.01963534361851
2.4284493358738573,39.55843167110773
1.8305608150889372,16.896787423103206
1.3074355118361185,19.673202614379086
1.2511450827779012,18.565400843881847
1.1925653244496346,11.519607843137258
1.9171431403509365,29.909233723162856
-0.24617929673873998,6.61391763035099
1.9556858730695006,24.679487179487168
2.0738502550290074,34.084440227703986
2.510015523751261,34.43627450980391
0.6882230229857895,3.125
1.7832094027287742,20.754533047377663
1.704535279140467,22.150997150997135
1.2570979361775532,16.75050301810866
1.3449897958408927,12.752219531880549
2.4819282509943124,33.173076923076934
1.8153811127719206,22.0979020979021
1.9924081540880407,25.483091787439612
1.2614568164641604,20.830842797369996
2.3234872156796227,33.093626621545404
1.7851173199167176,23.401360544217688
0.5597258840219789,8.129084967320253
1.3599965946994552,17.42160278745645
0.6281807691501515,9.886809886809885
2.3203787761898433,18.965517241379317
0.4422921372660587,8.02514792899408
1.8784697650074524,32.7565982404692
1.5686847467757115,23.45528808551316
1.2247820929284274,26.1493161094225
1.6917906346950966,22.25966019069468
2.798177286548343,31.03514132925897
0.5009496859396425,9.740611691831205
1.1345969333065913,21.634615384615387
1.3591306045342668,7.850340136054427
2.128829465422565,10.131826741996235
0.8282749444451398,16.491803278688522
1.8572455933099383,35.743052758759575
0.9133083362340427,20.28502122498484
0.776432977571343,14.424280350438046
1.420189734498258,16.385767790262165
1.1456351087965548,17.378378378378372
2.135182542507998,34.37836673130791
2.5070929778893793,44.837209302325576
2.2853030172064663,32.83851936435437
0.30396764413989275,3.663387063010262
2.1969000408227592,20.7283998450213
2.4805537934599484,40.28659827389676
1.0904328748985335,21.150793650793652
0.6701659173243351,15.527546777546775
1.3537981271279294,14.850767893364242
1.195830124093468,17.734657039711195
0.9430713200561214,9.568106312292365
1.9166016896398776,28.545454545454547
2.2505897091307014,19.28432642487047
0.27281442288278557,4.751868173979695
1.1688469722779953,18.397446955321726
1.4335604480409576,18.68008948545861
1.210749023969869,6.6135458167330725
2.756284776562246,30.319148936170215
1.7456282674840584,32.53968253968254
0.3231388782263747,7.322707322707316
1.9037584639183673,35.42206856813598
2.663486579918839,45.23809523809525
0.6841167647266679,4.954128440366972
1.032953846189506,14.979534790855546
1.418984104469306,11.048963873097378
1.7562674096100979,30.709219858156033
0.9705377603126983,12.722210323409726
1.4635422380892513,28.09219534459151
2.6132473878484026,22.0831342570473
2.2542191757800185,33.764465622872706
1.2655169228928442,9.019607843137258
1.2385598829371873,24.2005527043032
1.5752874971119053,30.75933075933076
1.2122489731815596,23.69762802039459
2.2865824489815267,27.45433180215789
1.6077743873563524,20.05420054200541
1.259953275942505,15.93673965936739
1.77960041765804,29.494911421032796
2.4099683975425332,23.736263736263737
1.1164086907937731,16.372633390705673
0.9594220759656409,13.68186874304783
1.71364094204983,11.559818273599184
0.8006126992972152,7.033684522926251
-0.21291190526064158,0.0
0.8330433208329737,-2.5764895330112765
1.438824402407056,27.877795962902354
2.23769229422566,31.042079753249602
2.196628320658615,27.723527616722606
2.176884013243596,18.99080288342033
2.3032094267942735,22.460317460317455
2.356529637403504,33.1058852199342
0.47549487257442796,13.900666262870992
0.9439701710384993,11.341515023275505
1.0872752979685123,21.93798449612403
2.9057313502446496,48.59724503980791
1.1600618738264294,18.07935595169637
1.3524589343661018,17.2120295063363
1.4481623988913954,17.76556776556776
1.9248523646558235,20.829394340455032
1.5413353077447929,17.034313725490186
0.8130352502152297,9.528569048808933
0.806154020084162,9.809109809109806
1.1720772327616198,16.546197360150842
1.9673533632307265,31.12835170818021
2.2430089398304616,23.997662185856214
2.280027868049409,31.58730158730159
1.6239815284915662,10.5
1.9623117643517016,7.082273112807471
1.2158205139650482,8.92151326933935
2.283946347512736,15.093240093240098
1.5924689228847655,25.127507650459023
1.3820487678564695,21.4025974025974
1.8019610863656632,18.797075764288877
1.4783639227522003,7.464171974522294
1.6420378275028553,15.31571218795888
1.470710109169795,23.416342412451364
1.7914339985150523,27.876720980169253
1.5862010904165604,30.865006553079944
0.2146397251720138,10.9951690821256
1.1053587664041777,24.698884758364315
2.068422659448422,21.858370855505527
0.3432662445820819,4.502118644067799
1.4175949543013964,22.76422764227641
1.2495755387949774,16.090973702914
1.898456450677728,21.704545454545453
1.1971456784469572,9.795164022793777
2.1334331193518663,18.397212543554005
2.8162702574123317,26.89113212369027
1.942847834116443,28.18926859440235
2.5646447472560023,32.34663234663234
0.7836997271603445,18.348257115446117
1.284079201703598,22.376009227220294
1.4074802334321088,13.628301143082382
0.7237334781948939,17.38095238095238
1.4796790544139808,17.5141242937853
1.8351084887978903,28.11304455140072
0.5333163143130843,8.970831040176122
0.5632942455566273,18.650793650793652
1.602217295550235,18.037878787878796
1.671098395743484,10.280898876404493
1.2485788189851343,13.352654272990733
1.4193578646530105,26.7042330951072
1.3167221204887138,26.451060184193615
1.9752417623737983,19.726402188782494
2.114776448621291,27.875354107648725
0.8950253520679576,26.373329734107166
2.5599256854615415,27.47222603209437
1.9656967658549516,28.016591251885373
1.4164895745350152,5.037037037037024
1.5347685280316625,23.258318079035213
1.1045089550692533,16.005535055350556
1.2800542969581747,24.13916786226686
2.105247758407181,34.24268258027848
1.832572771325927,20.44534412955465
1.6332261760166533,20.77415326986108
1.7875241397496082,18.611111111111114
1.2842997147287751,8.291517323775388
1.122223670164744,24.21459227467811
2.354130811521052,26.739261947973382
1.3646651004815555,13.69047619047619
2.7137422345091484,41.91931441506993
1.299741735157213,14.166666666666664
1.8943600893961636,33.318077803203664
2.0735524478942087,22.90461233261697
2.6542833502903167,25.088904694167837
1.3095889927101703,19.73817567567567
1.8476323467603524,29.11162911162912
1.616081390665155,17.365695135574285
1.6649795555934763,21.012110032881544
2.579422462811248,29.813022643991353
2.4757180424910663,26.174238785899526
1.182468880215729,9.067796610169495
1.4957635336025015,10.684044496098288
2.0361656889250574,23.076923076923066
0.9761605462999405,21.18352059925094
1.9357853316242084,17.647058823529413
1.4020763236778893,22.196078431372555
0.7679490602517764,11.904511515406455
2.544786500681044,22.225837943377805
1.8425237104813026,29.993229519295866
2.1942105414856647,26.057850195781235
1.6037375940582739,20.202020202020194
1.1724645324504253,3.9738430583500985
1.2599104012886542,13.87978142076502
0.7426411609768802,-0.4166666666666643
1.3576152644328534,4.688869412795789
2.2923265947793343,41.34099616858238
2.180202058903466,25.18085495067593
1.2764543681055913,17.08520179372198
1.469468384154598,14.456145518815823
1.7878595218080948,11.421052631578952
0.18492818764696706,6.289308176100626
2.1620392677085354,30.66202090592335
0.8180255338072308,7.8815261044176665
0.8998028064880228,11.322696860524964
1.646298735955441,27.00534759358289
1.308734763211444,25.02312198129689
0.6046469417362644,9.186064677394157
1.1494309171126555,8.741944522275155
0.20220716699178248,8.806201550387598
1.6629487762156283,24.176520270270274
1.3538962942668105,25.83333333333333
1.6609834267456876,10.837829260552212
1.1283074945968645,14.097222222222214
1.0845022780687428,15.08429458740018
1.539746026814368,27.50237191650853
1.596437173611418,23.446132596685082
0.5902888023863913,20.871080139372822
0.45253347746338907,4.648002174503937
1.850469064361953,7.689917663507849
3.3429040027461605,45.61122956645344
2.244879919172031,33.654056418106265
1.9067741396256657,7.939393939393945
1.1944966414006055,10.70557491289199
1.204326740846628,21.776800724169142
0.5819597247581698,12.609819121447025
2.3846379170544068,26.392961876832842
0.46614226203451914,7.912648893930793
2.794269982685882,37.02167514048702
1.9578216495667813,20.70924764890281
1.8493144404027277,26.862268166615998
1.0706870071069383,23.472222222222214
2.7492986895725,38.82508250825082
1.5762962058619328,13.951890034364261
2.1593883296359713,28.82142857142857
2.417739952570172,34.36636399526253
1.8635459912524774,17.712355212355213
0.3347920275233038,9.909054962435746
1.0419884028185276,14.69442165709598
2.323502119733798,46.388741370154015
1.6802960549954227,21.967213114754095
0.8015243106547152,7.929445415541068
3.2534546348002977,48.667711598746074
1.4487011995183952,23.352210162026118
1.7102547582369187,17.628205128205117
1.3746280293767121,33.51389878831076
1.4854240455013028,22.709463532248343
1.795992624625051,21.34657836644591
0.9913903172704721,12.787356321839077
1.7198753265962308,15.143325143325136
2.5497088222879283,23.011363636363633
0.5515200173751429,18.312302839116718
1.0632882429088246,20.523823616454564
1.242725720381244,17.567567567567565
2.4474666310016575,34.50773145429634
1.7752765180203398,28.693528693528705
2.9407535733403165,31.6678520625889
1.3866528304304302,13.084808946877914
1.736524047095869,18.465058968491462
1.5736953471885227,22.282608695652172
0.8868621341790913,22.63814616755794
1.3087343013460198,19.476619476619483
1.3395185243424677,21.812596006144396
1.357193001720354,20.4409187344341
1.9791358430816872,21.794972815380973
1.139781249467291,19.03298110790906
1.3434206097691463,23.399897593445978
2.304828011685326,42.738981448658876
2.1038750880369097,15.633423180592985
1.193680969300059,27.380001774465427
1.2266979746005968,12.333333333333336
2.9051441670879172,47.131964809384165
2.620870264093682,30.56204993921257
2.2207148575650795,30.31540730655776
2.142492744298551,26.701519037285465
1.8725498310870474,28.44282238442822
0.8033896911442661,10.373134328358212
1.4392506356647734,27.443202307969713
1.2637924126870557,18.473895582329305
0.9132798263394941,25.325424287361997
1.909986242052356,20.5446342249436
2.4865415276160157,37.3406005758947
2.6941852783552434,32.74963518865959
2.066159483311488,22.019147084421228
1.177523566244027,20.84084084084084
1.822868500245789,27.59342301943198
1.3602139117995828,23.662628145386762
1.3091130029816707,22.85714285714286
2.172915577179004,33.68121442125238
1.445223577152705,12.758458646616546
1.5157545186460355,33.06010928961749
1.073020062108616,23.02604939937914
3.0852031402889546,39.16508538899431
0.9611870083136369,11.785714285714292
2.3305511803867356,27.633795164357515
1.362858632162124,22.69317775925706
0.8693468453374731,5.97904105656044
1.7303601409456748,21.11060640472406
0.9730934499252621,20.00115048320294
2.4330830147740636,21.932758317197674
1.3171340057462082,31.90476190476192
2.224002346447076,16.848816029143904
1.7746642790555,26.380952380952387
1.9564830018954829,22.910216718266255
1.256384875495055,16.47489073231648
1.429094882277591,10.997150997150996
0.1644935375886671,9.002057613168724
1.6707266189076166,19.85074626865672
0.5931623997782725,11.035460992907808
1.5607435518103066,19.608018614641132
2.005294299285298,14.16984732824428
1.7532918553398027,19.94851994851995
0.999564601412434,14.103343465045597
1.7992027055210658,27.042925278219393
2.4615977261835957,38.538392456219135
1.9234014092061749,16.976439790575924
2.516005611006197,42.502210433244926
2.0109481220757446,24.55011561274756
2.4595298807475405,15.085248332097862
2.0071730179469753,22.07207207207206
1.2034004062636146,11.263440860215049
1.5958201059078219,19.89247311827956
1.7924543150540335,24.014848657909766
1.9430060373625657,15.970272502064404
1.788918530586787,30.18181818181818
2.49478462934827,36.544764533379336
0.8318522006418172,7.2541071047578285
2.070397050875801,32.32457598935817
1.8360115031481574,27.472527472527474
1.2063376172456877,25.888594164456244
1.4368269089645658,13.973509933774835
2.489473359739718,31.409544950055484
1.1131617716955078,14.055559738010992
2.206800591974464,38.392238392238404
1.412857462608906,12.479889680533212
2.0769312814301912,13.180272108843539
2.1973477140497626,20.71005917159765
1.2346968910546177,19.625825385179752
1.2174121071914332,16.477987421383638
0.972739990087673,8.518973728683363
0.3314491389630527,7.878151260504204
2.144038464887545,40.934065934065934
1.738933127371085,12.760416666666671
2.633284800881918,38.94571740316422
1.2775437978266695,20.725673446948875
1.7190398603806718,29.8603138155377
0.9666980925144677,11.281878061138329
2.7613429671822907,34.48504983388705
1.7227172785728415,32.392245435723694
2.2123671000990095,25.88235294117647
0.6871841656781298,13.324175824175825
2.0234397587853334,31.680022105554023
1.079644522628009,7.9315421420684515
1.998452554387873,16.7022696929239
0.9888796331228266,9.166932143994906
2.022662673990513,25.76323987538941
0.15887167347912468,5.139026812313794
0.7147426063369818,10.599136836760607
0.8541456855054492,15.86570111915735
1.7480509061530132,25.858585858585855
0.8730552825840253,12.006578947368425
0.5570131096413938,7.721139430284865
0.5406350670310401,4.889807162534439
1.237060235554996,13.522626441881108
0.6146589872471812,26.935064935064936
2.754965211913187,56.97211155378486
1.7540584771753323,22.55242794661882
1.4385540427742183,12.36413043478261
1.1112061210422763,8.316326530612244
0.8543220348863665,17.60075865339023
2.580295036459364,18.01782682512733
2.94199867400577,46.98001816530426
0.8000458428698962,16.43690349946978
2.148775664855956,19.924812030075195
1.6075575883993796,25.419558359621455
1.3796095089657934,16.327898146079967
0.3662761605181809,8.438914027149323
2.249979292613941,45.20499108734402
2.150481207965985,23.484848484848477
2.0228078654452375,26.53562653562654
1.1668764052900968,17.842822774659183
0.5989653612678081,8.958333333333336
1.651249000023745,8.030976624121621
1.4982991599956794,24.46406052963431
2.2425247220946085,7.192982456140349
1.3218582023522705,9.85099337748344
0.26772078268060584,7.709923664122137
0.5062806418252707,7.177263969171484
1.5851430793703094,21.737660581473975
2.105651410840015,28.347323517269842
2.589707165114482,34.95792426367462
2.170996404485835,17.179802955665025
-0.4184191303773791,1.937849162011176
1.0685842269036268,5.774647887323937
2.2509017749476934,30.43478260869565
1.8973864975722594,32.87465309898242
1.530583647584895,11.399133744585903
1.1871608171105743,22.943722943722946
1.327297641515505,15.674044265593558
1.609346805048166,24.58770614692653
1.5852601340371733,30.357142857142854
1.2740957918747127,13.235294117647065
0.9935650565074989,11.021126760563376
2.033695503835143,32.71694329954328
2.191490346692718,32.07971713275473
1.3767518343713752,17.239967239967243
1.4300256227884325,21.24766275709672
2.068781449055498,22.71929824561404
1.3399491540471373,21.602852852852855
1.8928025287655068,21.775793650793652
1.9616309200812978,30.379298121233617
0.41485167718055355,3.2956685499058267
2.2085584119118113,30.779545860897542
1.8076954547140314,33.522727272727266
0.9370817749115673,15.623346852406982
2.704755840138976,39.55458726700556
1.1440426792171978,9.586480221341517
0.5648466471283737,9.678230266465569
1.594759218396106,19.626696832579192
0.5749431860377026,6.764981273408232
2.0894004633651257,44.11764705882352
1.0798085162320876,5.966064586754243
1.4877062461560397,29.102639296187675
2.3679682672476634,16.07142857142857
0.9815549533144556,11.990231990231983
2.760945577217349,29.830441640378545
2.7438408523621707,28.655115511551152
2.3270010396460497,20.894763599389933
2.5731711594034667,25.974025974025977
0.9964767400077527,8.075355293599209
1.75097159974229,41.35135135135135
0.4759813912014161,13.193277310924373
1.9396991536757393,17.312734082397
2.080716894125227,27.740645529848614
2.529971819301675,37.22633247772912
1.1515546362150535,16.118421052631575
0.8287535346430296,4.117647058823529
1.899367358528541,31.3276702847255
0.9622795831873335,10.702410640066503
1.7111757355110373,7.894736842105274
0.6050115787060425,3.1317674496085317
1.3279505057167778,15.14339917419931
2.029817263699297,34.94117647058824
0.8079718585372807,11.659663865546221
1.030001162874155,15.238095238095234
1.4754706876861348,13.95042194092828
1.1995562991205322,9.180402930402927
1.132385798187452,11.593430034129696
2.904767986052847,24.82601626016261
0.6404869449528263,20.418725005880965
1.6263946010541686,30.331340308918783
2.16838020526077,37.67663489976996
1.7841399265218842,30.744234800838576
1.6011708017186712,24.632686377652824
0.9974108795512701,14.475609756097562
1.240226719860156,11.75778953556732
2.3373668280286486,43.32543443917851
1.4527838784797948,25.150150150150154
0.5016404084124828,11.486486486486491
2.3006856239056916,33.077679449360865
2.2578692041328847,18.22102425876011
1.1918353144028944,13.461287374330851
1.4751647545439328,17.316849816849818
1.5168577287925324,12.092027822364905
1.643875991308414,16.30695443645083
1.4148611254589312,10.0
1.5489653039695697,32.86610599385929
0.18659003670019353,6.020306020306016
1.3285656623819544,29.735193046290682
1.6746613382499542,20.429097173283225
1.4247097336613666,26.54748173779315
1.172776443150442,16.9362084456424
0.6176550654252106,18.212365591397848
2.1785760591482726,22.66553480475382
1.973478833650701,30.521642619311876
0.7395953712334726,22.942805931236762
2.2196816145722473,29.411764705882348
0.6208367640832231,11.201298701298704
1.0702615205516208,15.0
2.0647160133803064,36.98529411764706
1.7199399868557346,19.554848966613662
1.2551380629363733,20.714908456843936
0.9133367590019412,9.326126126126127
1.1794771678748504,9.390243902439025
1.5561168815850457,19.894330420646213
2.2076163232804493,36.56362906463268
2.060801702131795,36.03728313030639
1.7184100689864366,28.21140061440436
1.2928474924673599,8.092948717948723
1.1856172985756765,20.907003444316878
1.9575061136757168,25.361523885509122
1.9550943390412039,36.120912726417316
1.2680741769702804,6.362672322375396
1.4121508567163699,28.205128205128197
1.4184571678841422,5.895172714394683
1.622293452994199,14.218075476953068
1.6125578272121053,19.73961998592541
1.5924342890201628,22.471443406022843
0.8974800074460894,10.173010380622841
2.2049073794102583,35.48717948717949
2.05331232686085,35.224113001890785
1.4437810132561337,22.594298518610728
1.3896460114859415,16.654135338345874
1.8706189285144994,20.06472491909384
1.071540695604397,16.5
1.31730007001164,18.69132290184922
1.6712101971786777,26.38483965014577
1.342005746621568,5.220367993153616
0.48406554991329626,11.542443064182194
0.8323368416433371,9.49675324675325
0.988408969269202,18.8926887882429
2.251656981887015,23.189713512294155
2.161298959679936,18.629946771580656
2.078005680355479,32.33870967741936
1.2943318579770748,17.309670781893004
1.6427004382737491,20.936329588014985
0.5813455474993856,10.25210084033614
1.364034614023639,12.857142857142854
2.390472447912523,33.46819873765981
1.09158745034307,15.871761089152393
1.422982645798271,28.54717438758186
1.3375152103437011,11.037834085387018
2.0211641453495193,31.906025009473282
2.3399991658934898,28.04678028952435
0.7096920664664478,11.78266178266179
2.1591626113854754,34.032634032634036
0.862762812126451,14.070080862533693
1.4932226574093326,19.114664121226575
0.9678819730463849,20.746812386156634
1.2620165679355868,19.814977973568283
2.831876576301514,39.64427591188155
2.133812194647126,32.142603002917525
0.7620394385101903,14.600840336134453
1.197007862065701,19.08163265306122
2.521065491769391,40.226986128625484
1.4701990337469328,18.41502519468621
1.7431438416452412,25.351473922902493
1.5906795396541606,12.710172002834511
1.5214610107639666,17.39837398373983
1.7273680019042148,20.434204696499776
1.9338658786981202,30.874861572536
1.2004309355665816,10.554391312630969
2.3920238144870245,20.484104046242777
1.0576587735233307,21.26805778491172
2.032068814465796,23.56182795698924
0.8302814656837446,16.6501976284585
2.6064959435373414,28.114617940199338
2.2159229026851857,26.674432149097264
1.269696372221436,15.644490644490638
2.343370343964697,41.50793650793651
1.5640010606949335,24.236641221374043
2.313969448646782,14.167893961708394
1.8166353896985654,24.39330543933054
1.7668151780140107,22.151821615693912
2.2751562775885064,23.159622022293895
1.0130920829082282,11.352459016393446
2.064632910951782,28.64823348694317
1.9123773744274604,20.532786885245905
0.48556995780537276,9.170751633986931
1.374598833975844,18.912529550827415
0.8760353920531176,13.695090439276491
2.2856766230227885,37.64880952380952
2.5437922438251466,33.61737218251786
2.44370429121632,37.92947558770343
0.844511698943904,18.073934944079227
2.2150211820446604,26.98776758409786
0.8201976617981748,6.562499999999993
1.9820286560299099,17.91033548969461
2.4900806729495315,7.335490830636466
2.252011023297284,19.357518692882856
1.7783431437629922,18.47826086956522
1.3223175480064864,31.790312691600242
2.033009629387748,34.089823220258005
0.1526987857082533,14.825581395348834
1.1274023818341163,8.38315217391304
2.21519769468639,25.407256571640133
2.623623569192126,30.28966046422407
0.42061844039850965,5.357142857142861
2.725144440601681,34.88590919783581
0.882543988059783,13.117996044825311
1.6160747520757326,15.314200890648188
2.207470265258025,30.108043217286905
0.7332857295533377,14.81440443213296
2.0551455196479007,32.53295668549906
1.4358498594035674,10.114274258219723
0.7880391131681164,10.045924225028699
2.412196901125073,34.55105044828048
1.7166865452232214,34.711779448621556
2.569754211006746,42.76923076923077
2.3311552156827617,22.035771704180064
1.2563620042817207,19.53781512605042
1.831635845894297,23.860062893081754
0.6641649565481956,0.6211180124223574
1.7028675088782128,23.79895354368162
1.9900567358423105,19.69992498124531
1.2637237542614703,19.04761904761905
1.6815859269459041,18.086419753086417
1.706116979661062,17.955164466792368
1.3527303979698269,6.09756097560976
2.094681732441003,23.080568720379148
1.0530458739224744,19.00582176444245
1.6333980101075112,23.650793650793645
0.5098148262801969,0.3940886699507331
1.441206749214643,16.34393063583815
2.2565985778261544,49.67320261437908
1.378209150195077,17.654808959156775
2.2239158339340097,36.15763546798029
2.016997080058634,13.760117733627673
1.6014229885232285,21.199774337115272
0.7733839001786578,17.848970251716253
-0.09765166633163497,2.264267990074437
1.5740295886248357,21.698113207547166
0.688068845145953,18.202385849444667
1.4843510445483163,17.57028112449798
2.8042330715559594,31.926765475152564
0.9629352342556315,11.047120418848166
1.9041832513658281,14.489680520214876
2.492552629351662,27.380952380952387
1.4376417592484358,26.488913322338284
1.9442177364270439,21.343456712010962
2.222295047226491,7.730167921250718
2.353848488770239,37.936564504632926
1.491685843423305,15.21493212669683
1.5869103967841043,25.871523697610648
0.45099477644870156,3.173449612403104
2.2563897081761106,30.643884417469323
1.228041828910176,15.886013756960374
1.730024998334395,25.086266390614213
0.8728280012362872,15.876964830939734
1.1241885590780554,15.97161572052402
0.4473122102812761,19.00858704137393
0.19505200468688697,5.913246450106975
1.1644480961834853,7.973421926910305
1.2499607189935364,7.96159894066043
1.7524805582122998,20.34013605442177
0.13197526596891118,2.8686581318160265
1.1496331785713785,26.09666257394798
1.4513594125083074,20.490196078431367
1.5590206773389155,26.108247422680414
2.578315198546438,37.88074341765618
2.10976349386449,30.909746424708565
1.6311235338734593,25.736111111111107
0.6218610282991608,14.95188101487313
1.7757454649212154,18.417721518987342
1.703697629474075,17.262453874538743
1.8918056309499836,15.247252747252752
1.678486605740832,23.37567394681531
1.9247803159652692,34.81385770814827
1.8961979938853426,28.819083608880497
1.2976559314924252,13.708086785009847
2.406098226146363,26.24125874125874
2.1223348600393965,20.58650162098437
2.153313789832605,27.97474502185527
-0.16618392801713824,8.023854703171587
2.3457280897515855,40.03589199771597
1.4041538748477003,7.142857142857139
2.3529164557731406,27.539921314510522
2.1330046220965424,26.928104575163395
1.4771568374661461,19.596774193548384
2.6294015156415957,29.777935270493742
2.1225772852789393,15.714285714285708
0.9095732056962575,8.634920634920626
0.8788910989352576,24.24796747967479
1.0345267826585451,9.88095238095238
0.9272217941924856,11.447811447811432
2.2426680779270995,22.00728903840762
1.0778694500838861,9.835423197492169
2.2259003340734558,36.78665496049166
1.138427403154081,18.93939393939393
2.6277545962759232,31.23938879456707
2.180005085558836,23.43234323432342
1.2421396163829614,17.28778467908902
2.2952410112038186,32.78176135318993
0.602408192395448,10.545193687230991
2.5385492025229945,37.35492577597841
1.189530627010408,22.20027651589966
2.187476272048423,27.9255610290093
1.6144906869576274,23.983739837398367
2.3123915459927806,29.211711711711708
2.638081811429571,36.17715617715618
1.3737961473277087,10.347578347578342
1.759568578223617,15.834210922220556
0.6662609513794505,7.367641614216957
1.9864125835131987,20.179612626499562
1.741433673122455,25.80481622306717
1.4231250978887475,24.47209653092007
1.3347266894290244,14.741062039957946
1.6934520224681542,16.781193490054243
1.9703160703604983,25.679619106128094
1.5309216904977898,10.783450704225352
2.7821745989010758,34.645787849130464
2.1653193162148945,27.653599910142646
0.7708911693314106,-0.11867088607594667
0.870482657159651,20.139494333042713
0.3264975844237146,4.714912280701753
0.8687590918033892,6.806903991370007
0.891285723354637,12.813834020693143
1.1833344274201947,9.519299076485915
1.8731310785324113,25.026455026455025
0.5367527343673637,5.530776092774303
1.5178350355587344,14.14330218068536
1.3443048559434034,16.877880184331794
1.193238018930407,5.499325236167337
0.255347095345505,10.563232096513993
1.944238749366429,11.355311355311358
1.488011487361915,18.85057471264367
1.6492931773873551,21.886792452830186
1.8838647367592376,37.92737106432296
1.5752302637495175,25.851851851851855
1.4314241930682834,20.06033182503772
0.977881580355627,1.556776556776562
1.7303366481876021,27.78346859979513
2.409907489518718,41.03448275862069
1.7498101868916138,22.457770270270274
2.4627845641798816,25.35014005602241
1.000635476104712,11.006632524557126
2.813237053415171,42.344173441734405
1.9083133795301448,19.018754902659914
0.6226776197030472,9.697962154294046
1.5391926045724131,22.399020807833537
1.0967668673891562,26.242277733011015
1.960215084043818,27.70232031692133
0.8523760724754685,11.986754966887418
0.4413509166717001,10.86021505376344
2.5994642698847548,40.92299388269162
0.46313552948223663,5.844076120319208
1.0415238862980116,26.008724100327157
1.4000929016174721,16.528162511542007
1.365992512069877,24.202682563338307
0.7040292084434256,9.760765550239242
1.406816078830066,11.146142433234424
1.6822906045715273,12.913407437903118
1.6122060269254237,7.126436781609193
2.64507167193146,29.044465468306527
1.208652638751186,7.68960674157303
2.113666139655052,34.06464427591188
0.9429268109866118,8.309943865276658
1.2717292519226804,18.352122015915114
1.8197089596388771,23.237674760853572
0.7225038217195536,8.170731707317074
1.0467575360379795,15.400843881856538
2.075242187981952,39.61973278520041
2.364822690328042,17.08522025524907
3.0143160964635802,34.68241997653762
1.3932407842833037,9.257126403685582
1.0240841101932336,14.533754249635749
2.0248127836488594,16.576086956521742
0.951342475772889,7.842465753424655
1.620581479367571,18.604911965907817
1.8188046694601319,18.026315789473685
1.243705365457036,18.39080459770114
2.3979156248091402,26.923076923076934
1.9958970897848494,8.484848484848484
0.43968101534536863,7.619047619047606
1.822823692574656,6.156015037593988
1.136395766897009,13.242424242424242
1.5630828577082918,12.949308755760363
1.0159895561742585,8.251748251748253
1.6154012137799638,15.172413793103445
1.378007783232658,19.482214728597846
1.889760721597325,27.9214501510574
2.616139033052213,44.31788219163635
1.8677616957068106,23.660130718954242
1.3244075828746242,30.639693821760524
1.9740301473386803,34.886128364389236
0.7043381582005195,9.534429885698358
2.2275868027351553,31.95567144719687
1.759705096163742,16.320166320166308
0.8766175101558167,11.376564277588159
2.045664454521325,19.16903813318156
1.7169726294685974,19.279106301274226
0.6625588414547163,13.150289017341045
1.9933147346147775,29.56415193418519
0.8995332461438843,7.616550116550108
1.025491388849609,13.58748778103616
2.177953311773369,32.32323232323233
1.972168290822615,25.07078507078507
2.0269596487921016,27.55870624723083
2.5695083071825247,34.811758638473435
2.410261384931235,30.1746510486077
2.995101338901071,41.54841921832213
1.0794919492685926,9.411764705882355
0.7746181883788312,10.265913091818767
2.1149524351637567,32.27513227513227
1.9580288061015647,35.92014806980434
1.1180115678164957,12.441270437887617
2.016909864745019,13.103070175438596
1.6069873438874565,23.643410852713167
1.8891046812421104,30.41471048513302
1.4838069723884861,16.967741935483872
1.778469340300425,13.448275862068968
1.4467275454885598,33.08065494238932
2.237126011631364,17.840909090909093
0.8132292836772514,16.57376439985135
2.0350657004342763,18.703931203931198
0.15623994257875945,3.3618984838497
1.2730172707568832,11.93810390701583
1.390998638704715,18.341307814992014
0.8815914278516878,11.904761904761905
0.9924594084746332,21.57287157287157
1.4469692863138077,18.75
2.7227066660867987,38.01554094441123
1.1913759292917996,10.676466924131056
1.126490079067704,21.234018899388552
0.8192572744617208,7.341772151898731
1.8685395466413361,11.98096885813149
1.7105859690068743,17.5
1.4712398257326442,12.5
1.540274825890105,30.402851279835843
0.9967807289561565,12.456562416466184
1.5841841654247455,28.33219412166781
1.562877339505654,22.222222222222214
1.4683600832424064,26.411960132890357
1.221424560611031,16.724170979490125
1.4309739906721948,23.08050565535595
0.8412721211959002,9.078753844096795
2.0835979712180257,31.373307543520312
0.769910900774174,8.688028056751165
1.7734608087021382,20.1417355659001
1.5590161948222616,23.242978044891444
1.8732759840824802,16.021126760563384
1.4457194805069402,23.076923076923087
1.4400536772874533,14.194041252864778
1.9241711931548564,4.713541666666664
0.8569821821902426,11.764705882352942
1.936874359035649,28.57142857142857
1.1358471256794955,20.3748565599898
0.9100209909904182,15.705882352941174
0.8665852017045296,12.704402515723267
1.5232338214946133,18.507248970825138
2.281502488234019,26.90481106752013
1.7101271651839571,21.263537906137188
0.7077877022375556,13.748832866479923
2.361838486887025,33.220559531554976
2.11829083507767,27.075471698113205
1.1028256759723487,12.352032938754498
1.7063546501560605,22.98206278026906
2.4418117933253756,29.738805970149258
2.0274102972272123,23.055767761650124
1.8615553702521512,26.607669616519175
0.6903547022693888,14.876250658241169
1.6125294275821278,21.788432267884318
1.4672293689930713,10.458715596330272
1.536582618813254,25.714285714285708
1.579350300461508,12.237315685591547
1.4972015720873095,20.912480028404048
1.8268649207317917,23.120587013706213
1.2530045173199182,21.492295214922947
2.117709575758929,29.955390334572492
1.0132083847739422,12.111246828901628
2.4402218146698775,42.99033734531277
1.1074780949209078,19.98219848687139
1.550915557619951,17.64705882352942
1.5959459856437732,16.628959276018094
2.2481993940296965,22.40896358543418
1.8020479365166806,28.904761904761905
2.589391515269925,28.1699137655701
2.0516140798169014,15.377574370709375
1.7019845940430378,15.39370078740157
2.224255803155432,33.945796968305
0.6242327697062109,7.128427128427127
1.9137409483482646,20.609884332281794
1.8477927095166646,30.31932773109243
1.3270720527158053,25.723359209597746
2.1351699049992274,32.72244996382929
1.0508004231891652,18.513081771867725
1.5598030457860723,16.92282932324777
0.8694552707013956,18.73851806491121
1.8397078148719899,27.9967159277504
0.5508915558720079,21.70225212050307
1.197777048536181,8.2995951417004
1.4178568781907814,31.860922807784824
1.6518097650280672,19.69503364852202
1.295052714778976,26.666666666666664
1.4921114506237654,9.606208680655364
0.39732024650672126,15.55839727195226
1.5064478559624663,23.936936936936945
1.3313296253461064,28.29293993677556
1.4190437898010204,26.70370975649616
1.5875929708875276,13.588252832438883
1.5089333937724805,16.018711018711024
0.8690517164620368,13.946078431372548
1.69359045514186,29.317687961755766
1.3450128512232793,12.122252747252752
1.4499204129531131,29.047619047619058
1.276214409688205,19.999999999999993
2.818349946596909,33.33333333333334
1.4403776531318007,11.872146118721453
1.4116566554335863,20.855768129224423
0.9892584421704607,17.955143465731112
1.9402682791291546,36.3112100364225
1.4664015360553804,22.029411764705884
1.839217377870701,24.87972508591065
0.7868284820381248,15.165631469979296
1.485470331299942,32.60454002389487
2.695428241193965,33.82838283828384
1.4622326609961995,11.681431301024837
2.3454880833832816,27.65136393878909
2.2345548563628985,22.37222757955641
1.6701649297111283,25.487661574618095
1.3672035149396906,33.01982714794103
1.6732303143958593,35.98639455782314
1.521217696761946,9.804983748645718
2.0648737533552937,16.80911680911681
1.4152981147258021,14.642857142857139
2.122492694755526,28.98224043715846
2.4065814095158604,16.808149405772497
1.7019692080363371,13.866577420794286
1.4952832228179314,8.888888888888893
1.891978201063083,17.476794091226672
1.4596330255385626,17.275280898876403
0.6734976788805838,5.581395348837198
0.5079479971583917,21.35341448318548
1.701844668178291,36.220862952554135
2.072996789000304,34.02225755166932
0.5384275886814702,10.743722445850103
1.445432915047558,14.91841491841491
1.6823741993550834,22.42375921865657
2.6788710003998517,35.91191417278373
1.227987971036462,26.099507556461198
1.8215409012909074,32.69330565646082
1.502886459559442,27.661643169664558
1.2428303592424819,16.495708603726186
1.07999496764513,15.625
2.003141874153987,12.830687830687822
2.0603000537507836,29.79452054794521
0.3613707315816667,10.086853533359651
1.2398133721626785,19.027181688125886
1.2986579630234845,12.947240751970895
1.0582860173523274,23.014383989993746
1.0878823710217427,14.419273642574609
0.9199228756863123,22.265091230608476
1.695255614567266,28.759811616954487
0.8663269840281175,6.694214876033058
2.6885970745150636,45.079105291871244
2.0288328206361887,26.014913007456492
2.0166859615206625,29.749103942652326
1.3347009839783954,17.60136415308829
0.6605473538768537,9.64871194379392
1.7294778480535593,28.11764705882353
1.8372421072455913,28.72960372960373
1.6425867520435662,17.454068241469805
1.311363385345223,20.844196151458718
1.00631906344682,2.346109175377464
2.6774478385148415,31.432584269662918
0.6132640391604705,4.46111330438216
1.7839650255518293,28.36134453781512
1.1141657872925579,12.387387387387385
0.7469411161036817,13.212410036957792
1.0265734850252224,14.23423423423423
1.425435199240166,26.045400238948623
1.7061520530582366,20.648967551622412
1.7123872184065032,22.711626721060682
1.1015985213135666,16.270161290322584
1.6323582864090525,28.990574642748562
1.5754501235549419,10.727119002325097
0.4017406580059409,9.325396825396822
1.230118761112737,6.802507836990586
2.440726663438592,29.60750853242321
2.3899065540815094,11.874999999999993
1.779780415525459,12.792397660818715
1.430254099701486,27.887179487179488
0.34384804587986456,3.998655913978496
0.8582345261826022,6.3909774436090245
1.7664241259509974,21.212121212121204
1.596451125068651,7.099790820721047
1.437278499028391,10.23809523809524
0.3767116283779317,8.974358974358971
1.1256784638515966,12.856392064117713
-0.23106065775613727,6.935483870967737
0.8313133584818853,17.2108843537415
1.4703943556989785,30.10925819436458
2.2535644402587747,19.250388112663558
1.178800016540385,8.034003831417621
2.0553331329346247,27.965194109772426
1.5256220715482016,16.987781954887218
0.9754092823934017,16.922596754057423
2.5240214574463304,33.01096623780329
1.0956737622423482,20.893736805066858
0.4369977782666829,15.399275776634262
0.5771870222574347,4.15376676986584
1.091057088635118,21.794871794871796
2.1074573557494487,21.53486394557823
1.2276998921670437,26.147765278200055
1.9160909151797978,17.549999999999997
1.2906950959321226,23.76325088339223
1.9341399774668422,21.033249158249156
1.3828854969864746,9.309394217855377
1.3709083643005886,9.590385087073827
1.5730720522032997,16.12797554051103
0.8170575592032936,14.364035087719294
2.176887255311414,28.95927601809956
1.7728145734566334,21.64609053497943
0.6789308096313621,4.846913333998202
1.1822386322571181,13.561502830674215
2.1447826399430574,36.76739926739928
1.3785087567374414,19.53534031413612
0.406409363782817,-2.453763047060974
1.2759014725608693,19.71014492753622
2.6345500599779497,35.92307692307693
1.7526227141458652,13.176867617732782
1.3304254697412823,25.20657841957481
1.4506073212415347,21.385492170641292
1.2564610564326704,17.944664031620555
0.4221897340707261,11.881101813110178
1.4781441650357325,16.533613445378144
1.4765122905206454,13.082437275985669
2.0165845002518847,22.522522522522515
2.917079972702427,45.86466165413534
1.102528454353368,10.780622489959839
1.8831538509153098,28.689307146753954
2.0221282702869097,27.14859437751003
1.4232431396275111,12.1875
1.1961614326889913,15.0
1.3734059191061985,20.588235294117652
1.4413305660466396,18.178053830227753
1.9958363788131526,15.216178521617849
1.2706532309775378,22.53599114064231
1.5492374613955626,17.368421052631582
0.035509171008056784,0.928270042194093
2.0808048941832222,21.58542471042471
1.2466012631120231,18.85209385209385
1.5134472684453444,8.186297885868697
1.1794027903188264,14.108827493261458
2.1240259587969454,22.085152838427945
1.1432733488350375,8.620689655172406
1.6705648442469645,29.40590359945198
2.018303804138758,27.966589861751146
1.708637944436977,24.0
2.238052819703479,25.73152066264518
2.1006802831445297,32.957302280446385
1.6775091994127147,10.168495297805642
0.6066390163355269,10.95818291215403
2.178659853291049,38.52190974493132
0.8567703323467463,11.31566028473246
1.8383461952854425,27.600089465443965
1.0760972538477784,7.4063970538089094
1.812670952158894,28.59574468085107
1.3960613291514858,20.587918015102474
1.7710814624384088,19.250535331905787
2.1923163654446585,23.65582191780822
1.422698907198291,18.811881188118804
2.4570386304050906,34.01505996095566
1.7801050130927831,22.346698113207545
0.2266808245884445,11.067193675889328
1.8736892769333688,28.286961265684674
2.6723343296794453,32.027669693039336
0.7039708309619597,15.274261603375528
2.0820359057918676,16.58102089756766
2.5538669805446825,31.46766169154229
0.8837026214989979,14.465296395591295
1.499822819072819,15.770609318996407
1.8148946284736198,30.48072346501666
1.2344781252759844,14.766060952926033
1.6522712061819251,23.90243902439024
0.9677213114943455,21.10208631947763
1.9351451697447013,33.938244853737814
2.0201693963937575,14.073226544622429
2.2854127961850024,34.7700789374765
1.6187942411511431,9.552495697074008
2.0831932436769467,29.477124183006538
2.070398844499918,24.85714285714286
0.5941962259491987,17.31938216243148
1.4807011048101444,22.15866466616653
1.351587930138501,14.583333333333336
2.0281087171316328,18.95448079658606
1.3815729712434242,14.823321554770317
1.2489359063788348,12.516534391534393
1.24186186761381,24.60618145563309
1.39124847310758,20.65488565488566
1.3433882376834663,12.579564489112222
1.3970230156890386,23.857216230097592
1.826111290372201,27.001921844971164
1.071559067246633,21.62968939088342
1.500996969452027,24.468085106382972
1.6486589758790742,24.918238993710688
2.057125078267151,30.39779535106637
0.3504456306854605,6.851464435146447
1.3624714860234293,25.750972762645915
1.3312863800227697,7.549361207897789
1.9964831247923704,31.921424186617564
0.5454026252436771,20.517363571934794
1.1278991701778485,23.81752701080432
0.5128067114699839,-1.2629161882893314
0.8209479484882939,16.714975845410628
0.8692130495359928,14.127375087966222
2.465773462460761,29.577944179714102
2.390333206835516,34.60761879122359
1.8900464031766815,14.389534883720927
0.7149124385927865,8.01075268817204
2.686177405453179,35.62136903258398
1.2062089849519713,6.475178482483813
2.007750603195256,19.50722273998136
0.4818134118392867,11.482720178372347
1.2163344042871738,6.951286261631083
1.9198448770898706,11.807228915662648
1.2508913167598348,17.940521166327613
1.6844294882665032,18.842315369261478
1.6856182997454905,13.266666666666666
2.0031840455396996,31.616832779623465
2.412185269470561,33.70758637801625
2.0402521283154305,21.739498644986455
1.284614004722891,19.08602150537633
1.66432880890528,14.498327759197323
0.6714556330952028,11.764705882352942
1.351036434990948,21.529411764705884
2.212853781811626,39.28571428571429
1.0678126512309811,5.642484589853019
0.5500581916860883,17.316324120009448
0.17798482707183294,9.24989464812473
1.2124367144577441,16.942833471416748
1.0581236337656712,13.099999999999994
1.2696798024744744,13.1194043081287
1.1604834471732999,13.253012048192765
2.284431451725148,28.65389661506166
2.3198870690020628,43.4944684944685
1.1429255661533975,13.475177304964532
0.5182193477127817,14.106280193236714
1.4954368871822759,12.857142857142854
2.2844377761607717,34.283121597096184
0.2033880253201969,13.479853479853482
0.610940151830454,1.1492801212427395
1.7456338203337414,19.651741293532325
2.137767526725359,15.422131729722054
1.309572907423129,22.030833650551962
1.0774654610744259,25.163398692810453
1.9449495737913152,10.523340332741071
1.0624799612871654,21.59102498725141
2.2174862346524984,29.855340104647595
2.07507090953021,17.930856553147578
2.8109259429445834,32.90826820238584
0.9154091259913344,18.094365551992674
2.080043771143526,29.300676232887994
1.5848215212391206,26.673924877517678
2.2009477028066735,30.303722311029915
1.1060279560696635,7.904411764705884
0.7968409602794373,8.560606060606055
1.5551083436985613,18.95424836601306
1.8564684751969656,27.57048092868989
0.7654021610015258,14.72753139110533
1.1296268266089204,24.96703296703297
1.7821309424278142,24.253430185633576
1.5504221588752456,14.521943573667713
0.8788592942639366,15.00407166123778
1.6996920763151864,13.697604790419163
1.5973750803600004,27.328861918449903
1.4683656930180533,15.086323781975963
1.3925287343812762,12.62585761382875
1.260283122936875,16.91770092782263
1.771317103473827,12.558139534883722
1.9842814395526327,35.04411764705883
2.895646301768035,36.81214421252373
1.9814357553890556,26.381560677589576
0.8640144702153154,19.432106598984774
1.7541196806437274,22.62126198311632
1.3189701332167223,16.492450638792093
2.2309332486221183,26.916162771694715
2.5961979930602648,30.54445079002474
1.7096885926374497,21.75
1.4469290605476948,10.597826086956523
1.9347802466830133,24.832583708145933
1.422206212552901,8.130978660779988
0.4921521475057777,12.874962874962883
1.3622575426724222,20.353493510080092
1.87465000375912,31.44979203802734
1.2303229037530043,9.15544901346118
0.2984812018052481,10.019136139967195
0.37059770565127803,16.650082918739635
1.4928332617611162,26.282051282051285
0.7114874448747364,9.579494448381759
0.41186612337659784,6.966325692525942
0.9156854132949929,9.306846999154693
1.987029584994417,20.51940639269406
1.1395989718912753,20.57807807807807
2.8045705111230554,39.016172506738535
0.8726566877759155,11.4376130198915
1.5150909152454786,16.458333333333343
1.5820498711590474,31.51515151515151
2.3404880372510357,31.390977443609025
1.66087580460137,22.19587176108915
1.0453100251386502,14.963054187192121
1.2813025049064897,9.609546739244209
2.540021530245303,30.708874458874455
1.2873101359787535,13.673903788846317
1.93032729334618,29.08337396392004
0.8360669543129307,24.4838332684067
-0.17585666619448703,-2.4413779793496033
1.1116827032937313,22.588005215123857
1.7202749871306624,16.940853897375646
2.244456845955845,39.65863453815262
2.0152327899987306,30.80481036077706
1.7302025430197108,18.354978354978343
0.4490474343930158,9.895547003848272
2.2973850854796964,19.707357003990587
1.7351491829397656,11.653984781738082
2.1552189038966607,27.95698924731184
1.0831031241980797,14.393939393939384
2.1747364931580013,20.940170940170923
1.7104837065533578,21.96581196581196
1.3795707428166506,18.886871060784102
1.9083278336900042,20.88321743494157
0.765042555128137,16.767778901247056
2.388045322032169,25.353486104339346
1.3237034629205795,13.125
2.212626767816149,28.376068376068382
2.46646824159732,37.49849741555476
2.3689138580627653,39.08233376033539
2.6563698606742863,25.0
2.3122165972531317,35.125962668058996
1.183019312570977,10.097482904117555
2.3444239773641735,32.83018867924528
1.6943431877516164,22.75157232704403
1.3637309623645715,24.14165666266507
1.1221878766298994,16.467463479415663
2.27599648111154,40.59817413816597
2.3960447016310256,21.110474006116206
1.7345956946190102,33.23035096391498
0.29485579258780814,13.54309165526675
0.7632379311727959,0.7854688267059373
1.2292134997491846,15.262054507337524
2.0871421261985468,18.57142857142857
1.6538590419992845,15.908799795055714
2.9792706854572004,45.68421052631579
1.717798833551227,33.72066529961267
0.5496623217411478,-1.7688679245283083
0.3972886086023816,10.336134453781519
1.536814961773552,21.330075056728923
1.3846882301763894,21.502034776174618
1.434558214326532,10.252808988764038
0.9711854358898364,29.08960957741445
0.6899736233869497,12.514952153110045
2.416808646356334,31.216100485298313
1.9950463218014372,29.835602363216033
0.4991018458752724,8.48543348543349
2.444737479892351,27.06140350877193
0.4707393022318013,14.725588025659299
2.1818436906110623,34.995301855766975
1.870884027849431,14.91146318732526
2.0257455212752884,13.241308793456035
1.1231578425324384,17.860082304526742
1.9805135233989795,3.9796243234638666
2.598411552815846,34.374494254733776
2.9023634680026347,42.261322906484196
1.0284941115979458,1.9515669515669458
1.1297057966506387,8.181949250288362
1.4456831701985349,9.09604519774011
1.7416168978946622,22.074190177638457
1.105340214027357,12.652588434464938
1.9848760261160658,6.511927788523536
0.7611398921279602,11.377721277610043
2.1910743843455003,22.936365959621774
0.29313915701033044,6.114718614718619
2.538180446928471,37.28868926092283
2.420933914360913,35.17948717948718
2.175110290892081,29.581529581529587
1.9758161891563264,13.636363636363647
1.8647424747844636,22.973180076628353
1.72924755393987,31.82274247491639
2.171035869745672,30.813633864760853
0.9923111786680112,10.653753026634384
2.183624262746672,35.118306351183065
1.7258304628060563,14.867151802335421
1.1034237013453991,18.47922192749779
1.4030018809305203,10.94027728403838
2.936721217710382,31.609240102667812
1.450774212525189,18.44059405940594
1.755329192091724,37.39103362391033
1.3419198944429447,12.123552123552123
2.08322524042257,23.834247648902817
0.8977114484158593,15.997566909975674
2.431803999791559,22.023367952522257
1.090317417937722,2.8237951807228896
0.9964703835512869,21.682378535170415
2.083722811556591,28.311965811965827
2.203835348585014,15.49327865117339
1.1852521118904726,25.51020408163265
1.916053243146135,44.7085201793722
1.6710822394476812,13.962472406181021
1.8088516556915986,26.82434228009567
1.3058567864869963,21.089947089947096
1.8829290613882523,11.935696983043385
1.653134714644853,18.055555555555557
1.92675509928381,14.117766291679338
1.9118936597928347,26.129426129426143
0.7206460300773061,10.969387755102048
2.8691988811283595,44.71544715447154
1.9994331752559658,36.75051184556887
0.9297283103633662,19.554169554169547
1.7576661132994449,26.618622740791572
1.2730463598657442,5.45454545454546
2.3370496548895727,37.14434420541291
1.9356415297806688,25.595238095238095
0.8208783449115664,17.34006734006733
1.3781251120540643,29.400749063670425
1.3687521071194915,8.333333333333336
1.8896389624279406,33.088235294117645
0.9427209927273499,13.026315789473685
2.2285702724358876,32.72058823529411
1.016321254372105,19.48148148148148
1.438375471168408,8.817306675129593
2.3368579744540905,38.01582376667701
1.2847316118665133,17.511312217194572
1.5291105380459995,20.178372352285386
1.1925754713841865,-2.9078014184397176
2.6663883027200566,26.89393939393939
1.9934012953997446,31.947331947331946
1.482473881197798,21.081712062256805
1.1121042230650386,24.45887445887446
1.3836422697147504,16.858237547892713
0.5429643989036093,11.296356538711777
1.6253923449815568,20.0
0.8086367911817711,5.882352941176471
2.379950262033103,32.115955261355865
1.5551132395761524,14.308510638297875
1.1321113007311896,15.511487613913488
1.426210537237595,17.857142857142854
1.3939162670700402,24.862745098039213
2.0549538367497098,18.21906253765514
2.1431870370259736,39.3859649122807
1.920038878682616,18.627819548872182
1.845893628091848,22.020270270270274
1.458542345860039,16.574074074074076
1.9507796563068491,25.339805825242713
1.2953463029825925,19.73284760170006
1.8056202080455699,30.594251454769882
1.0535918724787654,19.558862609619986
1.4579246417573466,15.324384787472027
1.1222813103308278,24.202127659574472
0.5166261650912662,14.175724637681164
2.105430120377914,23.64963503649635
1.3502808967298183,8.825678242657446
1.1048734939763756,20.299855183576113
2.378698576314541,24.608915054667783
0.9661854204870974,10.91174161713581
2.4061152493889706,25.82625601146014
1.9556535219129978,17.151870211807115
1.884431954590441,30.866735183281946
2.8725944868042834,41.49117814456459
2.6640074686087356,26.671732522796354
1.251937340078714,19.751239128401764
2.4546805262519973,29.80286738351254
0.8388763826939508,21.42857142857143
1.262799814249599,16.513761467889907
2.3138394794049244,35.077496095158004
0.9418789894224222,18.900421179302043
1.937281343922378,31.826068098026454
1.4145062392789116,13.614457831325304
0.970879028695528,17.26227795193312
2.63100783539306,40.46681664791902
1.1565857289636414,20.983102918586795
2.3586331806736056,32.6886372311999
0.3001406530579469,12.650240384615387
2.5281374973282125,32.409341180937915
0.9857304346840221,18.641669614432267
1.8475138968524643,27.10727969348659
1.3152399632723164,18.63282898306106
1.8021224863296836,12.848537005163507
1.8787281486589504,37.61446886446886
1.256570051958591,16.913580246913575
0.5732820062115662,7.410824108241087
2.238206793309374,26.613756613756614
1.5857246113587542,22.685616651133884
2.184767104046274,28.74533972456822
0.8291026780575969,19.399027839151564
0.15627526357074972,7.051282051282044
0.4104508934701396,12.7292471042471
0.6303953613374443,7.019230769230774
1.3972861784167638,19.71397139713971
1.7419347336827913,12.728202132320718
1.261756116107676,24.956400418555987
0.7110346941157093,4.888888888888886
0.9331274357038944,9.414340448823204
1.8269523436368467,35.3010033444816
1.6710423704403605,14.871893662107489
0.9244372148442386,7.64448537877044
2.684115724777688,10.350076103500768
0.8652789598657078,4.642857142857139
2.709002413984927,44.393741851368965
1.4570047285308694,21.148155454724787
2.4606502514029587,27.43376954995211
2.3562033020668562,25.033339683749276
0.11734284587943986,9.954233409610978
2.1698541298163354,44.62151394422311
0.6820026338780818,14.560313075506443
1.5293921593634567,33.2972972972973
1.936218650930697,29.62506486766995
0.5047240763381989,7.816130102887492
1.6665332607835437,11.057201225740556
1.9564146086175735,27.996319300667125
1.481261910177059,28.35521235521236
1.5449936427039401,23.386439019085422
1.9376707487336153,28.7375415282392
1.479260207746546,30.406782424390634
1.6682607026706275,8.350168350168346
1.8980263714990877,28.56369541681704
1.3003112405905153,15.900621118012424
1.3763905399420266,19.804173813607775
1.593160565464634,18.52735368956744
0.9269347158436425,19.412582551268684
0.8975748250087745,15.45699583435433
1.5555215579854462,13.189655172413794
2.347718924188978,43.41307814992025
1.1183906706283795,13.22966802418857
1.8459614296679656,17.25190839694657
0.9701923060829674,19.13552787663108
1.0835873596668053,21.756362119315817
0.5261537064749726,10.959413021268695
2.4354335333191757,42.554001332191454
2.316113410425028,39.15040183696901
0.24820207341184844,12.046783625730995
0.6201299703128759,12.953172205438065
1.9931265779652894,27.027027027027025
1.2162027843347356,8.755129958960332
1.3787049926827573,10.9878844361603
0.8035745241909524,12.627503536594446
0.9829018078912672,8.621495327102807
2.015922227398157,21.276826949198593
1.3659203242336406,13.173797437756825
2.139541832129224,18.87214761436838
1.3774916355593028,5.845604640785361
2.1108996945476375,36.34516869810987
1.9738516621614866,24.605828953655042
1.2440595503113494,14.37061871380677
1.5357656974792984,6.1777920410783125
1.4333801796767345,13.322180153209473
1.9959987056831034,33.60335195530726
0.5745752223877645,7.084038353073879
2.1204802237991047,16.784688995215312
1.7384687119367417,34.423676012461065
1.100905560896695,5.584016393442624
1.5341324047193918,7.823559150657232
2.3219742460027053,28.254784347329334
2.7467396611639003,44.832826747720354
1.3308383432078181,24.39448681921585
1.120344963063295,14.285714285714292
1.2814862770611544,12.013295346628674
1.4433670934859013,19.592219357862675
1.5603503565602534,16.29996193376475
2.666934980972016,26.11021936864634
1.8993576303040447,22.214714714714717
2.302647581562776,34.077079107505064
0.7931849791526034,18.148148148148145
2.9054803014309845,28.351188920825713
0.9447227518716612,5.456349206349209
0.9818069469565628,15.85820895522388
2.2287157610699375,15.316511730854366
0.9914170217628631,11.099036441353334
1.651095837952435,15.121236344257923
1.7005271722229116,29.419191919191924
0.84019189367896,14.222222222222221
1.4854554517754535,16.22938530734632
1.1922273921656563,15.530303030303031
1.2531098653432404,19.083629893238438
1.2185057785417865,22.348377329927146
1.8515437655423468,31.787802840434424
1.9968685750471225,19.155629139072843
1.9146983310805672,18.825615352523982
3.141337073692241,49.846153846153854
1.3406342110074259,17.27837380011293
1.3217504448176218,22.970085470085472
0.7207651867485355,8.998428908091128
2.732749961309676,39.20260856677042
1.55333624572152,17.738205365402408
2.485556431953181,12.777777777777779
0.6944488674289446,16.767676767676768
2.179408835446102,33.53427895981088
1.8160033338440351,21.535821535821533
2.1589748112712908,29.070631970260223
2.7479775423059194,37.610020311442106
2.3632687719082965,10.0
1.5792337630352202,22.276087746939766
2.554625805430765,25.566275167785236
1.7525223110823367,15.48045741594128
1.4691271804265793,20.623904661759546
2.436988893985187,26.377376889322285
1.8555657928144709,26.0
1.670686003810558,27.973856209150327
1.0757808718362833,6.037735849056602
0.9297804239271379,13.305613305613306
1.4983505675951312,21.315514409437064
1.1149012648813188,12.763320941759595
1.822475439189577,27.87427626137304
1.8249008420087112,21.628965922444188
2.4748746816715674,32.49786871270246
1.79747590128249,22.08835341365461
0.6757856695516863,15.115511551155116
1.557945033193396,32.12338593974175
1.691257802920229,23.75533428165007
0.792906267344139,12.269272529858839
1.7668058565055969,28.055964653902798
1.435123942729128,24.79919678714859
1.1399871976978757,19.924192485168085
0.7794662578466407,16.91318327974276
1.9107750297970878,25.1336898395722
2.3305453276983243,47.73364638361703
1.0730185962406957,16.872037914691944
1.631093793016661,22.136578769438806
0.9748573322475415,24.0625
2.5331499580364953,41.410256410256416
2.3093450734752734,35.66689544726607
1.260945776368514,15.128205128205124
1.8767401501317735,29.58923184033418
1.6306641067280148,23.948043867154077
2.6238723429886806,30.47058823529411
1.2013880515211453,10.980392156862735
1.338604355713549,20.183982683982684
1.3753047372357474,25.67466266866566
0.9653005856568617,8.367983367983364
0.7840191560255041,17.881856540084385
1.822588129330712,17.293577981651374
0.6208375727033991,14.698360162479318
0.5322981695139838,10.413080895008612
2.0038133674073983,22.27728047740834
3.0249467534334586,36.39119889119888
0.4688798586211749,-2.467176453614208
0.8943711748701028,12.638790455941411
0.7908878579700828,14.280821917808218
1.4093779748547637,23.381919139337157
1.2038306710488649,19.96951219512195
0.6142629605449852,10.727361484012697
0.5232432557213662,13.25386689371365
0.8901092195423137,9.707536557930247
1.7229997139477193,27.364792070674426
2.2937247526462174,25.113043478260863
1.9729934093926687,21.153846153846146
1.4780543793157235,20.670270270270272
2.7056892439803533,39.300164024056855
1.7916346135657648,26.63622526636226
2.78079219941885,38.76088069636456
2.3103366275993436,45.22551092318534
1.9644118552657819,20.68112068112068
0.953900531836192,17.29430261286216
1.4089318016167478,23.23264107405077
1.6512491992247185,23.252923976608187
1.2021768027722013,23.046198908267883
2.88631600727094,37.71929824561405
1.4340457894902423,5.9649122807017605
2.74837448103495,40.9729359369647
1.365405905171664,23.418423973362934
2.4126746660087006,34.22939068100359
1.6419167152723566,37.876447876447884
2.3086935423325006,30.0
2.3599666631431346,25.42131190044075
1.4870073958415306,21.28589263420723
2.0459934796864054,25.53879310344827
1.179860595799807,15.250307904078824
0.6077500724670225,13.364911303055635
1.773072806860761,29.16666666666668
1.2982801651308904,22.23276407337127
1.9622462780564776,15.115511551155116
2.3588698453449655,33.49585568015601
0.9035420843483538,14.864864864864849
1.1648201248597172,15.854337835955988
1.7939650240394363,23.483988189870544
0.8597740051626939,11.843629343629345
1.376643242682209,29.092004216232496
1.016421856146943,15.716096324461333
1.522164313664553,21.63295370842541
1.6673681981666613,9.492481203007522
2.676999654467659,41.12685560053981
2.75077550555581,37.39797901282549
0.7735884791293982,19.999999999999986
2.047210798079326,25.86206896551724
0.578538656448958,8.3625730994152
1.6524449068695017,24.94505494505494
1.1364828587273954,9.833715596330272
2.1768365571782287,23.67228794361943
2.3584383057150315,33.59420289855072
1.609752437812684,27.836484983314804
2.8704582167166226,34.230074282272625
2.4266034076600738,34.019607843137244
1.1280997472400194,20.509803921568626
0.9976562453291671,23.69442826635605
0.5400981596901803,16.074646074646076
2.409973008655961,27.97474502185527
1.1210971542104589,10.18631850945193
1.9382965666435548,4.572224006852984
1.8799115132065247,25.757575757575744
1.796874486620443,13.3450911228689
1.3102426926754964,19.310344827586206
1.9300562438384912,19.880952380952387
1.3310325124994309,14.522968197879862
1.080307471345452,12.653061224489797
1.8328192096109195,26.734152007965477
1.2716735922289222,11.546391752577321
2.1378016890454274,31.56521739130435
1.3356979605979498,19.03544026306175
1.4711667290995694,11.08734402852049
1.7598683652348048,29.33262991295173
1.8170881195506272,12.818870743942789
1.4362302513812484,20.449481739804327
1.2239363000534838,25.669228730453213
2.3344315423164907,38.34938469769931
1.279059262449516,10.235849056603776
0.37580141925653593,7.997091966557612
1.1412432089504967,11.507936507936492
0.8923730857590986,5.561440677966104
2.221528001721165,20.077433628318587
1.6431791776375788,19.57393483709272
1.180147396548145,11.340065502183407
1.1748125108737657,17.205882352941174
1.1973118788784534,21.958432596730468
1.472987783588255,23.441088146970507
2.0071520668850242,30.74367492972145
2.9647001793499497,37.86624916126146
1.5506048669922046,18.548387096774185
1.3934494203247472,26.515151515151523
1.636366454893879,20.058997050147482
0.7736470262304473,13.738920225624497
1.8267679448091254,21.985220020154507
2.3920088533192896,29.76146335434433
1.581488905744104,13.520583780806831
2.5174902343269987,38.93034825870647
1.8619838816852772,26.07734806629834
2.254657751384759,18.57142857142857
1.7037139851062477,29.987730061349694
1.1274385788315486,25.09737341456107
1.5953693653801144,18.732959101844422
1.7734926306071999,31.903190319031914
0.4637589790382796,11.324503311258276
0.43069128311946375,7.034412955465584
1.5357111270070902,25.667960721625946
0.6035040756459782,12.394366197183103
2.3539213090173847,23.091054313099043
2.296872185401522,39.32900432900433
1.8544242042118322,21.801299907149485
0.4016789154977418,15.780504430811177
2.438117841206317,28.481222997673648
1.9524242465889303,27.348993288590606
1.3043172537371082,18.62293144208038
3.2319716792803197,56.1734693877551
1.4866304018131813,21.19047619047619
0.16272238538293227,10.07821229050279
1.3471567796060413,25.179211469534053
2.7632128631147808,34.66716529543754
1.6806922161290658,24.84976449569595
0.321134085039169,22.135007849293565
1.5871718997960522,29.733819994658603
1.4881463253890448,9.244264507422407
1.7414384765905648,9.9022633744856
1.3049207645947851,12.56218905472636
2.110020297687842,24.255952380952387
1.1792202689875722,28.525382755842067
1.0621754580271452,18.696253071253075
2.2570331028096984,26.766169154228855
-0.05559448313590325,6.856231730002662
0.9844178716399649,0.408163265306122
2.2793904634688147,29.430460208492242
1.5730012332868335,35.096774193548384
1.2415805481042286,8.559702950947823
1.8364458843642923,10.543672014260252
2.674797395042603,29.250471401634186
1.1952942492283145,13.468456611388959
1.6954227682594631,23.370020964360585
2.355892654945384,21.63604030823948
1.215118069329789,15.007112375533424
2.4808248043757497,26.43617021276596
2.233605475411935,34.694667035092564
1.158654287744557,17.815181518151817
0.9609708062352849,9.822064056939496
2.230745265932811,35.62882988036183
1.9141151246679677,21.86335403726708
1.8748932964969884,27.98115539079395
1.117460964868052,19.54365079365079
0.5625456221544468,11.707338795867472
1.5855656820489952,22.686715135492406
1.2949497203616822,19.96364414029084
2.767664823420582,38.915273556231
1.1105335204297764,19.762288477034645
2.1303071977218773,26.12816814341644
1.7203665493494193,23.5897435897436
1.3802030834424857,27.004396064475607
1.4325626628404267,6.771879483500705
1.6255434424890516,31.93573667711599
1.2190897259918998,18.548387096774185
1.9147584125985924,31.966213862765592
1.8354978055052746,28.275092936802977
0.2790731643410066,16.325878594249204
1.883152036589211,27.76143790849673
0.666547649120816,5.70462102969843
1.9451247474492113,25.555555555555557
2.7230215405562497,31.42405063291139
1.522197309568995,22.135785007072137
1.5287146973799959,4.815509693558482
1.4444516355340618,11.954545454545453
2.9166991048308892,29.385964912280706
1.2356372973044936,7.621648460774587
0.9120379920466798,16.15293420272674
2.541728493216343,45.913802509547196
2.1452987798473258,31.01960784313726
1.4039568595079917,12.65479876160991
1.636448543844903,14.830951551063087
1.961522264903349,29.199043634190076
0.8524762299002031,10.33388268326923
0.8501601239713753,6.699751861042188
1.0020128621191393,20.496514614161676
1.272846803953744,17.616033755274252
1.327296700373654,12.064777327935225
0.7864244407125097,17.671968601528604
1.4443937855223683,29.51631701631701
1.8078867382099202,23.288568621028496
1.0517167324278445,12.322064056939496
1.8562711280321629,18.576923076923073
1.1538388615281967,24.06214475179992
2.3977134979050736,27.935606060606062
2.124355143775455,29.81125716211662
1.031088609939587,14.050179211469533
2.2499777784523816,26.393950437317784
1.839200113754979,20.492524186455576
1.8327918199016633,21.744304658279503
1.4576848817479888,20.302072356866894
1.8183598196493362,16.58986175115208
0.3548999674321055,11.968911917098453
1.2470184622881857,21.797018257195255
2.529702962442604,35.1867572156197
2.202186961767786,21.690508628519517
2.2306491683419667,24.37865497076023
1.2133674962412677,17.011494252873554
2.2485687810916017,24.380318165001846
1.2902291008122029,29.448621553884713
2.017732268786938,31.987427466150855
1.4658194887908251,25.96013612056393
1.3763629763394447,24.36825885978429
0.9961716141152236,28.10555140652228
2.649325449964633,25.223729792147807
1.7033438746276977,19.822812846068665
1.8308958174218188,19.665561083471523
0.6766911354016039,13.343653250773997
0.5937029623808735,8.021641966596093
1.968546157548437,6.319444444444443
1.41648609754264,10.489848533677076
1.5523696866056307,19.159159159159167
0.8076172608699792,11.348347470020478
1.979624925097331,33.021978021978015
1.7709628677127087,26.012219115667392
1.559034521667689,19.134746922024625
2.448580505443294,42.181177391985386
1.9348064836709957,17.35261401557287
1.513335787856531,12.461419753086425
1.3242006902280226,13.563218390804593
0.4891572327109907,18.05937328202309
2.208812855418452,35.71428571428572
1.4419877923284297,28.16844378458631
1.713409566136865,22.594170555217417
2.434878294845203,26.945812807881772
2.151329330026896,31.55270655270656
2.666185498036742,44.7799929220243
1.8687932216547885,28.07486631016043
1.400144033010807,12.379862700228834
1.9587246123753692,24.00219448635304
1.1210422251206111,21.698385236447535
1.6414723521671468,25.67138567138567
2.4321605491055913,40.271629778672036
1.4820877543064894,17.98145614835081
1.5959061853243464,9.838321293429658
2.076088858130667,36.7965367965368
1.7703483182471387,10.47021943573668
2.3497172753947595,33.819764464925754
-0.38585220846161666,-1.1734028683181208
0.5510024967581957,12.280169799878713
1.1676573015158678,19.08618078872869
0.9937161070559675,6.020890815924318
1.993480658217209,19.230769230769226
1.89934034105679,23.17101584342963
1.077954378073516,14.716748768472904
0.9348179125233597,10.144927536231876
1.262912262835414,30.938292476754015
1.7808455321667842,3.776223776223773
0.7195422836859147,12.980769230769226
2.273527192955247,36.58668396022482
1.5837702231110247,19.85549760973489
2.4805458801876767,23.268493958149122
1.3766140782419458,13.337988826815646
1.3577086658537771,18.734112862226752
1.4374164848230693,18.284710703483277
2.4368473631850476,37.83891547049441
1.1724032790601282,23.55602874634016
0.6561795251607008,7.586705202312139
1.608278553115106,27.811682650392328
0.7160356834821695,14.46360153256704
2.3270325464103676,35.14659647583533
0.2656413671055936,3.3333333333333286
1.436551271715256,18.493761140819963
1.6908689498459415,28.843418317102525
0.7062624248750211,7.099391480730226
1.5928557795739642,15.522113022113018
1.9674097478381194,28.66910866910868
0.5080001114727951,11.137406769936895
2.0527518196017733,33.52041377792451
1.9007980613467317,31.218487394957982
1.5437440027713518,17.441860465116278
2.2120868076902065,20.687134502923975
1.4756836667560667,24.562989752863174
2.2597624224610477,24.473752598752597
1.574820614614866,28.557692307692314
1.4081672449537381,23.700268489138402
0.7298388614758744,19.622331691297212
0.8010553649290777,12.955465587044529
1.9477043865481314,27.41731885887401
0.9108467055728378,13.71814822019062
1.7498100863271637,26.38912204129595
1.1009119676163452,7.361111111111114
2.15082237045433,23.0542346355264
2.275898400491039,29.964788732394368
2.163733906750907,25.192782810511332
1.5171114869580415,15.13223970539002
1.717157561339393,27.03494682005644
1.1536051496289605,10.370689655172406
1.8903342227474003,31.794871794871796
1.3050509905572107,23.278157194119693
2.100539094360432,36.601307189542496
1.8941221031799045,18.28931809223492
1.4550781061019358,25.805692778169842
2.2082067410610127,16.191753268521623
2.4395288722238604,38.86153846153845
2.1344001157477797,24.78293227486975
1.1736130692559832,10.262480699948526
1.532911447507002,26.824591088550477
1.878191580077605,25.010508617066
2.8308840348631534,39.122950077013684
0.5907133143396424,12.962962962962962
0.6325120685267218,14.041289592760172
0.04880301888823829,-0.07751937984495783
2.538483338665818,34.91538611165143
1.7156136682123262,20.251572327044016
1.6002335850276426,20.230278808640207
1.4590570396434726,20.053120849933592
0.895869864441385,21.002824858757066
1.8968025655474232,10.958205912334364
2.2897393119715623,28.9606227106227
2.269666456408541,33.09446254071661
1.3119730917270624,15.711716341212743
2.4749515845717154,30.588235294117645
2.3416459721855785,37.56613756613756
2.305329779980417,17.396492065385985
1.2611663491217757,9.375
2.1609333381698415,33.84781048097631
0.532947899797539,8.295660036166367
1.947984067140261,32.870954182429585
2.357444271634883,23.66782868525896
1.7732407438629203,22.048089308716193
1.1712730270452594,10.920245398773005
2.3014591405894285,18.257301943928894
1.0536730178128688,7.692307692307686
0.9843209404283397,24.01215805471125
1.842668391530586,24.03718459495351
1.6603465833390074,21.38188608776845
2.501580973711752,31.46276047039406
2.5265219828978585,35.42674364175379
1.4566306333655983,26.966911764705884
0.7328946619462611,8.781094527363187
1.7915373299506225,20.227272727272727
1.5508562745061147,25.84155049302958
2.003473720351397,29.83898792409431
1.0039971911675774,13.910413910413908
1.0636976797518056,10.371015936254977
1.1701408728014582,19.475655430711605
1.2186495289065542,4.688644688644686
2.6054137022773385,33.4507996747086
0.6863783687222038,10.570175438596486
2.696637700007865,46.06060606060606
2.1476000564997975,22.916666666666657
1.4218797803676388,18.07359307359308
2.40864183855376,33.172635445362715
0.720496547938249,14.087301587301589
1.9044089343650232,23.542132736763612
0.8225279589995966,15.689062685152273
1.29034238764155,23.008714263874026
1.9949761005018387,15.170068027210881
1.516966639790067,23.529411764705884
2.549452431749588,38.35113484646195
1.9584916909479664,25.658561296859162
2.2810355506373496,30.288461538461533
2.2620340088264874,9.012539184952985
0.7511301081584042,15.5592469545958
1.0511797143819215,16.112973186119874
1.2826070967672865,20.199488993710695
0.9746850095620059,14.723285764009745
1.9220645311909512,22.393822393822397
1.8984754853272139,17.391304347826093
1.37526191857645,16.666666666666657
1.7631117173032833,37.23616089207486
2.116087183532803,35.09242695289208
1.5074701336755565,25.018615040953094
0.46116897240949234,17.826233561874787
0.7223874488086042,7.991712298357257
1.699146159181035,18.69565217391304
1.5809578562803381,12.611674906756875
2.187142733635031,32.64511102454227
1.3462353953020392,14.444057567316634
1.9399541592025125,21.264367816091948
0.3198698478973839,11.374760587359013
2.4930459973257273,42.650468329778356
1.0172768676501476,20.067774196214557
2.1730055916133773,32.11477987421384
0.7534462049055212,16.04574287501117
2.040901954442537,18.990514905149055
1.1679062038906207,9.291171713791755
1.5399641914780622,9.631147540983612
-0.09275240490543607,0.05351886540005779
2.11671585358801,17.543463535786863
2.92387191834989,47.817540613979304
1.5000033292890873,6.2962962962962905
2.2899487464826804,19.93620414673046
1.9482482292920138,11.795774647887328
1.5854645657586126,17.946934313822908
1.186765592732493,8.664688427299708
1.1880463292053869,27.751817237798548
2.386367530967763,17.705205205205203
2.257750072876011,22.822822822822815
1.1903557795271835,5.236270753512123
1.2671644134369344,10.638297872340424
1.9578433330407674,9.11516704023908
1.4577449602801154,13.852625471424432
1.538121223781406,4.324894514767941
2.245807826783607,30.778050778050776
0.6904611069411504,2.257181942544463
1.5490183915095728,22.506364267530664
1.6150473703373813,27.889862327909896
0.9818383545570498,17.761557177615558
0.9814818032212425,16.54111405835544
2.6822117990009846,32.247425997425985
1.751721815808465,16.148648648648653
1.3128059230514677,24.141414141414145
1.146431673812143,23.819824405140608
1.1962738127898591,26.87783859322232
1.6241136847402688,31.706168576361634
2.1472004467858636,22.630287009063444
1.4477037205596641,13.005464480874316
2.1818789720182323,31.745653727077865
1.3539301647886843,22.447439353099732
1.0557554185951445,13.214285714285708
1.5661450583297256,15.07238409382444
0.9031790585486041,14.652014652014657
0.6127571241426069,9.197154471544714
0.9317057195006465,15.84007187780773
1.6931701626516138,31.675731675731676
2.099806621411272,27.79477691596101
1.4890509569060768,28.30964846671653
0.8069272732624765,14.223722275795566
2.503985635976487,25.149262824418187
0.5775559850554489,13.754480286738342
1.3344866152399475,20.063709875030632
1.7393790700439307,26.38888888888888
0.8937891286734222,17.2609819121447
1.914236551937275,28.90625
1.393964209308274,16.13813229571985
1.735160503684634,20.041779306955014
2.51217527093719,37.912224150756266
1.5639648247191196,11.066942280171737
0.721349475647918,8.845560696188599
2.5754703287431573,25.00733137829912
0.13886561287792368,5.341880341880341
1.3726811109922308,13.956692913385822
1.1301659874490086,22.90348742903487
2.5683506845176796,22.246261533566653
1.8500019734996602,21.82291666666667
2.3399014270512457,23.88392857142857
0.34877228846560876,3.7486983686220015
1.3436788645917623,14.236111111111107
2.499385296107033,41.04010025062657
0.5701538849653444,11.92307692307692
2.3650092604505644,35.140845070422536
2.3405312720395504,30.49401578813343
2.208012676679297,29.423010079944383
1.3199092623608424,22.91965566714491
1.634752873358217,17.737989323843415
1.1971789322829793,16.748935346496317
2.1080471105215235,33.0773169482847
1.919742457454252,22.23078404931612
2.4911796362299032,30.561797752808992
1.3299968169653154,-0.5906238464378006
1.0834693980821009,7.971339005821761
1.5524887199785753,18.935873605947954
0.5784576735078633,8.816666666666663
1.5116532414304549,17.953216374269005
1.1435637805589227,25.8567335243553
2.5319801714334766,33.756805807622506
1.86744927037245,24.189807559706637
0.8461689049288841,16.740916740916738
1.5422703656595367,20.427628131223145
2.0279725172143728,18.76577840112202
1.0184669502759576,19.486659912191833
2.05875922509051,9.657836644591612
1.4104166537566531,10.562632696390658
1.8028076509207231,24.57352941176471
0.957048383598113,21.860767729342875
2.3400782151519746,25.261454183266935
2.3612948168800756,42.49379652605458
2.2512346533975767,38.06163255704541
1.1872464452631122,5.555555555555557
1.226879666147426,12.449392712550605
1.0512152510834,14.24418604651163
1.5020330289295651,26.37740406949736
1.739275179225085,30.12861736334405
1.957241255257447,26.603343465045597
1.7450518151090084,24.858757062146886
1.8240939998328343,32.729468599033815
1.5193156149367024,25.598147671726267
1.8397520651663886,28.029350104821802
0.6454338201836736,8.869565217391312
0.4942657104323448,7.305264977954515
2.1225228131244065,25.605282465150395
0.7622178460523767,24.292397660818715
1.1041769377251107,3.415225294700896
1.6936134563041545,30.038287504350855
0.8000676424744603,17.109144542772853
2.8516119149546375,26.484806629834253
1.9267136992672929,22.040658775090066
1.5182449963863833,32.20896750308515
2.521281141743853,31.757246376811587
1.9207852196176556,7.97047970479705
2.7968653002608708,35.172413793103445
2.4404855812524087,46.41350210970463
2.4106872482672297,28.552524429967427
3.009147339439088,40.07803450588306
2.173654486866219,21.593230230522323
2.159833057804431,24.53333333333333
1.139530848677435,20.990594118347417
1.8865448488067913,22.44897959183674
2.1888339485499304,33.6231884057971
1.902329380159962,13.1054131054131
1.82600867761415,36.163522012578625
1.1810799740965698,16.88311688311689
2.9458437293261333,37.13894159814464
1.182558304236525,18.325358851674636
1.251198712292028,13.57142857142857
3.1377457950871532,51.7773654916512
2.475149593510657,37.59887178858298
0.026913758220356188,9.806135893092417
1.935073013107135,10.17485887374363
2.7565974561764657,36.91756272401434
2.1438987824362092,24.011857707509876
0.7615960583550305,6.4897698209718655
1.984822837184089,20.214626391096978
0.4115728717161563,20.49808429118773
2.0917179780174893,29.3454223794781
1.2786826768293236,22.02546756864305
1.0521320256544864,7.426856714178541
0.3351477731371566,13.370559950364509
1.8386151674513482,24.930555555555557
1.896353449124005,18.799755052051445
1.7998969670740634,24.76690964570267
2.398375646936975,26.617647058823536
1.9065693710373655,22.07420787235644
0.7086051118262469,7.499999999999993
1.6236778596525119,14.572649572649574
1.7444213032179028,33.225806451612904
2.5443159258296557,24.590654952076676
2.185846726634346,30.70669168230144
1.6687534655069507,4.814814814814817
1.7253222789592941,16.711650922177228
2.204858606908287,34.82008317762642
2.5172041850140148,18.421052631578945
1.62832904734676,11.206896551724135
0.9560859124093791,27.00140899193032
2.0326228774411965,17.07985548772892
0.6801549536209293,14.188405797101453
1.4568944338688843,18.4313725490196
1.2535622516359743,21.95283226801851
1.2649272238808207,24.900829426613782
1.0735367634062725,20.96560846560847
2.1636384154532653,24.665012406947902
0.5709091401022122,8.931518151815176
1.9279190030340785,31.336405529953915
1.307943912154408,15.857976839888984
2.529313450654583,21.89879086430811
0.8857438443012973,3.1475060016004193
0.9885067863077143,6.2962962962962905
1.9487358783698228,30.407523510971785
1.5424627510697038,18.582995951417004
2.158976588313065,25.622750688024844
1.925258803004056,16.28122109158187
1.975122471204458,35.732009925558316
1.5006129100232073,3.182461103253175
0.787898375980517,9.372918978912317
2.1784766736878693,10.455927051671736
2.2432153924346903,33.93374741200828
2.3626002023237502,33.71428571428571
1.2182032376694485,8.724330205358363
2.8946903309817604,25.612745098039213
1.9473696822838742,9.746588693957122
2.169340643320876,31.24406457739792
1.944945970479333,25.86799276672695
1.9199584241209786,18.931920594324694
1.169520514908798,20.429667519181585
1.1524547094659208,11.724456773000455
1.119864941401929,8.457854406130267
3.194514404684545,51.91740412979351
0.5204900148672109,19.728876020005274
1.577354420500657,19.896480331262943
1.5931109524346698,-0.16427718040621642
1.1998832347238113,20.355677154582764
1.1404385150954086,21.254020836333957
1.4634620645918635,21.144420380713555
2.5125053590519255,29.708532061473242
0.525238427494062,15.625
2.17045707853389,25.63492063492064
0.4748776550279259,13.69298986486487
1.9034047561497773,28.664546899841014
1.5732882073256382,13.6682755594559
1.339025909480784,22.876138882048757
1.3156510544333246,24.485006518904818
1.8497481976065573,26.327521694132635
1.9049211443035614,21.677852348993284
0.8655393129263051,3.359965758310743
2.0538079876568123,22.66141061154911
1.5341479600830201,14.287395551371077
1.510594220288359,21.640866873065015
1.7675966914460775,20.448923499770956
2.0725351623399364,32.9375
1.5204820985677803,20.187609927692
2.6242252483232624,48.889659958362245
0.8805710445621948,15.595238095238088
1.0165102906218388,20.978391356542623
2.4910103308882787,37.39279588336192
2.031072851304602,33.51851851851852
1.4036944861731826,21.851559415712593
0.6711919886372413,9.529702970297024
1.3217710617136742,18.57142857142857
2.14591172933451,34.71428571428571
0.9372071359923135,11.39028475711892
0.7172527405647648,14.171511627906973
1.368500900734361,26.9029079930081
1.3705403357014114,8.116677235256823
1.9692128094176482,26.50612589776088
0.9914318876685333,13.114990621843894
1.656456766542377,8.497146480659488
1.5588236620859375,18.687810945273625
2.3056156542910036,35.352138643067846
1.639101653332494,24.551131928181107
1.925457996710193,29.943287163267534
1.6552721030171935,23.438202247191008
2.4877112095154286,42.420316144078775
0.639683305486358,12.295313382269903
2.294128020514134,38.20754716981132
0.776451778185677,11.854650116927502
2.7458159079348725,36.23583260680035
2.5149840420012244,44.38095238095239
0.8360860698180168,12.455035971223019
1.2763048712104128,34.500587544065795
0.5198340295429222,9.189189189189193
2.09686995984853,33.55327468230694
2.6390095546601056,33.53984191412091
1.293182120310532,18.437118437118436
1.0592170342047047,14.32432432432433
1.6342465419305343,26.017094017094017
1.4548424544826362,15.824224194849975
1.589487317405938,23.934556010027705
0.6020846538821454,11.979298157031053
1.2422227133323829,13.525641025641029
0.740084822610163,12.578049951969255
2.0512750673533335,16.416515476386834
1.6317022755879367,26.099290780141843
1.1446473104663502,16.511867905056747
2.306454151121386,29.195402298850574
2.269900886210862,36.662749706227956
2.1139699661440683,32.14285714285714
1.8709956292072332,24.01289282836423
2.348539232839247,24.7277556440903
1.4483139835236467,16.8922305764411
0.48556711533673425,0.6761529922292837
0.9829806196053205,8.945147679324897
1.6346335952247233,30.038095238095238
1.8416874721984364,29.330654734727425
1.4057629497424868,23.8118976404121
1.735458278186296,10.297666934835071
1.9077013733057713,10.318704284221525
1.4489112734710705,8.971193415637856
2.3265878143762246,29.411764705882348
1.8561924343192095,9.468085106382972
1.1799482806316506,11.540397684369488
1.0025278232349284,16.83156072223597
2.178718836028706,24.427552552552548
0.5536856888389232,10.85326163860195
1.4908359154673576,17.82051282051281
0.9233769442980627,10.609756097560975
1.3416670184215422,18.28125
1.1818798206965306,22.96393251890634
0.9206799231474101,12.454814327965828
0.9312978774597445,11.901897888265168
2.1281111464667446,17.016449234259795
1.184256174593607,26.89578713968958
1.2126781960137842,13.333333333333321
0.06949427776393474,4.103415559772294
1.5575137429576498,27.677995763102153
1.7630164820271716,14.697978735833622
1.5566355145379638,17.524752475247524
1.931067350626202,9.992397089171277
1.334851401231898,14.380952380952365
1.8483414163527363,10.2020202020202
1.331053836115954,15.472154963680389
0.7619006548588277,15.086432687270829
1.3142253432546638,23.41740226986129
1.1795486022190804,13.166144200626952
2.0620616735824173,24.617616033755276
1.0966282198495176,5.632716049382715
1.9908579507082953,34.86972529028604
0.7725726816716846,17.04632152588556
2.764411456993622,33.35858585858585
1.5495434179327077,21.073672187321534
0.2802533227382057,0.7894736842105345
2.148013023949877,19.894801980198018
0.2949293879745176,5.283251231527082
2.293894514793574,26.611764705882344
1.2993183728344166,24.970612930310658
0.8714812045347441,18.333333333333336
2.294341507704468,33.30130404941661
2.1778999683866203,36.843940714908456
1.0775313158210729,23.039792794914064
1.7054697605854736,27.931927487976324
1.9683311648857527,17.939244663382595
1.0345893496437633,12.249470932403838
1.3605236233361087,26.707021791767545
1.4667087202046747,17.64159702878365
0.31465788895019875,7.61958782378521
2.2765334470597733,36.58459926663174
1.0871328468578805,6.994489190334882
1.659004993075658,19.411764705882355
1.531467040573634,14.713541666666657
1.690571057246327,20.64705882352942
2.7766337948239976,50.134770889487875
1.2238472296162275,17.74089590718659
2.1189011643177658,20.26209677419355
1.971053035196237,28.998161764705884
2.3475730667228767,24.935567010309278
1.1017926794075517,7.206807907100426
1.6875099310215882,13.157894736842096
2.6004717725124524,28.28136330674402
1.2831714245783465,13.860013860013865
1.9471685055395513,21.02094240837696
2.886791498110876,38.773388773388774
1.2499880514107558,7.779600765654905
2.0047834908939475,22.77089407191447
1.0805038330043784,20.0
1.6258801953302977,18.277202072538863
1.6410199892761295,19.054492962829308
1.459009357946582,28.42650103519668
1.6346857725309203,26.201167489896726
1.3005432276254143,5.959941377625789
0.3614352192457363,9.770199063231843
1.1661108025542801,11.988642338836897
0.4855043894388186,9.784228601049705
0.5162895181985858,1.8407534246575352
2.1332195349639402,39.450056116722784
0.9033912087118929,6.414950419527088
2.5996985549194043,36.98825769596953
1.8600836572170865,12.742192842489168
1.9607396014853378,23.966942148760324
1.0425885061754023,6.476297125793209
2.3401473899008987,19.485294117647058
3.245234285580101,39.698681732580035
2.881520183721105,42.77389277389278
1.1789330175137032,18.08871493803001
0.6805490487849702,14.859168423069555
1.3226774061265931,24.869536855838227
2.063748622320565,14.724846303793669
1.0260703774510884,2.293358815097946
0.7980051793902843,8.964409954508966
1.2914388026902586,18.35205992509362
0.7324688496667882,10.135135135135137
2.3133978105951094,26.579817227299237
1.646314481889509,16.31128616053239
2.177497526995415,11.686443725278671
1.5282359198488449,16.299874753981022
2.365636522753464,34.895238095238085
2.1081840735899737,34.310344827586206
1.9463505925251343,30.924994009106165
1.7749905899956673,11.97278911564625
2.21725538620984,21.69751621578864
2.590040836969207,20.719051148999263
1.645192797582627,15.8271375464684
2.344303789144921,22.302971576227385
0.6332052274941404,13.482515738951562
1.66451263995052,10.996835443037973
2.2182690141323036,33.14633006077606
2.9767260759513112,21.547619047619044
1.1059079617730183,22.085603112840467
-0.1862354562727518,8.575534972852118
1.000341161658851,9.600389863547754
1.7623146121629083,14.02838427947598
1.190161456777414,14.579213359701171
1.0539562083252818,14.722222222222221
2.8477417990200466,41.74948240165632
0.9497880548517572,3.448690218697429
1.7023776620423183,21.384615384615387
1.726615941044042,11.940298507462686
2.047805750376292,24.87682252388135
1.7395204176495658,24.696180555555557
1.685048130884395,19.764992794590405
1.179363239985463,6.031746031746032
0.1278088840533144,3.5790598290598297
1.6546219295050064,28.440123729562522
1.2870059131034477,26.632400533028743
1.0805246320382145,17.16356107660455
1.7926609619140956,25.10040160642569
3.0705821018485198,40.373847876647424
1.950541845683559,18.47920486345653
1.9514375601823386,30.330109335576125
2.9927305009795866,53.84615384615385
2.7110674786060303,26.161081716637277
2.533603718434924,42.061747776033485
0.8758059453599287,19.179613278193806
1.6539245633532067,29.423701298701296
1.775837210545181,31.69791934240945
0.4897270718360598,10.704350728830526
1.1793552162934942,12.867647058823529
2.201490178047667,28.703703703703702
0.8223318530888024,10.635964912280713
1.4096686700807943,19.49685534591194
1.0481578898434691,16.394533139816154
0.9965503779717172,14.027685597800321
1.5341283278722673,3.6458333333333357
1.8983276711461048,27.377794619173926
0.6848645107216473,9.498327759197323
1.8261876919498836,28.020993343574
1.3576331257070755,10.257611241217795
2.2790605749459054,9.309090909090912
1.3469954098538257,17.382864792503348
0.9746514776556288,12.788124654250424
1.260407213100529,25.38564721663314
1.551606945518479,10.05291005291005
3.022498768102695,26.365069064614808
0.9325637169209156,14.667145593869733
2.523713144544085,41.41838553603259
0.5576223075747209,11.572327044025158
2.327782274142697,24.230769230769234
0.26257154688902395,7.383578431372541
0.5654909584234505,13.1297874635883
1.3300568222446245,28.258928571428562
1.4213498008583074,20.10077874484655
2.3709588096901504,30.1405517959396
1.3728620531636386,15.9397145423695
1.4734929780541206,10.840336134453786
2.0505427262756486,23.17636195752538
0.970775259836397,13.295304958315043
0.7882172052985674,25.740516196085224
2.161912113837463,12.344028520499108
1.6743802875462468,5.40184453227932
0.8984220094613595,14.50534759358289
1.524390526865356,25.112179487179496
2.1184852977292077,32.81149932398776
1.7001384008661922,26.847290640394085
2.5312675300524594,38.30159347065682
1.9024298392320977,14.680946006247204
1.2655019653799415,19.570087798970626
0.6044387749750159,13.840996168582379
2.3957047406725565,27.660885641341665
1.0894807403084357,14.279426005810372
2.946546393970836,32.715113072255924
0.3670655782633619,8.305084745762713
1.5493724376374383,26.318295441018925
2.057305127958527,29.315721885892494
2.465730913386476,41.29131324948816
0.9407115040994081,21.909023117076806
1.1588616374422964,13.675213675213676
2.15493843125564,42.20305242203052
1.5337960735233962,16.992854923889396
1.5827956853416505,16.531298137515748
0.5855348954590589,11.692415730337082
1.9637695809892008,22.793476907755505
0.29775239565086714,12.5
1.633309714471601,22.76342763427634
0.6619414978040633,17.596398512429047
2.284501516393046,27.05784781256481
1.6479578217422637,22.9018492176387
2.4242614586971065,19.150364403528968
1.6862314652816983,20.89605734767025
2.1961369438258096,36.558548653106094
0.8914596400872868,20.120945574491486
1.295246038384121,20.808988764044948
0.8733417233966763,22.234754492819008
2.8306619000086517,29.73775358733301
0.45652787325190913,7.075228094336374
1.1246991654495653,14.46622579121398
1.7111826117185278,25.623652602402224
1.9994376594492036,26.023881263251866
1.5723006807277766,10.341880341880334
0.9162836893416522,20.811359026369168
1.2556503761059057,14.907616043262728
1.1614367892060824,7.428571428571431
2.099235405813558,29.66536026529998
1.1440341627905108,16.606334841628957
1.2452383792382788,11.718146718146713
1.007029057329977,10.51020408163265
1.9240835087583004,30.140909611639366
1.543306539321993,17.756410256410255
0.7980166786865461,4.747204500240109
2.210114593986594,32.95912492803686
1.3829712161265364,19.91959064327485
2.4604369622119537,41.58337299698556
0.4685494098294778,11.97189284145805
2.7311593103700518,46.34990294539624
2.2255183594623924,32.52957233848953
0.9577128046734233,16.397293741777858
0.2982872238084241,8.768472906403936
2.1334112637271203,28.4098051539912
1.8619685871180829,27.580466148723637
1.89468549214437,25.555555555555557
1.903183937325783,25.20847419427541
2.481501474613966,45.36974054999514
2.882416226964847,42.660044150110366
1.6498464661637253,21.329941860465112
0.9675936090342633,12.195736108779585
1.419891935926386,8.333333333333336
1.1443210367070211,14.285714285714292
1.6225088576906628,10.846560846560848
0.6849882822216151,2.4184476940382353
1.1486099571504824,8.650362318840578
1.7896681063089785,21.099999999999994
0.6596437618601735,10.131811922093256
1.7750153100982224,22.0
0.7913353333337714,13.321277878239904
1.9390829948169073,32.51209051920796
1.094167296821389,10.019267822736019
1.419797776301454,8.543689320388353
1.883449154079076,32.86338527496084
0.7608284707192763,6.82352941176471
2.0132330052521414,27.922077922077918
2.3323515874895198,29.955849889624723
0.8209431350159335,17.587343441001977
1.3122266333085257,20.20905923344948
1.5530312670318667,19.406925967299685
2.0689582146327097,20.862854251012145
2.1738759608847573,29.672052085845195
1.3055173592837719,28.976448264315216
0.9636242617546517,13.513513513513502
1.6196818909579536,8.723958333333336
2.3921925441747143,36.06395019807584
1.9232792302677029,26.24653739612188
0.6173641759399959,13.699015471167371
1.400902056854887,12.470243545138253
1.0835650965244006,13.093093093093096
0.8052327148923788,17.493493819128176
1.1910487020193476,13.531598513011154
2.315851518644093,28.82525083612041
2.9973854737866628,43.18815331010453
1.8411560575511654,22.6813880126183
1.9652665202241093,24.55882352941176
2.943349595496204,47.162767546042815
2.0485392346184876,32.35294117647059
0.46215743798559344,12.592592592592595
1.353123160688802,17.06881143878462
2.552636609267424,22.562072688017274
0.0249543721154184,10.013639463514437
2.131885268241057,29.912424740010948
0.9131079041352009,12.237315685591547
0.5906492770028359,3.150684931506845
1.6463254725499645,10.796522556390983
1.202991919557052,8.61548776399598
1.863067172134273,29.839034205231385
1.9300442655371843,31.696969696969695
1.6814429046723882,9.72017673048601
-0.02429135005664783,-0.7929515418502149
1.1319330518924584,19.778216618562965
2.336648562607981,18.966450216450212
1.7707758461127134,21.933023872679044
1.5347233821769761,24.110468850353243
1.9086631356627999,22.976190476190474
1.479659015107675,22.3600344530577
0.49162914557786186,5.820433436532504
0.5561185002829552,8.22631030892051
0.6022951239030299,17.970372421431527
2.0950931550494074,20.101434933201382
1.4498486581039969,13.984375
0.9567969887006047,4.939534883720931
1.6789845713369853,6.108374384236448
0.9786486862636988,18.93939393939393
2.253096657898015,31.94114318053198
1.0705379869480671,12.291666666666664
1.4501247387783993,12.572815533980581
1.0631732530332894,16.49080086580087
1.0381884223143452,21.624206590731248
1.0973292713598786,16.938600257621303
1.107529392734891,20.53698074974671
1.2400067282143714,18.888888888888886
0.7222448004373054,12.738095238095234
2.017240797500645,19.60098724804606
1.8387934452742674,11.254355400696866
2.3520337279311034,36.07984884580628
1.4341254246649888,18.820631700956234
1.0895819648259806,10.344057193923149
0.9555708049016469,18.29443964275424
1.7552458970552294,3.3132530120482
2.601166908635409,33.50257898130237
2.529018886138042,16.632928475033744
1.8332492672068903,21.690821256038646
1.348725978464824,17.819389912413172
1.4799210161582368,11.735238564506858
1.7979007630685286,37.25490196078432
2.548758802946931,39.66666666666667
0.3317561506696768,7.340116279069761
1.367630342821097,12.2957061683557
1.483131312226202,33.13353313353313
1.3143389411913744,31.69446883230904
2.40910954316704,13.846641318124213
0.8532974933019128,7.875019926669857
1.7293871124939775,26.74398172553154
1.4163127475278714,26.750066542454093
1.7595654708743325,26.700479399708186
1.272182757109238,18.1159420289855
1.5236239585911877,11.081560283687942
0.9000173242207881,16.003787878787875
1.06922092943045,-0.17931858936043454
2.3114714724261485,27.486256871564215
2.7514893476248607,40.30020703933748
1.5281312155637563,15.410863509749305
0.6450598205796165,11.630369026013312
1.7942174625744816,33.100958545997756
1.7916142757614444,30.637997173430243
0.4108375595092193,17.92965398913354
1.5010580825194393,19.23292587193003
1.5596846000979805,18.095238095238088
1.6866676614437397,23.111111111111107
2.1908747888140576,28.5625517812759
1.925371942491692,19.14179104477612
2.765363020559178,28.347934918648306
1.209804888892503,11.946597760551242
1.9409611574222219,13.365539452495966
1.0476388632941551,2.3946360153256805
0.7846461180563912,12.579169598874032
0.7138032345453409,38.47905282331512
1.090519041598956,24.798482693219533
1.038425189757545,14.780313615898152
2.4235832310413876,36.60172468859789
0.972398112693859,13.303437967115087
0.4281761098537442,8.875010272002626
1.053655235313267,15.277777777777779
1.2151611061933438,19.12681912681912
1.6799268035641348,23.963755542702906
1.0682332053054173,14.949963387844768
2.4820359804255654,36.297852474323065
1.947299067269044,12.537112010796221
1.1634780368481341,8.799999999999997
0.5888741052321228,10.210622710622715
0.6551573060624581,9.055472263868054
2.20897526994382,36.57232704402516
1.4340776078548303,21.382667964946442
2.1709276622163456,10.204081632653057
2.1022455921250534,34.076623765339725
1.6023613600512356,24.2005527043032
2.7513078103703394,44.67084639498433
2.4756804924808895,45.07646400596793
2.2237939761203176,32.29616825122444
1.5809497562052905,16.51540934013991
1.551750118918607,17.073923238306797
0.8843147183944225,7.846539425486789
1.613293470711281,24.976357102326467
0.6534627129727105,23.018372703412076
0.7189811615579376,10.851648351648358
0.2666145295085097,9.523809523809526
1.5930978857104001,27.74592833876222
1.8633983720020524,20.864197530864196
0.7367734177015086,12.268518518518519
1.5525036813071817,28.730158730158728
1.9272034742733624,12.571428571428562
2.4354281574403065,28.44662262944813
0.6141553222480597,15.259740259740255
1.3824114246450017,10.28059281822975
1.7300970666687243,28.744693753790166
1.2698679272074667,17.00745941202282
2.96960083025375,55.18867924528302
1.1259415014683747,12.35515064333093
2.213880070822944,21.34496466431095
0.055215672892005685,3.5940803382663944
2.30807443213773,29.247311827956985
1.945943226569859,26.19933237958989
1.401802452642483,18.42607313195549
1.8054979358085275,35.7347055460263
1.7891377010846545,13.803137651821864
1.1825317573601126,19.9724517906336
2.106310235856714,24.484304932735427
2.116477370283749,19.444444444444443
0.6121558974708893,12.0
1.8409401949228519,28.254972875226038
0.4225021509246403,14.667145593869733
1.7034411912699068,24.661828737300432
0.5753276035387717,18.5690653432589
1.8670351750649297,10.94377510040161
1.922537249272387,25.82582582582583
0.6619898039540864,20.05772005772006
1.6442213766139666,22.1882951653944
0.845318485797881,8.597390493942221
1.9496132166540372,15.554662379421217
1.100303674602158,6.875
1.3291736287305944,27.0
2.21285099147419,14.699374699374701
2.6705210380967195,40.99378881987577
0.8835357147136899,16.354234001292824
2.4021757390640337,25.756464331560608
1.4166752595370038,18.64583333333333
0.4303797077407899,7.1794871794871895
0.9604691292401737,17.44835287548854
2.477667615899522,24.83009708737864
1.6733972522943785,34.583333333333336
1.4454473098091727,33.97120121258053
1.1551358994333285,15.503875968992233
0.8348260566966352,20.860292355619457
1.6839065810707825,28.93374741200828
1.8620839331628516,14.02298850574713
1.5073313535087958,14.336454633516311
1.3961200229021953,2.995828593098217
1.7941994961564007,13.430252682589128
1.305391556014489,16.0058737151248
2.1909127540130284,16.096181046676094
1.5564174796633599,20.692556634304204
3.213777066667282,45.800176834659595
0.837520185838885,12.254641909814325
1.6933609559130123,24.375
0.575375483019623,15.177275554634043
2.6188645027824617,43.74580818242791
2.476042767619028,26.46784715750232
2.6376118880378763,39.985994397759086
1.1139272188439866,14.533965244865705
1.1234364666668641,24.946236559139777
1.8489558454787525,21.332159624413144
1.048551543266711,18.12810945273631
1.362088648207499,12.011588755774802
1.6873953802632264,29.48717948717949
2.3670408915786054,39.60123375192774
1.1733189284372951,18.983957219251344
2.0560575431595502,28.398576512455513
0.7984717950617639,14.274242120056215
1.8764763318036073,26.402345741968382
0.994578461091355,13.852813852813846
1.7512341402986977,16.825727804956294
2.566935739541225,41.34501323113424
0.8088506128804664,8.75346260387812
1.0048809009612978,8.05413217711208
1.72756888403297,32.30769230769231
2.573033030665821,31.82182182182182
1.7155695465364584,15.206648697214732
1.8936562315330216,34.84126984126984
1.4800243143320255,14.781634938409859
2.2710804398197277,21.254355400696866
0.9297922817786202,23.124850227653965
2.8060727067215705,30.971591294325037
2.1088869054031707,28.372093023255808
1.508648066694554,19.89126359205099
0.6061927761814393,11.43549209586945
2.6977228917757308,30.892330383480825
0.8896452833998063,9.431915058513525
1.821065008250701,14.759615384615387
2.291600314743203,24.68944099378882
1.1238223881021336,10.645611773552467
1.6452365977353596,15.484698552318122
1.5749261301406994,4.151421334083871
0.9051879431667729,16.27764127764128
1.5044956493782786,14.351026733824092
1.0132559602717484,17.037037037037038
0.5701458143348013,13.435160227613054
1.7459006566723314,20.144887155196436
0.01752597784134477,4.292929292929294
0.691432655256708,12.027914614121514
1.4647087541382025,21.00398179749717
1.2699413478812787,16.206896551724142
2.0776137371295844,31.077770973668095
1.434022889854723,17.151162790697676
0.8969435252135548,10.35566732530986
0.32419255075799763,12.904761904761905
1.5561958356568204,32.99504651443759
1.1373018051827701,20.892320892320896
1.3902768134012673,15.343915343915349
2.3645026533110602,16.262659804084358
1.883893024953624,23.56265356265356
1.2552758012818677,21.067415730337082
1.7922924204172956,19.703103913630223
1.4885680595095165,26.182938307521177
0.7549537115604019,7.9400749063670375
2.2048781601184415,22.670419011882416
2.4367556173541045,30.56204993921257
1.2427809075849314,20.579652473802895
1.3652967425206368,15.031055900621112
1.2178042141563092,13.509787703336094
1.742732333523931,26.682027649769587
2.132471124750109,29.842869137579463
1.1476375850036336,10.841836734693878
2.2926170140848336,33.64828812805692
1.0909922096830067,15.506756756756758
0.788358406337635,14.341692789968654
1.1315179995018119,17.647058823529413
1.4192858972063482,16.815034619188914
1.4341604139032353,12.54720543806647
1.284506037189454,9.517155721161316
1.8166643695895361,22.001053185887315
1.472010795515188,22.935018511426023
0.8740964989716064,7.2160038104310615
1.6673457475394253,15.889065434060377
1.099322347037782,23.21414840445982
1.3171422775797201,16.790123456790113
2.7007399203868134,17.696414950419523
1.017082634594215,13.611437524481005
2.116057356745831,27.97933280916545
1.8667829344124751,23.981900452488695
1.741122763955454,9.041325781413889
1.4302057903613963,16.739518561842026
1.5367237877816304,23.418604651162788
1.2502174388668126,12.354188759278898
1.2372811458631954,23.51860358291227
1.5036586272003842,18.590704647676162
1.1865020104134296,26.98641416220667
-0.09925767095959503,7.817337461300312
1.4488328989387547,28.98522167487684
2.2907355416297803,28.44320335095243
1.494610037625236,14.345760233918128
2.3151276244762036,39.92163295061053
0.6950877378723148,1.634414225941427
2.339775400905154,32.53164556962025
1.7696484903397764,13.659147869674186
1.5254212616265561,16.48745519713261
2.4835755886315987,24.33876811594203
0.43614768723497044,8.931373947781417
2.5845997728739083,35.73059360730594
1.9597935732237213,34.310344827586206
1.9223583434655676,11.286585365853654
1.023508102716081,16.94581280788178
2.225676228785213,17.477422003284083
1.4786462725871135,34.28671084757586
0.06445325973639479,11.433492315845264
2.1460460593674524,29.30711610486891
2.5426668695540586,42.750929368029745
1.4063113006349226,19.624501783092093
1.8344075477515196,28.333333333333336
0.7452377348433987,16.649095062379196
1.045697789325246,17.21227758963608
2.3258754285830037,10.836120401337794
2.077850210877295,25.62997347480107
1.4267030275678727,23.92857142857143
1.8484765859765617,28.8816943207878
3.2951691172370747,46.50537634408602
2.9702405879484006,43.864468864468854
1.6227477488419308,10.251630941286109
0.8295706374477657,16.316008316008315
1.461936104984118,27.088655501939634
0.7438603316885932,13.241758241758241
2.6988609093836677,39.90299823633158
2.9644284674208072,41.00512998869663
1.398961690639416,27.63300760043432
1.4758384940821165,25.432525951557096
1.517049794364948,12.713815789473685
2.200198581660107,35.52973551444734
1.4648456066737663,23.260230335702033
-0.5253761614722204,3.810763082070821
1.9159161070673734,21.722548863816932
0.9694864285066062,4.754586495053303
1.9597136034704428,18.317621464829593
2.5205328237653744,21.42857142857143
2.5148364180262095,23.21728187919463
1.173350113245089,3.9540816326530646
1.3613202767177832,19.434401465999706
1.1680253013297814,18.362687540769734
1.129388483540084,16.52684563758389
1.4159878458796131,16.837315130830483
1.0855460135142572,18.243243243243242
2.566875962384073,34.44517523254721
0.9813091770676586,7.10088970958536
0.4841993131914575,13.696033696033709
2.0737419986450787,42.83018867924528
2.567617711102127,41.84326018808778
2.3950525829600995,29.005609382967876
0.22589229470168656,12.69245953414923
1.8972887223340305,34.3979441997063
2.3925716698488464,18.421052631578945
0.4230236012330254,0.8078231292517088
1.6644909347869783,26.624055067297647
1.844660511808256,31.6988543371522
1.7127510715303387,12.966569295683215
1.8877567980224672,20.973458978127432
2.2115050784757693,23.99607158446093
1.7149063142686711,19.363974753196302
1.0772746886576297,11.067525917623982
1.7302402405243007,31.96078431372549
0.4415540917831511,9.6989966555184
0.9800588448141938,17.023458530957562
2.5643797897293927,46.20500782472613
1.072147013567961,22.617000955109837
-0.3074479366594809,3.971716563863403
2.2890619937275805,35.00751879699248
2.419274850703088,25.792578028999742
1.8557981463081323,19.87179487179486
1.7177910131111485,6.0677698975571275
2.5535486833336467,41.916051301982115
2.520819868290769,41.467727674624236
2.6885742537531483,23.397887323943664
2.147447614051124,16.153325435775933
1.6800559680188307,19.84826932195353
1.2503355378568481,17.14285714285713
1.1900261218107715,18.469591226321036
1.7390709169153133,29.343365253077977
2.323445494066691,15.384615384615387
1.525652789821076,18.338939798167274
2.276214318379223,18.240879560219895
1.7864033392440906,26.842415564726693
1.0973412389482098,18.609022556390983
2.1089041790247647,41.1354205960015
1.6520930192640115,12.650375939849617
1.1492374351587928,14.514925373134332
2.220146683714671,18.208902909218367
1.540888615230505,25.030525030525034
2.1603889574410258,33.67346938775509
1.0858250219129673,10.909530720851478
1.43603149843581,26.76490489436884
1.6769203974180527,22.653965440850683
2.41735577732942,35.669920141969826
1.4587675700524865,16.97674418604651
1.8473304891859528,17.048054919908466
-0.29639359872054816,8.562992125984245
0.27657256896100113,20.288834096512865
1.9848971250892276,31.128526645768027
1.8512078585901777,24.77477477477477
1.8401123385415892,28.53090172239108
0.7144356151748318,10.859728506787327
0.3656840639110717,14.634146341463413
1.706649544762104,30.004967709885733
1.3216290849595231,23.688497882046263
1.8899971992815001,3.9240506329113884
0.6426886242923999,13.598943771357568
0.7494707953314823,9.673913043478251
1.235036605100526,23.441190363722242
0.9294401539853296,8.841463414634141
0.070074489818527,8.490566037735846
1.1508497281992731,23.529411764705884
1.612040323268341,21.648216482164813
2.0380294632136695,26.506024096385545
1.385887940130142,18.63701578192253
1.5069296343205059,19.76401179941002
0.9039453706660288,35.05952380952381
0.826388026190362,15.367203219315897
1.1314612109796267,11.50714032810103
1.0344021028178543,7.935758148323089
0.965656854765955,14.880952380952387
1.8168446146976758,33.02652295022405
0.9608028924543721,16.236654804270465
1.665939385597383,12.5
0.8110518026512473,-0.40722379603399617
0.38814537100092594,18.738771110312612
1.1532863287767663,12.644092219020173
1.4388322809801242,21.506635441061675
0.09943129624185754,6.144687720714359
2.058146936730236,21.212121212121204
1.192215289864861,22.680369476574846
0.004802961838290987,2.7109634551495034
1.0921125886309628,4.514733711813996
1.2635762438273612,24.285714285714292
1.3427263862376395,14.183686254855289
1.5917671845726997,21.377933507170788
2.79099152678792,32.66409266409266
0.6502712386239997,11.952128081160339
1.8579894121505964,19.378881987577635
1.9024061126111822,22.069209039548014
1.814705788791718,36.39024390243902
2.406814702188448,13.970505459867155
1.270541137815274,10.256798727369144
1.5367742748208921,23.65166115345894
0.953245436522345,8.423061196674382
1.1045991059912637,9.591736350221346
1.119287441719121,17.090691409757547
2.0139803801315237,6.2937062937063
1.7202095747945056,30.473372781065095
1.9225360386573798,33.212047705680206
1.8843903976182348,20.05323054331864
1.675510386347975,25.039501039501047
1.2226487223918352,7.366920152091247
1.8119297375510026,31.277213352685052
2.1204535768124226,5.363790186125215
1.545876257614537,11.031268207418925
2.2202176538575644,27.26744186046512
1.3943761391168759,8.333333333333336
1.2482497863556758,19.707854406130274
0.9852556595557699,19.42330796956348
2.392685542469249,35.3726362625139
2.171745495562061,29.885057471264368
1.0620301726263555,10.434782608695649
1.6009036597503061,25.118187494425115
1.7537793949569522,18.42960288808664
1.5982928429157326,19.741480611045823
2.151595431066179,23.3328860861398
1.9148007133831986,11.70634920634921
2.1185229847023397,30.8361204013378
0.3475301463401098,11.712328767123289
1.6377487643250763,15.060131195335273
1.378283319237536,21.666666666666657
1.3076671232777237,20.801418439716308
1.347971717419815,20.716698841698843
2.179821430967089,19.583333333333336
1.9329644532313073,30.75037707390647
1.368884717978558,17.168338907469334
1.522375528038526,25.3657262277952
2.109015133069548,26.19047619047619
1.4261575610972308,27.539140907266166
1.8035181565797833,5.77809287486707
2.4558431033816204,42.81222579701668
2.290852931748742,33.368694012258366
1.1598248879727304,26.044176706827308
2.1190151939132997,25.368289637952557
0.3650411445116396,13.227005636167405
1.4719413661219405,22.02380952380951
2.3154986759127874,30.770662695457922
1.5959644230736454,5.851344227727985
1.7346162272729588,37.162162162162154
1.1940076567607334,14.376657824933687
0.7775567432228465,15.664641296237079
1.359603509124064,28.512229634121688
0.890507656298731,18.376865671641795
1.4788204315159645,22.310810810810814
1.2120273130906571,26.46241703966661
1.1988370123751357,16.666666666666657
1.3522752152197115,17.396593673965924
2.018242953435849,24.283596837944664
1.923973172615681,15.218872423777889
0.6280073773924882,8.445945945945944
2.400539673560513,31.466876971608833
2.1366000568316856,18.31192247013749
1.7006988569098487,28.74643874643875
1.9140232334931322,30.480668756530832
2.4546141035976152,38.012477718360074
2.251555032684646,43.94956274150905
1.0517713827914734,6.447232632665255
2.2674985127729808,27.362072816618273
0.9931589698855288,25.017088174982916
2.0408506753050246,22.908842608398764
2.572716833072798,38.22946027769078
1.5658628348588923,26.523947750362844
1.1720352757074477,13.838223632038073
1.3485931441305161,12.027060886995741
2.6578127173886665,52.02702702702703
1.7521248504606377,19.767441860465112
1.602007897915251,18.66814650388457
1.8150092690799293,16.072550956271883
1.8726228004162708,25.98886901212483
2.582684077240681,31.739811912225704
1.072816623782332,11.756876663708965
1.244174708838642,16.846504559270514
2.3036142865330502,28.50376149345221
1.2238815368951634,21.412328682932824
1.0624598081152927,13.32582582582583
1.2443701081915592,11.642156862745104
1.6078636495793204,21.03448275862069
1.5573830832900508,24.0
1.0973876729805088,22.61072261072261
1.3632184382957404,13.06896551724138
0.5768574546330804,6.425567703952893
2.1042967830783,35.35735917625682
1.4971533988494312,17.89215686274509
1.5459513074073743,18.056166916101766
0.9298015662021083,21.42857142857143
2.1056615602106943,32.001145967626414
1.3086062042388433,18.06896551724138
1.2937603462581588,18.272425249169437
1.707181480666597,19.18331374853114
1.557292044916818,22.067363530778152
1.7738945011698708,29.32330827067669
1.7529152299972859,16.821266968325794
1.5314164036841915,11.058840558731987
2.20672827958942,19.591836734693878
1.3099937455729966,17.82051282051281
1.075080669647522,15.543241279069761
2.6992858173792365,33.91581632653061
1.8442283785007272,26.87074829931973
1.7453198467221132,10.684818481848183
2.742349666590994,43.138651471984815
2.5985300094506183,49.55393349553933
0.5282230590745189,11.449275362318843
1.4285738187135602,13.213662428322117
1.7752683819447306,28.783517648841084
1.1756561214886372,23.985311171240824
0.7003615766308557,17.103996148290797
2.7714300525526703,30.709984595994953
0.8293632540493892,13.412698412698411
1.3862833244082293,28.25676526117055
1.7846669707906477,2.7234369006520964
2.610848061739597,36.24871001031991
2.7447998689002313,31.5
1.3933325369617686,10.412224591329064
2.3374243048732795,30.846346635820318
0.720770437085044,17.933598256633772
1.7016626867775604,19.453551912568294
2.3538356944308734,30.968468468468473
1.952626364134865,18.47198376775402
1.6185705321471506,20.823775805325624
0.8592599580795472,12.828947368421048
1.0401994239600636,11.571285140562253
2.1263110399335963,20.95868003698172
0.15172635415404523,7.945254177035196
0.647122889568809,14.831945729263019
1.4372567142727788,13.333333333333336
1.7433276360906045,4.047619047619051
1.5491883876080084,16.028368794326234
1.533532717614998,12.911017609474833
1.422752067043882,14.732142857142861
1.5750924815520575,24.90922294843864
2.296819653496964,33.35714285714286
0.6527896072464408,12.980132450331126
1.3127865962197247,6.4412238325281805
0.6728782004090338,16.732542819499344
1.5318024406310684,20.553643144004596
0.982910120619499,9.544840018026136
0.21642718244807213,4.194214876033051
1.3255445996580306,8.761609907120736
2.0546316710251302,19.15650406504065
1.373112130584309,18.364197530864196
0.6308882220800639,12.958385876418653
2.479595118934084,32.02645252716108
1.8989659956576337,16.775046842279295
1.2764381920716463,17.369778236204226
0.980700740016385,14.823133071308256
1.4843111638943158,24.561797752808992
1.1007081372291798,27.038770053475936
2.0363232133349998,38.38759012453571
1.5650296544402678,28.638151425762047
1.0222621767500155,12.267080745341616
1.8892000135656746,18.436329588014985
2.133497566596482,28.526336555533632
2.4057452719043444,35.87513935340022
0.3514816244836012,11.07954545454546
0.8314591477984568,12.927227632932066
2.3186828344332784,27.009043927648584
0.9538207531705996,11.001642036124785
1.4643475080913637,11.405622489959839
1.6222722367976297,29.96880570409982
1.6036310589548153,23.99389985596882
2.378566078073043,31.586131586131586
2.240865129063924,20.319432120674357
1.4512018993646216,3.9184952978056486
2.0326613563224436,14.190289996741612
2.1855130452023688,26.59266409266408
0.9538274854648965,3.917050691244242
2.608938999157297,34.917216314443394
1.5531037889491537,32.425577359498064
1.7894145118429268,18.43205574912892
1.2012602652576556,16.105577689243027
1.0867029437448552,13.357292602575619
2.620802893594747,35.578747628083484
1.9916725924919827,35.88977423638778
1.7392398747274243,28.059613831583583
1.519544735832218,15.867895545314894
1.1666521954195432,12.224056117185889
1.75614046986458,6.279126808928126
1.2913463491183985,30.602006688963208
1.630818056206953,35.31409168081495
1.213544606559034,14.780219780219774
1.5521829409636596,19.066666666666663
1.8768713721704566,21.632653061224495
2.40255745500762,32.34939759036145
2.2671169186289672,16.809701492537307
0.4488912841464659,9.065278681414007
0.5957833457087136,8.63047921871452
1.6010509979960534,8.060849798915896
1.1432139474383904,15.89024871693644
2.8930608283221013,39.86087519210548
1.1492685302085937,15.036945812807879
1.629724905664707,28.2154543166373
2.1192673565499964,23.70927318295739
1.833833660714867,32.55102040816326
1.7947465200986272,22.650193798449607
1.2945802692312518,15.084681496461066
1.9625416025191817,32.11428571428571
2.8678510719053154,44.97614788312463
1.4446152093770954,26.7202141900937
0.5334587980656572,14.967837704106884
0.5401551577571059,8.333333333333336
1.5085355085308174,10.761767876392383
1.6021986697207296,22.852598091198303
2.8218925089309144,49.390243902439025
1.4323509096970974,24.636942675159233
1.612133685012418,21.299254526091573
2.4137608289195898,34.62686567164179
1.8089312422284194,29.0531914893617
0.562511149938741,12.854251012145752
0.7540339529100245,16.969629793837292
2.021296977096558,37.27272727272727
1.5754804907399949,6.934890417533204
1.1153341711905653,21.51960784313726
2.2974533362448746,35.92832869941304
2.7723918025278653,23.975488318651863
1.2929429400744492,23.560636994691706
1.2990760801038217,15.409482758620683
1.657813084671763,27.33343808925204
1.686518297644371,21.381578947368425
1.0645599567063972,10.913679959616353
1.1728683861424785,22.518427518427515
1.611612478618378,16.857142857142854
0.6947150989110644,13.229442970822284
1.3706811190957073,11.230907457322544
1.6034156137339017,11.965594138260592
1.5261468252079187,19.184899184899187
1.5189528093825198,17.672608813682025
0.6454038779855588,14.302642493186397
2.700727099368545,27.434738955823292
1.4684132787705668,18.797250859106533
2.0179702338684913,31.97132616487456
2.216292001716079,36.786449560172194
1.0621045172337613,14.5979020979021
1.811972035065257,14.389610389610382
1.6196381868694076,24.02173913043478
0.5270584221702271,12.73359073359073
2.1221787711207147,27.908587257617725
1.7148375961874909,20.606060606060595
0.6692142283722256,7.671232876712331
0.6362937242692677,-0.057625816365735716
1.495911634566811,27.214700193423596
1.5570307124264415,22.411175220163976
0.5081915206062025,3.9486434108527178
1.369076694378057,14.571776484914082
1.5032312760951452,7.226904118301803
1.9339499856686964,10.501672240802677
1.0111443737840107,9.45945945945946
1.0041770483949033,8.1353671751271
1.8029769686183554,36.787227109807745
2.602316796623662,40.755310778914236
0.08696145014563039,9.748010610079575
2.016331337306001,21.551724137931032
1.4954567155468586,13.259864912904362
2.423191995579182,34.47024673439769
0.7872205655595674,16.391017883555193
1.3723107592214174,15.562565720294415
1.951097830586896,14.928957374424655
0.8476965496404822,7.035675245950507
1.5403930600985665,25.249886415265784
1.9516353702264446,21.266666666666666
1.9967728609092532,25.714285714285708
1.3373260415105293,18.39057102214997
2.818099118247649,38.98680855780955
2.2779177696831154,10.207768744354105
1.2434398890189844,20.717703349282296
1.8082242231136518,25.76817122271668
1.4522777576130204,27.558125811400913
1.2894847643107463,23.47926267281106
2.3482569624751033,24.61472602739726
1.7276969552461519,21.29844961240309
2.0895534469825527,32.171743245568756
1.7871542458433323,22.184065934065927
1.5746071010180884,22.634408602150536
2.048629586454991,15.173370319001386
2.5769773352486554,28.943278943278955
1.62927971226511,13.662263662263662
1.3516629215643161,27.076648841354718
0.6865141866689799,12.364718614718612
1.8828045220128522,14.019100386381865
1.3511127154825102,7.206703910614522
1.2886562914524005,29.80790708063435
2.0836004933218497,9.793067088440743
0.8705497095919547,8.177117000646412
0.8501808801685726,14.379084967320267
2.474895078981713,35.9789057350033
0.5034127161064635,10.780423280423285
2.1587188991725035,27.972560975609753
1.888653842978611,40.82867783985102
1.9678744085148752,24.566729917773557
0.43757589651824763,5.626406601650409
1.8905355741254986,31.62822562228819
0.7988134833636888,16.84210526315789
0.8940093759028322,14.857142857142854
1.994544430872105,16.856015307342744
2.074385732813829,29.745499689633768
1.4780812818976141,21.83654729109275
1.8793213686136037,10.495049504950494
2.0046903393997386,18.38339222614841
0.9740003432018857,14.85507246376811
1.8608424861253778,26.25
1.6110711657331018,15.773195876288653
1.1567263996638364,23.94607843137255
1.3322517593908145,17.39837398373983
0.39627174816296173,11.384069899962007
1.9906354437303428,9.472606246799792
0.6327873041492006,6.121784435037448
1.9057201306816431,31.833060556464815
1.4629180722774955,31.230556515727606
1.7384210010709098,8.127866019804607
1.7489352341346531,24.179206566347467
1.2955841157478643,29.953917050691246
1.5775808241078102,17.4219536757301
1.2374333386327365,16.389024987751093
1.042731655599321,7.208260276641326
1.1184275475159655,16.457461645746157
1.3985781552114878,11.534772182254194
1.33243623800417,23.75478927203065
2.253529925495886,27.07056954844567
1.0955396781635252,18.019073113602133
2.1434240213059415,20.92009685230024
1.8431140798644867,23.33333333333333
1.5832386782321297,24.60990966329046
2.2804443526868,14.530456852791879
1.1273860578877235,16.053607071571143
1.4432969633850214,7.827788649706456
1.7682246638118697,22.666666666666664
1.8078722384183266,23.397282174260596
2.1634702071441563,20.630740967544405
1.686325992788043,17.5
1.9670281182355,20.480132450331126
1.2527739262653657,18.71626484346887
2.095636496568636,9.259259259259252
1.319392744424714,20.069467057418862
1.6722998695534712,23.853372434017594
1.0104105770708838,15.543478260869563
2.3964469937567268,13.64512173760729
2.797864560499029,33.5969868173258
0.8300930376958302,10.9308091052513
1.7917663181198873,24.39213406955343
1.2590870391060673,12.302631578947384
0.633416920242929,5.486577181208048
1.6052261627752822,21.750972762645915
2.104815925904798,22.984126984126988
1.2127740237788165,8.126566416040099
1.2360998407181165,20.72383802487608
1.257439523502649,26.08359133126936
2.9424613892779212,39.68492123030758
1.603767464466464,10.524425287356323
1.0261566162441351,27.128482972136226
1.7357214411717172,24.320987654320987
2.6345860929416824,30.590062111801245
1.063445485101374,8.350803633822501
1.7999759595041145,24.85507246376811
1.0026197583412313,11.354679802955673
1.500585004902549,25.59687786960515
0.23302905823848563,7.704402515723267
1.8708261098446848,20.221768310475625
1.601200570732028,20.289017341040463
0.8784066283088482,17.452685421994886
1.3248483314623922,4.032921810699591
0.8176514471115999,18.488053270661972
1.4582443102946903,29.92156862745098
2.2448812805915495,30.60169804355852
1.9054002175471887,24.961636828644494
1.7258919006620728,28.521928521928523
2.1639721436936816,40.17275747508306
1.3793493170273516,22.052670440561165
2.436303261208165,25.865051903114193
1.12930272837936,3.5751028806584344
1.6598798147090124,10.623869801084986
0.501393850844415,10.788650339842484
1.8594761766350618,23.287893541058082
1.8466690259643834,18.28416149068324
1.4637574843274317,27.706855791962184
1.0918948911982114,21.043417366946777
1.9057564015267798,15.132978723404257
1.9538032466057142,21.142384105960268
0.8175821786915181,12.219101123595507
0.45918653757408867,17.26543425183118
2.74163492745337,28.378378378378372
1.071522921869716,8.999477533960281
2.658696646784463,31.663286004056786
0.8144652859295847,12.159468438538198
2.582978567587211,39.057558507273875
0.4733160189546001,12.299903208994117
1.608883615678886,19.666666666666657
0.6153897001256109,21.103627555240458
1.2169023573004445,21.905966687750357
1.723340118311277,13.294239904988125
1.1781290327892295,8.928571428571438
0.9708250905978428,12.785714285714292
1.8805049978043356,18.672296504808813
1.7422097059298154,16.803621169916433
1.6326517376077427,33.224725377024775
1.4870236044425698,6.768701915207075
0.9080168109500777,9.224806201550386
1.6439380695357475,6.91632928475034
1.762516172574547,27.751068376068375
1.312578620605461,2.4103468547912996
1.0256185898216528,9.55653893230393
2.3766503860640604,36.685499058380415
1.8370311602209262,27.744485528496753
0.573432564243644,9.394015170459284
1.2718688407888483,20.38990092681368
1.3441729286341286,20.551624737945495
0.9696516411533399,17.215397215397203
2.4920799114909693,22.720541569705937
1.8338775522800397,26.412126412126412
1.6083579618477726,24.941271226256795
2.0800132146473413,18.223684210526315
0.969279545336981,15.69917071775808
1.330663518416776,20.098039215686264
1.8557670416751906,18.262384487198915
0.34689699475145686,3.103448275862064
2.1910180460534603,38.925402563259944
0.3579312720858222,15.767842822774668
3.2046109608826017,44.97765231710186
1.4285802144875008,5.07352941176471
1.4973253739505283,21.30787798990564
1.9821376265780868,25.274725274725277
1.9771402240933322,26.984126984126988
2.331219069323077,36.52291105121293
1.1580827373145828,23.399897593445978
1.1052762126875908,20.28331119964586
2.7029705138612874,41.96710229833259
1.8953703240085098,15.780885780885775
1.3434260214045315,23.906192065257684
2.058565678666451,28.283499446290143
1.1310201104979214,10.674977538185097
1.9814610778917374,23.397282174260596
1.876078876705508,21.862626958168363
1.0347312856118769,11.784511784511778
0.6196690730455996,13.165027491675055
1.7569343232379195,17.202380952380942
1.1339732634621922,26.0
2.4113251263533,29.65178380687886
2.504505501395233,30.00757575757575
2.5555574193485433,30.37194629887756
3.0557760846371553,37.17948717948718
1.8559960151184152,26.07260726072606
1.2913029745434785,18.791050903119874
1.6270196562458716,21.05331262939957
0.8544902438024062,13.203668564199866
2.44357077231766,39.9378436528807
1.0261938031013886,10.828729281767956
2.1113506309211076,27.295618599966424
2.3415262067459137,39.36515291936978
1.806879374658509,16.67786738351255
2.2114866342749284,31.457672399398895
0.9094059445028373,17.440181518151817
2.1124178035840457,11.136129092785445
1.0428394761778053,5.04387908873327
1.5695440177284117,26.324442820606507
1.7545029495457347,19.89247311827956
0.8335820640161538,10.0
1.8446208845559575,-0.7182087029995827
1.5528201874222152,38.8663967611336
0.48080134404533514,7.090610538886402
2.2249481625795124,34.22811059907834
1.7893521967525086,25.419771931399843
2.2749030830087964,23.675762439807386
1.9843780102691757,36.83385579937304
1.533191429183321,22.126696832579192
1.8584549244769912,30.078895463510847
1.094415637829039,9.758386113065917
2.1166032760331714,29.379444085326448
0.2501474516916401,8.827100534239925
2.092511043006204,23.673049736537713
1.0863603517242404,25.683453237410077
1.7511647708809086,32.83828382838285
2.162343102295954,31.57414795394962
2.3751632099376363,28.657047724750278
2.083535269878552,31.91268191268192
1.7304133285911076,25.004035512510086
2.093178816307709,23.621522572047304
1.8265527200379075,27.462792345854012
0.9201772684510711,-0.7852292020373355
1.2084276458331003,16.437861271676304
0.6958869033637631,22.383922383922382
1.789137805923146,18.498062015503862
0.7927153768068115,13.340151957919346
1.78206999015453,37.29554655870445
0.8086060041355311,13.494461228600187
1.413433169506809,24.488124488124484
0.7240873323143968,15.267759562841526
0.9352070141911818,13.174603174603178
2.4341914914876157,24.361845051500218
1.4843866052227495,20.44820621333077
1.9044238892991283,32.03683640303359
1.5666755807420234,34.068983745209465
1.5770889122110074,35.03546099290781
2.7217664343111294,34.580930175481654
1.8836406512287882,14.479928177504164
1.1801415588863782,23.765432098765437
2.3849948658617657,19.02195608782435
1.4675150006342559,21.643071643071636
1.955494453444615,28.965517241379317
1.9140397807824452,8.478260869565219
2.2553503476338457,24.709411323584554
1.5046220842507816,25.70566688213747
2.8519962172734443,34.849233811171516
-0.06995755727000452,10.582010582010582
1.544252008390191,26.558413251961632
1.9024341429356264,29.480909480909474
2.1532020878447553,17.12685074029612
0.8127619996251727,13.053613053613056
1.889098845807425,37.07332490518331
1.7426200622165648,24.726041044032677
1.1275522948342456,18.878127522195328
2.190099656771765,25.999999999999993
1.8575117186117787,3.9855072463768195
1.236360474878529,24.33065595716198
1.9110290786146842,18.965517241379317
1.4404251599020423,24.58892172463439
1.984876768746567,20.250809061488674
1.506465983755747,27.139840831573814
1.818755355519456,31.22043519394513
0.6480710735936085,17.961733697774307
1.5736422245569415,22.52759027108111
0.7289927263394429,4.669811320754711
0.833025585141228,5.0042213523678
2.030645660079518,30.191838158353683
1.9015915950763507,30.164870590402508
2.7262310585921194,42.751060820367755
1.865224281448416,16.831318647603858
1.853336409986998,22.458677685950413
0.4537843499797551,18.075653719218074
2.7064305626682867,35.424588086185054
0.838189396692754,19.607371794871796
2.16890973261012,36.90476190476191
0.6307497093637324,10.086690464048957
0.7241849516868457,35.93582887700534
2.4387172027083457,35.59244314013205
0.8541806377167217,21.492790500424093
1.4662369888816311,14.963119072708118
0.5720935063287578,5.367231638418076
0.8869724322548587,19.15140947399012
0.8911651525658175,8.318661971830984
1.4292108555259695,19.837133550488602
2.042421893306398,20.585317460317462
1.1417059237904843,13.690922730682665
1.3812972831015036,16.377617801047116
0.8177703600970739,24.302325581395344
1.938173376285667,27.141046532681514
2.315414291169424,18.388278388278387
1.561556047894116,7.205422314911367
0.8702943281890165,3.066513101065368
1.5690302600805446,23.466666666666654
1.3558586943693476,9.462365591397848
1.9221400566471343,22.18559837728195
1.6989652811206963,26.88977688977689
1.9226495896718425,16.832932003210644
1.402673123331384,22.356813693219216
1.2181481407785641,14.955640050697077
1.782680120124778,19.22021943573668
1.6486657922708476,27.46526601152152
2.535982290479336,23.476423487544487
1.684637960234975,17.567567567567565
1.0830320289943343,5.105239587998199
1.0449782215656496,13.671875
1.057098672710329,7.801017524024864
1.827957383245366,16.343187660668384
1.4865930129336928,18.695467120663977
0.7882644626179138,7.440476190476197
1.2149310327710132,7.192118226600982
1.1204211694811528,18.348375451263536
1.6235899111163419,16.792509815765634
3.092376858474372,45.08066839527515
0.9184142109554885,10.045546558704459
1.8699397303181633,14.797843665768191
1.3253549998597485,14.776632302405481
2.0110664411654446,13.433182398699643
1.1340083462668367,24.794871794871796
1.9137783551684882,19.27284638060923
1.9001543718075247,17.28356005483497
2.199394445894886,38.285024154589365
0.2468024506616171,11.449250087199154
-0.10434974740657957,8.58773889302556
1.456958123634085,5.5505004549590495
1.088426985561357,11.06783203496105
1.7678140034735061,25.02312198129689
1.0024523501062645,22.032405776681934
1.4171732596517403,4.142081661552993
0.7164529045358454,12.454284221525597
0.34788984156813907,5.603448275862064
2.612639366674863,34.56945317410434
1.9801862175480536,20.943322981366464
1.764793591968094,17.910033320992227
1.2627354503879138,15.88214412495563
0.9497892399751717,11.323055482971874
1.1147322705566793,5.748434832100166
1.0150107889370075,14.853195164075991
1.911032209063308,26.207983193277315
1.028284594540536,16.565246788370523
1.4227308945536055,20.919913419913414
1.4336592063376221,27.57415360031959
1.4854633319666417,25.406053894425995
1.0998497414513806,10.906174819566957
1.6873350306170571,17.5
0.6807123246006614,13.910413910413908
1.1869710176459303,20.329670329670336
1.9508530078243136,37.02331662671605
0.7667595801132354,7.0297029702970235
2.4085417620906213,20.437100213219615
1.3866647636121499,32.37606837606838
2.534871815778665,34.77976246142335
1.0768306047456662,11.601479915433394
1.1391012662984847,10.398471615720524
2.4837431485937875,15.820105820105823
0.926176161996821,15.144032921810698
0.17244629223997543,10.82844096542727
2.335467923147388,23.53585112205802
0.7568875013402815,9.758454106280205
2.3372787600236657,35.35971223021583
1.8555509967526602,30.17977814611755
2.1544772541428685,46.40953716690041
3.010960171891828,46.12844036697248
0.37930693360788253,7.870370370370374
2.6331048153095287,31.36906007954783
0.7559129266272349,17.49816581071167
0.46210036037565605,9.098322460391437
0.7249593669136203,21.483021483021474
1.4292203716292062,11.540326491029575
1.6417766303820667,19.13220733838091
0.4191553099246186,15.169133192389012
1.8105559347878186,29.61309523809524
0.5115614579252739,12.972972972972968
1.0673486332216746,13.225852475388777
0.44925707035703094,4.269769089942706
2.4978382253524636,40.70156883483166
1.5905978928819042,-0.8342922899884968
0.7611851709523633,9.794096923197365
1.6706750233347278,22.320507150228508
1.392110524817085,22.88984263233189
0.43001647909274815,6.53846153846154
2.7101543330460287,29.880524301125156
1.0960307451503082,20.497614178595782
1.75526444857483,31.065307328605194
0.8357164228611449,9.457025218733918
1.561815738005347,30.2641056422569
0.1653379103616972,14.194347018774494
0.9718716530281142,5.533141210374637
0.9872964583323595,12.5868148306443
1.4575851774924335,22.297637003519363
2.091852580697437,20.995159957502068
1.868091118902042,34.29577464788733
2.1340985348338286,34.86590038314177
1.6811536948807027,34.38174529756398
1.0160054987402933,19.426406926406926
1.2337923893798945,21.2305854241338
2.1443862540053495,16.825396825396815
1.281481534446132,8.086307723331323
1.0472133502145264,12.00819672131147
1.5177112691211416,10.437109723461198
1.1407055904053818,20.977443609022558
2.444660913560199,17.857142857142854
2.8138335308355176,35.264116575591984
1.8909885760525063,21.203859060402685
1.59871271197907,26.738919443545768
2.086610426211712,38.96839594514014
2.4313608933653024,39.58546197635382
0.5537307059070038,18.376068376068375
1.7680275502856024,28.43850267379679
0.8314865805028553,3.6006093338872702
1.9313904517376854,14.920634920634917
2.0798628086190876,18.970588235294116
0.7475104022154907,12.587601078167125
2.392825333598623,24.694847745085447
1.4199560153515236,27.863436123348016
2.4631772632342375,21.793534932221064
1.081471794499169,16.214720531267297
2.325077297894617,17.298850574712645
1.6693121827650164,25.279884434814022
0.21622823295782567,0.8503401360544274
1.5683169833529331,21.678004535147394
0.4140658888844111,2.4528301886792434
0.5120813862884511,14.555555555555557
0.7671384919214649,19.556369556369567
0.8605483382374507,10.26678657074342
1.1954294698506116,21.875
1.9924021620679098,27.498048399687747
1.4308987270782176,26.86688311688311
1.1389387561181206,12.111604311984784
0.9688968792552553,15.236351889738344
0.9413007894654548,7.192982456140349
1.797449418085253,11.584840654608087
2.261394782314679,27.42857142857143
2.0341055384228355,19.621212121212125
1.4763353970932789,16.140350877192972
1.307470024697752,17.50429553264606
1.0831352836432706,16.590909090909086
1.6545493848033805,41.84491978609625
1.732796221378218,6.508515815085154
0.9237782178844707,8.738769282929312
1.4886189391860134,29.487179487179496
1.3552148025321717,14.932614555256059
1.624980878196562,21.94544775189936
1.7010342556146956,28.38274932614555
2.467899066494361,11.05263157894737
1.6313549348317942,31.795224977043162
1.5727992472152348,20.262443438914033
1.2896328602892106,23.636363636363647
2.285362616688876,43.310315062580926
1.853184575024931,16.034201954397396
1.6297351821101784,34.80649784997612
2.3645828225036887,36.753371868978796
2.2096305060369823,24.06926406926408
2.6480378483043987,27.995188452285483
2.4468822882464734,35.357142857142854
1.554497567275133,10.222457627118644
2.8457769180215062,32.916666666666664
0.6386615847306375,14.868748802452572
1.6766230903567032,30.19047619047619
-0.10397819042126555,5.562215296092063
2.3081023342923945,29.497370673841253
1.7849620202877716,21.88319636300053
1.5620218097474248,32.60869565217391
1.11665100497344,15.018547959724422
2.365118204396933,35.09956511787595
1.5387870513666924,17.441860465116278
2.3557387685600837,29.411764705882348
0.5090438774705773,6.032078103207816
0.38174729572259686,13.37232755143203
1.6656548051188431,28.95337165799799
1.6358569187676246,21.839080459770102
2.301662791337634,30.495642222026582
0.7371363962358966,12.005649717514117
2.584323846798761,33.514716794459574
1.1368872274052362,10.0
0.27353235781498003,9.121479613282887
2.1943693219926823,10.06493506493507
0.3185510754146611,7.667780139690251
0.4193817749624843,9.394098131657067
1.4665909597568736,24.269005847953224
2.289516602251297,32.34554401312193
1.333187784874621,19.172860682294633
1.7694876695168404,16.05691056910569
2.3244567120011315,18.57142857142857
2.469462850203312,22.504012841091487
1.9960597587588786,27.39130434782608
1.5565706883167096,19.678258043548908
2.297833911264375,46.03680113234253
1.3154452141760864,20.73151125401929
2.7672027658913065,20.751140751140746
0.925621383741801,18.050693180226858
1.3020574023389915,28.266812465828323
1.178142065462049,20.030264817150062
2.0211513574887845,21.548741200334078
2.712484454130202,25.637325637325638
1.2667639551505445,16.073708164511288
1.3542792109389747,15.127360942644245
2.178187278380165,27.828927828927824
1.6409751432360389,4.944686557157233
1.780984906239979,21.23552123552124
1.2917419037932445,27.092138630600168
1.720418628027323,16.326191662514532
0.38231249758926833,12.340098105222658
2.0278749552483744,23.486992240985856
2.6127236574014137,27.753598928690984
1.5963429082809883,23.35614206581949
2.2793683456938627,25.166407024500778
2.3875024300925682,33.63979255068363
1.5454381419303633,7.011161637040097
1.4871049202850477,10.150150150150154
1.5346804548019237,22.1875
1.6722971403036428,27.720519341453617
1.4667478322790293,7.183098591549296
0.5123101922378905,9.047408063801512
1.2912681529272052,27.78700189753321
0.8760387790558772,14.074803149606304
2.486352017800675,39.1941391941392
1.3190416771065148,25.416666666666664
2.032263627042147,13.056027164685915
2.2656032196777036,31.576497963932518
1.1670788458496575,14.44839857651246
1.6008486139450406,23.14796811199689
2.285276708246533,29.404108952310125
1.302226484186444,26.293103448275865
2.2808778023533014,21.52777777777778
1.000023057187957,9.784075573549252
1.896649662078467,32.45896609909496
1.020385235198492,14.86511627906976
1.838687192805429,26.56629431762991
1.3167261859634822,23.055555555555557
1.575591276018061,28.016200638679017
0.8566563989915992,9.071969696969695
0.4582546171824713,14.698884758364315
0.7438878144323695,14.42622950819672
2.4251812484057353,41.460905349794224
2.5147051458358836,32.5516693163752
1.1871052058088212,6.054771074026533
0.9494744189454765,16.0015497869043
1.5096671631339134,21.37791286727456
2.011021974113538,29.17874396135266
2.4184657555324978,34.16445623342176
1.4013937346729533,19.453551912568294
1.85589052315391,30.209768794977798
0.5570122154237969,12.063289795051496
1.4769914969882707,22.603485838779953
1.5814498935376802,16.420233463035018
0.9829554217320472,20.40189125295508
1.8145419816550437,9.297520661157023
1.513007595111131,12.715736040609137
2.0737023447148184,29.936911243626312
1.231649460330461,14.92647058823529
1.2466265949204547,13.484555984555989
2.0390276277528527,15.174196327607568
0.3634336811993285,6.539061858210793
0.9080489161651553,6.716300940438863
2.57953007880161,34.8810687520365
1.071750130164648,13.959085439229831
-0.10841976658813773,1.0138248847926263
1.3251944895879255,19.80749746707194
1.8635878283196021,30.02371072910492
1.5983468530121065,14.673913043478258
1.2576455466924676,26.2709352304728
1.72431060116448,21.36465324384786
1.7601288318901895,19.575471698113205
2.451932106276159,22.306485355648533
2.0618451004410643,31.481481481481488
1.2476649646533091,10.657051282051285
1.60732273240797,22.40225163547848
2.2281106864711226,35.65643648763854
1.916172865706023,24.96348232544551
2.6119977950589623,37.094826785548435
0.8932067932156886,14.322916666666657
0.7352347606836267,21.38121546961326
1.6190765717317417,24.275550928335946
2.107347993413777,24.278684857973595
1.963601429475679,20.485406586545963
1.1224559335103679,16.281512605042018
1.956872162026607,31.41025641025641
0.545334149518585,10.73681704558981
1.0440518504818552,16.58450704225352
1.1025650540627088,11.83946488294314
1.7393446007450273,19.44154098850231
1.2178038999824852,15.168229453943752
0.940681518385846,12.604166666666657
0.3492744957376318,-0.7329842931937165
2.6143552744450007,27.05882352941176
0.06311268249268198,2.2981366459627353
2.4468949302801217,39.569805194805205
2.602560386083443,39.440993788819874
1.802223493468218,35.07936507936509
0.8520635799619304,13.750922703785726
1.388176415784959,9.107142857142861
1.1965199964674462,19.08075740411069
1.4370211603354817,21.85061315496099
1.5218477561917123,33.078679311556016
1.7841203906587741,16.771769757144767
1.7876048173732906,17.270313329792884
1.9147461618560764,25.692541856925416
1.2238214302375252,12.869198312236279
2.0243814792107386,40.85714285714286
1.317728138196519,4.965156794425084
1.406818790729664,12.264957264957268
2.0588557982938402,21.451271186440678
1.553160452052699,31.228433402346447
1.4569150724930786,8.676599474145483
0.29392745882207005,3.480928247532674
2.465678440719895,45.81132075471698
2.3317418618348107,18.366793271839406
2.3026007638037886,36.97872340425532
0.7021369837061375,8.37070254110612
1.1387356860136402,16.455009226093566
2.0146653464074933,37.162162162162176
1.9694087784995138,30.876068376068382
2.0369996862250943,12.162962962962965
1.852057469266116,18.781896320171896
1.049486816252653,23.89513108614232
1.8283819711333156,37.21264367816093
2.469156872249224,44.61433135554542
2.021148330226437,18.57923497267759
0.8323593909809083,19.72113907597779
1.5575745380953672,13.191489361702125
0.7793230737070199,15.725943556613394
1.9272805798777088,25.483091787439612
1.5665213309029973,19.374247894103483
1.7795893236617903,18.05681818181818
1.0145646505837518,22.727272727272727
1.9450036324004714,22.033274440518255
2.4413335094192528,39.85340314136126
1.5924119881901113,25.519143413367935
3.2825812530854694,38.66474543707974
1.0193611536091103,22.432233081320305
1.1277331688003065,17.810457516339874
1.9944525617489124,24.669811320754718
1.6224848884543097,24.13257013638612
1.765907543617358,24.957945993802568
1.7443726768746952,18.95448079658606
1.2562680951852938,21.30671235938314
1.3287200696235382,17.351598173515974
2.2395011280071477,32.24759111855886
2.6198064048855265,34.35730935730936
1.000062094261518,16.46141215106733
0.46088933144470035,10.504201680672274
1.6227185581625532,35.26645768025078
2.2651277525929743,30.67323481116584
0.31574094700345456,9.016393442622949
0.7625504588741365,11.45945945945946
1.1639646685203486,18.721461187214608
2.2709794736376003,32.01911589008364
0.8532659591469375,16.83156072223597
1.7154762214750878,16.9683257918552
0.6173688947347395,6.827880512091042
2.108550287265532,27.34030197444831
1.6303181219683687,8.979929650320699
0.7905697882804713,17.207792207792203
0.3651795092470367,6.236612291975618
1.3571521603672392,18.64973262032086
1.0268088640475905,16.886397726375613
2.1480451762322623,23.419243986254294
0.45110471288711645,11.770623742454724
1.7789713960607414,12.810559006211179
1.351378294033856,20.79905992949471
1.3470219627362867,7.326555023923447
0.645391558838097,5.822649572649574
1.1550523834315787,16.479400749063657
2.012250483363861,17.548044159738318
0.604416465050797,9.459459459459445
0.940804871433354,26.215139442231077
1.7428153610778556,14.840085287846478
1.4482930279481383,24.01656314699793
0.7631918079398597,14.012224656902326
2.8573940746516553,38.863363257227675
1.0400419580316567,4.104803493449786
2.584083138319169,40.35650623885918
2.0654824323286998,29.721362229102162
1.8397864039785956,12.43107769423559
2.7589444938770478,37.888707037643215
1.2926225187511107,32.90305584826133
1.6259296606974045,25.0
1.3583885977690064,10.999501909347508
0.6109479548545255,17.292929292929294
0.31433339337526156,9.846390168970814
3.188545626325242,38.26463253630629
1.9494890792116861,14.212454212454212
2.427211248635051,31.075900843342716
1.8340734098246627,9.217171717171723
1.7603001743182614,32.44858749021562
1.6414495961610185,27.06122448979592
2.260168642471859,35.36363636363637
1.4729886269998838,20.948275862068968
1.9638572674230366,10.442477876106196
1.2175729928474328,7.680084745762713
2.185822261477716,36.807168934616655
0.8857528386033298,14.27993527508091
1.3861510819847371,23.2473544973545
0.5276211156039088,5.9228650137741
0.9692399040005955,7.023902821316618
1.1331120514585722,5.719665764387422
2.0521995440816445,16.99819168173599
1.7444622875519686,39.62827746432128
1.9214319142821887,28.2227307398932
0.6924423959397907,22.930717351318215
1.1926467791984474,28.033088235294116
2.3702260529605463,45.15810276679842
2.500743686926645,32.51878076159227
0.8833937373869911,18.899094693715725
1.6100090076732507,18.421052631578938
1.1126085183264145,20.09370816599732
2.092228029005204,30.08834228304174
1.9886881492845134,25.29858849077089
1.5989848095077133,25.8969341161122
0.7107140694013558,20.619282195636877
1.4623091221760216,19.60375391032325
1.9289325728874882,15.99177475482442
1.9444285110005235,22.916666666666657
1.0584157253333373,18.09788654060067
1.4969783453106043,22.906976744186046
2.046844256933777,31.389353400222966
2.4923950277790663,35.327716692845925
2.056629879062114,9.420903954802256
1.2807516362763431,15.204279048594515
1.8567875893909722,27.535353535353536
1.3684912881006088,22.890866873065022
2.055272494820025,33.70795870795871
1.0373707726142356,16.639687036287604
0.6537840112879227,14.497824853414038
2.525229750098056,39.74358974358975
2.015525970425521,28.98866608544028
2.6471720500422102,42.247639796659406
1.5772104828991438,25.16129032258064
0.8527988342455363,14.646464646464636
1.210728324319224,11.872146118721453
2.420248469787692,33.15018315018316
0.8940030504842414,15.08751746240447
1.1279035271396807,13.070156618751348
1.8411993659507966,34.2436974789916
2.43690718830054,36.9121075003428
2.546186466732524,33.38164251207729
1.9037034960253925,16.136585365853655
2.255055521965489,27.319902319902326
2.0651368589858263,36.522965350523776
1.2878936264759941,25.78185328185328
1.1488976169292053,15.493104345563353
1.994911284555843,29.053912313824206
1.9163496529749455,32.46191848497324
1.344111832496324,12.091503267973849
1.1149372388806673,13.383392226148409
1.3098958138128385,15.579969747631552
0.5539742952744745,7.6584022038567525
1.1835207436569095,19.03683574879227
2.07232314307623,23.99750351068809
2.1195603098223863,35.53246753246753
1.4863665294494113,17.61517615176151
0.731339931692256,8.144050841473458
3.1532565706071383,35.65251572327044
1.2209239429107916,15.809178743961354
1.276568779751205,28.70183917304336
1.7327927308415583,15.562015503875969
2.070889026551039,33.57142857142858
1.5748758274196597,15.445205479452056
1.2478401150003293,13.493493493493489
1.089079382656471,18.37453943504031
1.19096896515325,21.663898117386495
2.8267662294770073,27.777204744713764
0.871113677702475,8.514994580272202
1.2535890279001367,6.875
1.0371723079211876,23.04597701149425
1.7819893189454201,12.734962406015029
2.0909900166507436,29.359403530127807
0.6657799886986455,15.837754199823166
1.4413015005027048,11.46924083769634
1.1381395945632307,23.30234617087207
1.0524202888407246,10.259955752212392
1.5998667133825273,13.059845559845556
1.977358495104468,14.714912280701753
0.6694326732609397,13.066484063745023
2.872468988797427,44.72727272727273
2.4983907886767316,51.15384615384615
1.810690074888278,29.594647776465955
2.1460493731928847,27.537030236259028
0.9843095675452569,20.259887005649716
2.0334254552287163,27.12797619047619
1.2592552545878228,16.510618862754058
1.2196562571397835,20.837209302325576
0.7734108199860175,17.23908523908524
0.533592961195938,16.313983414355164
2.9080672488932278,35.96899224806201
1.5620697117912647,21.074128791170594
1.4790620956022895,21.389673255344896
2.8400180376053905,41.701388888888886
0.35650801237413215,0.529403348118457
1.0704577468488319,7.365541075671402
1.9571964822574528,23.00040192926045
1.7167111930659358,8.123249299719888
0.5084251873117039,15.135561989997377
2.037662862747056,21.826923076923073
1.554984460624152,17.935702199661577
1.4459256632331712,22.687110187110193
0.996223577196095,14.61038961038961
1.6689469787498672,24.61254612546125
1.0580132213087285,18.58052775250227
1.1878144946730873,21.651058631921828
1.3001016334055815,13.899951432734333
1.957517891110788,29.296745542520043
1.8526457148139739,18.00139623017853
1.981067408413335,36.82981667243168
0.9487430047309942,16.666666666666657
2.125451216413173,6.205128205128204
1.7223892324997097,17.38963162450706
0.38814054873357495,15.922249793217539
1.2338642970450786,15.90420449116101
1.3300780362854019,19.00557620817844
0.7424680313749187,15.938120919670737
1.6785191966585824,24.724049806970797
1.7975657621828187,31.279009798865395
1.047261801000829,6.128428927680794
1.8542989981128393,24.131233595800524
2.507089422462706,38.63579785909883
1.1063304444511963,22.65033851055356
1.3806617715557157,25.645174338645745
0.6779265292717855,0.748230535894848
2.5925697366385525,32.99981697272894
1.9690409962722224,16.039952996474746
2.832301045655083,25.06689684937419
0.8384777103998529,6.97674418604651
1.9701981493947485,23.654901960784322
1.7257518054344019,26.851851851851855
1.6468545837155668,23.69492780451685
2.091722641463558,22.25042301184432
2.2828203930630218,35.79469086021505
2.656065628941192,40.646116819402025
1.842452647278108,21.40625
1.8793206594113738,29.56814122097299
1.0541204918172054,11.222692036645519
1.6793458562294505,14.777936962750722
1.5171732190809883,13.164556962025316
2.118517740770096,24.60629921259843
1.6747626103986737,26.979472140762454
3.0859293323530337,53.763440860215056
0.6797931028780118,7.538543328017013
1.5484573944494016,9.106334841628957
1.0072108614101327,18.890588701909458
1.9687672169247759,35.93398349587396
1.6175439180898659,18.872180451127825
1.007445548943922,19.084403968124896
2.36458272474469,27.799038367186732
2.7400602512421623,43.83070301291249
1.4368934040526047,17.8649237472767
0.7584869831217973,15.039632874426367
2.165186583871099,39.44869614512472
0.7603172914292272,4.911342527441597
0.6405347294598509,3.851070629594119
1.1506773393778884,12.646028037383175
1.5444631400663553,22.78170453881652
1.0868456943542553,22.440717177559286
1.4748675157192364,26.574803149606304
0.17047339155818708,10.907393826255081
0.5349297944951981,2.9761904761904745
0.8469184230919279,20.63284518828452
2.4846797638266374,46.341140664284765
1.7102643949835843,13.340258198545783
0.9195363189799715,13.623188405797102
0.718724877729474,8.109965635738824
1.1939329817361808,20.82214765100671
2.4937832058497396,27.662411887978656
1.8121270640348426,16.388384754990923
1.5045054507764308,17.154255319148938
1.5533290320553317,16.260504201680675
0.6233200950953981,7.767857142857139
1.8732105141832753,24.202854539933192
2.3655954428331647,18.72622733303848
0.7432908402203959,13.290520731537065
1.7930048288667737,11.76378446115288
1.7367713939936986,11.406423034330011
1.6858309429555973,26.176470588235297
2.0473697470362993,24.981549815498155
0.6198938863404562,11.966083730789613
1.9920344686838374,17.13409290096407
1.1870392069379725,16.497175141242934
0.7797437606161866,9.391013007489157
1.4460156422726143,23.113810741687978
1.8891953167077316,16.41025641025641
2.0878762996437286,24.464641434262944
2.614037110770205,26.19854721549637
1.3139732346803936,10.163899531715614
1.5120837280180401,8.18543451652387
2.412105235420462,44.73684210526315
0.6078623700676142,6.601941747572816
1.967490746466157,30.23684721413317
1.9621795524372838,21.399300349825083
0.20476464522527482,7.8380043116723215
2.2580450155811294,27.638888888888886
2.5464641952175686,43.98675496688742
0.04650160866219649,12.21001221001221
2.117734054963515,35.231814548361314
0.7091871291761677,20.22821576763485
0.778863434146755,5.933704453441294
1.4861677181448723,19.647774575728462
2.2260410314555132,35.096774193548384
2.083170153611184,27.41727546196821
1.5776310213192564,14.739157762413583
2.1580193295679577,26.71600171600172
1.07394744809965,14.735336194563658
0.8580408416103577,13.408251231527096
1.5394279509269218,18.083657587548636
2.2431433481998893,27.946404156412356
1.1575037550965916,22.285399853264863
1.2753019509124597,3.71325425477049
1.1566618062846012,18.53914447134786
1.3850162839517368,17.20009483167378
1.6408222470045433,11.121788711640718
1.8835095561523292,17.540500736377027
1.0767940325732415,19.15401740538352
1.8382370033615156,22.347832597140084
1.73122357784079,26.953405017921142
0.8912079747176093,10.5
1.9852114259150233,33.28064629434493
0.36969518889302266,8.804437625398329
2.256155266350475,31.23652048885694
2.192720769522246,24.63304633046331
2.070739122215861,10.819521178637203
1.9845120689123705,23.098484848484837
2.3070538961315386,24.230219566064704
2.0006396358942866,27.916070577014786
2.054248713008227,20.480061943476578
1.1782915832973586,18.10843373493976
0.7968017217730254,13.76706827309237
2.070769853916543,30.9072375127421
2.609965935933714,32.65334735366281
2.2297867383377206,23.076923076923066
1.4973972393950612,26.06676113997795
0.962213547122929,25.173745173745175
2.1704844758199604,16.590723215328893
2.082535353522969,22.594339622641506
2.266939354312011,24.458288190682573
0.6832234262576506,11.698717948717949
2.134263103962715,25.100806451612904
2.190233574538734,30.02481389578164
0.9690872834699142,13.634192932187204
2.3797250389353937,28.84033613445378
2.901672839228862,36.89839572192513
1.1061039730730517,17.487046632124347
1.060293284202261,19.713261648745508
0.641987457443352,14.421052631578945
2.6533961420897345,33.70437956204379
2.3766017066979073,34.803540922503494
1.5087185442614632,17.699864498645
0.9671465416721498,24.1991341991342
1.7230203267101563,32.273504273504265
1.018476893217625,14.99169435215947
1.6108518082071064,16.15771812080537
2.0092385014797447,35.06057509852575
0.8760975051703839,9.047314578005114
2.023296052761018,37.87958390249027
1.249153673736899,22.413127413127413
1.5454861466872194,13.797075764288877
1.7132184469286376,25.126881720430106
1.9116294885816165,34.11572737542362
1.1800308112425504,5.570530098831981
1.8199505081258287,29.098835229207815
2.387199625208925,31.362606537922105
2.445704202678124,27.243589743589737
0.6638491266563129,10.459770114942515
1.3612070487407366,30.126984126984127
1.865233112431914,29.49921752738654
1.4407132082851541,23.529411764705884
1.4557136051047044,19.172932330827074
1.9863775171439535,28.534733080187628
0.7190724087481222,0.35310734463276106
0.6377870547209661,16.84981684981684
1.5402796327403125,16.91934059464232
1.9152147830158996,24.663120567375884
1.9437732073804084,18.053691275167786
0.9374005624246815,13.811447811447813
1.3479842300900675,30.321285140562253
2.241348847452224,24.931318681318672
1.4851811220827624,13.04028226992061
0.9197994687317196,13.357142857142854
2.277365034179446,35.51823763091369
1.9895221917977048,16.620530565167236
1.120754070428176,22.48046071575483
0.824041283941294,10.959383753501406
2.545698770614793,19.926470588235297
2.2697711754908587,8.147760020958863
0.7799068187761619,21.42857142857143
1.1640771732170063,16.666666666666657
1.554533866943114,17.266362748290454
1.7784012893031904,32.53369272237197
1.4320197833037667,21.56443901942834
1.0897091401524328,14.505494505494504
2.210048562184544,27.6847189394718
1.288789578024315,21.06918238993711
1.2055798571878218,7.66852195423624
1.0332001000488853,17.494466578131913
0.9340008762698928,30.90359422237151
1.1275206261786779,19.505094614264912
1.241947349943274,12.43561442236939
1.6044443515375801,30.364145658263304
1.0636638641839644,16.202139639639633
0.9376725705298505,14.922907488986787
2.6355621258433666,39.55555555555555
0.6160320887011029,8.044554455445542
2.7792494575645748,23.68483978957437
1.0091753980849218,12.631381381381388
2.2725870465791305,35.50479083898107
1.120976308432991,16.398993808049532
2.214083602028513,20.02261590652092
0.4359501127480908,4.438775510204074
2.712358403704247,40.0198328375124
1.545327974951101,27.05870764381403
2.2247484601419885,18.302768788205675
1.4808860863314766,20.57303204844188
1.403521707079345,14.651125141654525
1.49091176837306,17.441860465116278
1.0426554061175384,10.559796437659024
1.8737579063648933,29.530609144766828
1.8610584539356023,26.449187484841133
1.36285075987086,21.514976958525338
0.541642514457808,14.628870673952648
1.733075844028237,29.829039993811392
1.4416949649594404,18.292869140326772
2.308326683229942,26.99436763952893
1.3859662030480218,22.258029863572887
1.2951925821828392,9.734042553191493
1.637863231843517,12.158167036215822
1.2923399833090918,27.11402073104201
0.5251449887464007,11.692307692307693
2.0443980464527836,19.12904938927244
1.9941538639905396,28.314121037463977
1.3022485419817205,21.99894930391384
0.5642690619928601,11.884057971014492
1.5932949189345023,32.62928827444957
1.5793588774544278,18.44813935075217
0.7205860313388339,7.697588603793015
2.3167903638431735,30.441558441558435
2.378151206189066,35.428061167541024
0.7178540648362071,6.281156530408772
1.9199918700657872,26.498103666245264
1.7761369073749638,19.68203497615263
1.351496619625702,18.16301549111477
1.2966734178362567,15.678733031674213
1.0912625662596034,15.611931976582106
1.161236772393544,17.661413319776308
1.3755343802027586,8.073622402890692
2.097814817039412,35.77060157684415
1.215554671872093,6.616541353383454
1.3143474078507142,15.033557046979865
0.8629756929203282,14.403059056790823
1.221067703245335,22.27528894832362
1.3433677632967238,16.144067796610166
1.9376586972862593,31.868131868131876
1.8317448774390261,17.15399610136452
0.9421788909310094,17.766578249336867
1.0662520982286643,17.049319727891152
1.1058622667332259,16.62253117069403
1.2488834198711007,12.553922000176073
1.6784967177378045,17.32954545454546
2.539586345939642,26.78082191780822
2.4803539785267334,19.80289757412399
1.4024751990898436,22.918238993710688
2.1183291132144566,34.37253354380426
0.22254264730957585,6.96517412935323
0.10692753353532841,3.4353630739172942
1.5452763278862636,8.116883116883123
0.3829564022677493,5.988231221876077
1.959612546677601,19.377344336084022
2.07070108327719,20.833333333333336
2.3507038525621904,28.88459791004089
2.278728314683346,32.857991681521085
2.272359261570763,30.7628914527902
2.309301882293334,27.158898936698797
1.9242341470507462,25.45556490047659
1.4810484869257912,17.9441117764471
2.1215199459385228,26.38627819548872
1.820034094195177,29.809760132340777
1.2673608711746638,17.660088602496977
1.2442156903983939,16.58107116654439
1.3108815950242623,22.642934196332256
1.606548585110438,17.87878787878787
2.812664183549549,31.97193685793036
1.6095984016670037,15.666666666666664
2.1878155616148973,30.483195423434466
1.4856618245368798,5.929824561403514
2.242209609436434,23.609104046242777
1.389093291930064,18.722165125042828
2.3914733250738305,30.6796402771635
1.7284944637105375,19.740259740259752
1.5091805381267684,13.947010429487584
1.710823958160677,17.903225806451616
1.506901006895268,22.42599742599743
0.5913819364744535,13.663440059568131
1.2986969253284508,11.764705882352942
0.996839558611094,28.585591539986787
2.2758102834251446,31.46853146853148
1.7230842176544279,17.93175487465181
2.614469212740484,39.13635887223561
2.590643530803452,32.69796844086281
1.5768184238561285,18.99239543726236
1.9406720763341423,21.67383538674637
1.90933610502654,10.481029810298097
2.122035721997131,4.61538461538462
1.7402755835879877,20.53380782918149
3.1322178285268993,39.49162590781088
1.5866513934099742,21.48394241417496
1.6185417653958771,12.221217600964437
2.141436854808142,20.009128251939757
0.4085613626664596,11.72118380062306
1.6583515417871995,14.330218068535821
1.1088140643923032,22.773169852145685
1.9358841201890458,20.360863656953043
2.197867938667398,30.82419408441342
1.025953202577178,15.040983606557376
1.0314260486637465,18.557692307692314
1.478095167301872,14.292254165903671
2.777667241291324,25.578703703703702
1.55101327676934,18.127332353273765
0.9350777949514901,26.597533632286996
0.7071379317072795,19.20657958393808
0.7701889133080886,7.570379436964501
1.5577094521377948,25.58582587159458
1.8759209107368235,22.84812229976737
0.35042358032701815,11.991584852734931
1.704369607442999,25.1661918328585
2.257527283441874,19.700570342205324
2.087472690208155,35.551594375123784
1.6675835089884514,20.270270270270274
1.6516452096761616,24.719101123595493
1.5910701727711318,26.042245692051132
1.9909740223672512,23.36014851485149
2.0570335659751438,31.720029784065517
1.1009624156744076,17.460317460317455
1.1033481506704224,25.9650548557497
2.1465014656799317,13.712962962962962
1.4361343308430947,24.05190532760669
0.9766186501966919,11.827956989247305
1.0298872544202606,15.548455804046853
1.9434060301439016,26.594849351960967
1.003042282496498,16.529100529100532
2.1493211535118553,11.569301260022911
2.6241102132782337,38.28571428571428
0.636342833476029,7.951318458417852
1.273887781112604,26.313342631334272
2.2986136472324286,28.12287952624761
2.4509218040709078,32.139843279083784
1.6272356837768118,24.55893163440333
0.5252560009376919,13.586054233536252
1.239201172684714,14.52312138728324
2.018806606527931,11.086956521739133
1.981297739909368,36.35672312478396
0.893302014101597,12.426805465191926
1.6591278240365157,16.579754601227002
0.5109347117571572,7.416879795396426
0.8471249312037932,15.724422064545664
1.0876656495318628,31.53822346022904
1.4391788639076841,18.035633398761895
0.8100757914109784,17.68672199170124
2.396436527266008,30.259463102325057
2.5213870957728384,27.687626774847864
1.276675195595681,13.316015360289136
1.8906485439351983,22.11267605633803
2.3016721441449666,33.425733425733426
1.8739848576175258,5.7843137254902
2.40425778017979,29.674796747967484
2.2613657943772347,34.06019656019655
2.2780463432077847,26.95742471443406
1.2786556354991199,33.33333333333333
0.792607269914704,14.828732475791298
1.3399045767698279,11.2807881773399
1.2992367403666911,21.400304414003045
1.4601036483699281,23.539010708822026
1.8322380436326848,26.18424876489393
2.83273388981461,48.157248157248155
1.8187968044014757,24.49843260188087
1.1072469660273918,18.455843469063986
0.8688877777939796,22.411764705882355
2.46960059635734,33.33977206876569
2.9420054312047568,31.937401643643994
2.2833611564796765,31.617647058823536
2.0807286051830154,23.015075376884425
2.2802930004773496,29.77844105154402
1.0533528099491178,13.870270270270282
2.230914342654986,25.86206896551724
1.3858789127919473,14.705882352941174
2.0200396073135556,19.525193798449607
0.5695295579269537,7.36942730511862
2.0615774905867834,25.974968256847454
0.12323555003910952,10.26968927105726
-0.023325132527857173,6.846673095467693
2.0378067045697987,23.010685103708354
1.4225398177296384,18.737373737373737
0.9249441478468546,36.62053056516725
1.6604203356925555,7.123546904568798
0.41721128708114663,9.09468438538206
0.4246086973197082,3.5940803382663944
1.838797682104672,17.04186046511628
0.8022959808205519,14.81481481481481
2.001678002737226,27.716727716727732
2.7538028834053527,22.49679075738127
1.2816499703586952,25.516795865633078
2.365242196427242,26.549019607843135
0.5180334554690531,29.347826086956523
0.8720986584237733,7.178381962864719
1.0232121969785228,16.014772536511664
1.773954151619162,18.525345622119815
1.3185426933083688,23.40711462450593
2.3107519921431905,38.799618926643376
1.3022080537898824,12.234340044742737
1.4192311754916684,12.111111111111114
1.7528129568218813,23.91725921137685
1.3051748838315351,6.94830461367426
1.4878920167165375,24.544072948328264
1.703938478178093,2.684742158426367
2.08907483357211,37.868993751346686
1.9412267888192674,22.000664672648725
1.5669845921805985,17.110762800417973
1.4060078284634174,21.32352941176471
0.9962340839371022,12.520226537216828
1.608962783001539,22.732012513034405
2.4258925049381355,32.192192192192195
1.539213893515702,23.015873015873012
1.4196369443756338,22.960372960372965
2.0869448525930965,23.291245791245792
0.9517298155225877,12.323321554770317
2.107825237933082,31.550671550671552
-0.23176179533599153,4.54990215264187
2.1040009180019865,34.41712926249009
1.8750749547794519,37.72044666923374
1.7227346906490437,20.643776824034333
1.0631748431406796,25.124864277958736
1.6232432665561145,26.768377253814144
2.243989883568121,28.959768031895607
2.722401301056271,29.13527397260274
1.6567956767111816,18.62540192926045
1.638518838606278,20.832068023079266
1.116767585652918,18.43885281385281
1.2343147113822825,29.466138464440675
2.168707881127336,29.01131126937578
1.8418033607684936,27.474972191323687
0.6660272238799916,7.161572052401745
1.7422163289584325,35.850815850815856
1.2677374520321074,4.993712951320283
1.0247976689731118,22.234074977141113
2.0654195121691563,33.989911121787166
2.0018739418437157,35.71214392803598
1.4825751491291648,33.629103815439215
1.3823142164096733,22.087132725430585
0.915202186760646,16.451786193929628
1.5771597236429373,15.43378995433789
1.3387504902286262,10.668103448275865
3.0233140546814186,42.6860951090026
1.7766392930649095,31.406262323527088
1.9541777209725983,21.737637362637358
1.991725641616455,28.846153846153847
2.5589750485453946,40.116908421736305
2.312803311443829,29.21409214092141
1.397149035471269,13.976980234082845
2.2955570215696657,29.195804195804207
2.1375586413226526,34.38095238095239
2.7464132283289824,35.739395359737514
1.0776294468452488,13.641755634638194
1.1872674060631203,26.785714285714285
2.0042438339163993,32.92811839323467
1.9701669146723577,22.235857160387766
1.2692866273460925,21.872477804681196
1.6945331070237455,22.4190241902419
0.3084304127490535,5.837173579109049
1.258937799626262,6.3709677419354875
2.85076337898309,32.46288542063189
2.239389671817216,34.48275862068966
2.235790353254627,33.881163084702905
0.894209887433774,13.654458598726116
1.5198829084186043,26.18266978922717
1.8424911029357287,33.25016633399867
0.9889308277868107,15.746421267893659
1.4096045749489208,9.34606481481481
1.9732063632076575,23.123123123123122
1.468518204148789,16.595744680851062
2.0217718153659465,29.265210326773783
0.15271593450038098,3.1297134238310704
0.8061039387314142,14.67900520532099
0.8125153942104103,10.964557371742998
1.2154215395974424,22.318647085002226
1.6035917129458355,25.19693094629156
2.197977703150526,33.4483979465392
0.9075701014432833,19.217391304347828
1.3644416266274075,18.97260273972602
0.6570194089770061,8.55244557534634
2.7535578330625814,19.300369567987772
1.9432459136539582,33.7386018237082
0.9074879344359881,14.367219917012449
1.965222286224243,23.725490196078432
1.5112824882494404,15.521064301552109
1.672289324735281,24.57836281365693
0.9317450219178476,23.032128514056218
2.204357389202709,22.463768115942038
1.3257955415021039,23.771428571428565
1.1967080600538442,7.649572649572654
0.9935272580254255,15.48821548821548
2.4898855411616623,29.16225936111698
2.3403390610104546,20.323541932737342
2.0803758357329807,25.873015873015873
1.8998719225443172,35.01350135013501
0.37428574531146364,7.581438950082031
2.012020885882535,33.063063063063076
1.5068649446858762,21.233239906067716
1.5246556908822462,20.519031141868517
1.9401674468970782,8.39341344014241
1.932756652509418,9.100529100529094
2.075094904529151,7.0010449320794095
0.9957448859856636,14.166666666666657
2.8282036622260813,42.878903274942886
1.5742914489681996,25.26724975704567
1.9631602288101804,27.307496175420702
2.4790543687841056,48.84544075509859
2.0520539738469052,21.551561021759696
1.8664004792853768,28.740268931351736
1.4108995685840597,22.48292248292249
1.7369060224731694,31.04166666666667
1.656536317210191,19.72612442450714
0.8965012685295394,13.41125541125541
1.6688808440752534,16.787749287749286
1.274376795492953,27.03238598810311
1.2045216360477682,12.330356107180137
2.096472141511598,31.668773704171933
1.278705739921866,30.866459058435616
1.894381937757321,30.065750149432155
2.2599190048126423,33.44471744471744
2.4336816466174436,43.32471150019897
2.2993045338510685,33.941908713692946
1.8440077066907712,23.08733920108328
1.9177010395487337,28.378378378378386
1.026542665774345,18.397887323943664
1.516164345461715,20.17543859649122
1.2918134298575774,10.99238773657379
1.8444571312557065,28.567723529793163
1.9769152687830718,11.395202020202028
0.5194897742003648,4.4954128440367
1.9495549990512038,29.04411764705882
1.2620337081948498,22.281639928698745
0.2684226520431694,8.169960165586183
2.154024411648824,37.51875187518751
2.5736175757743216,42.95817958179581
1.871725080450646,18.66929971137779
1.5435899320895312,23.966118584952675
2.551686578262027,25.256849315068493
1.2594424066410652,18.199233716475092
2.6079066871646814,35.469187675070025
2.273858301162438,39.15551453622519
0.8237353687028673,6.740079741788492
1.50357346168105,19.33394068225529
0.5127017957882068,8.92857142857143
0.9592549018019758,6.653225806451616
1.319506217912053,9.332638164754947
1.5777554559770697,16.842606556075886
1.5566004276007412,15.069444444444443
2.487917996527826,48.72134038800706
3.1770545677088022,40.80168776371309
1.0850591479077791,14.96734397677794
0.8131613005373731,11.099999999999987
1.7406817121383913,26.8140589569161
0.5910444474261616,13.671268334771362
2.0056851244498657,23.96226415094339
2.5149088404997726,37.93706293706294
0.2568817125751342,9.838247338247335
2.27132214182864,50.0
1.6018281817474909,23.377596915827795
1.3962451340976632,25.69856510950479
0.8253339614005152,17.496723460026217
2.5856596277094086,22.53486055776893
2.5799428362802024,37.313167259786475
1.1897607145851086,10.125750750750754
0.7261348988111188,20.455808782657037
0.9080856681628808,17.71771771771772
1.7456493797913866,29.73203800576492
2.083971388128557,27.803379416282638
2.3928764576642583,29.381243707891265
0.8024610616684023,13.630229419703092
1.5624481544162707,16.148648648648653
1.841348750270217,26.406926406926402
0.41891606594330627,7.851458885941639
1.8722229233650958,8.226120857699811
2.051589867163639,28.393983503153812
0.6187250391344343,11.5527950310559
1.1096354625430371,11.116600790513829
2.6956278931321966,37.12681052320425
2.083176984976472,7.417582417582423
1.3503250935097337,18.188235294117646
1.097138845932282,17.136533084808946
1.7685187736635888,27.412456562416466
0.8065462365295483,18.57585139318885
1.1485476333741065,8.204431438127088
1.2711144115854454,17.401129943502823
0.1430474869572246,8.432539682539677
2.2957361633761657,26.730026730026715
1.3975221505872377,22.999198075380917
2.657180450490665,43.16378518332917
0.9356610116597759,18.557461722929347
1.2112758952941691,13.71872887085869
0.8056251382008613,5.159151193633946
2.6121899497233536,34.11350455675227
2.3595985142434683,23.073308270676698
0.7370963712796565,8.022598870056498
1.6519419021109223,16.888354930060927
1.2876653432619878,16.30630630630631
1.5537037380395025,10.783450704225352
0.9928196073104723,11.856199559794575
1.0173681903740315,17.892156862745104
0.910025045413464,13.82187556684201
0.5936117066242864,8.627946127946132
1.7679625572785511,18.220309081927873
1.3039335501286853,20.16317016317015
2.0884287365273875,20.84051724137931
1.9800689308470192,39.1904761904762
1.4555336198576136,25.721241631162513
1.6587418493745552,16.42043056141833
1.5319682979610798,7.9022988505747165
1.7318605843863073,20.666666666666664
1.5214361007264758,18.840579710144915
2.4983501224243376,32.11382113821139
0.41135226832711264,7.9151193633952275
2.185902120384905,27.425742574257427
2.270848254100436,26.533385093167702
0.14348493243150742,5.948581560283685
2.2722115467954938,33.176523297491045
0.9499191270427144,6.942379182156131
2.0568408338372084,32.804114490161005
2.343557843209591,35.85710477206079
1.3826163662005677,29.66976264189887
0.860406655575978,10.436432637571158
1.4353562715883197,16.92307692307692
2.1692444246201577,34.96627618033369
0.8622446675678244,18.913398692810453
1.6785411262285352,14.517374517374513
0.8314409927702043,18.697526662128425
2.539844159410836,32.227775253672576
1.6322673893987216,11.6374269005848
2.0936163304596445,13.352007469654524
2.2652178325593,34.0479937057435
1.2135731167877903,32.96037296037295
2.3058184031225757,14.342001576044126
1.5330160870760643,27.396098388464814
0.5163852898300803,13.771712158808938
1.5027477569345131,9.939707149009479
1.9004637465087528,17.370459155449005
2.1960929123554425,26.034712950600806
1.9652464090679058,24.894327030033374
2.350857090691862,27.11484047224119
1.2438132961733828,25.776711290729978
0.20749607057113478,13.932073666586945
1.298872073585569,17.85152838427947
0.9604947415696742,12.857142857142847
2.412353594246417,31.61428135489777
1.3555209696673876,28.07253792979622
2.135815214936304,21.35245901639344
2.5342603719895456,31.9022878497858
2.2133602288983854,44.03177945821766
1.3161274847840054,20.245016611295682
1.3365187151006033,29.92762877820349
1.152876784764055,16.837315130830483
0.9690112837348295,22.75670675300647
1.905420311088851,26.25
2.05365702033286,13.820105820105816
1.5811722700794375,24.634604392912543
2.487515604478685,26.11029115792298
2.1961875496617353,28.273381294964025
0.9562674455342466,26.94677871148459
1.9352480732715502,31.247742867461177
-0.17601762131716708,2.6755398614695096
2.1606700291023757,11.516164994425864
0.5058326152889456,11.09195402298851
0.5010547053522529,9.416165230118708
2.97238730734004,39.99744995537422
1.4274102154924917,19.935344827586206
0.7974364648442429,15.029761904761905
1.547233558055846,19.53675730110774
1.9355288988869148,20.970206264323906
2.1032736252519153,29.411764705882348
2.4645101308236192,21.105616389968212
0.5427032672849438,8.838878016960209
1.5705345648329754,7.252227171492201
1.4225035878254333,25.965858041329746
2.50173210394868,34.53151210160557
1.924224726781782,28.215654077723045
0.11505792858669622,7.618283881315158
2.5943810124055853,36.62276975361087
1.3475253630380972,12.581967213114751
1.6697048753560222,22.40328563857976
1.5178152059770247,6.52045633359559
1.947956514724138,14.482081492390776
2.096049746597374,23.665128543177318
1.5085631426288748,22.35820895522388
1.6223836973632604,22.12121212121211
1.129066439317166,14.875581077385824
2.078706486053203,27.536710113842595
-0.39747014494165905,3.3260764392839874
1.4353244590171048,22.77076157673173
1.4715021197244567,17.31182795698924
1.7061034776428141,29.70588235294118
1.4934416110928677,12.308429118773944
1.8402152472505429,10.51534107834376
1.2367479548478655,13.759689922480604
3.103419040522599,37.45592874373724
1.0472535788546795,21.153846153846153
1.6232028639006972,9.953703703703695
2.4082994212526816,37.61904761904762
2.8791435041485567,41.503759398496236
2.734885876167171,41.80694980694981
1.6854889716943435,16.837606837606835
2.521051446765438,28.554852320675103
1.4905703027891493,20.45477211528872
1.75906626885907,23.284313725490186
1.5077876073637575,10.36392405063291
1.0477408402845585,13.24823943661972
1.7473527334078027,28.408225437928422
1.457378746807009,20.623501199040753
2.3718225431514908,20.14276443867619
1.134336710700937,11.473429951690825
1.886188157324297,29.923645618712875
1.0091809481959533,6.690240452616692
1.6077874914081263,26.067371719545633
2.0185272459676233,24.008498583569406
2.1755843729081086,37.914046121593294
0.6624353512357073,12.288786482334864
1.840009655625087,19.09252669039146
2.7701137689090984,30.32909170688899
3.168162090208407,41.93121693121692
1.0756493583867894,16.208384313220428
1.552923743655109,10.71081763449213
1.5247083787218332,27.86796536796536
0.8529544024344312,14.20454545454546
2.7243531824686187,20.902518471438796
1.8994554647003796,25.198412698412703
2.7341359649269323,21.165013847940678
2.5615750096024676,41.254218222722166
1.1779534725286156,22.857142857142854
0.6764306570816406,11.79053330477619
1.4878949325836817,18.351648351648343
0.7388976625829283,9.823848238482391
0.2616423348401459,10.467289719626166
1.1926369955323808,22.751322751322746
0.9565720829527218,18.12274368231047
2.699812309185859,40.971786833855795
2.2121968072009226,25.36100302637268
1.8121103956933826,18.401682439537318
1.9377381968683962,30.871794871794876
1.4592720124239522,18.688230008984718
0.2549604713437317,11.937152711247364
1.374805736435933,25.173370319001386
1.1822885757245787,20.979765708200205
2.4941518838319334,40.46653144016227
1.3252818343433903,13.605442176870739
1.4246514550904894,27.469702533969887
0.10845433328271148,12.808750882145375
1.9868161487970992,17.86833855799373
1.6955532456644982,21.515151515151516
1.4244904418529378,22.685616651133884
2.0660952561701804,35.214421677303775
0.8818497390294694,9.418604651162788
1.316253757197547,13.703703703703702
1.2228296304497412,4.812545061283352
2.2149587193748896,34.98179030093924
1.2156379594752773,12.469237079573425
1.7884217380939524,30.503475879502844
0.9279585474002483,9.734042553191493
2.4034440918434328,44.24019607843137
1.8413272333182913,28.423349699945447
0.5426299704776781,18.894009216589872
1.8831141257513622,13.728726147498712
1.6621623787107187,20.388888888888886
1.830677594305567,31.42516398330352
1.2268055816701577,24.778343708734198
0.9298351592460554,11.805841217605924
1.777555823807364,25.88235294117647
1.3734280787356736,27.89725209080047
1.3074514977673277,15.316159250585478
1.5183794503264796,21.205519244734937
1.3655269112442718,22.131519274376423
0.6495493244886236,15.275823768974455
0.9043580322691784,9.411764705882355
1.9774060664628754,28.951048951048953
2.0848937277209703,35.96491228070177
0.8515944864629359,14.551920341394016
2.7265690502383393,40.61077965416119
1.281690474262467,15.602836879432616
1.6797986194457963,15.977157360406089
1.1584113039235566,20.218430034129696
1.6122291749978286,14.647147147147152
1.8985651599188473,17.714094184682416
1.9029511237277899,23.81612381612382
1.628893885625443,16.821994408201313
1.0844397787889912,12.063199169645955
1.9630686319413608,27.836911419808757
1.0302025569078332,13.39686098654709
2.7288996897674185,48.54178899980426
2.4788234680940193,33.785714285714285
1.427864013347186,9.877232142857139
1.772819547765055,26.983145198701095
0.7924884263766968,8.92857142857143
1.143614676391429,11.419558359621455
1.956328963972125,35.87729143284699
2.394927129957932,39.64646464646465
0.9071048401755645,5.545454545454554
2.5226409172970037,39.605701592002966
1.4863167623379334,28.7367405978785
2.7022825114703957,34.44444444444444
1.64529982102979,9.962546816479396
2.393652288956949,27.449764326469854
1.6462845914647564,20.532646048109953
0.700377492727488,10.733137829912025
1.16430899176081,27.816141562365125
2.425852800782253,37.11615487316421
0.37711719018025536,1.6666666666666572
1.8695493519044388,28.880070546737215
0.9999975498408141,21.700879765395896
2.3801082691591495,27.32942732942732
2.255104859575214,21.661324786324784
1.0598316873135931,10.751879699248128
1.866452878123678,20.113530458358056
1.7188253605497217,26.68524273925624
2.139996475719348,27.704326923076934
0.34992608022291666,10.68181818181818
1.7842914285267746,21.724385982941115
1.0947818289395026,9.112903225806441
1.8525237790348192,25.09833720722331
1.6092039195987369,19.88065988065989
2.1668392368008327,16.792929292929294
-0.03567375752700963,-1.5920087404401428
2.476676785449221,32.07190160832545
1.2990578358848028,4.142857142857139
3.087498413155524,39.36698717948718
2.0140600233867336,24.09560021727323
1.2871215245938128,16.174999999999997
1.0686212005150701,11.916376306620208
1.2037512460018491,22.155590240696625
2.2556232595975416,25.911735490279547
2.2096641665177863,30.40630182421227
2.3931672944687596,35.259992925362575
2.4782198738239876,32.88753799392097
2.046981904121121,38.32258064516128
2.485901578554337,39.58485958485959
1.5513664684562425,28.618693134822173
1.6971292304046903,18.92416934619508
1.178347170608973,9.375
0.6632762765753102,13.474107591754652
1.5086373281446066,18.75
1.7283873193180197,23.626909327266823
1.6279217527341645,20.729166666666657
1.1829978343127097,13.057620817843869
1.0646534624469748,1.2256973795435329
0.07327500794077905,9.214659685863872
1.9635210254927271,28.498168498168496
1.6410349953824932,22.564102564102555
1.073286355633657,24.404761904761905
2.185889750381642,31.143856143856155
1.31435186088903,8.407473309608534
0.44900505458264744,11.162935323383081
1.794198789143643,20.10488100040338
2.990765273086835,30.391448793875476
1.0095598148805698,12.482188657737247
0.7118760410441287,11.299734748010614
2.0771651571666125,28.769323429030308
0.9584186225183291,23.899782135076258
0.7289015618841665,4.810901001112342
1.19170349769145,21.60737812911725
2.570259938952952,16.741539383048817
2.4189920356120567,25.26219790241678
1.7374557719316164,21.770270270270274
1.3162352251728298,17.567567567567565
0.9032153639443753,8.848557372689804
1.3154080532731562,19.26391800605637
0.7667530641867322,9.070693968312789
1.5577584683904588,24.72558401350971
0.9173370664606207,5.341130604288502
2.3691737061355775,32.030448169688675
0.22849606150909585,7.325757575757578
0.14225852066607456,9.640287769784173
0.7489649699920717,19.418089816571786
0.790811873978817,12.784090909090914
1.0840030254576165,13.66954959002583
0.6047194218498272,12.838127951910693
2.21556283257808,29.118198874296446
1.3090823674844247,20.85255066387142
0.677922760665477,12.177237731105656
0.3439085683790049,5.046272044700551
1.0025037049448802,5.172413793103445
1.1504549626380327,19.092152037188953
2.044184337296219,35.49480822208094
2.2743484746289058,27.243589743589737
2.1201656089519982,34.33255269320843
-0.05557156146537931,9.656301145662844
1.427212285175282,14.646285104870252
0.6652639612270423,8.586739780658021
0.39626862905031784,8.378637671889983
1.150449074582921,9.431500465983213
1.7355643455659087,11.93203512791142
1.1245489476214292,6.044238683127567
3.1919746473483026,40.30165912518853
0.44851667492346536,9.805623047552935
1.0897837243352768,21.718300862344293
2.507089041170811,23.143699957859248
1.801152628181115,11.624548736462096
0.8896295854634482,10.238693467336681
2.484064918840187,31.658496732026137
2.2411500711653805,21.38528138528138
2.2155812407526625,25.70187165775402
1.417398382622427,31.518151815181525
1.3197128106744511,18.12921233576146
0.5258468421936171,16.24349716592903
1.2335870785906022,14.141414141414124
0.7919909825016476,16.398128898128903
1.004276940762603,10.898396955368469
1.7168936366577243,23.80845449952281
0.6741440854778561,16.698625759028445
0.8235202477743282,-0.7078507078507101
1.5074593535676981,20.075717741087395
2.105682618298798,8.890954151177205
1.2919395903276711,17.544642857142854
1.7319966876302695,16.743827160493815
2.3593045059643893,39.87158243579122
1.0382940479846088,10.612153708668458
1.7613363090539753,22.53521126760564
1.4710632595497966,21.95512820512819
2.927802478509832,24.578220858895705
1.5395666382394635,23.82692307692308
1.6352044843887925,22.373830140820438
2.2186062218374905,34.396991021596705
0.19597031489449018,5.95945945945946
2.078870714754851,33.630952380952365
1.144666834740283,17.645749888740554
1.3881868830742758,21.08460251782728
1.5927958908150424,29.2546213476446
1.3072498752718125,8.840953972353027
1.8198863154776115,9.230048414805566
1.7224404790289969,6.819193447876792
2.4910336198749934,40.879509698616296
1.462811526243673,14.82736974262398
1.6512182121541041,10.738549200087654
1.95389597836117,26.119233391409736
0.9506291304916319,11.45849376251347
1.944944632897197,33.2219860309748
0.40259670032055006,8.138704742478325
1.0739583011036493,9.746488523466944
1.3866746485152048,14.448217317487263
2.178152350604514,25.486250838363517
1.846819445088261,30.33783783783784
1.1990869108389188,24.15672029060717
1.542655681211584,22.413052812365827
0.6882073623851048,10.231980115990062
1.8094888600480181,24.725705329153605
0.385110823071929,8.156227444061273
2.4057018409238027,21.496219657779548
1.3825570767754638,16.24413145539905
1.5725689029982355,25.681957186544345
2.2567064703617987,45.693251533742334
2.7931932908376655,46.35922330097086
2.4406098196686057,26.83699932763423
2.1652270953125585,26.270270270270274
1.5109466710437125,23.145071982281287
0.9555216585630291,9.276315789473692
0.5672909374682582,4.464285714285708
2.3628658655215955,38.68178860277029
2.4590761976035864,27.310924369747887
1.9861095268946731,13.223140495867767
2.27619533299133,23.390151515151516
2.117258751469842,31.26838836220987
1.9785656573944927,21.78542178542179
1.8386380099805562,26.05802501996274
1.649888621654601,28.296875
2.0024098324829134,23.624595469255652
2.140168794723582,20.601851851851855
0.3039232649256226,4.166666666666664
1.8844446822389087,31.19991781384836
1.7177242806904953,9.041591320072328
1.176976180791673,14.749262536873147
1.3036931405484742,19.131299734748012
2.7043666477684627,22.204646564508153
1.8428166485156563,28.092757176422516
2.2560067098793724,22.277820080496035
1.7010952492615208,5.098039215686271
1.5667664322054191,15.217391304347828
1.862075338038735,22.83349251830628
0.5154872206954857,4.366866866866864
2.5830447826298264,31.801125703564736
1.0001875037859806,17.36001577287066
0.8514294126645727,25.560053981106606
1.9691894995558843,26.73992673992675
1.0436891702284277,10.8288770053476
1.8514529507948065,28.873682554664157
1.0265283317056306,4.534984163547364
1.9515714490218772,29.160194677436053
2.051520660985007,39.28571428571429
1.416217399333911,26.788704096439332
0.925277389985407,13.709296838131188
0.48726020283241395,12.042175360710324
1.3579519485714457,10.119047619047613
2.446614711382562,41.739980449657864
0.5508978040165518,6.383355467020799
1.4697229062956847,21.481342934630135
0.17710147628029338,-0.3254067584480538
0.869328436933231,19.38775510204082
0.31753683587903997,12.948184781386985
1.7387168823958377,16.23863636363636
2.2093428329976295,36.509404872032064
2.0177289029596848,25.59748427672956
0.8553037076754848,15.71344339622641
1.9707516463603558,23.50868361439717
1.296477115348396,24.862745098039213
1.54850090484794,26.0536398467433
0.9982028870750497,17.686087497408252
1.377915736692414,27.756374977068425
2.0620301369283456,26.1521168977145
0.8818434319496087,17.16216216216216
0.7525007643553785,6.652500817260545
1.8318410478220721,30.214285714285708
0.9596631092109946,23.32251082251082
1.5847400755917986,13.103651354534747
1.2305912675072728,20.157200811359033
2.6271674116477035,46.34076615208691
2.2348407625990974,30.808950086058523
1.2906030343616819,8.911890936632169
1.0514685783474196,13.127413127413135
2.059998725990182,29.794238683127567
0.7610305062069607,14.554597701149426
1.3069513294625765,22.366522366522375
1.2795679133218323,26.431685509495303
1.9023330624838768,25.427020851185382
2.1321569620058876,15.441176470588239
2.4661302090791635,43.33839918946301
1.6465561681847993,15.695364238410598
1.3238807557027537,18.844504626495144
0.6264247536087024,12.506203473945405
0.7104937425781227,7.404891304347828
1.401040631333132,23.86473429951691
1.8400319786130552,5.241935483870968
1.9039847872555278,33.149371868419145
2.0304338657268657,28.850746268656714
2.457581219662328,37.55656108597284
1.9394122520584838,19.57227138643068
1.9339410325208335,29.072463768115945
2.3150898778500437,30.659749933492954
1.7143852896801213,32.10002924831823
2.2623973383975136,34.68227424749164
1.7159270180325934,25.084841628959282
1.4894700000996077,23.583523282318467
0.8423123528754699,23.0968159043155
1.2373877074939406,12.185534591194966
1.073829128989988,14.463562753036435
1.0270768522399785,4.481082223631375
0.6649254462419865,18.6988543371522
2.486845735084514,36.97996918335901
2.5703620247098975,35.22706209453198
0.8465352642909297,17.3202614379085
0.6674232772998382,5.731707317073166
1.9317377151356636,20.51313229571985
1.8682554776312663,18.850088967971537
1.5147414472089167,20.843246100978043
1.4147055228129977,5.623964006630352
1.2855467847242443,7.0530185758513895
2.0920421363286974,38.399835458658984
1.4038930330152266,15.095986038394408
1.1025931517655987,21.323529411764703
2.5244987699975665,34.37837837837837
1.036289524369566,9.099922882009466
1.7305894336607686,13.695932126354059
0.48062428271738095,8.209459459459467
1.233632018613104,13.68186874304783
1.6088857723891261,19.492693686242063
0.8171152618451145,5.639534883720934
0.537216648478614,11.981635071090047
1.4161943593466821,19.59695476936856
1.6532385625436334,23.33333333333332
0.878017900579479,2.5201612903225765
2.559909007621797,46.40672782874617
2.1054141289549166,30.08956669087388
2.1610655349758234,30.303030303030297
1.9409487450909308,21.35596885813149
1.4046317625831346,28.224206349206348
1.6160156625501754,7.52613240418119
0.8873530164065826,12.962962962962962
1.4874337427212174,31.526444569922823
0.7703015939374774,18.349941646467357
2.0038574922297974,28.875968992248062
2.2384730149270062,8.26371826371826
1.8932099048811633,23.897058823529413
1.5601236899908588,29.43262411347517
0.8868576273526935,15.878378378378379
1.418478247488903,20.859422958870468
2.2625044124781035,29.63748894783378
1.1870225370979064,18.373424971363114
0.7016519724859173,9.964509964509965
1.4990837708211004,16.43120393120393
2.310251491278659,40.73915829950865
1.3013809422496125,17.11956521739131
1.5277729004740508,15.648193963384465
0.68963896320906,6.314821010371368
2.1633177430259107,23.48336594911938
1.0428935114398254,27.100787001777093
1.9263944011467409,33.3739837398374
0.9945045128302016,13.267587113740959
0.9079684502160714,15.610119047619044
1.935679734518724,21.116071428571423
1.2072612707878774,13.33634719710669
1.7416913937499217,27.280477408354635
0.0098654939309189,3.9039039039039025
1.0311946128299745,1.975151322077096
2.030917300902859,5.739022881880025
2.185293086049157,16.353576942871854
1.1187760087450116,6.8765036086607765
1.7778380261489612,18.98095728255275
0.9960906452009366,8.512931034482762
1.73488609859949,22.491638795986617
1.768984320191331,27.889005971197754
1.9869541563766706,26.238145416227617
1.8034403530612946,19.718137254901954
2.505323687153603,31.964354901201084
1.4479807209366968,19.971043344493715
1.2489186799206118,23.517322372284212
1.4137857645760228,19.658119658119652
1.4754633037555878,23.91265437623054
1.9483148543082096,24.532710280373834
2.3969246171341365,29.282977558839633
1.0693847481405891,9.070121951219512
1.5415515697059496,31.734826355079512
1.4681666334191548,16.094377510040168
2.77594465632097,45.47222222222222
1.6782704246683176,16.535119189986446
2.0698937995054387,26.25
1.2035014583130694,4.41372418387742
0.8654536617980773,22.144796380090497
2.493179251835139,35.33099760280287
1.036619630655449,13.877369668246445
1.6352976907959351,26.93231595308746
1.6676189105625454,22.96918767507004
1.1480430446978043,18.6448362720403
1.5898184689364903,25.473550167135357
0.8313551214913658,10.306122448979593
2.109104045965804,45.43403038964947
1.6843400809273414,8.856033452807637
-0.1551762176936291,10.765410458661997
1.559596533748282,11.92307692307692
2.7223798284817695,33.3702377075871
0.8931447278731693,34.4035674470457
1.4466417790690573,25.934819897084054
1.8591989876236985,31.69056931768796
0.7824669727965706,22.61340555179418
2.6848871810260215,32.54504504504504
1.2577086021439436,12.031750452583204
0.9945981767896468,7.320205479452056
0.31699632731591054,6.91632928475034
0.7344754892332199,16.85714285714286
1.8301594155899905,23.796296296296298
1.579743721593717,25.010416046663885
0.9977943598522747,11.208487084870846
0.2662417965709464,13.630769230769218
1.803143667800327,32.35294117647059
2.468221700101792,39.03971455165995
1.6084218947752063,20.129529144057408
0.6091791660241443,14.12522090381217
1.5089080929732772,13.50634371395617
2.032125693444215,25.923392612859097
2.323194729965198,25.58582587159458
2.1123019895132407,13.676470588235297
1.6534112847531175,22.517985611510795
2.052127534491186,25.627413127413128
1.2703364123565948,21.4262241209333
1.927375927445692,24.723413863174535
2.6263623743079734,35.736399823087126
2.241898951382556,34.90196078431372
1.7154837054770824,23.845065996228783
1.3111942070993696,19.914635516118167
1.1097979366608626,-2.493224932249319
1.7431037325374175,27.75216371430883
2.5290770337337936,25.542953667953668
0.7166276057882448,10.578451754922334
1.4740105074325598,17.5141242937853
1.8722361866793624,30.86080586080587
0.7601017910256936,9.341481666250942
1.4221269237127274,25.874220656004333
1.2228198328396298,7.320205479452056
0.8475137624515906,16.02450108674175
1.9992348988073254,20.752169720347155
2.1032645381878026,23.481781376518228
3.109426669528847,40.656146179401986
1.8479342657024735,32.818978995309635
1.8927819416407203,28.974654377880185
1.110727128229175,6.317561580719477
1.6200692043810134,14.084418046252999
2.5482532944616434,31.166482467597703
1.6804181254724455,16.117496807151973
2.106801946368983,8.488475177304977
0.2727095462217744,4.505928853754952
0.13350351951435102,14.950980392156865
1.5361134651075343,18.80723698905517
1.3667179550546342,26.802939825447858
2.7697015795752966,31.227708647063487
1.4000593101176166,24.162323157110947
1.731095965898718,19.43977591036414
1.1085657629295433,21.401752190237794
1.5267319740255696,24.466772430812618
0.9157123863911861,19.906725576828677
1.9778790753030906,23.3041958041958
0.7393776772128902,6.5909090909090935
0.1985689526625556,-1.403508771929829
1.1488768622130765,9.999999999999993
2.8621842745208728,35.03121098626716
1.5200720350561248,6.956983536909192
1.9273946785713734,28.266211604095567
1.8877623020071381,27.777777777777786
1.303835905495922,12.76872964169381
1.4603856075217676,6.826401446654607
1.9513923514207585,32.78388278388279
0.5382139443474485,5.388414907947919
2.3773606155389864,38.736359559519656
0.8214820748247014,13.678451178451176
0.9028544274201569,3.349124159964738
1.9111811455985648,18.327445987020454
1.7140764209160446,24.032634032634036
1.7220788846549078,29.87861811391224
0.9708776807001009,11.601423487544487
1.1097596991808514,9.970520799213887
2.6817732238774177,30.847796037475035
1.5807711267903328,16.764735214919725
2.441484953844183,39.3663886024932
1.0298212935905438,15.136521898479025
1.5770893036432594,30.884557721139423
1.953872156600496,22.414880201765456
1.5676527423047903,20.452088452088454
2.8136486704153048,33.52094240837696
0.6375788082869662,9.549956933677855
1.3076410121428779,25.0534242393406
1.7648746990451067,36.56084656084656
2.198355494428707,29.366463237430985
0.8841707946438764,15.473420440307855
1.3976116913888843,16.1006289308176
1.3319582258496991,13.622448979591837
2.030559017237681,23.94265232974911
1.5030156591884738,24.598231449442515
1.7704181149186777,18.692810457516345
0.7510593753288487,10.201745600228925
1.1977271861757068,20.832316329021232
1.5475057867751985,16.159809183065
1.8636704960900463,26.698113207547166
1.441818281038862,20.417586829953827
2.3512114082848647,27.719780219780212
1.4785554956822138,12.169133192389005
1.448261775573932,16.397968197879862
2.1384782444021684,19.53290870488322
2.253079452304441,25.465436295936534
0.8904474427376614,13.416370106761569
1.876186141068301,29.295608605953433
1.8104644755401522,20.155038759689916
1.0081967236315168,12.847222222222221
0.3705716073517649,10.711705202312139
1.0251077711833625,11.771346469622337
1.0824963358858148,4.8983625070581525
2.1109428325422828,18.642048838594405
-0.15878694786380596,4.7950819672131075
1.83116448209638,16.582345892690718
1.484909420109953,22.63104838709677
0.6335979722367036,9.0278338039532
0.7162372717276937,9.703020993343578
2.2645546716146345,30.061836055176776
1.396412965837147,13.698630136986296
1.92871430642482,15.877364644487933
1.5314188982913057,16.785714285714292
2.31862326117166,32.50910003765534
1.7090423597797577,23.69046571000969
1.7311983175851697,28.952597218279884
0.8937060929544071,11.795229244114012
1.096879279151897,23.44761904761905
-0.17701933122512853,-0.7050964868876832
2.0091933922238443,31.786216596343188
1.201105223184413,30.292918057100486
1.1765187100198038,17.69406392694063
1.8150368479967178,22.74418604651163
1.1387370354158919,18.887741046831955
1.14413402994189,20.941235059760956
0.9846788180273587,17.446524064171122
2.4006552395050558,16.337285902503297
1.3024322930946846,24.396135265700472
1.6504715588561498,18.409893992932865
1.8351294247132066,29.579487179487188
-0.0848044391721561,0.8643457382953272
1.8125241168261617,22.769285460362596
1.3331186785122244,18.611111111111114
0.904164787248821,13.783359497645215
1.778391656497771,27.865258122383892
1.9936967137231247,22.283272283272275
0.9157049292981428,22.5081551286698
1.6285512875203116,25.26449428692341
1.7326957799784721,22.35423322683706
1.5462667447925367,13.531598513011154
1.3727312594377277,17.410714285714292
2.5384429918336973,38.770913770913765
2.1395879702768323,9.917355371900832
0.9158993676464585,12.472527472527474
1.2141945586361016,16.936936936936938
1.7664517083594689,15.260170293282883
1.52014323257088,7.556440903054451
1.917841930232809,18.26153259626382
2.3344786204113976,19.448621553884713
1.9953161387056033,25.424321959755027
2.486150735639795,45.87941221027118
2.2999417646761873,34.844521941296136
1.81030081377985,25.68252181255277
2.0257801413947467,24.65277777777778
1.805799929058817,27.938330940640405
2.487444276561373,37.95413178012378
1.6370925897689723,22.496835252275602
1.8284090665983737,26.398390342052323
1.154206884297862,19.491056610732073
1.4376461775161595,22.591911764705884
1.0415259546326154,17.177254098360656
1.8252460182848775,23.042723921058332
2.2081165258922555,25.727699530516432
1.4375874200204801,21.518536121673
1.4239503454622464,6.669671022983323
1.4165845637031225,12.156488549618324
1.390281783092458,7.077856420626894
0.9661986188563568,5.062611806797854
2.5163160190244787,32.970225127087865
1.082017762159699,19.497153700189756
1.388981966254226,15.47777482033537
1.8222405652383626,23.250128667009776
1.205140860070084,9.019607843137258
0.5352895220785711,11.904761904761905
1.9562516714245641,29.45378151260504
2.088291439589253,24.079601990049746
1.8885177692312831,23.742492492492495
0.9571420404771018,7.142857142857139
0.4511509310992487,6.740976645435246
2.393698490336544,38.91491022638563
0.9073361514182613,18.269355888093692
1.6800882668248318,20.446948715499957
1.3698008916739417,24.65034965034966
0.8901410846518809,16.23143881208398
3.043318076625973,44.528619528619515
1.2080805997507802,2.597402597402599
1.6527929650348783,27.706775982638064
1.835983780144125,20.277676287906473
0.4733993918850934,17.24137931034482
1.6544190497063993,10.007919936640505
0.5490400402862319,11.242057798729256
2.5860287259901495,35.91214879303522
2.1257073901882726,35.53978594695207
1.729346818581576,8.606060606060609
0.9296220874632006,21.05263157894737
1.1503124656745816,19.639679715302492
1.9639396948088037,23.246606334841644
0.5616464824857308,4.590017825311939
0.8952214791893105,12.827121332275972
2.038039111399937,22.15310666572418
2.92955749986238,45.98674521354934
1.692079955733928,29.852507374631273
1.2033280505163926,19.088669950738918
1.768838762257586,17.921742340346995
0.985906050977482,10.0
1.3930719059824042,14.001396648044697
0.7513772140009599,9.082596769277664
1.2577882470883939,20.790587560083218
1.7501907867541933,24.71042471042471
0.32344934661278735,15.132650129297957
1.8768082682251714,32.76543546408613
2.42833083607907,28.791601518874238
1.888098124486756,19.60324375041887
1.9689642413636128,16.600652376514446
0.43886604218342684,4.074844074844073
2.208322337402039,23.00667847894234
1.7636238143012477,6.793206793206785
2.2867720091788333,30.20090200902009
1.422520158610423,26.15985300872761
1.70648769632094,21.93877551020408
1.0907960202501634,13.624521072796938
-0.026541574783650435,-1.5273206056616218
2.083590768104086,19.861619861619864
0.4747327171541183,15.531531531531535
2.535531919949346,32.4277255311738
2.0234145514437856,27.401545822598464
0.5824092994265273,19.843597262952102
1.0912081690042101,13.24144720649766
2.1119160467349793,24.019607843137244
1.3622541446797967,20.97802537913958
0.941890287220221,8.863368669022378
0.5308225248110101,10.867117117117118
2.12513556493923,38.1078691423519
1.9787902001189885,26.75429298282807
1.471556193805479,7.26943597560976
1.1849108033104354,13.435413308772738
1.205925833911629,19.104387898216785
2.1591792200594346,29.454006611193442
1.80855679629539,17.872445616348053
2.020871625786217,27.463252726410623
1.2326822972086822,19.46902654867256
0.7010260837118958,13.629611786904327
2.423787679198113,36.62698412698413
2.2117136745133203,35.09316770186335
2.174124983371,32.541161851506686
1.0176000128948544,21.860767729342875
2.1247590981740405,28.472222222222214
0.5632225488490926,15.928571428571423
0.8387977367109123,7.546891153448527
1.3469965584052574,4.949494949494948
1.6593888104309122,28.43326885880078
2.1311466505668113,20.939616659461016
1.2686303382065032,17.933821672139437
1.64140719570517,29.385831559744602
1.6501991505629385,17.13303878252332
2.1842551838365694,28.116777346197217
2.1548185900191084,23.056102362204726
2.1637784148413077,31.780431859527
1.9438559087577136,22.127659574468083
1.7044005704905931,28.57142857142857
1.3573172292618254,26.59914225750525
1.075757529966843,6.536164565361645
0.4321100191617835,-1.9481844145246754
1.3080143558484951,22.212482468443206
2.28167360032523,30.30653556969348
2.7660434062190213,45.86269196025294
1.8620961955303632,15.30701754385965
2.4370661151915938,35.075987841945285
1.334882121919965,32.97491039426524
1.99688090054998,31.44030448717949
1.9672968210147401,20.903501737503348
1.797226324679182,20.44843049327354
1.829019774920337,39.75652173913044
1.8600858284219843,29.212860310421284
0.8990017392196101,18.568884571798613
1.5603298382343795,22.40141781125388
1.1558479919350386,27.929292929292927
1.5774121052504286,14.864540877487407
1.2087746071310093,15.654761904761905
1.4273087785295682,14.569716775599126
1.067324626160124,17.690476190476197
1.1099209223543576,12.514770652057145
1.9549137949052005,33.53745215965008
2.30195492168263,27.430555555555557
1.3353292810385338,11.88626907073509
0.9915121149960415,20.788990825688067
2.183275458637936,26.315433975008446
1.392944286656696,9.778225806451616
1.4668576942527132,20.576131687242786
1.139110073747716,23.780325246600903
0.6209234474935843,14.447134786117836
0.9287256524295706,10.059288537549406
2.0093047282386896,27.430555555555557
1.286738471298358,11.954887218045116
1.9267884248794367,20.400370284656326
2.5219039300612316,24.689826302729514
1.584698539254347,24.80059820538385
0.3647682758062536,11.610991379310349
2.275068455484006,30.491840693826312
1.6351911471920015,33.09291982209401
1.7198319130460236,13.92799302354554
1.3663973036244346,22.06896551724138
1.17318287168965,22.346938775510203
1.4631011242624092,17.266424562561916
1.7156293489312395,18.713046905794243
2.6755451415831093,30.44117647058824
1.8007786686690366,9.247733730212431
0.002273138785769957,2.760207015526163
2.681725794468651,24.605828953655042
1.1112949801588445,15.481076151390788
2.5013672520465215,32.23347230494342
1.7754590245201494,9.62406015037594
1.3336880122743338,22.497854077253223
1.0641682473272989,16.83544303797469
0.7399416858012533,16.20253164556962
1.5493139242525273,24.205324048073678
0.41777877400804647,16.79828670860661
2.3055655040640888,26.450045551169147
2.005822602210518,15.011185682326612
1.7832355706526992,25.893703161340348
0.9479166252016138,15.908745247148289
1.6772457653422947,32.84493284493284
1.1228467821172072,21.303528144357664
2.3345827957886858,21.430305973773685
0.07376778171159032,1.923076923076927
1.5289463921033979,15.010749385749385
1.95726237962426,22.658730158730158
2.441599208593952,27.716823406478575
2.0936512680152495,34.8269853124222
0.9054451818347082,11.48660037080736
1.279089366847074,8.36236933797909
2.1016007121914706,26.95035460992908
1.4987137640933654,11.978966269077851
1.9307419799630137,23.37995337995337
2.3123785983676357,34.87498380619252
2.7856075574912746,33.91126976032636
1.7242949936202154,14.535361842105267
2.3648526154752565,24.492597898758348
1.648993796708285,20.2177442460128
2.2971033324234833,39.771151178918174
1.2932120046363276,12.16881906537079
1.6136462298502736,22.564102564102562
1.848428442120134,42.908787541713004
1.9161662233804153,27.533801488313593
1.5468168689222335,34.807187563093066
0.9660341542468334,5.357142857142847
0.7646962597323201,3.8587848932676394
1.9064055038007048,32.176418995113394
2.6368927749476248,27.673827673827688
0.7218695197104834,9.523809523809518
1.8961923370182543,34.07990314769976
2.413767769366897,39.195183776932815
1.3700541052172555,23.513139695712297
2.856877663517121,24.184292506968355
1.2256611903256345,25.581906016688613
1.5808433396035044,19.482676791646895
1.4541279305920252,14.998114630467555
2.1104340569120073,28.869199388067308
2.229648259272346,23.182451253481894
1.614328093535078,9.753298909925412
2.058012403957581,17.429245283018865
1.276003398560305,21.637537993920972
1.9651008040553488,33.366013071895416
1.5496303069191275,15.961570179778981
0.8966507184453565,16.506388240142883
1.6055703894297597,23.88102388102387
1.5429745848520886,16.965046888320543
2.6772318321598827,31.80303591262495
2.076114144664556,32.168458781362006
1.4814224273468026,18.07261807261807
2.0029285151048235,34.11458333333334
2.5791738610040356,31.814449917898195
1.8044029109480593,11.363636363636367
1.2313146005701012,10.526315789473685
2.575537837776862,35.06031983540634
1.6217782943322332,14.296407185628738
1.6372511784422579,5.639730639730644
1.343825532723557,7.15223097112861
1.7803568067604587,22.264212947748938
1.355910733592318,5.430968726163236
1.3269134856749374,22.929569350424885
0.8961853257794515,21.26819639773008
1.3003495471060256,25.645505727043286
3.0964951532898546,44.98417005879692
1.7027264101967847,14.257154882154879
1.4228554490726757,18.701298701298704
1.3924803170071016,23.34682860998651
1.3114302078080704,7.403673835125446
2.3131445271490723,33.51313320825517
0.9749504349446323,8.374384236453203
1.2176056546312417,21.992580816110227
0.772883070270203,15.517241379310349
1.4272370294889754,5.903554561272678
1.9597999313206473,27.133027522935777
1.2873519773529098,19.38722775932078
1.4567553925429182,19.858417974761466
1.0628917009682892,20.689655172413794
2.0032945059873253,20.813548591326366
2.725766261155391,25.61183836084235
2.4768097008153687,30.963572267920092
1.1161985149589073,12.95641931684333
2.359720467112175,24.789286383217835
0.14996587174545423,1.811701811701809
1.5490204258962879,19.64751958224543
1.189230174395055,21.363509619853147
1.1386241843228433,28.1902206320811
0.7370120273911496,9.452970530081906
1.7049256846264922,19.966159052453456
1.8355432560585496,26.639344262295083
2.285903361036624,20.39408866995074
2.09450406179684,31.378600823045268
0.8552811445317375,24.903631568269432
0.9453841890526421,8.042229467474002
2.1310042837500216,29.21899529042387
0.6786077136802885,3.1945066427824997
1.290324943749475,5.813746438746435
2.028189073775994,15.227429020532462
2.3337891111795424,26.999448428019853
1.3576840354692632,11.62079510703363
0.7888825528100236,19.048839892321503
2.3759608241910004,23.04864253393665
1.9961879267903302,21.794871794871803
2.0650439331405845,31.76814585483315
1.7695330095262216,17.78432621854094
0.7848766233107546,11.53846153846154
1.3193573986963059,11.673856773080246
2.000726694830498,27.282377919320602
0.3189860362481063,7.833443199296859
1.2288295044820816,10.073236541179497
0.6497919183921617,3.841463414634134
0.2695114456504115,6.281094527363187
1.3970920678398098,14.640324214792308
0.9474581148693312,15.677879714576953
2.1074118260576196,21.536697247706428
1.0840161041747522,7.739234449760758
1.2861263503720743,21.96895690871594
1.2046726090638507,22.78048780487805
1.6029684972162637,18.175787728026535
2.002450146521675,32.35294117647058
2.2198015311834665,38.65280289330923
1.7235017475078687,21.59420289855072
0.9836652324575809,14.742842337090295
1.1300552471096603,17.228212039532792
0.854463235888737,17.10415615009255
1.1798903899528645,15.132425658741454
0.7119025549467253,16.54255319148936
1.681507830806841,26.29629629629629
1.0792469179062185,15.22896698615547
0.8658512068905031,13.569239342435225
1.0108306429267384,19.03406095117579
1.1451469299469366,18.303797468354432
1.6487695419950357,24.924924924924916
0.8364517257732271,10.942441492726125
2.590967594081244,30.316362874502403
1.4128283597487217,17.37722611980572
2.1817915706439592,12.908117752007144
0.37985889377720955,11.405495169082123
2.372718393567389,36.959033146716436
1.2985715710931336,16.43120393120393
0.7382487232355942,14.379084967320246
1.546780929125934,23.407755581668617
1.5669821170473979,31.281328320801997
2.579726901531023,36.34655140011275
2.2078828338514915,29.86206896551724
1.332978451926627,14.929214929214922
2.3373955563411055,20.84125475285171
1.305404279484302,6.449062570589561
0.6629187976354183,11.28771551724138
0.44312239135118037,13.876306620209057
1.9023004714816558,10.945273631840799
0.8117814164762075,23.033557046979865
1.187027862315436,17.135409521196316
1.4560556324374296,14.951871657754012
2.2961677807744527,35.95491059860068
0.49734366882189435,10.714285714285708
2.049505629425462,29.15915915915916
1.0658295499748356,6.227272727272727
2.3293242986136744,22.28656664034395
1.327656476811816,12.429667519181585
0.9331443752593549,15.094339622641499
1.0159657750673223,11.173641173641172
1.0118407223807349,10.786136939983088
0.915012425363029,9.912584529111008
1.03087430037256,18.888888888888886
1.9159158835897214,30.550837175442865
1.5443088754138523,17.555450684285027
1.566413003583011,3.7037037037036953
1.46555955903227,10.613925183461603
2.079064767433347,30.524244050814097
1.187996915742295,12.690635566903588
1.120093779524103,13.884032634032643
1.0940097926035601,26.4893001735107
2.1251336279127324,35.88807785888079
1.0454489311663089,7.710234997086822
0.8351418079542698,13.03427845958528
2.3258233841691336,28.798076923076934
2.0546650588098583,40.76719576719577
0.2711938343631898,9.103182256509157
0.8223727688940506,23.75
0.9070412860085476,27.602505021859862
1.393299508042537,23.997296079315
0.9812212565462337,20.847190617889026
1.3570477800029876,27.66531713900134
1.48002136340636,23.474123926665115
1.7746933023709273,29.040340766725144
1.2722502030674185,14.516129032258064
2.3042111747487293,22.283345292194852
1.8062174843940493,24.843554443053826
1.302116430354082,13.454296473810338
2.1734993808173617,22.45963912630578
1.6956893711543772,17.24806201550387
1.8219234119023233,12.488553113553117
1.336459432051055,22.420807904678874
0.6928989552577948,9.482758620689658
0.5401348062306162,11.029411764705884
2.736876996835682,30.144902535794373
1.604964217787367,20.81117021276596
1.654661157087415,25.98674733506195
1.5189844648402102,31.924119241192415
1.6949561985666897,26.048387096774192
2.2747960388327386,34.7242100627546
1.7341021893926487,10.69709672411117
1.511590856047028,17.5542406311637
1.412437810372817,9.827441077441073
1.5339119170752127,18.808327351040923
0.1972494054322882,22.460317460317455
1.5601292486576388,32.284382284382275
0.9836508073226293,11.189138576779023
0.8308548910235484,14.935400516795859
2.342337183833248,28.554376657824932
1.3555217208771357,14.323280466759805
2.2350075784561136,28.31038798498122
1.3617352803920806,22.110845929461675
1.2545412301251895,20.609884332281794
2.73253950532686,41.66666666666666
2.368580403619873,31.36906007954783
3.0218610423034926,46.73283705541771
1.5324908946037339,20.290616246498608
2.1133377105749735,27.555555555555557
2.2059775659031704,36.98224852071006
1.8287395095603274,23.734409391049148
2.559197367359669,34.08645683688128
1.6898090888508785,8.496240601503757
1.393011053279218,29.285714285714278
1.7186491074384977,24.63531015678256
2.026725691355013,22.17353951890034
2.0493329622023255,32.90213723284589
1.657832061077538,32.79456925812186
0.951959629174354,17.839228295819936
1.8324825259313342,6.385987815491731
1.34433212329946,24.187290969899664
1.2667189740633318,12.687338501291983
2.604846138653434,36.755583126550874
0.8152233455791916,26.759646675964675
2.4229449707923347,34.70440807902108
1.840706538468222,33.95911556111807
1.4099917709948855,25.91349739000745
1.554993283803967,31.009373305445813
1.2065086326753998,28.23151125401929
1.85686546065922,25.82582582582583
2.0940982997096294,10.496719775070297
0.5824801472037009,14.877255249926058
2.3937341640912386,9.847494553376897
1.1357981320316286,19.742593491986405
0.5542789175532121,15.058823529411761
0.7125805149735169,16.942551119766314
0.7807178087464259,11.304347826086953
2.6330156776256315,39.791538933169825
2.1002728204174765,15.262430939226519
0.6797676116825899,1.562859112847626
2.4834201254860564,24.29315476190476
0.7953384511002174,8.38843896277583
1.6366552723442094,25.340178129638787
1.9885266718655612,30.344478216818644
1.690573012543307,31.69859879897055
2.3461683641773026,36.98412698412698
0.9569152042890214,20.500975927130774
0.9810887867441361,23.14529914529915
1.7894024389254035,27.162629757785467
1.824470734854797,22.549019607843128
1.9850606916251339,35.65607171964141
2.0535764503474883,31.55270655270656
1.1023277029256016,6.577092924927172
2.4600126586398634,34.02809589250266
2.54832395159272,24.799401604787164
1.8833979398985328,16.290596061040816
1.7486827094597492,15.690235690235689
1.9003162792841408,6.32352941176471
1.3357734110445985,30.367231638418083
1.3560245020738058,8.891574585635368
2.3658683872313166,27.423997121784495
1.659506215902994,5.779089638030143
2.50147499702971,35.5141602301984
0.6626516231495353,6.630434782608688
2.1853561750459423,22.234581633914225
1.611171721852728,28.235208394054204
0.9902827248470061,20.622422197225355
3.0405573335806086,37.35920852359207
2.172122060797188,21.215369393139838
0.6555001842513133,15.254515599343193
2.2564663801476783,48.33333333333333
1.1624857998169265,23.50736278447122
2.5246916837676197,36.52542372881356
2.3520597331131863,38.04060746120833
2.595496366500168,29.680696661828726
0.8305349815825863,15.02549575070821
0.7682698756328146,16.051912568306008
1.4044351026401276,11.335311572700299
1.705602255414628,31.59163987138264
0.3977728674524237,4.497627398390755
1.8988039144882314,30.969351389878824
-0.24244802121040074,5.351625262637505
1.5732492285414805,30.114203348486527
0.6736230080948438,28.80143112701252
1.3418112808107097,18.300653594771234
0.9754764614697129,12.338050627865265
1.2131750993010777,14.82866043613707
1.6534020305826616,13.633675078864357
1.2984804735066575,18.54253112033195
2.4519848414082945,36.48543521479816
1.0940927781094008,14.714714714714717
0.8804326500207145,3.1022950063429775
1.0605701703338684,13.197674418604649
1.132157135186392,12.610441767068274
2.2578495494317345,32.35294117647058
2.9212635612321955,37.33360225897538
2.2756301680383078,13.92513982503943
2.114116478220542,41.341991341991346
-0.06367375216328858,11.438561438561429
1.7246028134400229,4.17624521072797
2.4465483950431604,22.35049833887043
1.2181042584420771,14.67128027681661
2.163380340826662,21.736286328380523
1.4888363137215381,30.14852243148062
0.7913542511723404,14.35917721518988
1.7574710959570203,29.846721544138525
0.8725951204639214,9.758454106280205
2.226266442811223,27.69607843137255
2.5584548622695715,26.91587193460491
1.9646684584697018,26.144554841223453
1.5212200409975953,16.638127853881294
1.1937305553217188,26.804878048780495
2.380203407499456,30.64516129032259
0.6948770083615793,4.444444444444443
1.2426310488508892,19.78373606973409
1.4581126427473208,17.96784192173576
1.319064932073648,15.801886792452827
2.612066996350732,39.62202671880091
1.0927452209349688,12.006578947368425
0.8691770474520679,8.55263157894737
1.0431182987931475,13.262599469496024
1.2023696660780616,23.361702127659576
1.0618427082138782,27.372526361404013
1.1820436442913371,21.613456356658766
1.642068424611599,26.103660746647336
1.5880746328400002,17.48990966749951
2.0972029386338327,15.971558951501642
-0.0772847249908113,-2.710681696188942
2.1781068733880318,24.838187702265365
1.2708788974080942,24.060150375939855
1.6051902958028965,21.06680127881541
0.4664965891198898,13.082437275985654
2.317608291526936,30.104106419895892
1.201460990663644,36.66666666666668
0.4931589972077577,6.687715269804826
0.9582179022933375,15.176979882862241
2.0244385793845185,30.722779635823116
1.3189913314097101,24.498940850578464
1.7240902952037342,22.572362278244633
0.7031124177035535,5.293757649938804
2.376186742354796,33.713239035310885
0.6574963754654805,7.142857142857139
0.9002938998719576,9.773047149894445
1.7635916183038567,16.358269133846925
1.2197552077520448,9.223024316109417
2.37705374832891,36.69467787114845
1.7057127654122934,20.66814825435516
1.3996225454195557,14.738805970149258
2.291229039919563,37.096774193548384
0.8099627917775132,11.336317457124181
1.053624237938057,18.987558987558984
0.8974762191330551,14.11910669975186
0.4383994140580253,3.887907094168142
1.404922185149272,14.183642444511996
1.2847593703701754,25.570375570375568
1.7936666776462369,10.49843014128728
1.0523042584370708,23.852842809364553
1.352522130455299,10.924951536970369
2.0842758776613124,36.78601875532823
1.5813386098219202,24.344827586206897
1.4576576133232721,16.553672316384173
1.3367698626337323,25.665825623773472
1.262958391515206,17.761557177615558
1.2412706870947692,12.429046780191818
1.7212602645548538,16.55542181857971
2.1250199265306278,20.555555555555557
1.7582968072374066,26.007326007326007
0.5143267278734089,5.957943925233643
1.5544383561990938,28.316610925306577
1.816279325916209,28.641114982578394
2.243924852127557,22.41379310344827
1.2776136981566686,13.04347826086957
0.723737433365865,18.76539830276485
1.9949498504623302,28.8888888888889
0.9864943708843837,10.79734219269104
1.5668359099937885,13.08479532163743
0.3503246202779503,8.148148148148152
1.0627695793942276,21.660252886201214
1.0528613268700353,16.380201602481264
1.6684642845522186,23.41034103410341
2.538805720328393,34.35976960567124
0.7930923170012079,13.362701908957405
2.786940223608246,34.188481675392666
1.6128621743085023,18.94538606403014
2.023809226147189,21.79553264604811
1.8069216597374846,20.565805658056583
3.0344667278341984,40.37180313776058
1.4494987611692196,33.66165968973159
1.087704620255944,15.97172420858518
1.9384750031073705,10.3579418344519
2.162648529131805,32.35294117647058
0.634702587456151,5.866729161784235
1.0997334063578648,11.604673980911606
2.060635899817856,28.26086956521739
0.9160212797634449,21.575342465753423
1.221269661767173,20.768004251926655
2.059126750802075,25.608315615402795
1.4048510896382291,25.345278088839116
1.3852788684840793,16.212121212121204
1.0663358003472085,22.468354430379748
2.39177540526722,27.46305418719212
2.726249472384103,21.536779634546306
0.37765237193014756,5.474806201550386
0.8236425396757858,20.595744680851062
2.006322865315775,36.287179487179486
2.423283669115223,23.705306018577424
1.8549324834666634,12.97547547547547
1.3335147663883569,20.085209981740718
1.409113589798284,12.317073170731703
1.568495086581026,9.032634032634036
2.130345895562156,34.12698412698412
1.3273729765048308,18.898809523809526
2.9110622116621574,33.510125361620055
-0.2912365746797774,10.916289592760172
2.041311334555917,23.407992973210355
1.7221705208159417,34.60093896713616
0.724548321086193,7.843137254901947
0.3389392973203048,10.86313922553947
0.8348696688231858,6.79142136248948
0.6703636557296422,16.54449013648013
1.828639913872816,17.893586005830905
0.8696485726761238,9.593495934959343
1.990356005130046,35.50790628363276
2.604930924166478,24.69101123595506
1.4499243581340502,19.107142857142854
1.3082505390711372,6.25
0.955498615831643,15.834675254965113
1.5597821046726552,25.917686318131253
1.07336842662463,12.8125
1.2867536729353497,21.357226792009406
1.7881097313374799,23.19047619047619
2.5824404593566284,36.24919717405267
0.4747150141871074,8.410428931875522
1.0766441699023102,24.460724460724464
0.5447490833452717,15.264948954788537
1.0548279241116347,4.454685099846387
0.7945029048757959,13.333333333333336
0.8874220626864153,10.951821386604003
1.9796754216138357,31.290626471973624
1.2678227912855582,22.346491228070178
1.321484247839051,13.522727272727273
1.6214394653996815,17.140468227424748
1.7029099592996073,10.97701149425287
2.247903598385962,29.699201964395336
1.2173077360427105,12.95454545454546
0.6357413912484073,8.325358851674636
0.8683833897702293,20.43545534924845
1.540662984268875,22.74536824376053
0.3278800891977467,11.607142857142861
1.1457074089028754,12.407407407407405
1.6154957243582346,25.964187327823687
0.3019177083106801,15.31309816789718
2.039534980428801,36.91626877838593
2.6308855819919175,38.14935064935066
0.9365199219348067,15.290519877675827
1.6640531762082336,17.278754077659677
2.09290922489907,33.50593108642439
0.7987258302078211,9.132947976878619
1.8196289015275262,36.598480420806546
1.6403146391173373,6.771902131018152
1.6912893206271749,10.206489675516224
0.8396139426783911,9.776844896155552
1.2727493729908022,2.7258566978193173
2.023030763775599,31.044995794785528
1.9354019036571344,32.13483146067416
2.258099464439552,36.24343109001525
1.4913169164679,24.643286917655153
1.5253932684542018,21.125470642108475
1.487510069765202,9.232889297197978
0.7989115507454176,12.420677361853826
1.5998040356574288,22.689138576779023
1.0224964548730768,11.318897637795274
1.448270481645364,23.400267737617135
1.3578733143691495,7.883257166597424
2.3751264799938747,40.70788530465949
2.0823047175831793,43.26364692218351
2.881969892766188,24.126984126984127
1.3190934671763372,6.418219461697717
1.72542667932057,32.01160541586073
2.9363819561569082,44.9034749034749
1.9598348952024365,32.69251656348431
1.5625709165451127,30.281627968570668
0.9878179014581652,19.03563941299791
1.696480609487157,31.626090950849786
2.171294417584362,40.22435897435897
1.136323232926135,23.87543252595156
1.1702123282239763,14.583333333333336
2.1360613155067796,41.11494252873563
1.628712819992583,15.46437564805214
2.0936327570863775,29.346622369878183
0.32156349599322215,11.116803278688522
1.1528183488628454,6.622033673604669
1.5188487586506354,14.177852348993284
2.1367833934239813,31.48717948717949
1.6796522743041657,26.040827289820044
0.9166464764328721,18.173913043478258
2.0036864575202493,24.532224532224525
2.1055905059457434,23.804582792909635
1.1608675985904482,11.098114765377737
1.4330150124932088,30.313131313131315
1.212395380479237,8.305647840531563
1.7466636724129294,19.193512052264026
-0.27758400589867344,-0.7730962504831851
1.6909342737989608,20.260736196319016
1.7039858999451933,29.571363429092564
0.6636295155200768,6.785358565737056
0.577065358835679,5.75471698113207
1.8398895818873466,9.402852049910877
1.184898358475158,15.894705114035965
0.7471328834631932,12.327526132404174
2.720919773553345,32.80632411067194
2.5709895542924595,45.71244358478401
1.5016146460928497,18.148148148148152
2.2915406969979744,32.56377819945183
0.8826402230948314,21.2624584717608
0.8448382707053268,8.792048929663608
2.07222373829514,25.42728635682159
1.8838757510892363,24.525589419206447
2.139167219995325,32.84539007092199
0.9823128813639018,9.600389863547754
1.4606216320025485,9.379827852571175
2.413145521440189,38.52941176470588
1.8194236952566287,12.350182386659718
2.5693231338288642,37.7255460588794
1.9074983058257837,30.72504708097928
3.2833082288703244,37.71183646554566
0.993773278669373,29.3876228534399
1.2334967651125748,16.30800611932687
1.6693689296094267,16.63793103448276
1.2327740982807374,21.971706454465078
2.173712643294088,30.268270120259018
1.3193865087906724,18.880208333333336
2.4195205352242484,32.08180708180709
2.0428263243092677,12.762923351158648
0.4828431205132504,11.718966953623998
1.7485254907002181,29.828275699835345
2.2039738144113366,39.273049645390074
2.147233129467111,27.269585253456214
2.7751072313029472,32.30751760163524
0.8279503116386951,19.63800904977375
2.5950158370313976,23.125
1.5532595739837203,0.46629927935565263
0.9362283591388944,14.806208755460538
1.5066113709839266,23.690456477341726
0.9830013042316402,5.179110919292185
1.1926896449339346,7.1329776723967555
0.7815955544689561,8.729508196721312
0.7838921587817477,16.031073446327696
1.771575148503266,13.19381255686988
2.2523083429034516,22.440717177559286
1.9878483832827056,24.678637012854523
1.9124137795731357,19.082278481012658
1.428660216737467,20.048076923076934
1.3105371816238034,11.999068033550785
2.2231977439275012,18.155696625459406
1.9035958384222407,23.88632872503841
1.3179048719128073,27.51149559660199
1.5091303141725814,12.851627137341424
1.5421653562886555,18.414918414918404
2.25760735437353,23.869944488501183
2.1314089251730333,11.002886002886001
1.880443548568726,25.250349951545175
1.8870294934773575,22.113502935420748
1.4989753791062848,24.810874704491724
1.7364833766307797,27.676348547717843
0.7914427223205542,14.36928400758012
1.7301522357660972,27.002583979328172
1.7904028208098193,38.053634267685965
0.9915579392431078,9.86635868668536
1.6755416774833474,7.052040212891789
1.5906815056584085,18.586956521739133
2.319944283487859,29.032976827094473
1.7210389500149623,19.083629893238438
1.5640721428867974,21.698113207547166
2.53217023499713,37.760882528324395
2.09062129975396,36.67522145873003
1.1815419180530742,10.02205679625034
1.4701817593077426,12.617309697601662
0.7948794174767884,15.89037570766856
2.584669375599099,28.918099089989887
1.3617469737039567,11.024643320363154
1.1457105239304362,17.82749077490775
0.6994534854567015,0.6060606060606091
0.9413186064827359,19.41318327974276
1.1673696483045934,17.300724637681157
2.1951725881269453,36.503795066413666
2.051789354567168,43.164556962025316
2.179754773557458,25.40667218086572
1.2358071777539519,11.427216690374586
2.7937258256715367,33.277143513906985
2.442252168662763,27.96912114014252
1.389558120372143,8.053769725306836
0.9185501760057253,24.291187739463595
1.8264158605187193,3.6112586298459917
2.4930733524536697,26.602775941837407
2.181515337948208,28.31825037707391
1.763705710884294,33.78048780487805
1.5164972574132953,8.19542947202521
1.788719749795892,27.094224148922606
1.0805439081937072,11.154374713696747
1.5208113631155045,16.28289473684211
1.2096656532049517,15.811011904761905
3.2215198677643446,44.79019330504478
0.5203338054084237,16.689189189189186
1.456419497686928,15.798842901646644
0.8184240269442957,8.72521246458924
0.8744809875621211,16.318931758361686
0.9898925552896154,17.285172356919013
1.3380811752121797,9.751804259813412
1.4392801715619794,18.61281170673437
1.4212898508004599,7.3436603557085505
1.7775559206195877,8.913043478260867
1.8574142415529344,24.07187407187407
1.5612994388972314,14.166666666666657
1.675624208463529,26.7727335070635
0.63841531131021,7.720588235294116
1.849188168816519,25.943165115139628
2.4152473653645026,30.630630630630634
1.3987835431673474,22.28634850166482
1.0625795524179376,14.55942243613476
1.5167269085412742,17.80273780273781
1.2689725648365937,17.39574626172564
1.8728667399438819,18.531468531468526
2.1472825987545905,35.38995726495727
0.8965408019932956,13.457854406130274
1.2720698775886312,18.900343642611674
1.0210531029627838,13.527700929275731
0.23493163440953396,3.9010067114093943
1.8605499069324611,5.490523968784842
1.6088106419482988,17.616076492990842
1.8507664628295948,19.9582027168234
1.843793213931852,29.27350427350428
1.8607369388295083,9.435937704488936
1.8161567631846007,37.30131503716409
1.3465234055871607,17.454068241469805
2.170100675842032,30.85483673718968
2.014730108994166,23.975903614457835
1.0877686642701714,7.130102040816325
1.8637515515056053,28.021923268560045
1.6398998022287246,19.062832800851957
2.1297701691050825,15.485008818342145
1.7198438894166823,20.853858784893262
2.4159728087343044,27.931922196796343
2.3290060771867815,36.1533265788585
1.6952977697862979,23.78503132212331
1.2925372717672603,6.499080318822806
1.4994574132837004,15.176897112139017
2.449689260960736,10.875420875420872
2.219605161256675,35.0
1.3724869892825424,20.85739282589676
1.581098850220899,4.098124098124096
0.8214900210555901,14.74978050921861
1.838064590144322,27.854753941710477
2.2776580032357927,34.90880042604181
1.2253574333146597,9.173179761415057
1.8779151134646654,21.716867469879517
1.2772291546547796,24.468085106382972
2.194811106372778,20.643472906403936
1.3282032466441693,24.70786294315706
2.9298144629303664,46.291208791208796
1.1377397587071447,23.69776193305605
2.18772275593491,20.866757972999423
1.2553854494775143,10.84945332211943
2.746670188239048,28.63039399624767
0.7283903654022384,0.3409090909090935
0.997152360212352,10.629370629370634
1.0441849498276135,12.5
0.9237529148316657,12.332775919732441
1.7495618361832066,17.460317460317455
2.042282053114237,26.56488549618321
1.6230568107276795,23.154761904761898
2.8102057315232436,32.60948905109489
2.213302221405179,19.81382978723404
1.6032476178988002,6.839677047289506
1.2792774894037784,17.76785714285714
2.168476957837669,30.176678445229683
2.0774831358847172,22.563046834791557
0.9699846831616108,9.791261831630415
1.732307879192386,23.576264436479484
1.6242456447460483,29.052482556375764
1.131468848275635,24.73739495798319
1.4310590219286978,12.371794871794869
1.7249001935096442,19.092122830440594
2.734118717370278,32.492036265621174
2.8329018963387407,40.705128205128204
0.570748896361427,13.974886339034427
1.591662604815496,23.063482818870128
1.5243429580374737,22.784810126582265
2.0923042927740187,22.458791208791226
1.6082088202608136,24.35329279604246
1.0405772948631387,21.160321160321168
0.9282531560290821,6.7914133738601805
1.8799909726909045,24.92520862856243
1.7051527506051576,29.17191785899621
1.6581204318450633,29.503407984420654
1.3908550989422754,8.18543451652387
2.777290856163826,40.12096774193549
0.471635864842129,11.497984773846838
1.8262438609516431,17.395264116575596
1.2667366782662266,22.27941176470589
1.5631402680350233,24.21217898396322
1.5756704694454093,20.318352059925083
2.3332897020379377,30.052400509842798
1.199350597070576,19.4971694971695
0.659865041063371,11.867305061559506
1.9299160881050446,33.54700854700855
1.219333653432574,14.858322089054688
1.5635196526824415,22.10189283360014
1.8430038852013824,27.754940711462453
1.5392067016803619,23.511904761904766
1.734485999672965,24.848324980216304
1.854788442706353,19.559925093632955
2.104839837936556,25.702671312427412
1.7333216622114054,21.59090909090908
0.9153975779277165,13.486513486513488
1.6206878432968166,30.49005158437729
1.3860602102193063,26.682089839984577
1.4777623370167259,23.22584908153825
1.2843604032873521,20.86167800453515
1.783813832368423,23.838383838383834
1.6896069719007143,28.07486631016043
3.0530148793003304,31.76997245179063
2.164673178870689,40.67931059349535
1.1137635788305884,24.33772143669755
1.6057382523672434,18.97360703812317
1.2331497326744458,20.537649949414657
1.0807477969253876,17.47638326585694
1.1134112209144114,16.891891891891895
0.8170440787285602,7.552400270453006
1.680338434425587,9.1677792612372
2.0879022389154076,29.324362209139323
1.0176327936212402,17.807323452484745
1.3913792103616522,24.47902447902448
2.102318291675233,39.36541143654114
2.108881028801155,36.857539743787626
0.09774091051758443,8.69565217391304
1.9887817724031809,28.06652806652808
0.2872222472079864,7.564951604686705
1.4522751843291704,21.5506329113924
0.8887689242878671,16.57613615788521
1.9938371399499757,19.487112731059625
1.6248247898309771,15.746268656716417
1.186691883548912,10.433112865372308
2.629291718398159,40.96787651230706
2.2752956157351933,28.48039215686275
1.5514922202491543,18.571428571428577
1.6023561081309847,27.134724857685008
0.6129540486832745,13.058823529411761
2.1701387710542948,35.24277141298417
1.5730995283429787,13.198154443904798
2.0919598673239372,28.284976454504026
2.2906249023099976,33.5201029756947
0.931194298486953,17.991071428571423
1.4810274820002132,18.223760092272194
0.8504370587935123,8.797937479858206
2.4518410826213914,38.62096138691883
1.2514311164993064,21.384615384615387
1.6569446372227044,13.538205980066444
1.8208276285146299,26.137317441665274
1.4658753234017037,22.770270270270274
2.598779128490503,27.146851284782308
1.1369049554259671,13.651656314699807
0.8589788005379222,23.588039867109636
1.3818394272878913,20.31115695375624
1.884450357580005,16.88966453364359
2.106133840492306,31.668773704171933
0.7672387324633545,18.921196797302997
1.2852112091296601,5.795454545454547
2.0904762439328692,31.891233766233768
0.982920005124445,15.632653061224488
2.7204855708175324,34.46575929696709
2.5242290601687802,27.457892675283972
1.017177431572677,13.032754538279399
2.456007317432263,24.482545566882905
0.8682568010711738,8.755506607929519
2.3207616182643203,34.960317460317455
1.6472494532926398,35.290628706998824
1.6340500510293245,20.053120849933592
1.9021132732215378,23.98382749326145
2.5667106012300653,32.4390243902439
2.3371567417264507,34.603052456072845
1.727384658185461,30.02364066193853
1.7477350666966347,21.329507412721185
2.063499128789295,37.99999999999999
2.4856170867209095,33.351648351648365
0.369640644429065,12.377096587622908
1.9440513682984522,7.446808510638306
1.4351161252494886,8.951074870274283
2.2631994413825383,39.15978994748686
1.2642484143619703,15.579710144927525
1.1174141163893072,20.04363498387403
1.7491663102650419,21.751025991792076
1.9961898818798212,41.79937389410643
1.379508288716699,6.36363636363636
0.8297833510892669,17.135884768763773
1.712167083164091,20.254342431761778
0.2107450687088478,0.6365740740740691
0.9878359376969543,17.936507936507944
1.1900658498640646,18.531468531468533
0.9091091961851143,7.218820496293908
0.7031682479346837,9.636137904689143
1.839175356235978,35.66033884466217
2.1394053003076845,37.895669789820204
0.8601312133156253,3.217942467089216
0.637673246970801,3.3333333333333357
1.9476297548478905,22.67857142857143
1.1519660842612418,15.931372549019606
1.19065965293602,22.564102564102562
1.3618614601621193,26.356693018893196
1.2473541160039103,27.1467539552646
1.790290007657958,6.836158192090387
1.100048690617926,9.753375739314798
1.2378832672532762,23.117386489479514
1.630055328713139,24.95508444125045
1.312088626834262,19.047619047619044
2.617678692028117,35.39381153305204
1.048482724019889,10.026519787841693
2.8245183578691386,43.50684931506849
2.0868928277628003,23.837535014005596
0.8957299806710988,16.274964139909528
2.3456671286462782,24.52297507788162
2.5212245155093123,29.450622041175826
2.145571459057135,28.469468675654255
0.7760448905914908,6.95209251101322
2.0315267206851977,29.093701996927805
2.094849839126116,38.3596837944664
1.306264032208443,11.902515723270433
0.5150813653818365,9.71867007672634
1.3710072547146213,27.60666498359
0.5899736094922183,6.16830065359477
2.376049841474287,22.294181140221767
1.701654412623462,27.99498746867168
2.6582411555113428,32.20175626472478
2.5630952398103144,39.17582417582417
1.327556312187276,21.555555555555557
1.5645380935231095,24.89211900976607
1.7554411457472692,25.250214469545334
1.8047063890638548,32.08778173190986
2.422855637400446,40.279091769158
1.9923083955578067,25.819397993311043
1.2262393953589221,21.864294114639257
0.8985016620905494,10.801886792452834
2.1776247429991575,29.720853858784892
1.531315415374094,30.780282935455354
1.8951118779942635,33.30130404941661
1.6305359664666743,12.389118864577178
1.2970433602988916,10.737179487179496
2.0777357174843796,31.62623539982031
2.326878192083286,16.38576779026217
2.001211226437885,42.46376811594203
2.1775715280373404,22.685532233883052
1.6518634742618088,14.692982456140356
2.3105173063013824,29.766734279918857
1.6645224043485873,16.980286738351253
0.9928014855986,11.944444444444443
1.6921586881135249,22.43589743589743
2.0696926849029764,37.8906981096762
2.325414247000558,27.998345740281238
0.7012923487922943,15.899516305195817
1.281063061500728,23.348906349543427
1.432462933710995,11.481033091202583
1.0509352235764258,13.844086021505369
1.4105079542596912,17.294685990338166
1.8841183336686549,5.555555555555557
1.6425681315089675,23.385997273237635
1.120578890306537,14.170622931952238
1.3590904523654337,17.211922937113783
2.0244988946878393,31.895132072985966
0.7735624984248085,3.3265720081135797
3.0206203542386523,38.31215321281546
1.0068250496116047,20.900463473846827
1.4591918689405268,9.668109668109665
0.9985722620808927,13.184931506849317
1.6298593547739482,35.5072463768116
0.4279730415556937,17.168308813605073
1.9716611926833139,38.86978942844865
2.570832047440078,24.449388209121253
1.7207697158254938,26.440483036227718
1.6007889476180894,17.302371541501977
1.5304984273474342,24.63530918665053
1.3229324469679349,9.212133550488602
1.6053389695197238,15.517241379310349
2.2885577423158323,33.2536837913182
1.343050926883031,15.426312817617166
1.2933017138422414,27.090342679127723
2.1560974493709693,27.78437778437778
1.4591570794734205,19.81707317073171
0.9897174877548837,4.780788719982368
1.1205502186581473,26.861213235294116
1.3865579490378657,34.52380952380953
1.5120006038464193,17.826086956521742
1.63083962149638,27.40926157697121
2.7882771972268543,35.952941176470574
1.8151966676335551,21.525735294117652
-0.05290107659908172,1.3888888888888857
1.9477022293942943,34.08613445378151
0.8579525910737722,14.51296578775333
1.6742500506551845,20.955414012738856
2.236205162985899,42.91772688719253
1.736110753061478,26.305609284332682
0.9771442579509486,10.311732186732186
2.1061834420446877,31.211317418213973
1.657364155102436,24.175687445564265
1.0099699874397912,13.872244205765973
1.6449395213032718,24.330484330484346
1.7830772776242356,27.382883312660994
2.3091952751300906,25.66599053414469
1.873770947582866,20.089822760445898
1.8118559215344239,26.055705300988322
2.2573876348764,26.529376135675363
1.1234211022042047,24.196618519762623
1.2590470490220378,18.518518518518512
2.0235195781945423,27.29064039408867
1.4039100279960186,27.85467128027682
1.783812495884555,23.119516142771957
1.45083647481858,16.216216216216218
1.337417844058271,15.65387117761874
1.4948727160700386,16.970162351908726
0.22942995638345248,16.189490628952505
1.4515434038065398,9.814741821048479
0.7597026076583083,14.631147540983605
1.8915652725331782,23.21189228707201
0.5899492656783171,8.82352941176471
2.544229076940529,22.41379310344827
0.11888714791706304,9.89035087719298
1.950314037162463,33.22759714512292
1.3877361337453489,21.753424657534246
1.926279436183489,20.15512344330348
2.6805498631576974,45.222560533565314
1.7163572714251332,17.48677248677248
1.4308984513200165,29.0798432019806
2.632640152115669,27.20063441712925
2.5652394569822743,30.342217315880767
2.388135297564633,39.87299465240641
1.2197797115116078,20.410516605166052
1.9248428490164908,21.248923341946593
1.7028074363004468,21.685393258426963
1.3050655427783746,22.80534351145038
2.446428732083976,30.409429280397028
1.8106724599615607,26.74571805006586
1.2676413305151282,13.364945556726383
1.5624532448975896,19.462365591397848
0.7013023695983046,8.541666666666657
2.264188770045459,39.209450249886416
1.4973803577191502,24.562937062937067
2.8094355457000804,33.62031386224934
0.642282312602757,15.353651523864286
1.6222698350812106,15.685679611650485
1.5836604294568812,29.419703103913626
1.7285170330267028,20.96424702058504
1.941800967958241,22.700911350455684
2.04751956080657,24.248655488769373
0.5729463646003315,3.576615831517799
2.293913127100442,20.601851851851855
0.891288718263076,25.67186619056568
1.9403959113058868,25.119047619047628
1.9906505759830053,25.393925553779397
0.6113745645583393,14.191890348372361
2.827478185203309,40.0668449197861
1.8318568048060502,8.072818581293149
1.8044622876158545,10.606060606060609
0.5782630725088136,10.859073359073356
2.4197560130443687,31.754324857773135
2.5502484364982965,41.7414540687708
1.9074313697389003,17.199069177067898
1.4745198963512656,25.23427950563628
1.8468965090724763,19.69879518072289
0.8801709058922087,8.886168910648706
2.448127039514031,27.003165084124596
1.5636106106779872,26.390447187049205
1.7609641685341386,29.48717948717949
2.1205488541698525,24.557522123893804
0.5094093627374974,3.7424272034395116
1.7627517803629325,24.414715719063544
1.7817784778758408,18.66271688531527
1.2481922111106825,17.797185832120327
1.7177530253819058,17.942415730337082
1.9415332184531096,27.134724857685008
1.523134171358027,16.435185185185198
2.3440931431856242,32.55214258627228
1.4272144858710043,14.55482495112848
0.7686582573179325,18.870011058610643
0.909212971365782,4.49004469727754
2.183278516182209,31.885703472419344
1.5584126728223575,11.619047619047613
1.4501687636236755,18.20267247806389
1.424681008580467,23.43205574912892
1.5182665610557295,11.86991869918699
1.7483628545293182,24.461474730737372
2.5437294448589762,40.13321144051195
1.9280173563092704,14.846887550200805
1.0394879855234493,22.57187257187256
1.4928215073101208,22.958057395143477
1.99416393384248,48.538011695906434
1.6882140817817972,8.116883116883109
2.3674157745272844,24.20067125949479
1.3255348923287644,11.408793744391737
1.6555937907837064,19.333333333333336
2.25219456259148,21.212121212121204
1.4882264769766875,30.328247803975962
1.0629975648821641,11.694224778336931
1.954454727894522,20.446428571428577
2.175991442396044,24.81955042276757
1.0931163044813206,17.03163017031629
1.7804346976631458,16.755319148936174
1.9741747719786533,29.940711462450594
0.4870115393053952,3.4016393442622856
1.7781461389815956,10.208012326656402
2.048589399083424,34.49106771915247
2.1097422128708345,16.26160837779095
2.1605013734357583,29.81525829627096
2.416533959177263,35.93398349587396
1.4623077376895524,5.770887166236001
2.0974061292002215,30.689655172413794
1.3639478978767858,19.61473565804274
1.6656613213264464,25.387205387205384
1.5179217889989502,23.147722043258163
1.92683306469229,28.035714285714285
1.368876403411066,15.19396551724138
1.405529455727157,16.104534286352475
1.048120722864355,23.60562143170838
1.4146327899225015,30.831769856160093
2.515096409243577,35.294117647058826
1.764144720890569,31.468531468531474
1.4068632756370352,16.44396551724138
1.1108773075338239,14.62173470541672
1.6799123416631307,11.904761904761898
1.6789448826974618,27.03514376996805
1.3667353197214114,22.501240694789075
3.0180479817227726,33.21708805579773
0.8169087173884312,21.925133689839576
2.388708434035551,30.696661828737312
2.012213407746397,22.879684418145942
1.6800896674666306,28.802247980330172
1.6613943443645243,23.459873459873457
2.1627106771695637,32.606748283069564
1.719158310587696,12.89075978193361
1.0905478301245197,17.262751473277795
2.386210868107899,36.087768440709624
2.333867891487615,35.07662550215742
1.505666697957005,22.867298578199048
1.8922399707607682,12.340255591054316
1.6957332049955558,31.083696178035808
1.0372863333093907,9.848942598187307
2.2709671169520007,32.35294117647059
1.9096766483403114,36.06645230439444
1.7888660476818992,28.28034682080925
1.8956674229039157,21.58730158730159
1.698387819444347,21.209486166007913
1.1137731122764054,24.2989248928652
1.4843173191727355,26.308575903928983
1.8854212924874703,19.497126436781606
1.3005939094345356,16.68631817983318
1.3417370319366562,11.574413489736067
1.2851133833250366,9.59872321021431
0.9269310850563358,14.972375690607734
1.5569406810928714,25.35014005602241
0.9131716293259972,14.355362946912244
1.5623602561449723,26.191622532498798
1.3429552901068733,19.301327088212332
2.1220450513122864,22.714604236343355
1.5815709397875186,27.371310912834588
1.1836715566893354,18.901846452866863
0.2816824537462376,6.97599794634835
2.692167908344559,26.978891820580472
2.034747448595114,23.4313725490196
0.7731994868077374,17.109598067208438
1.4777359009387863,22.34139662254678
1.5190608965969785,17.051474262868567
1.1981233208636384,10.413336378168538
0.1656176805781137,22.171945701357465
1.761114688245314,32.746631899174275
2.123326049427181,35.053739364084194
0.9927292611775924,11.150895140664957
0.7986091480274589,11.762711864406782
2.1641062815923484,31.00753161858747
1.0898777952273722,1.9290123456790127
1.3471803354521277,11.306042884990255
1.9523505462893664,17.199173422349382
1.5757467351180712,14.656398104265406
2.01006221139325,28.048478852337382
1.985072173584415,25.547945205479458
1.7963795288064834,22.860962566844925
1.3908310006309315,10.475916192670454
1.7211107576029003,27.37556561085973
2.357613256419404,26.989489489489486
1.1105739945390702,12.086513994910938
2.504120322292024,30.04659832246039
2.660099561497297,46.36319612590799
1.6382306619335225,13.042546350873437
1.024237422673324,10.392441860465112
2.2885387960567978,32.71268057784912
2.44780803391824,40.44798062786474
0.43905407945399316,16.50246305418719
3.0156966556142457,39.991571849978925
1.8426728568451591,10.316455696202532
0.8860287604343414,13.183198380566807
0.4273397713847818,11.671087533156502
1.8117347829832566,23.284671532846716
1.4321682964813953,20.919620919620925
1.8673611719320258,9.015848913352954
1.5548973814131395,21.686063014476304
0.8354967313674232,9.045483664317743
1.3863367729768235,9.64972527472527
0.785284058031829,8.064516129032263
0.9073292071299539,12.833692588293822
2.2498544996069536,34.88455988455989
1.5651599847684026,26.100840336134453
1.1590191648001196,17.867231638418076
0.8805353467381629,19.192897497982244
1.4745291744465912,1.40485312899105
1.8334580881860287,14.55479452054795
2.497635571910201,35.30070482840392
1.0142293146922738,42.3090843286283
1.8615370106090448,44.67526787666739
1.2168323082670942,12.288786482334864
0.5135631709409293,14.650272590186752
1.9098491384616247,22.67995570321151
1.5030718164848407,25.673854447439354
2.6731101414498237,43.73719996723192
1.341650027080823,19.776482021379984
1.422988857264638,18.166666666666664
1.3755091739010463,20.312907431551515
1.845081846747066,22.5177304964539
0.8309678731634238,10.282617111885408
1.1260474949748736,15.523119539740037
0.9661854150930964,4.7867652044206395
1.0986791006916323,6.047570850202433
1.037402496034033,18.20415456779093
1.3847024523531504,13.378514056224908
0.42099932912589677,4.530036108983474
2.2422172867076346,22.41379310344827
2.4638038962233404,27.574525745257446
0.8092444243577432,5.707046332046332
1.204742983503975,20.270270270270274
1.400126523304615,19.145256916996047
1.100578477048921,17.82945736434108
1.411575703552627,29.419703103913626
1.8980274921445344,18.770069086309242
2.2050787082665546,26.84049079754601
1.3889348008416738,26.816239316239326
2.4970941348967894,31.752222020678396
1.1712794505657382,17.045454545454547
1.787287965927896,27.608247422680414
1.913513884640929,10.732700135685214
2.3924847945774013,32.604626787452275
1.6529239188387035,32.22222222222222
2.9063291915525005,48.11744049941474
1.2936916742572822,17.77777777777778
2.7032546471025634,53.53260869565217
0.9931586534931063,16.718146718146713
1.8754784252021872,31.77822853279241
1.4573176453287262,17.067669172932327
0.9486347632608616,10.247158578387165
1.6586235993612155,22.69519519519519
1.345303326638553,28.802754048195844
2.018075471117974,21.67892156862745
1.1673424101179346,15.939153439153444
0.9471460876233989,13.798920377867752
1.0118732213094483,15.617715617715604
0.8861103244676594,17.44186046511627
1.5277919572882637,17.09401709401709
1.0668988994463073,12.9847164329923
0.8449829488614821,11.615044247787608
1.1654007407017477,19.930069930069934
1.7651835669977707,36.405529953917046
2.1544965587012705,34.76313030216376
2.02930113685317,36.230986911920766
2.1956155978699043,18.604651162790695
1.6558710929384222,15.658331876202134
1.7419202566979475,18.427565200837613
1.96421034440414,33.76894355370086
1.5051121984745774,22.148846960167717
2.5413465368756674,39.784946236559136
1.6049282396912765,9.496160329649754
1.467469075921863,12.297496318114867
2.4579237497673443,31.31955484896661
1.1645218660071435,10.030333670374112
1.8170721785099575,22.7361612515042
1.2976665180552027,11.980267794221277
0.19997939748785565,3.127962085308056
1.7462232959759105,17.152478164790068
2.357812114090768,31.45528930450029
1.5762893927963986,30.50924247915912
2.373044653735056,17.825159914712152
1.5252205328015507,22.203287890938256
0.47673769431297675,3.718762848919553
1.2864179963165183,26.918009526705184
2.221905138708136,40.63008602650547
2.0957636897943113,21.761599820244918
1.684612203472955,11.298701298701296
1.351037613245352,15.007680491551454
0.7208204139565534,12.80359820089955
0.5805457110426251,6.144067796610166
0.8749595590122243,15.226212213430713
0.9981856797944371,8.224637681159408
1.6604639793038816,17.464539007092192
1.2994704407202151,20.404411764705884
1.0842513851970013,16.462585034013593
1.9495575791230086,19.815891472868202
0.8584965042152224,17.45898895212588
2.6312564302129817,45.81439393939394
1.7210377834791668,4.939271255060731
2.0982629235325456,20.509345127692967
1.166326386217043,9.859649122807014
0.97349804726753,19.6448087431694
2.1670351875547533,12.071759259259252
0.5451394709945482,7.553989337670551
1.9583710130856669,19.38924605493864
1.442059912236802,19.215843704001067
1.908420417685898,20.86705202312139
1.5309673526595697,23.047251687560276
2.4181650652317828,25.35377358490566
1.9186289227682458,29.346334416756953
2.3758031054343087,36.04651162790699
1.9025983875124504,33.80503144654087
1.2551394105016866,28.14703675918979
1.5344749452419275,6.3361823361823255
0.8950421522148109,15.338468375055548
1.2289532991889858,18.723157843941514
3.058444354379749,32.29404102898078
1.5780434815598228,31.552929828791903
2.2743941127020197,24.52873563218391
1.8898891206810204,23.898305084745765
0.8168851285802777,7.536231884057976
1.7013265396771697,34.03726708074534
1.810349960931736,10.65121412803532
0.8851427530391849,10.541310541310544
2.194310779602041,30.574098798397863
2.3575849790137013,35.74256074256075
0.7464854089166045,17.09956709956711
2.0174768758052704,36.23550807001592
2.1328575174679467,16.47058823529411
2.1890460276096895,26.479015675037914
1.1949588858074445,19.608018614641132
1.1451176523616027,21.39192320423701
0.9154576061389954,8.082932692307686
0.7373812278167751,13.174603174603178
2.2771247948917424,5.885416666666664
0.6998205770259828,8.048335613315096
2.1901035167276666,34.98168498168498
2.1011462164960664,32.132682132682135
2.734297035317508,29.489489489489486
2.251403848518398,31.848024316109417
1.3496763555494875,9.917840375586849
1.545020126194798,10.148195876288653
1.8358068603855004,27.187948350071736
0.6985408735233684,16.335354896675646
2.443416141052778,40.49814316813932
1.2562213010976657,19.51807228915662
2.2402974713818344,25.664746610810496
0.9281137934071717,18.46153846153846
1.7192587535673036,20.548121461657225
1.967063452917344,19.918664746250954
0.2268580557092441,5.816733067729089
1.0700648297334354,7.558139534883722
0.5995698257028169,16.509433962264147
1.4026927421002509,6.858766233766232
0.9019080822383123,15.713557222991184
2.295360997190824,32.71943573667712
0.650199882122199,5.0425425425425345
1.2279574276839778,19.797979797979792
2.4356378422612748,31.840120663650083
2.433742339061382,32.97844024487624
1.6678721085365111,31.69533169533169
1.7144366700432654,27.809847198641762
1.7300071294406514,18.01220575414124
2.5845447482622417,25.063969781893505
1.743735106443403,27.5474622239442
0.9902405820768345,10.357142857142854
1.4723183073390862,24.372056514913673
0.8210321206892146,1.4466546112115708
1.5910583453671159,16.47660949986531
2.0602360366367143,36.83599419448476
1.6166742856048237,25.99521101466626
2.674107634920675,34.84499371596146
0.7706187863808631,9.977375565610863
1.233109122807607,22.947676011323175
2.263947544889284,13.915191436805266
0.6532261665947454,11.42882673576981
1.6886698707210375,23.01957778861562
1.16499735753267,22.710622710622715
2.3663577271907137,26.025039123630677
1.5473019121638956,20.743456390144097
1.109174548519726,21.538681130459594
2.545350208969002,34.14100622581188
1.0304840794996468,15.662650602409627
2.0520816584399615,37.80099954566106
2.2522170846258107,33.6260162601626
1.4425465036212226,17.452229299363054
1.3792034694631368,11.96078431372549
2.019829080675516,26.52964800377982
2.0039604393857986,30.199430199430203
1.5445019565040787,16.229508196721312
1.3136550665486817,8.424908424908423
0.9590214920669168,21.271347248576852
1.8733496155675269,15.277777777777779
1.3901002437308678,19.348054679284957
1.1689137465409623,2.5040716612377807
2.1474766308707474,19.952830188679243
0.4839304457734803,2.4599542334096114
1.4838576265516972,21.601748807631168
1.590676113268901,24.02298850574713
1.5987603991037678,17.765517241379314
1.6341095398574044,18.21955719557196
1.0077309878470808,18.20845950962196
1.962525638097942,17.648521004225692
1.117553316687541,10.812533191715346
2.086498681844622,27.6813880126183
2.816839686245909,36.44301470588235
1.373970589003188,-0.750750750750754
1.7042196799066927,3.1372549019607874
2.540350839007369,29.280531110081817
0.9310487631425781,11.616658468601408
0.9018060858588518,21.48148148148148
2.7633361101937597,32.26438874107267
1.1324329756426086,11.70770036668413
1.6362520154372189,25.35312640575799
2.1155732003185594,25.723684210526315
1.9446584357625163,33.26159732185557
1.032996069841857,6.804225006140996
1.3000105189157294,14.97175141242937
1.2941558276560423,24.275762936753644
1.240788926689357,14.7056147056147
2.490580789989682,36.83870967741936
1.2298831726526867,17.465293327362296
1.492462603662648,19.08302354399008
1.083647828577524,6.894243641231597
1.5624733172514877,18.864097363083168
2.026252186273199,26.02150537634408
1.6479621566465805,23.71156581682898
1.6286436215154318,14.941860465116278
2.373024462303702,31.08108108108108
1.5127042227406822,24.02078337330135
2.613339092029525,29.148606811145505
0.7265026464192809,14.273995077932732
1.3591839390569285,6.588533417801713
1.7292834441147427,14.220838199039832
1.1117048459037209,18.055555555555557
2.6168288134399864,19.111448904857326
0.9232470562488824,16.685364609892915
1.170767323161328,22.04005006257823
1.4367712787027274,24.199507389162555
1.559001735311659,25.909090909090907
0.9746500693972402,2.9892903377662705
2.2552246565493714,43.2092555331992
1.5530372584010674,21.130952380952372
1.0195410233260631,23.203322499097148
1.2970188000048548,19.373915786153603
1.3598012307594107,25.47556881760537
1.1094386573018955,14.354450681635925
1.1611644526188,28.701406120760964
2.2391420000167965,34.92961367872982
1.3923537996397544,15.943504262628835
2.447041657852212,42.43432889528608
1.4070322815503895,17.253028890959932
1.8663825352849535,32.28046594982079
1.5780543626580603,21.022455805064517
0.620952561986085,7.0319634703196385
0.8023432549221259,25.88312974579069
2.2881894334887467,32.402881399536916
0.7694444488823685,18.275058275058285
0.2877990823201369,3.9306358381502875
1.2212041952450776,15.186115551495774
2.333610049530849,38.43924191750279
1.9645343919037832,31.790281329923275
1.0835222569988754,11.564625850340136
0.5134828187251256,7.3355629877369
2.6925342806195047,35.77870757787075
0.9953454126862583,22.607901347339585
1.9978327869470265,32.338942716301204
2.347122191433463,38.45317595899984
1.545140091006564,17.131828978622323
0.9239122680244699,3.4756431308155484
0.5852384291035349,6.649616368286452
1.8558300088738546,33.920649004943584
1.6232974792998351,13.272968197879862
2.261992833585884,22.82029716848892
1.5466300055750695,20.268542199488486
2.366522492583555,22.61252679209334
1.9582035004870053,28.08776518453938
1.559435134385048,9.704545454545453
1.9133837367502524,11.96996466431095
1.2141823655591852,24.88601823708207
1.9542975460730898,28.82882882882882
2.3155238879850617,28.144654088050316
2.3242728369146524,22.921159837047682
1.6288249976494031,14.125766871165638
2.8958981385606415,36.79849340866289
2.277034684600715,24.288793103448278
1.0053075544771737,9.340659340659336
1.3557018127713079,13.495879120879124
1.8541661432607088,22.119102861562254
0.20171034740545757,6.871453244510242
2.0107340836767764,31.028551771585832
1.3049439878774054,7.950680272108848
1.1771022691778512,21.327254305977718
1.7778216704190701,23.747479447805176
2.0545551323631437,18.75764993880049
2.398118271169988,27.46853146853148
2.2617817080429163,16.576086956521742
1.5200902937032121,26.3062244434348
0.6424285498050477,4.2902542372881385
2.099629922430739,19.81748318924111
1.0757032841405394,15.656565656565654
1.266344584439243,12.997601918465229
1.2690123346664934,11.580882352941174
1.0853387809786965,9.16943521594684
1.4812228530271145,13.140898906023459
2.16377944325203,18.655794415616505
0.9165001367149703,-0.11855364552459946
1.5116042599462394,23.529411764705884
1.0612084797100645,12.374686716791985
1.2441930244161206,7.717842323651446
0.7784663363497089,7.068106312292365
0.7679618908762883,24.707470747074716
1.2567816537917338,5.339992316557819
2.6527133977796407,29.3483527131783
2.1298086862116135,26.107226107226097
2.260380116698775,25.079365079365076
1.6889073191912614,13.179487179487182
2.0752528891989086,30.525525525525524
1.1733523183310977,15.609399732131983
1.49142649385079,20.270270270270274
1.2502311896796467,16.488730723606153
1.3042735987413567,8.950345694531741
1.2793888529668918,22.52003315833103
1.453296402638757,18.311499272197963
1.5520282878303018,14.877954281286328
1.7020961783602875,30.1876817340735
0.34737444422210445,9.045751633986931
1.4816595228688907,17.136600054749536
2.500552161307034,36.08742004264392
0.7119833151534264,8.0690737833595
2.311175492603513,26.995073891625616
1.5910742012320431,22.698829711010262
1.9281439714024726,20.762711864406782
2.419141179810983,26.64374731413838
1.1093908155529544,15.522158841597182
1.336518824798905,22.072250893211603
1.6195905063535618,20.0
2.7555878196485213,37.19165085388994
1.8327372768185,24.8232434821034
2.063156607567201,27.745358090185675
1.1917572566348387,15.717299578059055
0.8952490772821602,11.936936936936938
1.7741706717777215,22.74551971326165
0.3041806259844257,14.632454923717063
2.803704602422161,37.851037851037844
0.9455865495059866,20.588235294117645
1.031656822378296,12.293577981651374
1.720935106888429,5.851063829787236
1.103260225175355,3.8246436947501294
1.8203783535376539,12.421052631578938
1.7087676916982355,27.877795962902354
1.0738900928342436,19.263970922308033
2.3011555206726424,40.15793087663081
2.059839375431254,14.741398951925262
0.778390008697522,3.1415343915343925
1.324824533960854,25.104214914312188
1.230976504671407,6.842704912539375
1.5080263903494309,5.5279159756771605
1.321296730200069,17.1996996996997
1.592181040084112,31.180124223602483
1.2986449921291465,10.102960102960097
1.3788213778669451,10.941951566951566
1.2251178531596005,22.85827082510857
0.27375806953938225,5.171911421911425
0.2875018572721561,3.8062283737024245
2.007684107778843,27.716216216216218
2.521522899550175,30.44496487119438
0.7598105908801354,12.5
1.1645658122215787,17.28250123578843
0.5875810893781124,11.755952380952365
1.6867289751375192,26.377551020408163
1.1278161363989305,13.333333333333336
0.9604961658058595,1.9396551724137936
1.2452905026623144,-2.6845637583892596
0.826982840160166,18.844765342960287
3.2821763096196803,42.69788182831662
0.3544267072277576,8.621282447997253
2.2189684447595606,40.1538713373711
-0.03388870252282494,4.66385512279831
1.169828624677867,24.9682606855692
0.5822019101231299,6.169201520912544
0.8311645549759896,19.97416277452053
1.0817734734414277,2.857142857142854
1.281784305971966,23.6985236985237
2.098742341192011,12.603342128408087
1.3170122456870157,17.521367521367516
1.5222231364239547,23.89774290105978
1.3997326182677718,28.14285714285714
1.5083140460936737,26.042983565107463
2.2914455602807497,27.34973779749899
2.6362770951795573,42.0
2.2760633296374326,33.98922949461474
-0.06551243021670416,-4.924431157615018
0.7635150078748865,5.884963607314042
1.7486180687142125,18.39519650655022
2.195252939479456,44.310122501611865
0.7007464455472685,16.246684350132632
2.519920473707436,28.086558319116463
1.2357711398871265,17.185697808535174
0.8744415428267744,14.465041599766451
1.064734459862259,14.488693215929558
0.582484753764916,-1.2233761661679239
2.827563124772457,48.20091765274089
2.158501379389009,13.721682847896439
1.6600759207316997,23.174603174603178
1.627757948105502,26.28520904382973
1.0869779086586029,20.151235280535666
1.2508726774914687,6.092140921409204
1.9376408779086352,24.593837535014003
1.4156597569946674,9.966777408637874
0.4889618000667669,6.783156066854787
2.2460203429084715,22.95407295407294
1.0759598863780395,16.666666666666657
1.3973665372832618,13.007769145394008
1.7811942156693354,22.72727272727272
2.2230354122863516,27.014925373134332
1.2287421602802295,21.4211713084283
0.8926545725127932,18.027210884353742
2.6942365384177087,23.84823848238483
2.160894902159855,6.883116883116877
1.7330628373657042,21.42857142857143
1.7721492495225128,13.322884012539177
1.2041643891262064,12.091280653950953
0.175545929119681,2.875816993464049
1.3659256255045258,16.123105190629303
0.9117583429028127,17.071428571428577
2.3862578831754875,15.343511450381676
2.0780418857908436,38.34938469769931
1.43943673655482,23.419540229885058
0.8559730310158908,14.221824686940963
1.3343377680995947,11.36950904392765
1.6765198267752282,29.97817785051827
0.6156531124534275,4.746276192880586
0.9903924126325834,14.51917033312381
1.2885074850169143,14.349680170575688
-0.0806153490707944,11.643071643071643
1.2064743381301481,19.869281045751634
2.3766821505112046,36.88644688644689
1.8867152170070598,16.652097902097907
1.517113139174977,15.270655270655276
1.5198215157250807,22.050225883603503
1.0638641652883458,28.991596638655466
1.9665514992530801,6.77990708478513
1.7453081405431417,23.225806451612897
2.5038107557057288,18.559556786703595
0.8969183436453221,12.03298887122417
0.8883561068238499,9.29552563579491
2.099439291259486,23.34837254270061
1.2951783474178955,18.301766333262407
1.3180022337175625,13.955235090881779
1.9035460027553777,15.293560606060609
1.2933712873781174,2.4929223026108858
2.1151770436398034,28.469446030839514
1.9543282025538797,30.769230769230774
1.2286657238965644,17.54807692307692
1.764762654433189,27.965628836067403
1.6145853714833212,30.984517665740363
1.5249975641160116,14.233289646133677
0.8268748922815008,16.76706827309237
2.5623810560625806,22.635005744925316
0.289208577447431,12.160108089849686
0.9273885695092396,20.329749103942653
2.235352604274318,29.88782051282051
1.8211304110977096,20.179223365416533
1.2375912922904648,15.162721893491124
1.5856820144247852,12.958715596330272
1.209590167753388,19.898605830164755
1.7496876367398615,14.307706239246578
1.7047074170111658,20.413223140495866
1.7735850507601634,22.072907012666036
2.7641057069297275,42.55608974358975
2.4594603179606946,27.577755240027045
2.2653174421786297,33.90652557319224
1.614259704506868,27.915015597335803
1.6020267590377788,3.5632183908046002
1.847649473565072,14.764808362369337
1.7910512520724309,27.019027484143763
2.5297489789385645,28.48169270187619
2.259027200909456,36.8936716993254
1.8048518228691501,30.578882543948048
1.9512359559170398,23.513986013986028
1.7555499889507724,16.86715481171548
0.8131515874109587,12.648809523809526
2.0477618881501902,35.599194360523676
1.4195441394990715,17.208121827411162
1.4794156278020651,13.473282442748086
1.1105565227064949,20.600332545725045
1.042842872786141,21.547619047619037
1.8235683400784704,35.582655826558266
0.5804064481260626,4.941035975518723
1.074495727927062,13.359319631467045
0.2975907539058615,12.574404761904766
2.478437768663517,32.77599633531837
0.48912418982726014,-0.2836879432624073
2.2247031611635193,20.84125475285171
2.1228937022067234,21.392684887459815
2.085562736038001,26.799999999999997
1.0013730421919216,13.308589607635213
1.3431059649560217,29.716117216117212
1.293361155949614,15.485564304461931
0.7472275173083189,12.06896551724138
1.1763531358833277,18.775488010439886
