symbol,category,regime,signal_date,sector_ticker,ablated_score,exit_reason,strategy_return_pct,days_held,entry_price,target1,stop_loss,target_distance_pct,stop_distance_pct,atr_pct,support20,resistance20,high52w,factor__Market Regime,factor__Sector Strength,factor__Momentum,factor__Price Structure,factor__Volume Confirmation,factor__Relative Strength,factor__Volatility Profile,factor__Risk/Reward Quality,factor__Price Trend,factor__Volume Trend,dist_resistance_pct,dist_52w_high_pct
ADANIENT,Short-Term (Swing),STRONG_BULLISH,2024-07-26,,60.5,target1,4.775876574343285,3,3094.300048828125,3242.08,2959.32,4.775876574343285,4.362215903375133,2.622574990424557,2886.35009765625,3211.949951171875,3743.89990234375,1.0,0.6,0.5,0.5466666666666666,1.0,0.0,1.0,0.13,,,3.8021491286310916,20.993434484856817
ADANIENT,Short-Term (Swing),STRONG_BULLISH,2024-09-20,,62.9,target1,3.533443708609263,3,3020.0,3126.71,2912.32,3.533443708609263,3.565562913907283,2.1313620023490296,2890.35009765625,3095.75,3743.89990234375,1.0,0.6,1.0,0.5466666666666666,0.5,0.0,1.0,0.12,,,2.5082781456953644,23.970195441846027
ADANIENT,Short-Term (Swing),STRONG_BULLISH,2024-09-27,,63.8,stop_loss,-2.948865452221161,7,3129.0,3210.79,3036.73,2.613934164269738,2.948865452221161,1.9927035543858898,2890.35009765625,3179.0,3743.89990234375,1.0,0.6,0.85,0.0,1.0,0.49000000000000005,1.0,0.09,,,1.5979546180888462,19.651642772251517
ADANIENT,Short-Term (Swing),BULLISH,2025-03-20,,65.4,target1,1.1809860310274534,0,2343.800048828125,2371.48,2234.41,1.1809860310274534,4.667209085639323,2.989279584280349,2026.550048828125,2348.0,3743.89990234375,0.8533333333333334,0.6,0.85,0.0,1.0,0.93,1.0,0.03,,,0.17919409012620044,59.73631813070659
ADANIENT,Short-Term (Swing),BULLISH,2025-04-01,,62.8,target1,3.38497702746019,1,2339.75,2418.95,2233.45,3.38497702746019,4.543220429533079,2.906145917239819,2026.550048828125,2395.0,3743.89990234375,0.8533333333333334,0.6,0.85,0.7466666666666666,0.0,1.0,1.0,0.08,,,2.361363393524949,60.01281770888984
ADANIENT,Short-Term (Swing),STRONG_BULLISH,2025-05-05,,64.8,stop_loss,-5.041972290138553,1,2454.0,2521.97,2330.27,2.7697636511817336,5.041972290138553,3.3998988444807607,2145.0,2497.0,3743.89990234375,1.0,0.6,0.5,0.7466666666666666,1.0,0.45999999999999996,0.5,0.05,,,1.7522412387938062,52.563158204716785
ADANIENT,Short-Term (Swing),STRONG_BULLISH,2025-05-16,,63.6,target1,1.5066289595230486,22,2571.300048828125,2610.04,2429.81,1.5066289595230486,5.502665816562691,3.2666313562021134,2233.0,2584.199951171875,3743.89990234375,1.0,0.6,0.85,0.7466666666666666,0.5,0.4,0.5,0.04,,,0.5016879437943913,45.60338471778273
ADANIENT,Short-Term (Swing),STRONG_BULLISH,2025-06-16,,61.1,stop_loss,-3.7325443786982215,2,2535.0,2682.16,2440.38,5.805128205128196,3.7325443786982215,2.715456737230744,2441.10009765625,2663.199951171875,3345.0,1.0,0.6,0.5,0.7466666666666666,0.5,0.51,1.0,0.13,,,5.057197284886588,31.952662721893493
ADANIENT,Short-Term (Swing),STRONG_BULLISH,2025-06-20,,69.5,target1,5.818293683347009,3,2438.0,2579.85,2393.07,5.818293683347009,1.842904019688263,2.6844427630414582,2405.10009765625,2663.199951171875,3345.0,1.0,0.6,0.5,0.5466666666666666,1.0,0.03,1.0,1.0,,,9.237077570626537,37.20262510254307
ADANIENT,Short-Term (Swing),STRONG_BULLISH,2025-06-27,,83.0,stop_loss,-3.9543396226415117,14,2650.0,2708.42,2545.21,2.204528301886799,3.9543396226415117,2.546806038953614,2405.10009765625,2681.60009765625,3258.0,1.0,0.6,1.0,1.0,1.0,0.64,1.0,0.06,,,1.1924565153301887,22.943396226415093
ADANIENT,Short-Term (Swing),BULLISH,2025-09-11,,64.1,target1,1.0753485335096569,7,2416.89990234375,2442.89,2320.55,1.0753485335096569,3.986507767670311,2.174700301416074,2240.0,2418.699951171875,3211.0,0.8533333333333334,0.6,0.85,0.0,1.0,0.77,1.0,0.06,,,0.07447759116459193,32.8561433961822
ADANIENT,Short-Term (Swing),STRONG_BULLISH,2025-10-29,,60.9,stop_loss,-3.53960784313726,4,2550.0,2643.47,2459.74,3.6654901960784247,3.53960784313726,2.095619931809205,2472.10009765625,2617.300048828125,3070.0,1.0,0.6,0.5,0.5466666666666666,1.0,0.03,1.0,0.13999999999999999,,,2.639217601102941,20.392156862745097
ADANIENT,Short-Term (Swing),STRONG_BULLISH,2025-11-12,,60.5,stop_loss,-5.046957722881529,14,2425.651611328125,2549.29,2303.23,5.097120629131857,5.046957722881529,2.9187866830447566,2267.140869140625,2600.0,3070.0,1.0,0.6,0.5,0.5466666666666666,1.0,0.0,1.0,0.13,,,7.18769290105983,26.56392969471295
ADANIENT,Short-Term (Swing),NEUTRAL,2026-04-28,,60.2,target1,0.6837988826815522,5,2427.60009765625,2444.2,2294.29,0.6837988826815522,5.491435668706535,3.263849049488391,1753.0,2420.0,2695.0,0.5466666666666666,0.6,0.35,0.7466666666666666,1.0,1.0,0.5,0.03,,,-0.31307041318657003,11.014989767133137
ADANIENT,Short-Term (Swing),BEARISH,2026-05-15,,60.1,target1,4.856666666666665,7,2700.0,2831.13,2577.61,4.856666666666665,4.53296296296296,3.396896056651186,2202.199951171875,2803.10009765625,2803.10009765625,0.2533333333333333,0.6,0.35,1.0,1.0,1.0,0.5,0.08,,,3.8185221354166665,3.8185221354166665
ADANIENT,Short-Term (Swing),BULLISH,2026-05-26,,68.6,target1,0.911804158283025,0,2982.0,3009.19,2830.4,0.911804158283025,5.083836351441984,3.118650462544891,2328.800048828125,2979.39990234375,2979.39990234375,0.8533333333333334,0.6,0.35,1.0,1.0,1.0,0.5,0.03,,,-0.08719308035714286,-0.08719308035714286
ADANIPORTS,Short-Term (Swing),STRONG_BULLISH,2024-07-23,^CNXINFRA,62.4,target1,1.8037135278514693,2,1508.0,1535.2,1448.15,1.8037135278514693,3.9688328912466764,2.618143304743899,1419.0,1520.0,1621.4000244140625,1.0,0.15,0.5,0.7466666666666666,1.0,0.42000000000000004,1.0,0.05,,,0.7957559681697612,7.519895518173906
ADANIPORTS,Short-Term (Swing),STRONG_BULLISH,2024-07-29,^CNXINFRA,71.7,target1,1.285862905441526,1,1554.5999755859375,1574.59,1490.7,1.285862905441526,4.110380585967343,2.496515275939739,1419.0,1559.0,1621.4000244140625,1.0,1.0,1.0,1.0,0.0,0.63,1.0,0.04,,,0.2830325796450695,4.296928462445632
ADANIPORTS,Short-Term (Swing),STRONG_BULLISH,2024-08-01,^CNXINFRA,77.9,stop_loss,-2.8621128877110658,3,1579.949951171875,1621.0,1534.73,2.5981866576012314,2.8621128877110658,2.32344122927258,1419.0,1604.949951171875,1621.4000244140625,1.0,1.0,0.5,1.0,1.0,0.73,1.0,0.06,,,1.5823286036027335,2.6235054605016632
ADANIPORTS,Short-Term (Swing),STRONG_BULLISH,2024-09-12,^CNXINFRA,61.1,stop_loss,-3.166431495840605,4,1472.949951171875,1532.17,1426.31,4.020506520334233,3.166431495840605,2.0955318463889965,1411.0,1517.0,1621.4000244140625,1.0,0.6,0.5,0.5466666666666666,1.0,0.06,1.0,0.13,,,2.9906005151823996,10.078419373589783
ADANIPORTS,Short-Term (Swing),STRONG_BULLISH,2024-09-20,^CNXINFRA,60.5,stop_loss,-3.8784530386740346,14,1448.0,1501.18,1391.84,3.672651933701654,3.8784530386740346,2.171428604898643,1394.449951171875,1499.5,1621.4000244140625,1.0,0.6,0.5,0.5466666666666666,1.0,0.0,1.0,0.13,,,3.5566298342541436,11.975139807601002
ADANIPORTS,Short-Term (Swing),BEARISH,2024-11-06,^CNXINFRA,61.0,stop_loss,-4.856692053119682,6,1372.949951171875,1444.35,1306.27,5.200484458095622,4.856692053119682,3.101439673664227,1295.9000244140625,1430.050048828125,1621.4000244140625,0.2533333333333333,0.6,1.0,0.5466666666666666,1.0,0.43,0.5,0.12,,,4.158935116863691,18.096076483350622
ADANIPORTS,Short-Term (Swing),BULLISH,2025-03-21,^CNXINFRA,74.0,stop_loss,-4.8553511705685555,14,1196.0,1214.58,1137.93,1.5535117056856063,4.8553511705685555,2.8527724292692396,1036.5,1202.550048828125,1621.4000244140625,0.8533333333333334,1.0,0.85,0.7466666666666666,0.5,1.0,1.0,0.05,,,0.5476629454954013,35.56856391421927
ADANIPORTS,Short-Term (Swing),HIGH_VOLATILITY,2025-04-15,^CNXINFRA,62.1,target1,2.3272727272727334,1,1210.0,1238.16,1149.68,2.3272727272727334,4.98512396694214,3.3651290370883125,1041.5,1225.9000244140625,1621.4000244140625,0.3,1.0,0.5,0.7466666666666666,1.0,0.85,0.5,0.04,,,1.3140516044679753,34.000002017691116
ADANIPORTS,Short-Term (Swing),HIGH_VOLATILITY,2025-04-21,^CNXINFRA,62.7,target1,3.6595730879891875,13,1249.5999755859375,1295.33,1179.26,3.6595730879891875,5.628999436636118,3.4239508201633075,1041.5,1282.5,1621.4000244140625,0.3,1.0,0.5,0.7466666666666666,1.0,0.8699999999999999,0.5,0.08,,,2.632844514792478,29.75352561557053
ADANIPORTS,Short-Term (Swing),STRONG_BULLISH,2025-05-07,^CNXINFRA,66.5,target1,3.788805970149256,5,1340.0,1390.77,1270.7,3.788805970149256,5.171641791044768,3.362626889675578,1041.5,1377.0,1621.4000244140625,1.0,1.0,0.85,0.7466666666666666,0.0,1.0,0.5,0.08,,,2.7611940298507465,21.000001821944963
ADANIPORTS,Short-Term (Swing),STRONG_BULLISH,2025-05-19,^CNXINFRA,61.9,target1,2.8699070764832024,9,1399.0,1439.15,1336.74,2.8699070764832024,4.450321658327372,2.9349565800620647,1181.199951171875,1424.9000244140625,1621.4000244140625,1.0,1.0,0.5,0.7466666666666666,0.0,1.0,1.0,0.06999999999999999,,,1.8513241182317726,15.897071080347569
ADANIPORTS,Short-Term (Swing),BULLISH,2025-06-02,^CNXINFRA,66.8,stop_loss,-3.8591836734693907,10,1470.0,1496.82,1413.27,1.8244897959183604,3.8591836734693907,2.4853690766909997,1292.5999755859375,1482.0,1621.4000244140625,0.8533333333333334,0.6,0.5,1.0,0.5,1.0,1.0,0.05,,,0.8163265306122449,10.299321388711736
ADANIPORTS,Short-Term (Swing),STRONG_BULLISH,2025-06-20,^CNXINFRA,73.9,target1,5.530201342281882,1,1341.0,1415.16,1324.94,5.530201342281882,1.197613721103652,2.440381026426507,1331.5999755859375,1494.0,1604.949951171875,1.0,1.0,0.5,0.5466666666666666,1.0,0.06999999999999999,1.0,1.0,,,11.409395973154362,19.683068692906414
ADANIPORTS,Short-Term (Swing),STRONG_BULLISH,2025-06-30,^CNXINFRA,62.9,stop_loss,-3.4117111743949824,24,1450.300048828125,1508.94,1400.82,4.043297883031682,3.4117111743949824,2.2699961259546533,1331.5999755859375,1494.0,1604.949951171875,1.0,1.0,1.0,0.7466666666666666,0.0,0.05,1.0,0.12,,,3.0131662208234458,10.663303946566822
ADANIPORTS,Short-Term (Swing),BULLISH,2025-09-11,^CNXINFRA,64.4,target1,2.997491938373331,7,1395.5,1437.33,1350.59,2.997491938373331,3.2182013615191796,2.034211515805306,1290.5,1423.0999755859375,1494.0,0.8533333333333334,0.6,0.85,0.0,1.0,0.76,1.0,0.1,,,1.9777839903932282,7.058402006449302
ADANIPORTS,Short-Term (Swing),STRONG_BULLISH,2025-09-22,^CNXINFRA,65.8,stop_loss,-3.3833448038541047,3,1453.0,1476.32,1403.84,1.6049552649690213,3.3833448038541047,1.863125510058952,1303.0,1461.699951171875,1494.0,1.0,1.0,0.5,0.0,1.0,1.0,1.0,0.08,,,0.5987578232536133,2.821748107364074
ADANIPORTS,Short-Term (Swing),STRONG_BULLISH,2025-10-14,^CNXINFRA,63.0,target1,3.239160839160826,1,1430.0,1476.32,1390.21,3.239160839160826,2.782517482517477,1.8097945992610442,1377.5999755859375,1461.699951171875,1494.0,1.0,0.6,0.5,0.7466666666666666,0.5,0.71,1.0,0.12,,,2.216779802229021,4.475524475524476
ADANIPORTS,Short-Term (Swing),STRONG_BULLISH,2025-10-17,^CNXINFRA,71.7,stop_loss,-3.2916666666666705,4,1488.0,1505.4,1439.02,1.1693548387096797,3.2916666666666705,1.8196953574649812,1377.5999755859375,1490.5,1494.0,1.0,1.0,0.5,1.0,0.5,0.86,1.0,0.06,,,0.16801075268817203,0.4032258064516129
ADANIPORTS,Short-Term (Swing),STRONG_BULLISH,2025-10-29,^CNXINFRA,71.8,target1,3.251028806584366,13,1458.0,1505.4,1412.12,3.251028806584366,3.1467764060356673,1.9559934929830536,1386.0,1490.5,1494.0,1.0,1.0,0.5,0.7466666666666666,1.0,0.44000000000000006,1.0,0.12,,,2.229080932784637,2.4691358024691357
ADANIPORTS,Short-Term (Swing),STRONG_BULLISH,2025-11-14,^CNXINFRA,65.8,stop_loss,-3.2780317080625343,4,1518.9000244140625,1538.84,1469.11,1.312790523762719,3.2780317080625343,1.9210485599069131,1410.0,1523.5999755859375,1523.5999755859375,1.0,1.0,0.85,0.7466666666666666,0.0,0.7,1.0,0.06,,,0.3094312394713453,0.3094312394713453
ADANIPORTS,Short-Term (Swing),STRONG_BULLISH,2025-11-24,^CNXINFRA,64.3,target1,3.277852348993293,6,1490.0,1538.84,1446.19,3.277852348993293,2.9402684563758386,1.7816725641946325,1410.0,1523.5999755859375,1523.5999755859375,1.0,0.6,0.5,0.7466666666666666,0.5,0.8300000000000001,1.0,0.13,,,2.2550319185192955,2.2550319185192955
ADANIPORTS,Short-Term (Swing),HIGH_VOLATILITY,2026-02-03,^CNXINFRA,61.3,target1,1.4687218267444013,0,1529.9000244140625,1552.37,1462.61,1.4687218267444013,4.398328213625202,2.9696081818895816,1292.0,1537.0,1549.0,0.3,1.0,0.85,0.0,1.0,0.95,1.0,0.03,,,0.4640810165786307,1.24844599523767
ADANIPORTS,Short-Term (Swing),HIGH_VOLATILITY,2026-02-23,^CNXINFRA,61.4,stop_loss,-3.7845113612525516,6,1553.699951171875,1599.74,1494.9,2.9632522542978323,3.7845113612525516,2.609401236256417,1322.0,1583.9000244140625,1583.9000244140625,0.3,1.0,1.0,0.7466666666666666,0.0,1.0,1.0,0.06999999999999999,,,1.9437519592768964,1.9437519592768964
ADANIPORTS,Short-Term (Swing),NEUTRAL,2026-04-17,^CNXINFRA,63.0,target1,1.3921378304540877,0,1572.4000244140625,1594.29,1499.13,1.3921378304540877,4.659757267643494,3.1469889379236298,1293.5,1578.5,1584.0,0.5466666666666666,1.0,0.85,0.0,1.0,1.0,0.5,0.03,,,0.38794044080548706,0.7377242054075968
ADANIPORTS,Short-Term (Swing),BULLISH,2026-04-21,^CNXINFRA,62.8,target1,2.4620791103810102,5,1588.9000244140625,1628.02,1523.05,2.4620791103810102,4.144378085609635,2.9714767519151364,1293.5,1611.9000244140625,1611.9000244140625,0.8533333333333334,1.0,0.85,0.0,0.5,1.0,1.0,0.05,,,1.4475423026368002,1.4475423026368002
ADANIPORTS,Short-Term (Swing),NEUTRAL,2026-04-30,^CNXINFRA,69.9,target1,2.200564176514863,3,1657.300048828125,1693.77,1585.51,2.200564176514863,4.331747222169435,2.8876732674672208,1332.5999755859375,1677.0,1677.0,0.5466666666666666,1.0,0.5,0.7466666666666666,1.0,1.0,1.0,0.05,,,1.1886774024899602,1.1886774024899602
ADANIPORTS,Short-Term (Swing),NEUTRAL,2026-05-05,^CNXINFRA,62.6,target1,1.426857142857152,2,1750.0,1774.97,1654.29,1.426857142857152,5.469142857142861,2.732592466974765,1368.4000244140625,1757.4000244140625,1757.4000244140625,0.5466666666666666,1.0,0.5,0.7466666666666666,0.5,1.0,1.0,0.06999999999999999,,,0.4228585379464285,0.4228585379464285
ADANIPORTS,Short-Term (Swing),BEARISH,2026-05-15,^CNXINFRA,68.6,target1,3.1722206664799746,9,1785.5,1842.14,1717.21,3.1722206664799746,3.824698963875661,2.892604421354914,1556.5,1823.9000244140625,1823.9000244140625,0.2533333333333333,0.6,0.85,0.7466666666666666,1.0,1.0,1.0,0.06,,,2.1506594463210584,2.1506594463210584
APOLLOHOSP,Short-Term (Swing),STRONG_BULLISH,2024-07-10,,63.4,target1,1.3331993770728578,7,6395.89990234375,6481.17,6206.85,1.3331993770728578,2.95579832752656,1.7655631122931437,6055.0,6417.0,6874.4501953125,1.0,0.6,0.85,1.0,0.0,0.48,1.0,0.06,,,0.32990037333945704,7.482141688824544
APOLLOHOSP,Short-Term (Swing),STRONG_BULLISH,2024-07-22,,60.0,target1,3.140224859462837,3,6404.0,6605.1,6241.12,3.140224859462837,2.543410368519672,1.6768192008717968,6055.0,6539.7001953125,6874.4501953125,1.0,0.6,0.85,0.7466666666666666,0.0,0.45,1.0,0.13,,,2.1189911822688945,7.346192931175828
APOLLOHOSP,Short-Term (Swing),STRONG_BULLISH,2024-07-29,,69.0,stop_loss,-2.7440812527372183,13,6681.64990234375,6844.77,6498.3,2.441314645938464,2.7440812527372183,1.8294252006211043,6077.0,6777.0,6874.4501953125,1.0,0.6,0.5,1.0,0.5,0.96,1.0,0.09,,,1.4270442038994537,2.8855192323249477
APOLLOHOSP,Short-Term (Swing),BULLISH,2024-08-16,,62.2,target1,2.7207407407407347,11,6750.0,6933.65,6457.41,2.7207407407407347,4.3346666666666644,2.287989872491619,6324.7998046875,6865.0,6874.4501953125,0.8533333333333334,0.6,0.5,0.7466666666666666,0.5,0.86,1.0,0.11000000000000001,,,1.7037037037037037,1.8437065972222222
APOLLOHOSP,Short-Term (Swing),STRONG_BULLISH,2024-09-12,,84.7,target1,1.0034920482449028,10,7096.2001953125,7167.41,6855.39,1.0034920482449028,3.3935090426503223,1.9486288689805353,6556.0,7096.4501953125,7096.4501953125,1.0,0.6,1.0,1.0,1.0,0.82,1.0,0.05,,,0.0035230122194853126,0.0035230122194853126
APOLLOHOSP,Short-Term (Swing),STRONG_BULLISH,2024-09-25,,61.5,target1,2.3072594259988755,1,7108.0,7272.0,6953.45,2.3072594259988755,2.1743106359032094,1.6822008568562985,6760.2998046875,7200.0,7200.0,1.0,0.6,0.85,0.7466666666666666,0.0,0.65,1.0,0.08,,,1.2943162633652223,1.2943162633652223
APOLLOHOSP,Short-Term (Swing),STRONG_BULLISH,2024-09-30,,63.2,stop_loss,-2.629035617579667,2,7201.5,7390.12,7012.17,2.619176560438796,2.629035617579667,1.7314956160002646,6790.0498046875,7316.9501953125,7316.9501953125,1.0,0.6,0.5,0.7466666666666666,0.5,0.75,1.0,0.1,,,1.6031409471985003,1.6031409471985003
APOLLOHOSP,Short-Term (Swing),HIGH_VOLATILITY,2024-11-07,,66.0,stop_loss,-2.8807627866386576,3,7390.0498046875,7558.74,7177.16,2.282666555311974,2.8807627866386576,2.2239597310477923,6794.25,7483.89990234375,7483.89990234375,0.3,0.6,0.5,1.0,1.0,1.0,1.0,0.05,,,1.2699521672603746,1.2699521672603746
APOLLOHOSP,Short-Term (Swing),BULLISH,2024-12-11,,65.4,target1,1.8854794520547946,20,7300.0,7437.64,7110.91,1.8854794520547946,2.5902739726027413,2.087798861742803,6594.14990234375,7364.0,7545.0,0.8533333333333334,0.6,0.85,0.7466666666666666,0.5,0.55,1.0,0.04,,,0.8767123287671232,3.356164383561644
APOLLOHOSP,Short-Term (Swing),BULLISH,2025-01-02,,65.1,target1,1.231831155050589,4,7427.9501953125,7519.45,7221.36,1.231831155050589,2.781254449482873,1.7991172644550948,7137.39990234375,7445.0,7545.0,0.8533333333333334,0.6,0.85,1.0,0.0,0.8800000000000001,1.0,0.05,,,0.2295357970797851,1.5758022282024147
APOLLOHOSP,Short-Term (Swing),HIGH_VOLATILITY,2025-04-09,,69.1,target1,1.4255324417496995,4,6822.7001953125,6919.96,6616.68,1.4255324417496995,3.019628437638877,2.1209579132050727,6002.0,6851.4501953125,7545.35009765625,0.3,0.6,0.85,0.7466666666666666,1.0,1.0,1.0,0.04,,,0.4213874152018659,10.591846067635256
APOLLOHOSP,Short-Term (Swing),STRONG_BULLISH,2025-06-16,,69.2,stop_loss,-2.7067415730337108,1,7120.0,7209.38,6927.28,1.255337078651686,2.7067415730337108,1.7498197239035487,6772.0,7138.0,7545.35009765625,1.0,0.6,0.85,0.7466666666666666,0.5,0.7,1.0,0.05,,,0.25280898876404495,5.974018225509129
APOLLOHOSP,Short-Term (Swing),STRONG_BULLISH,2025-07-01,,76.8,stop_loss,-2.3939759036144537,9,7470.0,7660.35,7291.17,2.5481927710843344,2.3939759036144537,1.8216737677217265,6772.0,7584.5,7584.5,1.0,0.6,0.5,1.0,1.0,1.0,1.0,0.08,,,1.5327978580990629,1.5327978580990629
APOLLOHOSP,Short-Term (Swing),STRONG_BEARISH,2025-08-13,,71.4,target1,1.1289910600255304,7,7830.0,7918.4,7552.72,1.1289910600255304,3.541251596424011,2.183786194333435,7020.5,7840.0,7840.0,0.0,0.6,1.0,1.0,1.0,1.0,1.0,0.04,,,0.1277139208173691,0.1277139208173691
APOLLOHOSP,Short-Term (Swing),NEUTRAL,2025-08-22,,66.0,stop_loss,-2.811884935654807,4,7926.0,8059.8,7703.13,1.6881150643451859,2.811884935654807,1.8459636724842337,7020.5,7980.0,7980.0,0.5466666666666666,0.6,0.5,0.7466666666666666,1.0,1.0,1.0,0.06,,,0.6813020439061317,0.6813020439061317
APOLLOHOSP,Short-Term (Swing),STRONG_BULLISH,2025-10-17,,63.6,stop_loss,-2.9128301886792385,11,7950.0,8110.3,7718.43,2.016352201257865,2.9128301886792385,1.5446179354520673,7359.0,8030.0,8030.0,1.0,0.6,0.85,0.0,1.0,0.45,1.0,0.11000000000000001,,,1.0062893081761006,1.0062893081761006
APOLLOHOSP,Short-Term (Swing),STRONG_BULLISH,2025-11-03,,62.5,stop_loss,-2.3613010416001057,3,7824.5,8070.85,7639.74,3.1484439900313133,2.3613010416001057,1.5742310694381862,7550.0,8099.5,8099.5,1.0,0.6,0.5,0.7466666666666666,0.5,0.65,1.0,0.13,,,3.5146015719854304,3.5146015719854304
APOLLOHOSP,Short-Term (Swing),STRONG_BULLISH,2026-01-06,,66.2,target1,1.1511770308885616,0,7349.0,7433.6,7168.73,1.1511770308885616,2.4529868009253053,1.6264567488692971,6881.0,7360.0,8099.5,1.0,0.6,0.85,0.0,1.0,0.77,1.0,0.05,,,0.14968022860253094,10.212273778745407
APOLLOHOSP,Short-Term (Swing),HIGH_VOLATILITY,2026-03-20,,63.6,stop_loss,-1.6672612513721208,0,7288.0,7700.71,7166.49,5.662870472008774,1.6672612513721208,2.2826166674819346,7202.5,7870.5,8099.5,0.3,0.6,0.5,0.5466666666666666,1.0,1.0,1.0,0.49000000000000005,,,7.992590559824368,11.134742041712405
APOLLOHOSP,Short-Term (Swing),STRONG_BULLISH,2026-05-06,,61.3,target1,2.535661362025632,1,7760.5,7957.28,7545.13,2.535661362025632,2.7752077830036748,1.8501659172402012,7332.5,7878.5,8099.5,1.0,0.6,0.5,0.7466666666666666,0.5,0.5700000000000001,1.0,0.09,,,1.5205205850138521,4.3682752399974225
APOLLOHOSP,Short-Term (Swing),BEARISH,2026-05-14,,61.2,stop_loss,-3.325214198286419,5,8170.0,8261.8,7898.33,1.1236230110158951,3.325214198286419,1.8119517106456677,7515.0,8180.0,8180.0,0.2533333333333333,0.6,0.85,0.7466666666666666,0.5,1.0,1.0,0.06999999999999999,,,0.12239902080783352,0.12239902080783352
APOLLOHOSP,Short-Term (Swing),BEARISH,2026-05-21,,65.5,stop_loss,-3.0118553288800642,11,8308.5,8471.88,8058.26,1.9664199313955466,3.0118553288800642,2.007874495493138,7561.5,8388.0,8388.0,0.2533333333333333,0.6,0.5,1.0,1.0,1.0,1.0,0.06999999999999999,,,0.9568514172233256,0.9568514172233256
ASIANPAINT,Short-Term (Swing),STRONG_BULLISH,2024-07-10,^CNXCONSUM,84.3,target1,1.5218406135378393,1,2999.0,3044.64,2919.57,1.5218406135378393,2.648549516505494,1.710438409288743,2844.050048828125,3014.5,3422.949951171875,1.0,1.0,1.0,1.0,1.0,0.37,1.0,0.06,,,0.5168389463154385,14.136377164784095
ASIANPAINT,Short-Term (Swing),STRONG_BULLISH,2024-07-15,^CNXCONSUM,68.9,stop_loss,-2.856370395403851,2,2959.0,3065.86,2874.48,3.61135518756337,2.856370395403851,1.8495638126222687,2844.050048828125,3052.0,3422.949951171875,1.0,1.0,0.5,0.7466666666666666,1.0,0.13999999999999999,1.0,0.13,,,3.1429537005745183,15.679281891580771
ASIANPAINT,Short-Term (Swing),STRONG_BULLISH,2024-07-19,^CNXCONSUM,69.0,target1,4.5052774940415485,9,2937.0,3069.32,2853.6,4.5052774940415485,2.839632277834525,2.0920939360802326,2842.0,3052.0,3422.949951171875,1.0,1.0,0.85,0.7466666666666666,0.5,0.2,1.0,0.13,,,3.915560095335376,16.54579336642407
ASIANPAINT,Short-Term (Swing),STRONG_BULLISH,2024-08-01,^CNXCONSUM,70.7,stop_loss,-1.9967426710097769,6,3070.0,3160.24,3008.7,2.939413680781744,1.9967426710097769,1.9499626086938129,2842.0,3128.949951171875,3422.949951171875,1.0,1.0,0.85,1.0,0.0,0.8,1.0,0.06999999999999999,,,1.9201938492467425,11.4967410805171
ASIANPAINT,Short-Term (Swing),BULLISH,2024-08-16,^CNXCONSUM,60.3,target1,3.971252010255988,3,3053.949951171875,3175.23,2952.84,3.971252010255988,3.310792671408269,2.0844678959148704,2885.25,3145.0,3422.949951171875,0.8533333333333334,1.0,0.5,0.7466666666666666,0.0,1.0,1.0,0.13,,,2.9813864105136,12.082712745780452
ASIANPAINT,Short-Term (Swing),STRONG_BULLISH,2024-08-23,^CNXCONSUM,62.0,target1,2.397464342313782,9,3155.0,3230.64,3064.31,2.397464342313782,2.874484944532485,1.909132333866153,2900.699951171875,3198.64990234375,3422.949951171875,1.0,1.0,0.5,0.7466666666666666,0.0,1.0,1.0,0.08,,,1.3835151297543582,8.492866915114897
ASIANPAINT,Short-Term (Swing),STRONG_BULLISH,2024-09-05,^CNXCONSUM,72.2,target1,1.5926497838171683,3,3238.0,3289.57,3153.46,1.5926497838171683,2.610870907967877,1.7455252792262288,2966.0,3257.0,3422.949951171875,1.0,1.0,0.85,0.7466666666666666,0.5,0.5900000000000001,1.0,0.06,,,0.586781964175417,5.711857664356856
ASIANPAINT,Short-Term (Swing),STRONG_BULLISH,2024-09-10,^CNXCONSUM,61.8,target1,0.969532428355957,0,3315.0,3347.14,3211.81,0.969532428355957,3.1128205128205133,1.6841323434846371,2994.050048828125,3314.0,3422.949951171875,1.0,1.0,0.5,0.7466666666666666,0.0,1.0,1.0,0.06,,,-0.030165912518853696,3.2564087834653095
ASIANPAINT,Short-Term (Swing),STRONG_BULLISH,2024-09-12,^CNXCONSUM,70.0,stop_loss,-1.7421897446751267,5,3355.550048828125,3426.93,3297.09,2.1272205788378296,1.7421897446751267,1.6978626179608145,3003.0,3393.0,3422.949951171875,1.0,1.0,0.35,1.0,0.5,1.0,1.0,0.05,,,1.1160599790473644,2.008609657522122
ASIANPAINT,Short-Term (Swing),STRONG_BULLISH,2024-09-20,^CNXCONSUM,65.9,stop_loss,-2.9144229667294574,2,3316.949951171875,3422.52,3220.28,3.1827447016747223,2.9144229667294574,1.7473088299363004,3092.699951171875,3394.89990234375,3422.949951171875,1.0,1.0,0.5,0.7466666666666666,0.5,0.5900000000000001,1.0,0.13,,,2.3500490607142073,3.1957069464539343
ASIANPAINT,Short-Term (Swing),STRONG_BULLISH,2024-09-27,^CNXCONSUM,67.2,stop_loss,-2.5782677641017937,3,3310.75,3424.57,3225.39,3.4378917163784717,2.5782677641017937,1.7189393038399114,3139.60009765625,3394.89990234375,3422.949951171875,1.0,1.0,0.5,0.7466666666666666,0.5,0.72,1.0,0.13,,,2.5417172043721212,3.3889587305557654
ASIANPAINT,Short-Term (Swing),NEUTRAL,2025-02-04,^CNXCONSUM,61.8,stop_loss,-0.1586602027324746,0,2269.0,2442.79,2265.4,7.6593212869105365,0.1586602027324746,2.5186743381570604,2207.800048828125,2418.60009765625,3394.89990234375,0.5466666666666666,1.0,0.85,0.0,1.0,0.5599999999999999,1.0,0.1,,,6.593217173038783,49.620974100650066
ASIANPAINT,Short-Term (Swing),BULLISH,2025-03-21,^CNXCONSUM,66.3,target1,1.5305810958546662,1,2302.39990234375,2337.64,2235.65,1.5305810958546662,2.8991445958541417,1.8765903714841201,2124.75,2314.5,3394.89990234375,0.8533333333333334,1.0,0.85,0.0,1.0,0.5900000000000001,1.0,0.06,,,0.5255428322392035,47.450488461534384
ASIANPAINT,Short-Term (Swing),BULLISH,2025-04-03,^CNXCONSUM,66.5,stop_loss,-2.8424238154232784,3,2349.39990234375,2387.64,2282.62,1.6276538369692561,2.8424238154232784,1.8949345875910857,2124.75,2364.0,3394.89990234375,0.8533333333333334,1.0,0.85,0.7466666666666666,0.0,0.99,1.0,0.06,,,0.6214394425438179,44.50072543873924
ASIANPAINT,Short-Term (Swing),HIGH_VOLATILITY,2025-04-08,^CNXCONSUM,69.3,target1,1.8416666666666526,2,2400.0,2444.2,2310.14,1.8416666666666526,3.7441666666666706,2.3407571787179156,2190.0,2420.0,3394.89990234375,0.3,0.6,0.85,0.7466666666666666,1.0,1.0,1.0,0.06,,,0.8333333333333334,41.45416259765625
ASIANPAINT,Short-Term (Swing),STRONG_BULLISH,2025-05-05,^CNXCONSUM,64.3,stop_loss,-3.357493857493854,1,2442.0,2515.91,2360.01,3.0266175266175255,3.357493857493854,2.103531369569841,2190.0,2491.0,3394.89990234375,1.0,1.0,0.5,0.7466666666666666,0.5,0.45999999999999996,1.0,0.1,,,2.0065520065520066,39.021290022266584
ASIANPAINT,Short-Term (Swing),STRONG_BULLISH,2025-06-27,^CNXCONSUM,60.8,target1,1.10668924640136,1,2362.0,2388.14,2301.81,1.10668924640136,2.548264182895854,1.6078110675164319,2174.800048828125,2364.5,3394.89990234375,1.0,1.0,0.85,0.0,0.5,0.58,1.0,0.05,,,0.10584250635055038,43.72988578932049
ASIANPAINT,Short-Term (Swing),STRONG_BULLISH,2025-07-09,^CNXCONSUM,74.1,stop_loss,-2.993660406268772,4,2507.300048828125,2560.35,2432.24,2.115819811700237,2.993660406268772,1.7784496786941713,2174.800048828125,2535.0,3394.89990234375,1.0,1.0,0.35,0.7466666666666666,1.0,1.0,1.0,0.09,,,1.1047720907923064,35.40062362821219
ASIANPAINT,Short-Term (Swing),BEARISH,2025-08-01,^CNXCONSUM,61.1,target1,3.5805521683219377,10,2443.199951171875,2530.68,2356.24,3.5805521683219377,3.5592646082923007,2.050278942151006,2320.0,2535.0,3394.89990234375,0.2533333333333333,0.6,0.5,0.7466666666666666,1.0,0.8800000000000001,1.0,0.13,,,3.757369460657255,38.953011222654716
ASIANPAINT,Short-Term (Swing),NEUTRAL,2025-08-18,^CNXCONSUM,73.7,stop_loss,-2.8140181298529243,3,2587.39990234375,2620.95,2514.59,1.296672293519796,2.8140181298529243,1.8760987564500686,2320.0,2595.0,3394.89990234375,0.5466666666666666,1.0,0.5,1.0,1.0,1.0,1.0,0.05,,,0.29373494407901873,31.208936788957153
ASIANPAINT,Short-Term (Swing),NEUTRAL,2025-09-05,^CNXCONSUM,63.0,stop_loss,-2.610175002626036,7,2579.89990234375,2628.02,2512.56,1.8651924290758126,2.610175002626036,1.740069600708671,2452.0,2602.0,3394.89990234375,0.5466666666666666,1.0,1.0,0.7466666666666666,0.0,0.79,1.0,0.06999999999999999,,,0.8566261674017982,31.59037291561586
ASIANPAINT,Short-Term (Swing),STRONG_BULLISH,2025-09-19,^CNXCONSUM,73.9,stop_loss,-1.6607231480073037,1,2494.10009765625,2560.94,2452.68,2.6799206016855814,1.6607231480073037,1.59658186667004,2465.0,2602.0,3358.0,1.0,1.0,0.5,0.5466666666666666,1.0,0.06999999999999999,1.0,1.0,,,4.326205770375674,34.637739806656995
ASIANPAINT,Short-Term (Swing),STRONG_BULLISH,2025-10-17,^CNXCONSUM,67.9,target1,2.457929259578684,17,2507.800048828125,2569.44,2436.95,2.457929259578684,2.8251873135273664,1.883505610908615,2308.0,2544.0,3103.550048828125,1.0,1.0,0.85,0.0,1.0,0.5,1.0,0.09,,,1.4434943164145384,23.755881186715396
ASIANPAINT,Short-Term (Swing),NEUTRAL,2025-11-10,^CNXCONSUM,61.5,target1,1.6250414746153075,1,2650.39990234375,2693.47,2580.99,1.6250414746153075,2.6188463968162323,1.7458255106848013,2308.0,2666.800048828125,2962.14990234375,0.5466666666666666,0.15,0.5,0.7466666666666666,1.0,1.0,1.0,0.06,,,0.6187800742775587,11.76237592388678
ASIANPAINT,Short-Term (Swing),STRONG_BULLISH,2025-11-13,^CNXCONSUM,73.5,target1,2.128019973669537,3,2865.10009765625,2926.07,2787.72,2.128019973669537,2.7007816487650715,2.1226692700594088,2325.0,2897.10009765625,2904.949951171875,1.0,0.6,0.35,1.0,1.0,1.0,1.0,0.05,,,1.1168894247770642,1.3908712490786463
ASIANPAINT,Short-Term (Swing),STRONG_BULLISH,2025-11-18,^CNXCONSUM,62.3,target1,1.4471516815374175,13,2914.0,2956.17,2817.73,1.4471516815374175,3.3037062457103583,2.0250174481611993,2479.699951171875,2926.89990234375,2926.89990234375,1.0,0.6,0.35,0.7466666666666666,0.5,1.0,1.0,0.06,,,0.44268710857069316,0.44268710857069316
ASIANPAINT,Short-Term (Swing),STRONG_BULLISH,2026-01-06,^CNXCONSUM,63.6,stop_loss,-2.5209096773213924,1,2845.800048828125,2941.46,2774.06,3.3614431629259034,2.5209096773213924,1.6807150975685796,2735.0,2913.5,2985.699951171875,1.0,0.6,1.0,1.0,0.0,0.13,1.0,0.13,,,2.3789426526910504,4.916013069904877
ASIANPAINT,Short-Term (Swing),HIGH_VOLATILITY,2026-04-10,^CNXCONSUM,61.3,target1,5.297166666488207,2,2279.89990234375,2400.67,2254.95,5.297166666488207,1.0943420067741405,2.986282199403738,2115.0,2376.89990234375,2985.699951171875,0.3,1.0,0.85,0.0,1.0,0.9400000000000001,1.0,0.04,,,4.254572751210851,30.957501603581743
ASIANPAINT,Short-Term (Swing),NEUTRAL,2026-04-27,^CNXCONSUM,62.6,target1,5.366464646464664,13,2475.0,2607.82,2384.96,5.366464646464664,3.6379797979797956,2.689026848211779,2142.39990234375,2582.0,2985.699951171875,0.5466666666666666,1.0,0.85,0.7466666666666666,0.0,1.0,1.0,0.12,,,4.3232323232323235,20.6343414614899
ASIANPAINT,Short-Term (Swing),BEARISH,2026-05-13,^CNXCONSUM,67.8,target1,1.8633587786259564,11,2620.0,2668.82,2516.74,1.8633587786259564,3.9412213740458113,2.568867068217999,2385.5,2642.39990234375,2985.699951171875,0.2533333333333333,0.15,0.85,1.0,1.0,1.0,1.0,0.05,,,0.8549581047232824,13.95801340350668
ASIANPAINT,Short-Term (Swing),BULLISH,2026-05-27,^CNXCONSUM,62.5,target1,1.6692278635560998,1,2671.89990234375,2716.5,2584.33,1.6692278635560998,3.277439482928801,2.1848987908818005,2385.5,2689.60009765625,2985.699951171875,0.8533333333333334,0.6,0.85,0.7466666666666666,0.0,1.0,1.0,0.05,,,0.662457276074364,11.74445377062458
AXISBANK,Short-Term (Swing),STRONG_BULLISH,2024-07-09,^NSEBANK,66.4,target1,3.0291271069296855,2,1284.199951171875,1323.1,1246.48,3.0291271069296855,2.9372334999276606,2.219017173684004,1170.0,1310.0,1310.0,1.0,1.0,0.85,0.7466666666666666,0.0,0.74,1.0,0.08,,,2.0090367395343383,2.0090367395343383
AXISBANK,Short-Term (Swing),STRONG_BULLISH,2024-09-17,^NSEBANK,62.8,target1,1.713611102165391,1,1231.9000244140625,1253.01,1202.48,1.713611102165391,2.3881827933281974,1.6025440292505517,1145.0,1240.5999755859375,1339.6500244140625,1.0,1.0,0.85,0.0,0.5,0.76,1.0,0.06999999999999999,,,0.706222177080727,8.746651340578543
AXISBANK,Short-Term (Swing),STRONG_BULLISH,2024-09-20,^NSEBANK,70.9,target1,1.8234119057131348,3,1251.5,1274.32,1214.53,1.8234119057131348,2.954055133839395,1.6316939397605585,1145.0,1261.699951171875,1339.6500244140625,1.0,1.0,0.85,0.0,1.0,0.79,1.0,0.1,,,0.8150180720635237,7.043549693492808
AXISBANK,Short-Term (Swing),STRONG_BULLISH,2024-09-27,^NSEBANK,76.5,stop_loss,-1.7063711911357249,0,1263.5,1294.47,1241.94,2.4511278195488817,1.7063711911357249,1.634385936746626,1145.0,1281.6500244140625,1339.6500244140625,1.0,1.0,0.5,0.7466666666666666,1.0,0.96,1.0,0.06999999999999999,,,1.436487883978037,6.026911310966561
AXISBANK,Short-Term (Swing),STRONG_BULLISH,2024-10-01,^NSEBANK,61.9,stop_loss,-1.1817805383022795,0,1207.5,1271.2,1193.23,5.275362318840582,1.1817805383022795,1.8160596938978602,1145.0,1281.6500244140625,1339.6500244140625,1.0,0.6,0.5,0.7466666666666666,0.5,0.5900000000000001,1.0,0.13,,,6.140788771350931,10.944101400750519
AXISBANK,Short-Term (Swing),HIGH_VOLATILITY,2024-11-19,^NSEBANK,64.1,stop_loss,-1.9384885764499038,0,1138.0,1186.16,1115.94,4.2319859402460525,1.9384885764499038,2.3022864929614717,1121.550048828125,1201.75,1339.6500244140625,0.3,0.6,0.5,0.5466666666666666,1.0,0.54,1.0,1.0,,,5.6019332161687165,17.71968580088423
AXISBANK,Short-Term (Swing),NEUTRAL,2025-03-18,^NSEBANK,61.4,target1,1.2607320630161345,2,1047.800048828125,1061.01,1005.75,1.2607320630161345,4.013174925421548,1.8305323740943915,978.0499877929688,1050.5,1339.6500244140625,0.5466666666666666,1.0,0.85,0.7466666666666666,0.0,0.9099999999999999,1.0,0.09,,,0.2576780918167226,27.853594386862913
AXISBANK,Short-Term (Swing),BULLISH,2025-03-24,^NSEBANK,70.6,target1,0.5450740208364779,0,1109.949951171875,1116.0,1067.32,0.5450740208364779,3.840709315484603,1.8538527019818125,992.0,1104.949951171875,1339.6500244140625,0.8533333333333334,1.0,0.5,1.0,0.5,0.97,1.0,0.06,,,-0.4504707617420989,20.69463339312482
AXISBANK,Short-Term (Swing),BULLISH,2025-03-27,^NSEBANK,73.8,stop_loss,-2.9224347870154266,10,1098.4000244140625,1134.73,1066.3,3.307535941226658,2.9224347870154266,1.9452328665053926,992.0,1123.5,1339.6500244140625,0.8533333333333334,1.0,0.85,0.7466666666666666,0.5,0.9199999999999999,1.0,0.11000000000000001,,,2.2851397512784097,21.96376498887042
AXISBANK,Short-Term (Swing),HIGH_VOLATILITY,2025-04-16,^NSEBANK,79.8,target1,1.6900333010270385,0,1155.5999755859375,1175.13,1119.56,1.6900333010270385,3.118724156052688,2.395881045983148,1011.0999755859375,1163.5,1339.6500244140625,0.3,1.0,1.0,1.0,1.0,1.0,1.0,0.03,,,0.6836296799034508,15.92679583908817
AXISBANK,Short-Term (Swing),HIGH_VOLATILITY,2025-04-21,^NSEBANK,67.1,stop_loss,-4.31160788047984,3,1230.4000244140625,1251.09,1177.35,1.6815649524869247,4.31160788047984,2.48867266271466,1032.3499755859375,1238.699951171875,1339.6500244140625,0.3,1.0,0.35,1.0,1.0,1.0,1.0,0.06,,,0.674571407113314,8.879226091695399
AXISBANK,Short-Term (Swing),STRONG_BULLISH,2025-05-08,^NSEBANK,62.4,target1,5.8353448275862085,32,1160.0,1227.69,1130.58,5.8353448275862085,2.5362068965517293,2.3670356611611343,1032.3499755859375,1238.699951171875,1339.6500244140625,1.0,0.6,0.5,0.7466666666666666,0.5,0.64,1.0,0.13,,,6.784478549299569,15.487071070177802
AXISBANK,Short-Term (Swing),STRONG_BULLISH,2025-06-16,^NSEBANK,61.3,stop_loss,-2.878889559915132,14,1215.4000244140625,1254.22,1180.41,3.1940081295170675,2.878889559915132,1.9190454795378116,1151.199951171875,1241.800048828125,1339.6500244140625,1.0,0.6,0.85,0.7466666666666666,0.0,0.6,1.0,0.11000000000000001,,,2.172126368583035,10.222971655764136
AXISBANK,Short-Term (Swing),NEUTRAL,2025-09-03,^NSEBANK,64.7,target1,2.8208325652508526,7,1058.199951171875,1088.05,1037.29,2.8208325652508526,1.9759924529120343,1.5808023439021486,1042.5,1095.0,1281.6500244140625,0.5466666666666666,0.6,0.5,0.5466666666666666,1.0,0.37,1.0,0.86,,,3.4776082523318754,21.116054011789902
AXISBANK,Short-Term (Swing),BULLISH,2025-09-16,^NSEBANK,67.6,target1,1.5223357200166765,2,1121.300048828125,1138.37,1096.21,1.5223357200166765,2.237585635918471,1.485914709680483,1042.5,1127.0999755859375,1281.6500244140625,0.8533333333333334,1.0,0.85,0.0,1.0,0.71,1.0,0.06999999999999999,,,0.517250201128059,14.300362846993531
AXISBANK,Short-Term (Swing),STRONG_BULLISH,2025-09-23,^NSEBANK,62.5,stop_loss,-1.9803082191780952,5,1168.0,1184.53,1144.87,1.4152397260273952,1.9803082191780952,1.4765621787045653,1042.5,1172.800048828125,1281.6500244140625,1.0,1.0,0.35,0.0,1.0,1.0,1.0,0.05,,,0.4109630845997431,9.73031030942316
AXISBANK,Short-Term (Swing),BEARISH,2025-10-01,^NSEBANK,61.4,target1,1.1554227156276742,0,1171.0,1184.53,1130.46,1.1554227156276742,3.461998292058066,1.6694525956310036,1047.300048828125,1172.800048828125,1281.550048828125,0.2533333333333333,0.6,0.85,0.7466666666666666,0.5,1.0,1.0,0.09,,,0.15371894347779674,9.440653187713492
AXISBANK,Short-Term (Swing),STRONG_BULLISH,2025-10-06,^NSEBANK,76.7,stop_loss,-2.536303630363035,1,1212.0,1227.35,1181.26,1.2665016501650195,2.536303630363035,1.7335005399617271,1048.699951171875,1215.199951171875,1247.0,1.0,1.0,0.5,0.7466666666666666,1.0,1.0,1.0,0.05,,,0.2640223739170792,2.8877887788778875
AXISBANK,Short-Term (Swing),STRONG_BULLISH,2025-10-09,^NSEBANK,62.5,target1,3.6660958904109586,6,1168.0,1210.82,1134.84,3.6660958904109586,2.8390410958904155,1.8595350084852895,1069.0,1215.199951171875,1247.0,1.0,1.0,0.5,0.7466666666666666,0.0,1.0,1.0,0.13,,,4.041091709920805,6.763698630136987
AXISBANK,Short-Term (Swing),STRONG_BULLISH,2025-10-17,^NSEBANK,61.8,target1,1.7526264722286689,0,1207.9000244140625,1229.07,1164.5,1.7526264722286689,3.5930146151884834,1.982904869664937,1125.4000244140625,1216.9000244140625,1247.0,1.0,1.0,0.5,0.7466666666666666,0.0,0.9800000000000001,1.0,0.08,,,0.7450947775554346,3.2370208457363367
AXISBANK,Short-Term (Swing),STRONG_BULLISH,2025-10-21,^NSEBANK,72.4,target1,0.4165329052969513,0,1246.0,1251.19,1201.59,0.4165329052969513,3.564205457463887,1.924327342669963,1125.4000244140625,1238.800048828125,1247.0,1.0,1.0,0.85,1.0,0.0,1.0,1.0,0.04,,,-0.5778451983848315,0.08025682182985554
AXISBANK,Short-Term (Swing),STRONG_BULLISH,2025-10-24,^NSEBANK,61.7,target1,3.656102195056654,28,1243.4000244140625,1288.86,1205.24,3.656102195056654,3.0690062461632084,1.9678700885845137,1125.4000244140625,1276.0999755859375,1276.0999755859375,1.0,1.0,0.5,0.7466666666666666,0.0,0.9199999999999999,1.0,0.13,,,2.6298818183862,2.6298818183862
AXISBANK,Short-Term (Swing),STRONG_BULLISH,2025-11-26,^NSEBANK,66.2,stop_loss,-2.8288357748650794,5,1297.0,1305.73,1260.31,0.6730917501927447,2.8288357748650794,1.5445331503307391,1209.4000244140625,1292.800048828125,1292.800048828125,1.0,1.0,0.85,0.7466666666666666,0.0,0.75,1.0,0.05,,,-0.32382044501734775,-0.32382044501734775
AXISBANK,Short-Term (Swing),STRONG_BULLISH,2026-01-01,^NSEBANK,63.0,target1,2.3557559471545586,4,1273.9000244140625,1303.91,1246.88,2.3557559471545586,2.1210474838078808,1.4396543911642279,1216.9000244140625,1291.0,1304.0,1.0,0.6,1.0,0.7466666666666666,0.0,0.47000000000000003,1.0,0.11000000000000001,,,1.3423326209450959,2.3628208657725835
AXISBANK,Short-Term (Swing),HIGH_VOLATILITY,2026-01-19,^NSEBANK,69.7,stop_loss,-2.3145223299139817,1,1306.0999755859375,1340.27,1275.87,2.6161875088262843,2.3145223299139817,1.612650980389936,1219.0,1327.0,1327.0,0.3,0.6,0.85,0.7466666666666666,1.0,1.0,1.0,0.1,,,1.600185652303256,1.600185652303256
AXISBANK,Short-Term (Swing),HIGH_VOLATILITY,2026-01-22,^NSEBANK,62.5,stop_loss,-2.647648419429449,0,1297.0,1337.66,1262.66,3.1349267540478065,2.647648419429449,1.6550091877561672,1219.0,1327.0,1327.0,0.3,0.6,0.85,0.7466666666666666,0.5,1.0,1.0,0.13,,,2.313030069390902,2.313030069390902
AXISBANK,Short-Term (Swing),HIGH_VOLATILITY,2026-01-27,^NSEBANK,72.5,target1,-0.1090504451038643,0,1348.0,1346.53,1274.95,-0.1090504451038643,5.419139465875366,2.06955271243089,1232.0,1333.199951171875,1333.199951171875,0.3,0.6,1.0,0.7466666666666666,1.0,1.0,1.0,0.08,,,-1.0979264709291543,-1.0979264709291543
AXISBANK,Short-Term (Swing),HIGH_VOLATILITY,2026-01-29,^NSEBANK,72.9,stop_loss,-2.65902366863906,3,1352.0,1383.09,1316.05,2.2995562130177394,2.65902366863906,2.3292235602939955,1248.0,1369.4000244140625,1369.4000244140625,0.3,0.6,0.85,1.0,1.0,1.0,1.0,0.04,,,1.2869840542945636,1.2869840542945636
AXISBANK,Short-Term (Swing),HIGH_VOLATILITY,2026-02-03,^NSEBANK,62.5,stop_loss,-5.276334507425728,33,1369.699951171875,1432.48,1297.43,4.5834891630398555,5.276334507425728,2.8890850148988387,1248.0,1418.300048828125,1418.300048828125,0.3,0.6,0.85,0.7466666666666666,0.5,1.0,1.0,0.13,,,3.5482294946910957,3.5482294946910957
BAJAJ-AUTO,Short-Term (Swing),STRONG_BULLISH,2024-07-15,^CNXAUTO,63.5,stop_loss,-3.42882141019043,2,9715.0,10061.96,9381.89,3.5713844570252062,3.42882141019043,2.0086501541704083,9365.650390625,10038.7998046875,10038.7998046875,1.0,0.6,0.5,0.7466666666666666,1.0,0.0,1.0,0.13,,,3.3329882108852296,3.3329882108852296
BAJAJ-AUTO,Short-Term (Swing),STRONG_BULLISH,2024-07-31,^CNXAUTO,66.6,target1,1.6766558309630142,21,9844.0,10009.05,9333.42,1.6766558309630142,5.186712718407149,2.2818392102060705,8744.599609375,9909.9501953125,10038.7998046875,1.0,1.0,1.0,0.7466666666666666,0.0,0.44000000000000006,1.0,0.1,,,0.669953223410199,1.9788683938185696
BAJAJ-AUTO,Short-Term (Swing),STRONG_BULLISH,2024-08-23,^CNXAUTO,80.4,target1,1.674108174036748,1,10375.099609375,10548.79,10088.06,1.674108174036748,2.7666202752948066,2.039717738590036,9268.4501953125,10444.349609375,10444.349609375,1.0,1.0,0.5,1.0,1.0,1.0,1.0,0.04,,,0.6674634712656184,0.6674634712656184
BAJAJ-AUTO,Short-Term (Swing),STRONG_BULLISH,2024-08-28,^CNXAUTO,70.0,target1,2.268938435785306,0,10582.0498046875,10822.15,10336.51,2.268938435785306,2.3203425538474987,2.0033455523414796,9369.2998046875,10715.0,10715.0,1.0,1.0,0.35,1.0,0.5,1.0,1.0,0.05,,,1.2563746888963558,1.2563746888963558
BAJAJ-AUTO,Short-Term (Swing),STRONG_BULLISH,2024-08-30,^CNXAUTO,69.9,target1,0.9569833424858176,0,10926.0,11030.56,10562.94,0.9569833424858176,3.3228995057660526,2.0114244300102837,9369.2998046875,10921.349609375,10921.349609375,1.0,1.0,0.35,1.0,0.5,1.0,1.0,0.04,,,-0.04256260868570382,-0.04256260868570382
BAJAJ-AUTO,Short-Term (Swing),STRONG_BULLISH,2024-09-04,^CNXAUTO,62.2,target1,2.751185698650116,6,10964.0,11265.64,10650.85,2.751185698650116,2.856165632980656,1.902350030791991,9497.5,11154.099609375,11154.099609375,1.0,1.0,0.5,0.7466666666666666,0.0,1.0,1.0,0.1,,,1.7338526940441443,1.7338526940441443
BAJAJ-AUTO,Short-Term (Swing),STRONG_BULLISH,2024-09-12,^CNXAUTO,69.7,target1,1.4802746620036666,4,11723.5,11897.04,11375.76,1.4802746620036666,2.9661790420949408,1.9774606136454802,9693.9501953125,11779.25,11779.25,1.0,0.6,0.35,0.7466666666666666,1.0,1.0,1.0,0.05,,,0.4755405808845481,0.4755405808845481
BAJAJ-AUTO,Short-Term (Swing),STRONG_BULLISH,2024-09-20,^CNXAUTO,73.9,target1,1.454500000000003,0,12000.0,12174.54,11594.21,1.454500000000003,3.381583333333338,1.9399273156356762,10339.650390625,12054.0,12054.0,1.0,1.0,0.35,0.7466666666666666,1.0,1.0,1.0,0.06999999999999999,,,0.44999999999999996,0.44999999999999996
BAJAJ-AUTO,Short-Term (Swing),STRONG_BULLISH,2024-09-26,^CNXAUTO,66.2,stop_loss,-2.873161428194515,4,12621.650390625,12803.26,12259.01,1.4388737110789807,2.873161428194515,1.9154477876847469,10705.0,12676.5,12676.5,1.0,1.0,0.35,0.7466666666666666,0.5,1.0,1.0,0.05,,,0.43456764905911766,0.43456764905911766
BAJAJ-AUTO,Short-Term (Swing),BULLISH,2025-01-02,^CNXAUTO,64.1,stop_loss,-3.820439560439559,4,9100.0,9270.94,8752.34,1.87846153846154,3.820439560439559,2.4021592616744196,8551.0,9179.150390625,12774.0,0.8533333333333334,0.6,0.85,0.5466666666666666,0.5,0.7,1.0,0.06,,,0.8697845123626374,40.37362637362637
BAJAJ-AUTO,Short-Term (Swing),STRONG_BULLISH,2025-05-16,^CNXAUTO,74.6,target1,0.9405882352941264,0,8500.0,8579.95,8168.71,0.9405882352941264,3.897529411764711,2.4661532356744877,7612.0,8495.0,12774.0,1.0,1.0,0.85,1.0,0.5,0.48,1.0,0.03,,,-0.0588235294117647,50.28235294117647
BAJAJ-AUTO,Short-Term (Swing),STRONG_BULLISH,2025-05-20,^CNXAUTO,66.3,target1,3.974326208178436,5,8608.0,8950.11,8221.96,3.974326208178436,4.484665427509304,2.6700593748000845,7612.0,8861.5,12774.0,1.0,1.0,0.5,0.7466666666666666,0.5,0.65,1.0,0.11000000000000001,,,2.944934944237918,48.396840148698885
BAJAJ-AUTO,Short-Term (Swing),STRONG_BULLISH,2025-05-27,^CNXAUTO,68.6,stop_loss,-3.90311457174638,2,8990.0,9094.55,8639.11,1.1629588431590676,3.90311457174638,2.4090791257534656,7612.0,9004.5,12774.0,1.0,1.0,0.85,0.7466666666666666,0.0,1.0,1.0,0.04,,,0.16129032258064516,42.09121245828699
BAJAJ-AUTO,Short-Term (Swing),NEUTRAL,2025-08-18,^CNXAUTO,63.9,target1,1.2405622023463625,0,8609.0,8715.8,8341.59,1.2405622023463625,3.1061679637588546,1.9166313210114554,7858.5,8629.5,12774.0,0.5466666666666666,1.0,0.85,0.0,1.0,0.82,1.0,0.05,,,0.2381228946451388,48.37960274131722
BAJAJ-AUTO,Short-Term (Swing),BEARISH,2025-08-26,^CNXAUTO,66.1,target1,1.8553080245510278,4,8798.0,8961.23,8439.52,1.8553080245510278,4.074562400545578,1.932788097734605,7858.5,8872.5,12774.0,0.2533333333333333,1.0,0.5,0.7466666666666666,1.0,1.0,1.0,0.11000000000000001,,,0.8467833598545125,45.19208911116163
BAJAJ-AUTO,Short-Term (Swing),NEUTRAL,2025-09-04,^CNXAUTO,63.2,target1,3.6199407699901265,3,9117.0,9447.03,8788.35,3.6199407699901265,3.604804211911805,2.077287231712238,7858.5,9353.5,12774.0,0.5466666666666666,1.0,0.5,0.7466666666666666,0.5,1.0,1.0,0.13,,,2.59405506197214,40.11187890753538
BAJAJ-AUTO,Short-Term (Swing),BULLISH,2025-09-10,^CNXAUTO,60.1,stop_loss,-3.3085952290798915,13,9243.5,9584.9,8937.67,3.693406177313774,3.3085952290798915,2.2091929691778,8180.0,9490.0,12774.0,0.8533333333333334,1.0,0.5,0.7466666666666666,0.0,1.0,1.0,0.11000000000000001,,,2.6667387894195924,38.19440688051063
BAJAJ-AUTO,Short-Term (Swing),STRONG_BULLISH,2025-10-13,^CNXAUTO,63.5,stop_loss,-3.2146153846153935,17,9100.0,9317.25,8807.47,2.3873626373626333,3.2146153846153935,1.9011236071096183,8491.5,9225.0,12030.9501953125,1.0,0.6,1.0,0.7466666666666666,0.0,0.53,1.0,0.1,,,1.3736263736263736,32.20824390453297
BAJAJ-AUTO,Short-Term (Swing),STRONG_BULLISH,2025-11-27,^CNXAUTO,60.5,stop_loss,-2.5808880522644184,20,9031.0,9321.94,8797.92,3.221570147270514,2.5808880522644184,1.6594298190526287,8605.0,9254.5,9636.349609375,1.0,1.0,0.5,0.0,1.0,0.42000000000000004,1.0,0.13,,,2.474808991252353,6.703018595670468
BAJAJ-AUTO,Short-Term (Swing),STRONG_BULLISH,2025-12-24,^CNXAUTO,60.3,target1,1.7919956438878115,5,9182.5,9347.05,8953.49,1.7919956438878115,2.493983120065346,1.574063749611364,8735.0,9254.5,9490.0,1.0,0.6,0.85,0.7466666666666666,0.0,0.53,1.0,0.08,,,0.7841001905799074,3.3487612306016876
BAJAJ-AUTO,Short-Term (Swing),STRONG_BULLISH,2026-01-01,^CNXAUTO,72.5,stop_loss,-2.341361256544505,0,9550.0,9680.85,9326.4,1.3701570680628272,2.341361256544505,1.6154072790405607,8735.0,9585.0,9585.0,1.0,1.0,0.85,1.0,0.0,1.0,1.0,0.05,,,0.36649214659685864,0.36649214659685864
BAJAJ-AUTO,Short-Term (Swing),STRONG_BULLISH,2026-01-05,^CNXAUTO,61.3,target1,2.1497650130548385,0,9575.0,9780.84,9242.25,2.1497650130548385,3.4751958224543134,1.7916748277735686,8735.0,9684.0,9684.0,1.0,1.0,0.5,0.7466666666666666,0.0,0.9,1.0,0.11000000000000001,,,1.1383812010443866,1.1383812010443866
BAJAJ-AUTO,Short-Term (Swing),BULLISH,2026-01-07,^CNXAUTO,63.2,stop_loss,-2.8558599928567796,4,9799.5,9905.07,9519.64,1.0772998622378571,2.8558599928567796,1.8377546086840908,8735.0,9807.0,9807.0,0.8533333333333334,1.0,0.5,1.0,0.0,1.0,1.0,0.04,,,0.0765345170671973,0.0765345170671973
BAJAJ-AUTO,Short-Term (Swing),HIGH_VOLATILITY,2026-02-03,^CNXAUTO,61.0,target1,4.574004586199698,15,9594.0,10032.83,9267.5,4.574004586199698,3.4031686470710865,2.2788154348482994,9072.0,9941.0,9941.0,0.3,0.6,0.5,0.7466666666666666,1.0,0.8,1.0,0.13,,,3.6168438607463003,3.6168438607463003
BAJAJ-AUTO,Short-Term (Swing),HIGH_VOLATILITY,2026-02-25,^CNXAUTO,69.5,stop_loss,-3.5634948011629586,4,10146.5,10261.6,9784.93,1.1343813137535186,3.5634948011629586,2.0604540960822186,9250.5,10160.0,10160.0,0.3,1.0,0.85,1.0,0.5,1.0,1.0,0.05,,,0.1330508056965456,0.1330508056965456
BAJAJ-AUTO,Short-Term (Swing),HIGH_VOLATILITY,2026-03-10,^CNXAUTO,61.1,stop_loss,-2.848563968668405,0,9575.0,10087.81,9302.25,5.355718015665789,2.848563968668405,2.485982699673537,9349.0,10187.0,10187.0,0.3,0.6,0.5,0.5466666666666666,1.0,1.0,1.0,0.24,,,6.391644908616188,6.391644908616188
BAJAJ-AUTO,Short-Term (Swing),NEUTRAL,2026-04-30,^CNXAUTO,75.8,target1,1.515409245547339,3,9994.0,10145.45,9622.31,1.515409245547339,3.7191314788873386,2.479449456856856,8624.0,10045.0,10187.0,0.5466666666666666,0.6,1.0,0.7466666666666666,1.0,1.0,1.0,0.04,,,0.5103061837102262,1.9311586952171302
BAJAJ-AUTO,Short-Term (Swing),STRONG_BULLISH,2026-05-06,^CNXAUTO,72.7,target1,0.0025515025515066014,0,10582.0,10582.27,9945.31,0.0025515025515066014,6.016726516726523,2.414223176840744,9262.0,10477.5,10477.5,1.0,1.0,0.85,1.0,0.0,1.0,1.0,0.06999999999999999,,,-0.9875259875259876,-0.9875259875259876
BAJAJ-AUTO,Short-Term (Swing),BULLISH,2026-05-08,^CNXAUTO,63.3,stop_loss,-2.62137937541278,2,10599.0,10892.85,10321.16,2.7724313614492013,2.62137937541278,2.4294365842488186,9355.0,10785.0,10785.0,0.8533333333333334,1.0,0.5,1.0,0.0,1.0,1.0,0.05,,,1.7548825360883102,1.7548825360883102
BAJAJ-AUTO,Short-Term (Swing),BULLISH,2026-05-26,^CNXAUTO,63.3,stop_loss,-3.9419294117646997,7,10625.0,10892.85,10206.17,2.5209411764705925,3.9419294117646997,2.434515697787237,9355.0,10785.0,10785.0,0.8533333333333334,0.6,0.5,0.7466666666666666,0.5,1.0,1.0,0.08,,,1.5058823529411764,1.5058823529411764
BAJFINANCE,Short-Term (Swing),STRONG_BULLISH,2024-08-27,,63.6,target1,1.33799079998842,1,687.5999755859375,696.8,669.02,1.33799079998842,2.7021489595174253,1.684714709776679,642.5,689.9000244140625,819.2000122070312,1.0,0.6,0.85,0.0,1.0,0.5,1.0,0.06,,,0.3345039135821691,19.139040327764835
BAJFINANCE,Short-Term (Swing),STRONG_BULLISH,2024-08-30,,61.5,target1,0.18146488062065202,0,727.4000244140625,728.72,701.15,0.18146488062065202,3.608746705116972,1.746382758997278,642.5,721.5050048828125,819.2000122070312,1.0,0.6,0.5,0.0,1.0,1.0,1.0,0.05,,,-0.8104233342580067,12.620289347242702
BAJFINANCE,Short-Term (Swing),STRONG_BULLISH,2024-09-03,,61.8,target1,3.8546103103434204,9,725.4949951171875,753.46,713.91,3.8546103103434204,1.596840115391318,1.9463128123164215,642.5,746.0,819.2000122070312,1.0,0.6,0.5,0.0,1.0,1.0,1.0,0.08,,,2.8263468419241646,12.91601151221006
BAJFINANCE,Short-Term (Swing),STRONG_BULLISH,2024-09-16,,73.5,target1,4.855877342419079,2,733.75,769.38,708.47,4.855877342419079,3.445315161839857,2.369177580977675,661.635009765625,768.0,819.2000122070312,1.0,0.6,0.5,0.7466666666666666,1.0,1.0,1.0,0.13,,,4.667802385008518,11.645657540992334
BAJFINANCE,Short-Term (Swing),STRONG_BULLISH,2024-09-23,,65.1,stop_loss,-3.515863074614811,10,759.7000122070312,782.55,732.99,3.0077645683572296,3.515863074614811,2.3281022317265787,673.0,774.7999877929688,819.2000122070312,1.0,0.6,0.85,0.7466666666666666,0.0,1.0,1.0,0.09,,,1.9876234491651552,7.832038836901484
BAJFINANCE,Short-Term (Swing),BULLISH,2024-12-11,,64.2,target1,1.611239001206588,4,712.1849975585938,723.66,687.54,1.611239001206588,3.460476932689971,2.2454650654298143,645.0999755859375,716.5,783.0,0.8533333333333334,0.6,0.85,0.0,1.0,0.79,1.0,0.05,,,0.6058822435460304,9.94334374975093
BAJFINANCE,Short-Term (Swing),BULLISH,2025-01-02,,84.3,target1,1.5501234537718567,3,738.9749755859375,750.43,713.71,1.5501234537718567,3.4189216713197523,2.2744309951926116,668.5449829101562,743.0,783.0,0.8533333333333334,0.6,1.0,1.0,1.0,1.0,1.0,0.05,,,0.5446766869028326,5.957579873277144
BAJFINANCE,Short-Term (Swing),STRONG_BEARISH,2025-01-20,,60.6,target1,3.0322147651006714,7,745.0,767.59,717.83,3.0322147651006714,3.6469798657718044,2.345471511193832,679.2000122070312,759.989990234375,782.4000244140625,0.0,0.6,1.0,0.7466666666666666,0.5,1.0,1.0,0.09,,,2.012079226090604,5.020137505243288
BAJFINANCE,Short-Term (Swing),STRONG_BEARISH,2025-01-29,,60.9,target1,0.18980891719744264,0,785.0,786.49,746.35,0.18980891719744264,4.923566878980889,2.5442960993047303,697.0999755859375,778.7000122070312,782.4000244140625,0.0,0.6,0.85,1.0,0.5,1.0,1.0,0.04,,,-0.8025462156648089,-0.33120708101114654
BAJFINANCE,Short-Term (Swing),NEUTRAL,2025-01-31,,63.0,target1,5.555837563451771,2,788.0,831.78,756.06,5.555837563451771,4.053299492385798,2.743712244995063,710.52001953125,825.0650024414062,825.0650024414062,0.5466666666666666,0.6,0.5,1.0,0.5,1.0,1.0,0.13,,,4.7036805128688135,4.7036805128688135
BAJFINANCE,Short-Term (Swing),NEUTRAL,2025-03-19,,61.3,target1,2.7828080229226337,1,872.5,896.78,843.18,2.7828080229226337,3.3604584527220704,2.289176391185851,821.125,887.9000244140625,887.9000244140625,0.5466666666666666,0.6,0.5,1.0,0.5,0.8800000000000001,1.0,0.08,,,1.7650457781160458,1.7650457781160458
BAJFINANCE,Short-Term (Swing),BULLISH,2025-03-24,,66.7,target1,0.8898630136986219,0,912.5,920.62,876.7,0.8898630136986219,3.923287671232867,2.369282204598941,821.125,911.5,911.5,0.8533333333333334,0.6,0.5,1.0,0.5,1.0,1.0,0.04,,,-0.1095890410958904,-0.1095890410958904
BAJFINANCE,Short-Term (Swing),BULLISH,2025-03-27,,74.4,stop_loss,-3.6798712330246452,5,899.760009765625,935.27,866.65,3.946606856157664,3.6798712330246452,2.4976959079303134,821.125,926.0050048828125,926.0050048828125,0.8533333333333334,0.6,0.85,0.7466666666666666,1.0,0.64,1.0,0.1,,,2.9168883738258113,2.9168883738258113
BAJFINANCE,Short-Term (Swing),STRONG_BULLISH,2025-05-30,,70.0,stop_loss,-2.5596933187294613,3,913.0,942.99,889.63,3.2847754654983685,2.5596933187294613,2.06393072839307,860.5,933.6500244140625,966.0,1.0,0.6,0.5,0.7466666666666666,1.0,0.6900000000000001,1.0,0.09,,,2.261777044256572,5.805038335158817
BAJFINANCE,Short-Term (Swing),STRONG_BULLISH,2025-06-06,,72.0,target1,-0.22722513089005192,0,955.0,952.83,907.21,-0.22722513089005192,5.004188481675387,2.1296057910527644,882.5499877929688,943.4000244140625,966.0,1.0,0.6,0.5,0.7466666666666666,1.0,0.93,1.0,0.05,,,-1.2146571294175392,1.1518324607329842
BAJFINANCE,Short-Term (Swing),STRONG_BULLISH,2025-06-11,,62.9,stop_loss,-3.6120249266822446,7,944.9000244140625,984.81,910.77,4.223724685655061,3.6120249266822446,2.2443253498808944,886.9500122070312,978.7999877929688,978.7999877929688,1.0,0.6,0.5,0.7466666666666666,0.5,0.6900000000000001,1.0,0.13,,,3.587677267754099,3.587677267754099
BAJFINANCE,Short-Term (Swing),STRONG_BULLISH,2025-06-26,,71.3,stop_loss,-3.332631578947365,5,950.0,988.59,918.34,4.062105263157889,3.332631578947365,2.323072567117368,886.0,978.7999877929688,978.7999877929688,1.0,0.6,1.0,0.7466666666666666,0.5,0.55,1.0,0.11000000000000001,,,3.0315776624177633,3.0315776624177633
BAJFINANCE,Short-Term (Swing),STRONG_BULLISH,2025-07-10,,62.2,stop_loss,-2.2680315255323324,3,938.7000122070312,969.1,917.41,3.2385200167936112,2.2680315255323324,2.127467028266164,886.0,959.5,978.7999877929688,1.0,0.6,1.0,0.7466666666666666,0.0,0.43,1.0,0.06999999999999999,,,2.215829074516012,4.271862689301149
BAJFINANCE,Short-Term (Swing),NEUTRAL,2025-07-23,,68.5,stop_loss,-3.041237113402062,1,970.0,980.66,940.5,1.0989690721649348,3.041237113402062,1.9137294360794908,905.2000122070312,970.9500122070312,978.7999877929688,0.5466666666666666,0.6,0.85,1.0,0.5,0.9400000000000001,1.0,0.04,,,0.09793940278672682,0.9072152363885309
BAJFINANCE,Short-Term (Swing),NEUTRAL,2025-09-04,,61.4,target1,1.643312101910821,5,942.0,957.48,902.37,1.643312101910821,4.207006369426747,2.30950366736075,849.0,948.0,978.7999877929688,0.5466666666666666,0.6,0.85,0.0,1.0,0.95,1.0,0.06999999999999999,,,0.6369426751592357,3.9065804451134554
BAJFINANCE,Short-Term (Swing),BULLISH,2025-09-12,,71.2,target1,1.566566566566574,0,999.0,1014.65,973.07,1.566566566566574,2.59559559559559,2.005390482247499,855.4500122070312,1004.5999755859375,1004.5999755859375,0.8533333333333334,0.6,0.35,1.0,1.0,1.0,1.0,0.04,,,0.5605581167104604,0.5605581167104604
BAJFINANCE,Short-Term (Swing),BULLISH,2025-09-18,,63.8,target1,4.520686175580213,5,991.0,1035.8,967.02,4.520686175580213,2.419778002018169,1.9721350824914792,869.7000122070312,1025.699951171875,1025.699951171875,0.8533333333333334,0.6,0.5,0.7466666666666666,0.5,1.0,1.0,0.13,,,3.501508695446519,3.501508695446519
BAJFINANCE,Short-Term (Swing),NEUTRAL,2025-09-25,,66.5,stop_loss,-2.4740824458093114,0,1008.0499877929688,1046.36,983.11,3.8004079828330095,2.4740824458093114,1.951047948372064,870.8499755859375,1036.0,1036.0,0.5466666666666666,0.6,0.5,0.7466666666666666,1.0,1.0,1.0,0.11000000000000001,,,2.7726811711218002,2.7726811711218002
BAJFINANCE,Short-Term (Swing),STRONG_BULLISH,2025-10-06,,65.9,target1,3.712952193424024,8,1008.9000244140625,1046.36,977.49,3.712952193424024,3.113294048367621,2.0752028566104705,935.6500244140625,1036.0,1036.0,1.0,0.6,0.5,0.7466666666666666,0.5,1.0,1.0,0.12,,,2.6860912806178505,2.6860912806178505
BAJFINANCE,Short-Term (Swing),STRONG_BULLISH,2025-10-16,,69.1,target1,3.390779778608999,6,1056.0999755859375,1091.91,1032.86,3.390779778608999,2.2005469295692137,2.0575718759658934,972.0,1081.0999755859375,1081.0999755859375,1.0,0.6,0.5,1.0,0.5,0.9800000000000001,1.0,0.08,,,2.3672001304734134,2.3672001304734134
BAJFINANCE,Short-Term (Swing),STRONG_BULLISH,2025-10-28,,72.2,stop_loss,-2.7677238805970172,2,1072.0,1113.31,1042.33,3.8535447761193886,2.7677238805970172,1.8903735965327042,972.0,1102.5,1102.5,1.0,0.6,0.5,0.7466666666666666,1.0,0.8699999999999999,1.0,0.13,,,2.845149253731343,2.845149253731343
BAJFINANCE,Short-Term (Swing),STRONG_BULLISH,2025-11-12,,61.9,stop_loss,-2.0237037037037053,11,1012.5,1065.88,992.01,5.272098765432109,2.0237037037037053,2.5998068914277344,997.0,1102.5,1102.5,1.0,0.6,0.5,0.5466666666666666,0.5,0.02,1.0,1.0,,,8.88888888888889,8.88888888888889
BAJFINANCE,Short-Term (Swing),STRONG_BULLISH,2025-12-31,,60.0,stop_loss,-1.4865424029112062,0,988.2000122070312,1022.19,973.51,3.439585850343807,1.4865424029112062,1.7929515849116955,978.4000244140625,1061.0,1102.5,1.0,0.6,0.0,0.5466666666666666,1.0,0.08,1.0,1.0,,,7.3669284450197825,11.566483139146381
BAJFINANCE,Short-Term (Swing),HIGH_VOLATILITY,2026-02-03,,65.1,target1,3.302590673575123,8,965.0,996.87,926.91,3.302590673575123,3.9471502590673557,2.5912541018388224,887.0,987.0,1102.5,0.3,0.6,1.0,0.5466666666666666,1.0,0.55,1.0,0.09,,,2.2797927461139897,14.248704663212436
BAJFINANCE,Short-Term (Swing),STRONG_BULLISH,2026-05-06,,68.3,stop_loss,-5.14991181657849,4,992.25,993.84,941.15,0.1602418745275891,5.14991181657849,2.6919545939849594,881.0,984.0,1102.5,1.0,0.6,0.85,1.0,0.0,1.0,1.0,0.03,,,-0.8314436885865457,11.11111111111111
BAJAJFINSV,Short-Term (Swing),STRONG_BULLISH,2024-07-18,,76.6,stop_loss,-2.5484261501210637,4,1652.0,1670.54,1609.9,1.12227602905568,2.5484261501210637,1.6693108912739265,1561.0,1654.0,1741.0,1.0,0.6,0.85,1.0,1.0,0.31,1.0,0.05,,,0.12106537530266344,5.387409200968523
BAJAJFINSV,Short-Term (Swing),STRONG_BULLISH,2024-07-24,,61.6,target1,4.828182523813118,5,1565.5999755859375,1641.19,1553.29,4.828182523813118,0.7862784732945882,1.9611363944380704,1561.0999755859375,1660.0,1741.0,1.0,0.6,0.5,0.0,1.0,0.06,1.0,1.0,,,6.0296388532283025,11.203374243054503
BAJAJFINSV,Short-Term (Swing),STRONG_BULLISH,2024-07-31,,61.0,stop_loss,-3.1885196374622393,4,1655.0,1686.6,1602.23,1.9093655589123903,3.1885196374622393,1.994761515230532,1558.0,1669.9000244140625,1741.0,1.0,0.6,0.85,0.7466666666666666,0.0,0.61,1.0,0.06999999999999999,,,0.900303589973565,5.196374622356496
BAJAJFINSV,Short-Term (Swing),STRONG_BULLISH,2024-08-26,,60.9,target1,1.1078193197160857,0,1686.199951171875,1704.88,1636.88,1.1078193197160857,2.9249171272717978,1.9500147298094117,1523.25,1688.0,1741.0,1.0,0.6,0.85,0.0,0.5,1.0,1.0,0.04,,,0.10675180169908095,3.2499140324396327
BAJAJFINSV,Short-Term (Swing),STRONG_BULLISH,2024-08-29,,76.6,target1,1.116983495213253,0,1769.949951171875,1789.72,1699.09,1.116983495213253,4.003500275528083,2.1476260233644853,1523.25,1772.0,1772.0,1.0,0.6,0.5,1.0,1.0,1.0,1.0,0.06,,,0.11582524278540604,0.11582524278540604
BAJAJFINSV,Short-Term (Swing),STRONG_BULLISH,2024-09-02,,73.7,target1,1.6551351351351329,3,1850.0,1880.62,1779.0,1.6551351351351329,3.837837837837843,2.2293300549807595,1523.25,1862.0,1862.0,1.0,0.6,0.35,1.0,1.0,1.0,1.0,0.06999999999999999,,,0.6486486486486486,0.6486486486486486
BAJAJFINSV,Short-Term (Swing),STRONG_BULLISH,2024-09-13,,62.2,target1,1.260252365930592,7,1902.0,1925.97,1827.81,1.260252365930592,3.9006309148264973,2.3450131321319696,1545.050048828125,1906.9000244140625,1906.9000244140625,1.0,0.6,0.35,0.7466666666666666,0.5,1.0,1.0,0.05,,,0.25762483775302314,0.25762483775302314
BAJAJFINSV,Short-Term (Swing),STRONG_BULLISH,2024-09-27,,66.1,stop_loss,-3.342117312566184,3,2010.699951171875,2050.2,1943.5,1.9644924547346454,3.342117312566184,2.227936525637911,1787.800048828125,2029.9000244140625,2029.9000244140625,1.0,0.6,0.35,1.0,0.5,1.0,1.0,0.06,,,0.9548949971872892,0.9548949971872892
BAJAJFINSV,Short-Term (Swing),BULLISH,2025-01-02,,69.4,target1,2.0635294117647085,17,1700.0,1735.08,1643.08,2.0635294117647085,3.348235294117652,2.2568068058661,1551.6500244140625,1717.9000244140625,2029.9000244140625,0.8533333333333334,0.6,1.0,0.0,1.0,1.0,1.0,0.06,,,1.0529426125919117,19.4058837890625
BAJAJFINSV,Short-Term (Swing),BEARISH,2025-01-30,,62.3,stop_loss,-2.2735747047741173,1,1713.5999755859375,1839.27,1674.64,7.333685002597634,2.2735747047741173,2.695248447736621,1650.0,1856.0,2029.9000244140625,0.2533333333333333,0.6,0.5,0.7466666666666666,1.0,1.0,1.0,0.13,,,8.30999220604979,18.458219732406995
BAJAJFINSV,Short-Term (Swing),NEUTRAL,2025-02-03,,70.8,target1,4.142222222222225,13,1800.0,1874.56,1709.34,4.142222222222225,5.036666666666667,3.1762043872461945,1617.0,1856.0,2029.9000244140625,0.5466666666666666,0.6,0.85,0.7466666666666666,1.0,1.0,0.5,0.09,,,3.111111111111111,12.772223578559029
BAJAJFINSV,Short-Term (Swing),STRONG_BEARISH,2025-02-27,,64.7,stop_loss,-2.976376723519325,3,1911.050048828125,1958.19,1854.17,2.4667041661615263,2.976376723519325,2.4714775176825543,1617.0,1938.800048828125,2029.9000244140625,0.0,0.6,0.85,0.7466666666666666,1.0,1.0,1.0,0.05,,,1.4520812794524445,6.219092778800717
BAJAJFINSV,Short-Term (Swing),BULLISH,2025-03-25,,75.9,target1,1.1758072783188078,0,1951.0,1973.94,1872.87,1.1758072783188078,4.004613018964642,2.4741039180705537,1733.0,1954.4000244140625,2029.9000244140625,0.8533333333333334,0.6,0.85,1.0,1.0,0.47000000000000003,1.0,0.04,,,0.174270856692081,4.044081210356868
BAJAJFINSV,Short-Term (Swing),BULLISH,2025-03-27,,71.4,stop_loss,-3.255417762745838,5,1995.75,2031.62,1930.78,1.7973193035199841,3.255417762745838,2.4918952123954,1733.0,2011.5,2029.9000244140625,0.8533333333333334,0.6,0.5,1.0,1.0,0.73,1.0,0.03,,,0.7891770011273956,1.7111373876518854
BAJAJFINSV,Short-Term (Swing),HIGH_VOLATILITY,2025-04-28,,67.5,stop_loss,-4.7278020378457075,1,2061.0,2156.35,1963.56,4.626394953905866,4.7278020378457075,2.8016147863795395,1823.5,2135.0,2135.0,0.3,0.6,0.85,0.7466666666666666,1.0,0.76,1.0,0.12,,,3.5904900533721493,3.5904900533721493
BAJAJFINSV,Short-Term (Swing),STRONG_BULLISH,2025-06-06,,62.4,stop_loss,-4.391804097951035,53,2001.0,2091.71,1913.12,4.533233383308355,4.391804097951035,2.575531120719168,1921.0,2071.0,2135.0,1.0,0.6,0.5,0.5466666666666666,1.0,0.19,1.0,0.13,,,3.4982508745627188,6.696651674162919
BAJAJFINSV,Short-Term (Swing),NEUTRAL,2025-09-04,,60.1,target1,1.9981118773582107,7,2013.9000244140625,2054.14,1948.92,1.9981118773582107,3.226576474816234,1.774180257693841,1890.5999755859375,2033.800048828125,2135.0,0.5466666666666666,0.6,0.85,0.0,1.0,0.79,1.0,0.1,,,0.9881336795679491,6.013206917814658
BAJAJFINSV,Short-Term (Swing),BULLISH,2025-09-18,,62.4,stop_loss,-2.3499275012083043,7,2069.0,2125.95,2020.38,2.7525374577090256,2.3499275012083043,1.572750754739809,1910.0,2104.89990234375,2135.0,0.8533333333333334,0.6,0.85,0.7466666666666666,0.0,0.9199999999999999,1.0,0.12,,,1.735133027730788,3.1899468342194295
BAJAJFINSV,Short-Term (Swing),STRONG_BULLISH,2025-10-15,,77.6,target1,1.6560019244647561,4,2078.5,2112.92,2031.57,1.6560019244647561,2.257878277604042,1.680295782971101,1968.0,2092.0,2135.0,1.0,0.6,1.0,0.7466666666666666,1.0,0.48,1.0,0.06,,,0.6495068559057012,2.7183064710127494
BAJAJFINSV,Short-Term (Swing),STRONG_BULLISH,2025-10-23,,65.8,stop_loss,-2.5374480923584186,6,2176.60009765625,2216.95,2121.37,1.8538041226405566,2.5374480923584186,1.6916928356042664,1968.0,2195.0,2195.0,1.0,0.6,0.5,1.0,0.5,0.6599999999999999,1.0,0.06999999999999999,,,0.8453506164758012,0.8453506164758012
BAJAJFINSV,Short-Term (Swing),STRONG_BULLISH,2025-11-12,,63.7,stop_loss,-3.965770171149141,68,2045.0,2130.96,1963.9,4.203422982885097,3.965770171149141,2.344988322039147,1952.4000244140625,2195.0,2195.0,1.0,0.6,0.5,0.5466666666666666,1.0,0.32,1.0,0.13,,,7.334963325183375,7.334963325183375
BAJAJFINSV,Short-Term (Swing),BEARISH,2026-05-14,,60.2,stop_loss,-1.7503300105621622,3,1735.0999755859375,1821.31,1704.73,4.968591183626159,1.7503300105621622,2.3305445337486947,1713.300048828125,1860.0,2195.0,0.2533333333333333,0.6,0.5,0.5466666666666666,1.0,0.22000000000000003,1.0,1.0,,,7.19843387536699,26.50567868625298
BAJAJFINSV,Short-Term (Swing),BULLISH,2026-05-25,,63.2,stop_loss,-3.3678224848865956,7,1807.4000244140625,1868.1,1746.53,3.358414007193322,3.3678224848865956,2.2451804659420023,1693.800048828125,1849.5999755859375,2195.0,0.8533333333333334,0.6,1.0,0.7466666666666666,0.0,0.72,1.0,0.1,,,2.3348429015074137,21.44516821679212
BEL,Short-Term (Swing),STRONG_BULLISH,2024-07-09,,66.5,stop_loss,-6.4941176470588164,8,340.0,342.74,317.92,0.8058823529411896,6.4941176470588164,3.361779583644663,285.3500061035156,339.3500061035156,339.3500061035156,1.0,0.6,0.5,1.0,0.5,1.0,0.5,0.05,,,-0.19117467543658087,-0.19117467543658087
BEL,Short-Term (Swing),STRONG_BULLISH,2024-07-29,,60.0,stop_loss,-6.952648019163399,3,325.20001220703125,343.91,302.59,5.753378564161138,6.952648019163399,3.8917699123397034,281.1000061035156,340.5,340.5,1.0,0.6,0.5,0.7466666666666666,0.5,0.6599999999999999,0.5,0.12,,,4.70479311766703,4.70479311766703
BEL,Short-Term (Swing),HIGH_VOLATILITY,2024-11-25,,60.2,target1,4.608843537414975,1,294.0,307.55,277.47,4.608843537414975,5.622448979591832,3.3940231447763862,257.45001220703125,304.5,340.5,0.3,0.6,0.5,0.7466666666666666,1.0,1.0,0.5,0.1,,,3.571428571428571,15.816326530612246
BEL,Short-Term (Swing),NEUTRAL,2024-12-04,,73.2,stop_loss,-4.6019108280254795,14,314.0,324.06,299.55,3.2038216560509536,4.6019108280254795,2.8342718008943844,270.25,320.8500061035156,340.5,0.5466666666666666,0.6,0.85,0.7466666666666666,1.0,1.0,1.0,0.08,,,2.1815306062151674,8.439490445859873
BEL,Short-Term (Swing),BULLISH,2025-03-21,,68.1,target1,2.394747810602693,0,296.8999938964844,304.01,282.1,2.394747810602693,4.9848414283378055,3.0752250107936363,243.5,301.0,340.5,0.8533333333333334,0.6,0.5,0.7466666666666666,1.0,1.0,0.5,0.06,,,1.380938426339312,14.685081508865567
BEL,Short-Term (Swing),BULLISH,2025-03-27,,62.6,stop_loss,-5.292763157894731,5,304.0,308.56,287.91,1.4999999999999902,5.292763157894731,2.8252968098198235,243.5,305.5,340.5,0.8533333333333334,0.6,0.85,0.7466666666666666,0.0,1.0,1.0,0.06,,,0.4934210526315789,12.006578947368421
BEL,Short-Term (Swing),HIGH_VOLATILITY,2025-04-29,,67.6,target1,1.1410658307209998,12,319.0,322.64,302.76,1.1410658307209998,5.09090909090909,3.0141059803995063,256.20001220703125,319.45001220703125,340.5,0.3,0.6,0.85,1.0,1.0,0.72,0.5,0.04,,,0.1410696573765674,6.739811912225706
BEL,Short-Term (Swing),HIGH_VOLATILITY,2025-05-13,,65.9,target1,0.6283185840707972,0,339.0,341.13,320.69,0.6283185840707972,5.401179941002954,2.990610564948135,282.6499938964844,337.75,340.5,0.3,0.6,0.5,1.0,1.0,1.0,1.0,0.04,,,-0.3687315634218289,0.4424778761061947
BEL,Short-Term (Swing),STRONG_BULLISH,2025-05-16,,71.2,target1,0.5256117285053374,2,372.8999938964844,374.86,347.45,0.5256117285053374,6.824884503363437,3.0127660526867386,291.1499938964844,371.1499938964844,371.1499938964844,1.0,0.6,0.35,1.0,1.0,1.0,0.5,0.06999999999999999,,,-0.46929472476360334,-0.46929472476360334
BEL,Short-Term (Swing),STRONG_BULLISH,2025-05-22,,62.1,target1,0.37774794464127126,5,389.1499938964844,390.62,366.25,0.37774794464127126,5.88461885022562,2.9822076516162066,293.70001220703125,386.75,386.75,1.0,0.6,0.35,0.7466666666666666,0.5,1.0,1.0,0.04,,,-0.6167272090778405,-0.6167272090778405
BEL,Short-Term (Swing),STRONG_BULLISH,2025-06-20,,66.4,target1,0.754257907542577,0,411.0,414.1,394.22,0.754257907542577,4.082725060827242,2.2905594843467267,378.5,410.0,410.0,1.0,0.6,0.0,1.0,1.0,1.0,1.0,0.04,,,-0.24330900243309003,-0.24330900243309003
BEL,Short-Term (Swing),STRONG_BULLISH,2025-06-27,,65.0,target1,3.3865369759302544,1,416.6499938964844,430.76,399.72,3.3865369759302544,4.063361129123299,2.3776571177514683,379.5,426.5,426.5,1.0,0.6,0.5,0.7466666666666666,0.5,0.9199999999999999,1.0,0.11000000000000001,,,2.364096063316596,2.364096063316596
BEL,Short-Term (Swing),BULLISH,2025-09-10,,60.8,target1,1.0780271639339922,1,389.6000061035156,393.8,376.28,1.0780271639339922,3.418892683481267,2.0214361103904426,361.20001220703125,389.8999938964844,436.0,0.8533333333333334,0.6,0.85,0.0,1.0,0.45,1.0,0.05,,,0.07699891896024358,11.909649170836005
BEL,Short-Term (Swing),NEUTRAL,2025-09-25,,73.7,target1,4.072836950848968,27,403.6499938964844,420.09,390.44,4.072836950848968,3.272635723084405,2.1013808962204066,361.6000061035156,416.6499938964844,436.0,0.5466666666666666,0.6,0.85,0.7466666666666666,1.0,1.0,1.0,0.13,,,3.220611964962357,8.014370517199055
BEL,Short-Term (Swing),STRONG_BULLISH,2025-10-24,,71.0,stop_loss,-3.3011764705882296,1,425.0,427.94,410.97,0.6917647058823473,3.3011764705882296,1.7498252290302823,392.45001220703125,423.70001220703125,436.0,1.0,0.6,0.85,0.7466666666666666,0.5,0.8800000000000001,1.0,0.05,,,-0.30587948069852944,2.588235294117647
BEL,Short-Term (Swing),STRONG_BULLISH,2025-10-31,,72.7,stop_loss,-3.343457943925232,3,428.0,431.52,413.69,0.8224299065420437,3.343457943925232,1.941382589430164,401.6000061035156,427.25,436.0,1.0,0.6,0.5,1.0,1.0,0.63,1.0,0.04,,,-0.17523364485981308,1.8691588785046727
BEL,Short-Term (Swing),STRONG_BULLISH,2025-11-11,,69.5,stop_loss,-3.2652094116026875,12,428.1499938964844,435.31,414.17,1.6723125553160134,3.2652094116026875,2.049034891854138,401.6000061035156,431.0,436.0,1.0,0.6,0.5,0.7466666666666666,1.0,0.67,1.0,0.06,,,0.665655995362383,1.8334710301113666
BEL,Short-Term (Swing),STRONG_BULLISH,2026-01-05,,65.2,target1,1.9508048118720644,2,414.70001220703125,422.79,401.22,1.9508048118720644,3.250545408786143,2.0266791286949672,380.45001220703125,418.6000061035156,436.0,1.0,0.6,0.85,0.0,1.0,0.65,1.0,0.06999999999999999,,,0.9404373720002148,5.136239972506952
BEL,Short-Term (Swing),HIGH_VOLATILITY,2026-01-20,,63.0,target1,4.782287822878217,7,406.5,425.94,396.91,4.782287822878217,2.3591635916359155,2.0266880384959256,389.54998779296875,424.54998779296875,436.0,0.3,0.6,0.5,0.7466666666666666,1.0,1.0,1.0,0.13,,,4.440341400484318,7.2570725707257075
BEL,Short-Term (Swing),HIGH_VOLATILITY,2026-01-29,,66.5,stop_loss,-4.525009696168947,3,446.8500061035156,462.07,426.63,3.406063262525394,4.525009696168947,2.680094955358054,394.6000061035156,457.5,457.5,0.3,0.6,0.5,1.0,1.0,1.0,1.0,0.1,,,2.3833487190368836,2.3833487190368836
BEL,Short-Term (Swing),HIGH_VOLATILITY,2026-03-02,,75.4,target1,1.0000000000000009,1,460.0,464.6,437.23,1.0000000000000009,4.949999999999999,2.4555544535680034,425.54998779296875,460.0,460.0,0.3,0.6,1.0,1.0,1.0,0.93,1.0,0.06,,,0.0,0.0
BEL,Short-Term (Swing),HIGH_VOLATILITY,2026-03-06,,73.0,stop_loss,-4.272340425531906,3,470.0,478.18,449.92,1.740425531914891,4.272340425531906,2.63744203726858,425.54998779296875,473.45001220703125,473.45001220703125,0.3,0.6,0.85,1.0,1.0,1.0,1.0,0.05,,,0.7340451504321809,0.7340451504321809
BHARTIARTL,Short-Term (Swing),STRONG_BULLISH,2024-07-18,,64.6,stop_loss,-3.020945945945952,4,1480.0,1548.12,1435.29,4.602702702702688,3.020945945945952,2.172820437692629,1372.8499755859375,1536.25,1536.25,1.0,0.6,1.0,0.7466666666666666,0.0,0.61,1.0,0.13,,,3.800675675675676,3.800675675675676
BHARTIARTL,Short-Term (Swing),STRONG_BULLISH,2024-07-26,,73.5,stop_loss,-4.068196721311468,7,1525.0,1551.61,1462.96,1.7449180327868685,4.068196721311468,2.264329825918788,1408.449951171875,1536.25,1536.25,1.0,0.6,1.0,1.0,0.5,0.43,1.0,0.06999999999999999,,,0.7377049180327869,0.7377049180327869
BHARTIARTL,Short-Term (Swing),STRONG_BULLISH,2024-08-22,,61.3,target1,3.1647689216342867,5,1493.0,1540.25,1438.08,3.1647689216342867,3.678499665103818,2.1650207784031856,1422.5999755859375,1525.0,1536.25,1.0,0.6,0.5,0.7466666666666666,0.5,0.55,1.0,0.11000000000000001,,,2.1433355659745477,2.896851975887475
BHARTIARTL,Short-Term (Swing),STRONG_BULLISH,2024-08-29,,68.2,target1,0.7246192893401115,0,1576.0,1587.42,1519.52,0.7246192893401115,3.583756345177669,1.9747293849743337,1422.5999755859375,1571.699951171875,1571.699951171875,1.0,0.6,0.5,1.0,0.5,0.9199999999999999,1.0,0.05,,,-0.27284573782519034,-0.27284573782519034
BHARTIARTL,Short-Term (Swing),STRONG_BULLISH,2024-09-04,,63.7,target1,4.18409236690187,7,1559.0,1624.23,1515.15,4.18409236690187,2.812700449005767,1.995407496106151,1422.5999755859375,1608.4000244140625,1608.4000244140625,1.0,0.6,0.85,0.7466666666666666,0.0,0.82,1.0,0.13,,,3.1686994492663567,3.1686994492663567
BHARTIARTL,Short-Term (Swing),STRONG_BULLISH,2024-09-19,,66.0,target1,3.4602034709754648,3,1671.0,1728.82,1614.44,3.4602034709754648,3.3847995212447635,2.018583794900133,1479.3499755859375,1711.699951171875,1711.699951171875,1.0,0.6,0.5,0.7466666666666666,0.5,1.0,1.0,0.13,,,2.435664343020646,2.435664343020646
BHARTIARTL,Short-Term (Swing),BULLISH,2024-12-12,,62.6,target1,3.178615574783694,0,1618.0,1669.43,1555.43,3.178615574783694,3.8671199011124813,2.281738570558255,1511.0,1652.9000244140625,1779.0,0.8533333333333334,0.6,0.85,0.0,1.0,0.5700000000000001,1.0,0.11000000000000001,,,2.1569854396824786,9.950556242274413
BHARTIARTL,Short-Term (Swing),STRONG_BEARISH,2025-01-16,,60.9,target1,1.3036025233007065,4,1630.0999755859375,1651.35,1579.38,1.3036025233007065,3.111464103157613,2.0780804737553,1563.3499755859375,1635.0,1779.0,0.0,0.6,0.85,1.0,0.5,1.0,1.0,0.04,,,0.3005965577234729,9.134410566477099
BHARTIARTL,Short-Term (Swing),NEUTRAL,2025-02-03,,60.9,target1,0.9848675116861383,3,1662.1500244140625,1678.52,1596.29,0.9848675116861383,3.962339346430499,2.2617418713575543,1574.25,1661.9000244140625,1779.0,0.5466666666666666,0.6,1.0,0.7466666666666666,0.0,1.0,1.0,0.05,,,-0.015040760239926565,7.030049867317434
BHARTIARTL,Short-Term (Swing),NEUTRAL,2025-02-10,,69.1,target1,1.0920281359906303,2,1706.0,1724.63,1632.76,1.0920281359906303,4.2930832356389175,2.3738340212884923,1574.25,1707.550048828125,1779.0,0.5466666666666666,0.6,0.85,1.0,0.5,0.99,1.0,0.05,,,0.09085866518903869,4.279015240328253
BHARTIARTL,Short-Term (Swing),BULLISH,2025-03-20,,62.4,target1,1.41373820611157,3,1709.6500244140625,1733.82,1647.38,1.41373820611157,3.6422673368722847,2.262553914265578,1559.5,1716.6500244140625,1779.0,0.8533333333333334,0.6,0.85,0.0,1.0,0.61,1.0,0.05,,,0.4094405229163241,4.05638432402008
BHARTIARTL,Short-Term (Swing),BULLISH,2025-03-26,,62.2,stop_loss,-3.3173339918771805,1,1739.949951171875,1782.65,1682.23,2.454096383598059,3.3173339918771805,2.1594682337405873,1559.5,1765.0,1779.0,0.8533333333333334,0.6,0.85,0.7466666666666666,0.0,0.9400000000000001,1.0,0.08,,,1.4396993897010384,2.244320234718497
BHARTIARTL,Short-Term (Swing),BULLISH,2025-04-02,,61.9,stop_loss,-3.2219679633867293,4,1748.0,1782.65,1691.68,1.9822654462242628,3.2219679633867293,2.3905000732205672,1568.0,1765.0,1779.0,0.8533333333333334,0.6,0.85,0.7466666666666666,0.0,0.95,1.0,0.04,,,0.9725400457665904,1.7734553775743707
BHARTIARTL,Short-Term (Swing),HIGH_VOLATILITY,2025-04-11,,64.0,target1,-0.8682641077221609,0,1808.199951171875,1792.5,1691.16,-0.8682641077221609,6.472732791305658,2.4834371654948866,1612.199951171875,1774.75,1779.0,0.3,0.6,1.0,0.7466666666666666,0.5,0.9199999999999999,1.0,0.06,,,-1.8499033334336974,-1.6148629554464273
BHARTIARTL,Short-Term (Swing),STRONG_BULLISH,2025-05-06,,74.1,stop_loss,-3.467122567069969,6,1901.0,1931.12,1835.09,1.5844292477643185,3.467122567069969,2.3115895896061387,1669.4000244140625,1912.0,1912.0,1.0,0.6,1.0,0.7466666666666666,0.5,0.89,1.0,0.05,,,0.578642819568648,0.578642819568648
BHARTIARTL,Short-Term (Swing),STRONG_BULLISH,2025-06-05,,61.0,stop_loss,-2.254151815408767,7,1872.0999755859375,1907.89,1829.9,1.9117581796271876,2.254151815408767,1.7351806927908382,1799.5,1889.0,1917.0,1.0,0.6,1.0,0.7466666666666666,0.0,0.32,1.0,0.06,,,0.9027308709179946,2.3983774904975097
BHARTIARTL,Short-Term (Swing),STRONG_BULLISH,2025-06-20,,86.3,target1,1.9943005181347173,2,1930.0,1968.49,1887.18,1.9943005181347173,2.218652849740932,1.7045668006993346,1815.0,1949.0,1949.0,1.0,0.6,1.0,1.0,1.0,0.97,1.0,0.06,,,0.9844559585492229,0.9844559585492229
BHARTIARTL,Short-Term (Swing),STRONG_BULLISH,2025-06-26,,66.0,target1,1.4218905472636711,0,2010.0,2038.58,1963.2,1.4218905472636711,2.328358208955217,1.6913868322027614,1815.0,2018.4000244140625,2018.4000244140625,1.0,0.6,0.35,1.0,0.5,1.0,1.0,0.05,,,0.41791166239116917,0.41791166239116917
BHARTIARTL,Short-Term (Swing),STRONG_BULLISH,2025-09-19,,64.5,stop_loss,-1.8085977482087956,4,1954.0,1996.57,1918.66,2.1786079836233263,1.8085977482087956,1.4858145579159117,1870.0,1976.800048828125,2045.800048828125,1.0,0.6,0.85,0.0,1.0,0.5700000000000001,1.0,0.08,,,1.1668397557894064,4.698057770118987
BHARTIARTL,Short-Term (Swing),STRONG_BULLISH,2025-10-07,,61.8,target1,3.1213063763608107,9,1929.0,1989.21,1883.84,3.1213063763608107,2.3411093831000596,1.5606036540967199,1848.0999755859375,1976.800048828125,2045.800048828125,1.0,0.6,0.5,0.7466666666666666,0.5,0.58,1.0,0.13,,,2.4779703902604977,6.054953282951011
BHARTIARTL,Short-Term (Swing),STRONG_BULLISH,2025-10-20,,71.1,stop_loss,-2.338924246323826,2,2051.800048828125,2077.57,2003.81,1.2559679578228566,2.338924246323826,1.5497766659393382,1848.0999755859375,2057.0,2057.0,1.0,0.6,0.35,1.0,1.0,0.75,1.0,0.06,,,0.2534336216067899,0.2534336216067899
BHARTIARTL,Short-Term (Swing),STRONG_BULLISH,2025-10-24,,62.5,target1,2.8408866995073945,0,2030.0,2087.67,1980.16,2.8408866995073945,2.455172413793094,1.6141997641685348,1848.0999755859375,2067.0,2067.0,1.0,0.6,0.85,0.7466666666666666,0.0,0.71,1.0,0.12,,,1.8226600985221675,1.8226600985221675
BHARTIARTL,Short-Term (Swing),STRONG_BULLISH,2025-10-28,,71.7,target1,1.9505520883341454,6,2083.0,2123.63,2038.09,1.9505520883341454,2.156024963994241,1.662185251510679,1848.0999755859375,2102.60009765625,2102.60009765625,1.0,0.6,0.5,0.7466666666666666,1.0,0.89,1.0,0.06,,,0.9409552403384541,0.9409552403384541
BHARTIARTL,Short-Term (Swing),NEUTRAL,2025-11-06,,66.5,stop_loss,-0.37695312500000133,0,2048.0,2156.96,2040.28,5.320312500000002,0.37695312500000133,1.7380798101148855,1927.5999755859375,2135.60009765625,2135.60009765625,0.5466666666666666,0.6,0.5,0.7466666666666666,1.0,1.0,1.0,0.11000000000000001,,,4.277348518371582,4.277348518371582
BHARTIARTL,Short-Term (Swing),STRONG_BULLISH,2025-11-11,,72.2,target1,3.0742718446601813,6,2060.0,2123.33,1981.52,3.0742718446601813,3.8097087378640815,1.9839133495183896,1936.0,2135.60009765625,2135.60009765625,1.0,0.6,0.5,0.7466666666666666,1.0,0.8699999999999999,1.0,0.13,,,3.6699076532160193,3.6699076532160193
BHARTIARTL,Short-Term (Swing),STRONG_BULLISH,2025-11-19,,64.2,stop_loss,-2.2669683452888334,6,2153.10009765625,2187.86,2104.29,1.6144118139973074,2.2669683452888334,1.7134786301885232,1992.199951171875,2166.199951171875,2166.199951171875,1.0,0.6,0.85,0.7466666666666666,0.0,0.95,1.0,0.05,,,0.6084182305265232,0.6084182305265232
BHARTIARTL,Short-Term (Swing),STRONG_BULLISH,2025-12-22,,62.1,stop_loss,-2.796012980992113,6,2157.0,2192.41,2096.69,1.6416318961520515,2.796012980992113,1.5802884261609245,2038.0,2170.699951171875,2174.5,1.0,0.6,1.0,0.7466666666666666,0.0,0.4,1.0,0.09,,,0.6351391363873435,0.8113120074177098
BHARTIARTL,Short-Term (Swing),NEUTRAL,2025-12-30,,63.1,stop_loss,-2.187022900763369,9,2096.0,2165.99,2050.16,3.3392175572519056,2.187022900763369,1.5760156959389406,2038.0,2164.0,2174.5,0.5466666666666666,0.6,0.5,0.7466666666666666,1.0,0.64,1.0,0.13,,,3.2442748091603053,3.745229007633588
BHARTIARTL,Short-Term (Swing),BEARISH,2026-05-15,,71.6,target1,1.959783190621045,0,1904.800048828125,1942.13,1838.31,1.959783190621045,3.4906576608411566,2.3475280856593392,1740.5,1922.9000244140625,2174.5,0.2533333333333333,0.6,1.0,0.7466666666666666,1.0,1.0,1.0,0.06,,,0.9502296893090172,14.15896389428383
BHARTIARTL,Short-Term (Swing),BULLISH,2026-05-25,,61.6,stop_loss,-3.2059765208110935,6,1874.0,1955.97,1813.92,4.3740661686232585,3.2059765208110935,2.164726553874125,1740.5,1953.800048828125,2174.5,0.8533333333333334,0.6,0.85,0.7466666666666666,0.0,0.8300000000000001,1.0,0.13,,,4.258273683464514,16.03521878335112
CIPLA,Short-Term (Swing),STRONG_BULLISH,2024-07-15,^CNXPHARMA,60.0,stop_loss,-2.662137653028407,6,1517.199951171875,1571.06,1476.81,3.5499637860206823,2.662137653028407,1.7748411854791917,1465.300048828125,1582.0,1582.0,1.0,1.0,0.5,0.7466666666666666,0.5,0.0,1.0,0.13,,,4.271028929184573,4.271028929184573
CIPLA,Short-Term (Swing),STRONG_BULLISH,2024-07-24,^CNXPHARMA,62.1,target1,3.2890520694258907,1,1498.0,1547.27,1462.53,3.2890520694258907,2.3678237650200273,1.8168672155211025,1465.300048828125,1531.949951171875,1582.0,1.0,1.0,0.5,0.7466666666666666,0.5,0.22999999999999998,1.0,0.11000000000000001,,,2.2663518806325103,5.607476635514018
CIPLA,Short-Term (Swing),STRONG_BULLISH,2024-07-29,^CNXPHARMA,77.7,stop_loss,-3.2818532818532864,6,1554.0,1616.0,1503.0,3.9897039897039965,3.2818532818532864,2.185691534035363,1467.0,1600.0,1600.0,1.0,1.0,0.5,1.0,1.0,0.65,1.0,0.12,,,2.9601029601029603,2.9601029601029603
CIPLA,Short-Term (Swing),NEUTRAL,2024-08-06,^CNXPHARMA,62.1,target1,4.388096435309374,6,1532.0999755859375,1599.33,1481.32,4.388096435309374,3.3144035242554715,2.201006789281418,1470.6500244140625,1600.0,1600.0,0.5466666666666666,1.0,0.85,0.7466666666666666,0.0,0.9400000000000001,1.0,0.13,,,4.431827262975757,4.431827262975757
CIPLA,Short-Term (Swing),BULLISH,2024-08-16,^CNXPHARMA,67.0,target1,2.8078209762191664,9,1578.449951171875,1622.77,1528.69,2.8078209762191664,3.1524566955659306,2.0055422033058194,1470.6500244140625,1606.699951171875,1606.699951171875,0.8533333333333334,1.0,0.85,0.7466666666666666,0.0,1.0,1.0,0.1,,,1.7897304871165916,1.7897304871165916
CIPLA,Short-Term (Swing),STRONG_BULLISH,2024-08-29,^CNXPHARMA,83.1,target1,2.7071207430340527,0,1615.0,1658.72,1573.86,2.7071207430340527,2.5473684210526426,1.8408308452652442,1472.0,1642.300048828125,1642.300048828125,1.0,1.0,0.85,0.7466666666666666,1.0,0.9,1.0,0.09,,,1.6904055001934986,1.6904055001934986
CIPLA,Short-Term (Swing),STRONG_BULLISH,2024-09-02,^CNXPHARMA,62.3,stop_loss,-2.6939723430115525,31,1643.300048828125,1698.42,1599.03,3.3542231810424594,2.6939723430115525,1.9280997892630107,1472.0,1681.5999755859375,1681.5999755859375,1.0,1.0,0.5,0.7466666666666666,0.0,1.0,1.0,0.11000000000000001,,,2.3306715523513226,2.3306715523513226
CIPLA,Short-Term (Swing),BULLISH,2025-03-20,^CNXPHARMA,62.4,target1,1.2471084801815024,3,1513.9000244140625,1532.78,1470.13,1.2471084801815024,2.8912097039567097,1.8484126294885521,1389.300048828125,1517.5999755859375,1702.050048828125,0.8533333333333334,1.0,0.85,0.7466666666666666,0.0,0.5900000000000001,1.0,0.05,,,0.24439864668785002,12.428167077075237
CIPLA,Short-Term (Swing),BULLISH,2025-03-27,^CNXPHARMA,66.5,stop_loss,-2.288813559322034,0,1475.0,1538.44,1441.24,4.301016949152547,2.288813559322034,1.8727000213921134,1389.300048828125,1535.0,1702.050048828125,0.8533333333333334,1.0,0.85,0.7466666666666666,0.5,0.16999999999999998,1.0,0.13,,,4.067796610169491,15.393223649364407
CIPLA,Short-Term (Swing),BULLISH,2025-04-03,^CNXPHARMA,71.5,stop_loss,-3.322187122687481,0,1495.699951171875,1550.35,1446.01,3.6538109655821494,3.322187122687481,2.2146807768620516,1393.0999755859375,1535.0,1702.050048828125,0.8533333333333334,1.0,0.5,0.7466666666666666,1.0,0.64,1.0,0.11000000000000001,,,2.627535609487288,13.796222798200636
CIPLA,Short-Term (Swing),HIGH_VOLATILITY,2025-04-30,^CNXPHARMA,62.2,stop_loss,-2.8747967479674785,6,1537.5,1586.51,1493.3,3.187642276422764,2.8747967479674785,2.442827185578975,1335.0,1570.800048828125,1702.050048828125,0.3,1.0,0.85,0.7466666666666666,0.5,0.64,1.0,0.06,,,2.1658568343495936,10.702442200203253
CIPLA,Short-Term (Swing),STRONG_BULLISH,2025-06-16,^CNXPHARMA,70.1,stop_loss,-2.727570399476098,2,1527.0,1556.41,1485.35,1.9259986902423032,2.727570399476098,1.8185847073830295,1451.199951171875,1541.0,1702.050048828125,1.0,1.0,0.85,0.0,1.0,0.74,1.0,0.06999999999999999,,,0.9168303863785201,11.463657421619187
CIPLA,Short-Term (Swing),STRONG_BULLISH,2025-07-01,^CNXPHARMA,63.1,stop_loss,-2.4167020090984592,6,1515.699951171875,1556.41,1479.07,2.685891016665254,2.4167020090984592,1.6111575201364663,1465.9000244140625,1541.0,1702.050048828125,1.0,1.0,0.85,0.7466666666666666,0.0,0.38,1.0,0.11000000000000001,,,1.6691990264012395,12.294656175991296
CIPLA,Short-Term (Swing),BEARISH,2025-07-25,^CNXPHARMA,79.8,target1,1.8193647622947617,0,1541.199951171875,1569.24,1494.27,1.8193647622947617,3.0450267751560123,1.6631814376658338,1454.5,1553.699951171875,1702.050048828125,0.2533333333333333,1.0,1.0,1.0,1.0,1.0,1.0,0.1,,,0.8110563454466394,10.436679389585054
CIPLA,Short-Term (Swing),STRONG_BEARISH,2025-08-13,^CNXPHARMA,60.5,target1,2.1247999999999934,7,1562.5,1595.7,1516.96,2.1247999999999934,2.9145599999999994,1.881019935832307,1454.5,1579.9000244140625,1702.050048828125,0.0,0.6,1.0,0.7466666666666666,0.5,1.0,1.0,0.08,,,1.1136015625,8.931203125000001
CIPLA,Short-Term (Swing),STRONG_BULLISH,2025-10-20,^CNXPHARMA,62.6,target1,1.018403432646653,0,1646.699951171875,1663.47,1595.18,1.018403432646653,3.128678733196699,1.7863200820267398,1475.199951171875,1647.0,1647.0,1.0,1.0,0.5,0.0,1.0,0.7,1.0,0.06,,,0.018221220442222644,0.018221220442222644
CIPLA,Short-Term (Swing),STRONG_BULLISH,2025-10-23,^CNXPHARMA,65.9,stop_loss,-1.5125208267309898,0,1625.0999755859375,1689.73,1600.52,3.9769875936869648,1.5125208267309898,1.8067099755833296,1475.199951171875,1673.0,1673.0,1.0,1.0,0.5,0.0,1.0,0.99,1.0,0.1,,,2.947512468996987,2.947512468996987
CIPLA,Short-Term (Swing),STRONG_BULLISH,2025-10-29,^CNXPHARMA,65.0,stop_loss,-3.2230623818525594,0,1587.0,1641.44,1535.85,3.430371770636431,3.2230623818525594,1.9080675000561436,1488.0999755859375,1673.0,1673.0,1.0,1.0,0.85,0.7466666666666666,0.0,0.55,1.0,0.13,,,5.419029615626969,5.419029615626969
CIPLA,Short-Term (Swing),STRONG_BULLISH,2026-01-06,^CNXPHARMA,69.2,stop_loss,-0.9624010554089679,0,1516.0,1555.1,1501.41,2.579155672823208,0.9624010554089679,1.280001467851824,1475.9000244140625,1539.699951171875,1673.0,1.0,1.0,0.85,0.0,1.0,0.64,1.0,0.08,,,1.5633213174060028,10.356200527704486
CIPLA,Short-Term (Swing),NEUTRAL,2026-04-23,^CNXPHARMA,60.0,stop_loss,-2.3899613899613925,0,1295.0,1321.48,1264.05,2.044787644787638,2.3899613899613925,2.1364326683969512,1165.699951171875,1308.4000244140625,1673.0,0.5466666666666666,1.0,0.85,0.0,1.0,0.44000000000000006,1.0,0.04,,,1.0347509200048262,29.18918918918919
CIPLA,Short-Term (Swing),BULLISH,2026-05-08,^CNXPHARMA,60.2,stop_loss,-2.9294729027468436,0,1347.0,1393.3,1307.54,3.4372680029695513,2.9294729027468436,1.9531188395575054,1203.199951171875,1379.5,1673.0,0.8533333333333334,1.0,0.5,0.7466666666666666,0.0,1.0,1.0,0.12,,,2.412769116555308,24.201930215293245
CIPLA,Short-Term (Swing),BEARISH,2026-05-13,^CNXPHARMA,73.3,target1,2.057704436416352,0,1362.199951171875,1390.23,1280.63,2.057704436416352,5.9881041033441385,2.3586839403533424,1222.0,1379.5,1673.0,0.2533333333333333,1.0,0.85,0.7466666666666666,1.0,1.0,1.0,0.13,,,1.2700080346678984,22.816037290322143
CIPLA,Short-Term (Swing),BULLISH,2026-05-25,^CNXPHARMA,67.0,stop_loss,-3.2916064509829424,7,1413.9000244140625,1458.94,1367.36,3.1855134598079315,3.2916064509829424,2.194590386895887,1274.699951171875,1444.5,1673.0,0.8533333333333334,1.0,0.85,0.7466666666666666,0.0,1.0,1.0,0.1,,,2.1642248431687032,18.32519775882398
COALINDIA,Short-Term (Swing),STRONG_BULLISH,2024-07-11,^CNXMETAL,68.4,target1,1.4007936507936414,4,504.0,511.06,481.48,1.4007936507936414,4.468253968253966,2.47610768422618,461.5,506.0,527.4000244140625,1.0,0.15,0.85,0.7466666666666666,1.0,0.31,1.0,0.06,,,0.3968253968253968,4.642861986917163
COALINDIA,Short-Term (Swing),STRONG_BULLISH,2024-07-26,^CNXMETAL,78.3,target1,1.7648202137998226,1,514.5,523.58,487.02,1.7648202137998226,5.341107871720119,2.985371967307687,464.54998779296875,518.4000244140625,527.4000244140625,1.0,0.15,1.0,0.7466666666666666,1.0,1.0,1.0,0.06,,,0.7580222379130224,2.507293374939261
COALINDIA,Short-Term (Swing),STRONG_BULLISH,2024-07-31,^CNXMETAL,75.9,target1,-0.7738317757009283,0,535.0,530.86,500.01,-0.7738317757009283,6.540186915887847,2.833022728413044,464.54998779296875,525.5999755859375,527.4000244140625,1.0,0.6,0.85,1.0,0.5,1.0,1.0,0.04,,,-1.7570139091705608,-1.420556184287383
COALINDIA,Short-Term (Swing),NEUTRAL,2024-08-07,^CNXMETAL,61.5,stop_loss,-5.4176029962546774,6,534.0,547.67,505.07,2.559925093632942,5.4176029962546774,3.3147402376637034,464.54998779296875,542.25,542.25,0.5466666666666666,0.15,1.0,0.7466666666666666,0.5,1.0,0.5,0.06,,,1.544943820224719,1.544943820224719
COALINDIA,Short-Term (Swing),STRONG_BULLISH,2024-08-23,^CNXMETAL,71.6,stop_loss,-4.573800738007372,3,542.0,547.67,517.21,1.046125461254599,4.573800738007372,2.6776890522306798,497.54998779296875,542.25,542.25,1.0,1.0,1.0,0.7466666666666666,0.0,1.0,1.0,0.04,,,0.046125461254612546,0.046125461254612546
COALINDIA,Short-Term (Swing),STRONG_BULLISH,2024-09-27,^CNXMETAL,63.1,stop_loss,-2.730994152046784,4,513.0,534.29,498.99,4.150097465886926,2.730994152046784,2.210609316388358,476.25,529.0,543.5499877929688,1.0,1.0,0.85,0.0,1.0,0.0,1.0,0.11000000000000001,,,3.1189083820662766,5.9551633124695424
COALINDIA,Short-Term (Swing),BULLISH,2025-03-21,^CNXMETAL,85.5,stop_loss,-4.346123710380823,11,407.95001220703125,415.21,390.22,1.779626811062407,4.346123710380823,2.4956687520816225,352.3999938964844,411.1000061035156,543.5499877929688,0.8533333333333334,1.0,0.85,1.0,1.0,1.0,1.0,0.06999999999999999,,,0.77215193092966,33.23936059036607
COALINDIA,Short-Term (Swing),HIGH_VOLATILITY,2025-05-15,^CNXMETAL,63.1,target1,1.09852216748767,4,406.0,410.46,389.78,1.09852216748767,3.9950738916256223,2.4503776827270047,370.29998779296875,406.3999938964844,543.5499877929688,0.3,1.0,0.85,0.7466666666666666,1.0,0.0,1.0,0.04,,,0.09852066415871306,33.879307338169646
COALINDIA,Short-Term (Swing),STRONG_BULLISH,2025-05-23,^CNXMETAL,62.4,stop_loss,-3.820640481767612,18,402.54998779296875,420.61,387.17,4.486402373540632,3.820640481767612,2.3800396899015674,370.29998779296875,417.25,543.5499877929688,1.0,1.0,0.85,0.7466666666666666,0.0,0.29,1.0,0.13,,,3.6517234263565443,35.02670581933199
COALINDIA,Short-Term (Swing),NEUTRAL,2025-09-03,^CNXMETAL,68.1,target1,1.3859143379811867,11,391.79998779296875,397.23,380.26,1.3859143379811867,2.9453772722082383,1.6324144831819751,368.6499938964844,393.29998779296875,537.0,0.5466666666666666,1.0,1.0,0.0,1.0,0.9099999999999999,1.0,0.08,,,0.38284840396488623,37.05972861942928
COALINDIA,Short-Term (Swing),BULLISH,2025-09-16,^CNXMETAL,62.7,stop_loss,-3.6194029850746268,12,402.0,404.66,387.45,0.6616915422885672,3.6194029850746268,1.4059118576161262,368.6499938964844,400.6499938964844,517.8499755859375,0.8533333333333334,1.0,0.85,0.7466666666666666,0.0,0.5599999999999999,1.0,0.11000000000000001,,,-0.335822413809857,28.818401887049127
COALINDIA,Short-Term (Swing),STRONG_BULLISH,2025-10-07,^CNXMETAL,66.4,target1,2.658884565499342,19,385.5,395.75,378.05,2.658884565499342,1.932555123216595,1.4356695977805438,379.95001220703125,402.45001220703125,509.8999938964844,1.0,0.6,0.5,0.5466666666666666,1.0,0.3,1.0,0.42000000000000004,,,4.396890326078146,32.26977792386106
COALINDIA,Short-Term (Swing),STRONG_BULLISH,2025-10-29,^CNXMETAL,61.0,target1,2.890713523984445,1,382.95001220703125,394.02,378.05,2.890713523984445,1.2795435568186297,1.5735590514029336,379.95001220703125,399.29998779296875,483.79998779296875,1.0,0.6,0.5,0.0,1.0,0.0,1.0,1.0,,,4.269480366826139,26.33502346813238
COALINDIA,Short-Term (Swing),STRONG_BULLISH,2025-12-23,^CNXMETAL,65.6,target1,0.28727395792442767,0,403.79998779296875,404.96,392.13,0.28727395792442767,2.890041640851171,1.377337576714812,371.29998779296875,400.95001220703125,417.25,1.0,1.0,0.5,0.0,1.0,1.0,1.0,0.06,,,-0.7057889232524454,3.3308599835637365
COALINDIA,Short-Term (Swing),BULLISH,2025-12-26,^CNXMETAL,64.1,target1,2.5668316831683136,4,404.0,414.37,392.99,2.5668316831683136,2.725247524752472,1.5188909549003249,372.20001220703125,412.3999938964844,417.25,0.8533333333333334,1.0,0.5,1.0,0.0,1.0,1.0,0.13,,,2.079206410020885,3.2797029702970297
COALINDIA,Short-Term (Swing),STRONG_BULLISH,2026-01-05,^CNXMETAL,78.1,target1,3.2950819672131093,8,427.0,441.07,415.41,3.2950819672131093,2.7142857142857135,1.8782159867944188,373.3500061035156,436.70001220703125,436.70001220703125,1.0,1.0,0.35,1.0,1.0,1.0,1.0,0.11000000000000001,,,2.2716656222555622,2.2716656222555622
COALINDIA,Short-Term (Swing),HIGH_VOLATILITY,2026-01-28,^CNXMETAL,66.1,target1,0.988789237668164,0,446.0,450.41,428.61,0.988789237668164,3.899103139013449,2.3178715329500648,397.54998779296875,445.95001220703125,445.95001220703125,0.3,1.0,0.5,0.7466666666666666,1.0,1.0,1.0,0.04,,,-0.011208025329316144,-0.011208025329316144
COALINDIA,Short-Term (Swing),HIGH_VOLATILITY,2026-02-25,^CNXMETAL,62.7,stop_loss,-3.610256410256407,4,438.75,459.52,422.91,4.733903133903139,3.610256410256407,2.38450779509289,406.6000061035156,461.54998779296875,461.54998779296875,0.3,1.0,1.0,0.7466666666666666,0.5,0.32,1.0,0.13,,,5.196578414351852,5.196578414351852
COALINDIA,Short-Term (Swing),HIGH_VOLATILITY,2026-03-04,^CNXMETAL,64.9,target1,1.2859266572764705,0,440.1499938964844,445.81,419.07,1.2859266572764705,4.789275062773724,2.464245514481127,406.6000061035156,441.3999938964844,461.54998779296875,0.3,0.15,0.85,0.7466666666666666,1.0,1.0,1.0,0.06999999999999999,,,0.2839940968609847,4.861977551570132
COALINDIA,Short-Term (Swing),HIGH_VOLATILITY,2026-03-12,^CNXMETAL,68.4,stop_loss,-4.6934460887949285,5,473.0,478.74,450.8,1.2135306553911152,4.6934460887949285,2.737640695904346,406.6000061035156,474.0,474.0,0.3,0.15,0.85,1.0,1.0,1.0,1.0,0.04,,,0.21141649048625794,0.21141649048625794
COALINDIA,Short-Term (Swing),HIGH_VOLATILITY,2026-03-20,^CNXMETAL,64.9,stop_loss,-3.6909871244635184,1,466.0,480.76,448.8,3.1673819742489284,3.6909871244635184,2.7558197364003876,415.04998779296875,476.0,476.0,0.3,0.15,0.85,0.7466666666666666,1.0,1.0,1.0,0.06999999999999999,,,2.1459227467811157,2.1459227467811157
COALINDIA,Short-Term (Swing),NEUTRAL,2026-04-24,^CNXMETAL,62.7,target1,2.399127589967276,1,458.5,469.5,438.97,2.399127589967276,4.2595419847328175,2.4891952730563296,427.5,464.8500061035156,476.0,0.5466666666666666,1.0,1.0,0.7466666666666666,0.5,0.0,1.0,0.08,,,1.3849522581277263,3.816793893129771
COALINDIA,Short-Term (Swing),BULLISH,2026-04-29,^CNXMETAL,74.8,target1,1.2612215169802932,0,484.45001220703125,490.56,460.9,1.2612215169802932,4.861185181881488,2.6400786018075086,427.5,485.70001220703125,485.70001220703125,0.8533333333333334,1.0,0.85,1.0,0.5,0.6900000000000001,1.0,0.06,,,0.25802455743685865,0.25802455743685865
COALINDIA,Short-Term (Swing),STRONG_BULLISH,2026-05-07,^CNXMETAL,75.0,stop_loss,-2.6474440337937777,19,461.20001220703125,490.2,448.99,6.287941679401077,2.6474440337937777,2.5228217699070896,427.5,491.25,491.25,1.0,1.0,0.5,0.7466666666666666,1.0,0.75,1.0,0.13,,,6.515608629142751,6.515608629142751
COALINDIA,Short-Term (Swing),BEARISH,2026-06-01,^CNXMETAL,75.9,stop_loss,-3.7245942058496184,8,469.8500061035156,484.8,452.35,3.181865212786783,3.7245942058496184,2.8567263655531296,428.3999938964844,480.0,491.25,0.2533333333333333,1.0,1.0,1.0,1.0,0.65,1.0,0.06,,,2.160262586917614,4.554643741298496
DRREDDY,Short-Term (Swing),STRONG_BULLISH,2024-07-15,^CNXPHARMA,66.5,stop_loss,-2.455638760211498,2,1351.989990234375,1390.76,1318.79,2.86762550356634,2.455638760211498,1.9703528972523445,1177.5999755859375,1376.989990234375,1376.989990234375,1.0,1.0,0.35,0.7466666666666666,0.5,1.0,1.0,0.08,,,1.8491261163602335,1.8491261163602335
DRREDDY,Short-Term (Swing),STRONG_BULLISH,2024-07-19,^CNXPHARMA,62.5,target1,4.844224924012153,2,1316.0,1379.75,1287.79,4.844224924012153,2.1436170212766004,1.9795729199399308,1191.030029296875,1376.989990234375,1376.989990234375,1.0,1.0,0.5,0.7466666666666666,0.0,1.0,1.0,0.13,,,4.634497738174392,4.634497738174392
DRREDDY,Short-Term (Swing),STRONG_BULLISH,2024-07-25,^CNXPHARMA,62.0,target1,1.732481746909853,13,1377.7900390625,1401.66,1329.4,1.732481746909853,3.512148998800013,2.0059273339733954,1199.0,1387.780029296875,1387.780029296875,1.0,1.0,0.5,0.7466666666666666,0.0,1.0,1.0,0.08,,,0.725073483705294,0.725073483705294
DRREDDY,Short-Term (Swing),STRONG_BULLISH,2024-08-19,^CNXPHARMA,61.2,target1,2.530303030303016,1,1386.0,1421.07,1342.68,2.530303030303016,3.1255411255411203,1.9091965058615663,1316.0,1407.0,1407.0,1.0,1.0,0.5,0.7466666666666666,0.0,0.9,1.0,0.1,,,1.5151515151515151,1.5151515151515151
DRREDDY,Short-Term (Swing),STRONG_BULLISH,2024-08-27,^CNXPHARMA,66.0,stop_loss,-2.562130037989674,7,1392.5899658203125,1435.7,1356.91,3.095673187210801,2.562130037989674,1.7082128733137956,1347.0,1421.489990234375,1421.489990234375,1.0,1.0,0.5,0.7466666666666666,0.5,0.61,1.0,0.12,,,2.0752716250571854,2.0752716250571854
DRREDDY,Short-Term (Swing),BEARISH,2024-12-19,^CNXPHARMA,61.2,target1,1.4072398190045243,0,1326.0,1344.66,1281.02,1.4072398190045243,3.3921568627450993,2.2417513402797007,1188.449951171875,1331.3499755859375,1421.489990234375,0.2533333333333333,1.0,0.85,0.0,1.0,1.0,1.0,0.04,,,0.4034672387584841,7.2013567295908745
DRREDDY,Short-Term (Swing),BULLISH,2025-01-02,^CNXPHARMA,66.8,stop_loss,-3.305337785112583,11,1375.050048828125,1412.23,1329.6,2.7038980292798387,3.305337785112583,2.20339373012419,1210.0999755859375,1398.25,1421.489990234375,0.8533333333333334,1.0,0.85,0.7466666666666666,0.0,1.0,1.0,0.08,,,1.6872077632117437,3.377327352253691
DRREDDY,Short-Term (Swing),BULLISH,2025-04-01,^CNXPHARMA,60.6,target1,4.85130434782608,1,1150.0,1205.79,1112.01,4.85130434782608,3.3034782608695634,2.3254210840830996,1092.449951171875,1216.3499755859375,1421.489990234375,0.8533333333333334,0.6,0.85,0.0,1.0,0.35,1.0,0.13,,,5.769563094429349,23.607825237771742
DRREDDY,Short-Term (Swing),HIGH_VOLATILITY,2025-05-13,^CNXPHARMA,60.7,target1,3.3058558936526428,7,1213.300048828125,1253.41,1155.22,3.3058558936526428,4.786948528043167,2.8650082580000187,1102.25,1241.0,1421.489990234375,0.3,0.6,1.0,0.7466666666666666,0.5,0.5599999999999999,1.0,0.09,,,2.2830256372798474,17.15898236444743
DRREDDY,Short-Term (Swing),STRONG_BULLISH,2025-05-23,^CNXPHARMA,60.1,target1,3.1929404672258688,10,1229.9000244140625,1269.17,1184.51,3.1929404672258688,3.690545858447869,2.4708234680079744,1129.4000244140625,1256.5999755859375,1421.489990234375,1.0,0.6,0.85,0.7466666666666666,0.0,0.5,1.0,0.09,,,2.1709041907365716,15.577686154741563
DRREDDY,Short-Term (Swing),STRONG_BULLISH,2025-06-06,^CNXPHARMA,65.9,target1,0.6576748098065854,1,1327.4000244140625,1336.13,1281.33,0.6576748098065854,3.470696366334536,1.9969223513615515,1143.9000244140625,1322.9000244140625,1421.489990234375,1.0,0.6,0.35,1.0,0.5,1.0,1.0,0.04,,,-0.33900858198238915,7.088290198114578
DRREDDY,Short-Term (Swing),STRONG_BULLISH,2025-06-11,^CNXPHARMA,62.6,target1,1.1933823529411747,0,1360.0,1376.23,1311.58,1.1933823529411747,3.560294117647067,1.9500052371477312,1200.199951171875,1362.5999755859375,1421.489990234375,1.0,1.0,0.35,1.0,0.0,1.0,1.0,0.06,,,0.19117467543658087,4.521322811351103
DRREDDY,Short-Term (Swing),STRONG_BULLISH,2025-07-03,^CNXPHARMA,60.5,stop_loss,-3.5011511895625347,6,1303.0,1343.75,1257.38,3.127398311588636,3.5011511895625347,2.0308032161609706,1263.699951171875,1379.699951171875,1421.489990234375,1.0,1.0,0.5,0.5466666666666666,0.5,0.24,1.0,0.24,,,5.886412215800077,9.093629334948195
DRREDDY,Short-Term (Swing),BULLISH,2025-09-10,^CNXPHARMA,66.3,target1,1.4647239263803513,7,1304.0,1323.1,1265.99,1.4647239263803513,2.9148773006134943,1.9529830454742683,1204.0999755859375,1310.0,1405.9000244140625,0.8533333333333334,0.6,0.85,1.0,0.0,1.0,1.0,0.05,,,0.4601226993865031,7.8144190501581665
DRREDDY,Short-Term (Swing),STRONG_BULLISH,2025-09-23,^CNXPHARMA,61.2,stop_loss,-2.2174516799957633,1,1303.300048828125,1340.07,1274.4,2.8212959252888137,2.2174516799957633,1.7325862170876418,1240.800048828125,1326.800048828125,1405.9000244140625,1.0,0.6,0.85,0.7466666666666666,0.0,0.61,1.0,0.09,,,1.8031151016322184,7.872321932174503
DRREDDY,Short-Term (Swing),STRONG_BULLISH,2025-12-02,^CNXPHARMA,65.0,target1,0.5827379679286704,0,1283.5999755859375,1291.08,1244.47,0.5827379679286704,3.0484556193665746,1.606378061392107,1193.199951171875,1278.300048828125,1405.9000244140625,1.0,1.0,0.85,0.0,0.5,1.0,1.0,0.05,,,-0.41289551718736905,9.527894293726321
DRREDDY,Short-Term (Swing),BULLISH,2025-12-12,^CNXPHARMA,60.0,stop_loss,-1.9805493709726174,17,1274.9000244140625,1305.93,1249.65,2.4339144240113075,1.9805493709726174,1.5452210888032754,1219.0,1293.0,1405.9000244140625,0.8533333333333334,0.6,0.85,0.7466666666666666,0.0,0.71,1.0,0.09,,,1.4197172514963403,10.275315514266063
DRREDDY,Short-Term (Swing),HIGH_VOLATILITY,2026-02-23,^CNXPHARMA,63.9,stop_loss,-2.9185468451242924,1,1307.5,1326.63,1269.34,1.4630975143403502,2.9185468451242924,1.940584440882965,1167.0999755859375,1313.5,1379.699951171875,0.3,1.0,0.85,0.7466666666666666,0.5,0.82,1.0,0.05,,,0.45889101338432126,5.521984793260038
DRREDDY,Short-Term (Swing),BEARISH,2026-02-26,^CNXPHARMA,65.0,stop_loss,-2.6381524996167194,0,1313.800048828125,1340.27,1279.14,2.014762535249215,2.6381524996167194,2.0294639682593405,1167.0999755859375,1327.0,1379.699951171875,0.2533333333333333,1.0,0.85,0.7466666666666666,0.5,1.0,1.0,0.05,,,1.0047153814348697,5.015976548526617
DRREDDY,Short-Term (Swing),HIGH_VOLATILITY,2026-03-10,^CNXPHARMA,66.3,stop_loss,-3.3407044772739813,5,1311.0999755859375,1342.9,1267.3,2.4254461906958014,3.3407044772739813,2.398792893842398,1221.199951171875,1329.5999755859375,1379.699951171875,0.3,1.0,0.5,0.7466666666666666,1.0,1.0,1.0,0.06,,,1.4110289332994803,5.23224596623761
DRREDDY,Short-Term (Swing),STRONG_BULLISH,2026-05-06,^CNXPHARMA,65.2,stop_loss,-4.1990662753876755,6,1309.0999755859375,1386.83,1254.13,5.937669075218754,4.1990662753876755,2.8919710647637125,1185.4000244140625,1375.9000244140625,1379.699951171875,1.0,1.0,0.85,0.0,0.5,0.9400000000000001,1.0,0.13,,,5.1027461671310546,5.393016339667854
DRREDDY,Short-Term (Swing),BEARISH,2026-05-15,^CNXPHARMA,68.4,stop_loss,-4.2738496071829335,15,1336.5,1389.66,1279.38,3.97755331088665,4.2738496071829335,2.8588339401076057,1208.0999755859375,1375.9000244140625,1379.699951171875,0.2533333333333333,1.0,1.0,0.7466666666666666,0.5,1.0,1.0,0.09,,,2.9480003302702955,3.2323195788907593
EICHERMOT,Short-Term (Swing),STRONG_BULLISH,2024-07-10,^CNXAUTO,68.2,target1,3.0090449545590703,15,4878.9501953125,5025.76,4695.41,3.0090449545590703,3.7618788461673214,2.1135984205095535,4592.89990234375,4976.0,4976.0,1.0,0.6,1.0,0.7466666666666666,0.5,0.24,1.0,0.11000000000000001,,,1.9891534203555012,1.9891534203555012
EICHERMOT,Short-Term (Swing),STRONG_BULLISH,2024-07-30,^CNXAUTO,68.6,stop_loss,-3.250504245522967,2,4951.85009765625,5109.49,4790.89,3.183454653006601,3.250504245522967,2.1669554506276585,4592.89990234375,5058.89990234375,5058.89990234375,1.0,1.0,0.5,0.7466666666666666,0.5,0.89,1.0,0.1,,,2.161814323462003,2.161814323462003
EICHERMOT,Short-Term (Swing),STRONG_BULLISH,2024-08-20,^CNXAUTO,63.3,stop_loss,-3.5182004089979513,19,4890.0,5103.64,4717.96,4.3689161554192335,3.5182004089979513,2.256550079800992,4548.0,5058.89990234375,5058.89990234375,1.0,0.6,1.0,0.7466666666666666,0.0,0.48,1.0,0.13,,,3.453985733001023,3.453985733001023
EICHERMOT,Short-Term (Swing),STRONG_BULLISH,2024-09-12,^CNXAUTO,66.3,target1,4.183085319609181,7,4857.89990234375,5061.11,4731.56,4.183085319609181,2.600710283939678,1.9616056970329139,4689.35009765625,5011.0,5058.89990234375,1.0,0.6,0.5,0.7466666666666666,1.0,0.27999999999999997,1.0,0.13,,,3.151569623375424,4.137590399979737
EICHERMOT,Short-Term (Swing),STRONG_BULLISH,2024-09-23,^CNXAUTO,68.9,target1,3.9261381074168877,3,4887.5,5079.39,4729.67,3.9261381074168877,3.2292583120204554,2.0476819594003617,4689.35009765625,5062.2001953125,5062.2001953125,1.0,1.0,0.5,0.7466666666666666,1.0,0.13999999999999999,1.0,0.13,,,3.5744285485933505,3.5744285485933505
EICHERMOT,Short-Term (Swing),HIGH_VOLATILITY,2024-11-25,^CNXAUTO,61.8,stop_loss,-3.985825514074659,2,5009.0,5117.67,4809.35,2.1694949091635163,3.985825514074659,2.572143607502725,4508.75,5067.0,5105.0,0.3,0.6,0.85,0.7466666666666666,0.5,1.0,1.0,0.06,,,1.1579157516470353,1.9165502096226792
EICHERMOT,Short-Term (Swing),BULLISH,2025-01-02,^CNXAUTO,75.2,target1,1.0948356807511717,0,5325.0,5383.3,5120.58,1.0948356807511717,3.8388732394366243,2.355123567677607,4673.60009765625,5330.0,5330.0,0.8533333333333334,1.0,0.35,1.0,1.0,1.0,1.0,0.04,,,0.09389671361502347,0.09389671361502347
EICHERMOT,Short-Term (Swing),NEUTRAL,2025-02-01,^CNXAUTO,67.3,target1,-1.7528251121076255,0,5575.0,5477.28,5196.83,-1.7528251121076255,6.783318385650228,2.3910140078145203,4925.60009765625,5423.0498046875,5423.0498046875,0.5466666666666666,0.6,0.85,1.0,0.5,0.82,1.0,0.04,,,-2.725564041479821,-2.725564041479821
EICHERMOT,Short-Term (Swing),NEUTRAL,2025-02-04,^CNXAUTO,66.6,stop_loss,-3.6154128440366917,6,5450.0,5631.26,5252.96,3.3258715596330424,3.6154128440366917,2.411511721633721,4925.60009765625,5575.5,5575.5,0.5466666666666666,1.0,0.5,1.0,0.5,1.0,1.0,0.09,,,2.302752293577982,2.302752293577982
EICHERMOT,Short-Term (Swing),BULLISH,2025-03-20,^CNXAUTO,62.8,target1,1.1885752706050967,0,5249.14990234375,5311.54,5050.38,1.1885752706050967,3.786706534233264,2.281649732135371,4677.0498046875,5258.9501953125,5575.5,0.8533333333333334,1.0,0.85,0.0,0.5,1.0,1.0,0.05,,,0.18670247851702923,6.217199046088099
EICHERMOT,Short-Term (Swing),BULLISH,2025-03-27,^CNXAUTO,65.2,stop_loss,-3.586425508111135,10,5363.0,5554.85,5170.66,3.5772888308782447,3.586425508111135,2.1835712914625263,4755.0,5499.85009765625,5575.5,0.8533333333333334,1.0,0.5,0.7466666666666666,0.5,0.75,1.0,0.12,,,2.551745248112064,3.9623345142644038
EICHERMOT,Short-Term (Swing),HIGH_VOLATILITY,2025-04-15,^CNXAUTO,64.6,target1,1.145611821949899,0,5549.0,5612.57,5311.7,1.145611821949899,4.276446206523699,2.620168139808356,4935.0,5557.0,5575.5,0.3,0.6,1.0,0.7466666666666666,0.5,1.0,1.0,0.04,,,0.14417012074247612,0.47756352495945215
EICHERMOT,Short-Term (Swing),HIGH_VOLATILITY,2025-04-17,^CNXAUTO,69.4,target1,1.3545781757527742,0,5695.5,5772.65,5466.14,1.3545781757527742,4.02703889035203,2.4931919449167084,4999.9501953125,5715.5,5715.5,0.3,1.0,0.85,1.0,0.5,1.0,1.0,0.04,,,0.35115442015626375,0.35115442015626375
EICHERMOT,Short-Term (Swing),NEUTRAL,2025-06-18,^CNXAUTO,68.0,target1,2.176155268022173,1,5410.0,5527.73,5237.99,2.176155268022173,3.1794824399260624,1.9162294163185083,5219.5,5473.0,5906.5,0.5466666666666666,0.6,1.0,0.5466666666666666,1.0,0.47000000000000003,1.0,0.09,,,1.164510166358595,9.177449168207024
EICHERMOT,Short-Term (Swing),STRONG_BULLISH,2025-06-26,^CNXAUTO,69.1,target1,1.6744434550311826,4,5615.0,5709.02,5464.63,1.6744434550311826,2.678005342831702,1.7448562695297285,5219.5,5652.5,5906.5,1.0,1.0,0.85,0.0,1.0,0.64,1.0,0.06999999999999999,,,0.667853962600178,5.191451469278718
EICHERMOT,Short-Term (Swing),STRONG_BULLISH,2025-07-02,^CNXAUTO,61.0,stop_loss,-2.254465849387033,11,5710.0,5806.49,5581.27,1.6898423817863328,2.254465849387033,1.6453248245080438,5219.5,5749.0,5906.5,1.0,1.0,0.5,0.7466666666666666,0.0,0.9199999999999999,1.0,0.06,,,0.6830122591943958,3.4413309982486866
EICHERMOT,Short-Term (Swing),NEUTRAL,2025-08-18,^CNXAUTO,74.3,target1,2.81750591416019,7,5918.0,6084.74,5755.55,2.81750591416019,2.7450152078404844,1.7642482319568646,5353.0,6024.5,6024.5,0.5466666666666666,1.0,0.5,1.0,1.0,1.0,1.0,0.11000000000000001,,,1.7995944575870226,1.7995944575870226
EICHERMOT,Short-Term (Swing),NEUTRAL,2025-09-04,^CNXAUTO,67.7,target1,3.709722437587226,3,6449.0,6688.24,6227.57,3.709722437587226,3.433555590013959,2.0485451841420987,5588.0,6713.0,6713.0,0.5466666666666666,1.0,0.35,0.7466666666666666,1.0,1.0,1.0,0.13,,,4.093657931462242,4.093657931462242
EICHERMOT,Short-Term (Swing),NEUTRAL,2025-09-09,^CNXAUTO,63.3,target1,1.541594202898544,9,6900.0,7006.37,6655.71,1.541594202898544,3.5404347826086924,2.121726025843185,5643.0,6937.0,6937.0,0.5466666666666666,1.0,0.35,1.0,0.5,1.0,1.0,0.06,,,0.5362318840579711,0.5362318840579711
EICHERMOT,Short-Term (Swing),STRONG_BULLISH,2025-10-31,^CNXAUTO,64.3,stop_loss,-3.0102418207681336,3,7030.0,7175.55,6818.38,2.0704125177809507,3.0102418207681336,1.794561926315639,6792.0,7104.5,7122.5,1.0,0.6,0.5,0.7466666666666666,1.0,0.12,1.0,0.09,,,1.0597439544807967,1.3157894736842104
EICHERMOT,Short-Term (Swing),STRONG_BULLISH,2025-11-17,^CNXAUTO,64.2,target1,3.4453547915142657,2,6835.0,7070.49,6636.65,3.4453547915142657,2.9019751280175643,1.9965353444323077,6670.0,7104.5,7122.5,1.0,0.6,0.5,0.5466666666666666,1.0,0.06,1.0,0.44000000000000006,,,3.9429407461594734,4.206291148500366
EICHERMOT,Short-Term (Swing),STRONG_BULLISH,2025-11-21,^CNXAUTO,63.2,target1,1.7555757533384675,0,7151.5,7277.05,6923.04,1.7555757533384675,3.19457456477662,1.9759430106324964,6670.0,7205.0,7205.0,1.0,1.0,0.85,0.0,0.5,0.8,1.0,0.06999999999999999,,,0.7480948052856045,0.7480948052856045
EICHERMOT,Short-Term (Swing),STRONG_BULLISH,2025-11-28,^CNXAUTO,65.6,target1,3.835728952772066,22,7061.5,7332.36,6844.36,3.835728952772066,3.074984068540687,1.9767257136613985,6670.0,7284.5,7284.5,1.0,1.0,0.85,0.7466666666666666,0.0,0.61,1.0,0.13,,,3.1579692699851307,3.1579692699851307
EICHERMOT,Short-Term (Swing),STRONG_BULLISH,2025-12-24,^CNXAUTO,61.6,target1,1.6847945205479498,10,7300.0,7422.99,7128.81,1.6847945205479498,2.3450684931506816,1.6746670194726248,6956.0,7349.5,7349.5,1.0,0.6,0.85,0.7466666666666666,0.0,0.6799999999999999,1.0,0.06,,,0.678082191780822,0.678082191780822
EICHERMOT,Short-Term (Swing),STRONG_BULLISH,2026-01-06,^CNXAUTO,72.2,stop_loss,-2.506446896185033,5,7523.0,7644.69,7334.44,1.617572776817755,2.506446896185033,1.6666815137806306,7013.5,7569.0,7569.0,1.0,1.0,0.85,1.0,0.0,0.95,1.0,0.06999999999999999,,,0.6114581948690682,0.6114581948690682
EICHERMOT,Short-Term (Swing),HIGH_VOLATILITY,2026-02-11,^CNXAUTO,61.0,target1,1.33106240760974,0,7779.5,7883.05,7478.96,1.33106240760974,3.863230284722663,2.5053424380040648,6738.0,7805.0,7805.0,0.3,1.0,0.85,0.0,1.0,0.9099999999999999,1.0,0.04,,,0.32778456198984507,0.32778456198984507
EICHERMOT,Short-Term (Swing),HIGH_VOLATILITY,2026-02-25,^CNXAUTO,66.0,target1,2.256218905472629,0,8040.0,8221.4,7731.85,2.256218905472629,3.832711442786063,2.29897967531502,6738.0,8140.0,8140.0,0.3,1.0,0.85,0.7466666666666666,0.5,1.0,1.0,0.08,,,1.2437810945273633,1.2437810945273633
EICHERMOT,Short-Term (Swing),BULLISH,2026-05-25,^CNXAUTO,79.0,stop_loss,-3.943762643290627,6,7415.0,7546.22,7122.57,1.7696561024949542,3.943762643290627,2.6204937566122477,6752.5,7471.5,8230.0,0.8533333333333334,0.6,1.0,0.7466666666666666,1.0,0.86,1.0,0.04,,,0.7619689817936615,10.991233985165206
ETERNAL,Short-Term (Swing),STRONG_BULLISH,2024-07-09,,62.0,target1,1.4741784037558547,1,213.0,216.14,202.17,1.4741784037558547,5.084507042253527,3.2589036818665824,179.3300018310547,214.0,214.0,1.0,0.6,0.85,0.7466666666666666,0.0,1.0,0.5,0.03,,,0.4694835680751174,0.4694835680751174
ETERNAL,Short-Term (Swing),STRONG_BULLISH,2024-07-15,,63.5,stop_loss,-5.030434782608695,0,230.0,234.32,218.43,1.878260869565218,5.030434782608695,3.1186419137510057,184.8000030517578,232.0,232.0,1.0,0.6,0.35,1.0,0.5,1.0,0.5,0.05,,,0.8695652173913043,0.8695652173913043
ETERNAL,Short-Term (Swing),STRONG_BULLISH,2024-07-18,,70.3,stop_loss,-4.266253157856681,4,217.99000549316406,234.32,208.69,7.491166611006861,4.266253157856681,3.6064554144624013,191.9499969482422,232.0,232.0,1.0,0.6,0.85,0.7466666666666666,0.5,1.0,0.5,0.11000000000000001,,,6.426897634660262,6.426897634660262
ETERNAL,Short-Term (Swing),STRONG_BULLISH,2024-07-24,,62.5,target1,6.027149321266956,7,221.0,234.32,210.54,6.027149321266956,4.733031674208144,3.863009025701901,194.55999755859375,232.0,232.0,1.0,0.6,0.85,0.7466666666666666,0.0,1.0,0.5,0.08,,,4.97737556561086,4.97737556561086
ETERNAL,Short-Term (Swing),STRONG_BULLISH,2024-08-02,,71.7,stop_loss,-3.023622047244101,28,254.0,281.49,246.32,10.822834645669289,3.023622047244101,4.069864064266233,204.77000427246094,278.70001220703125,278.70001220703125,1.0,0.6,0.35,1.0,1.0,1.0,0.5,0.12,,,9.724414254736713,9.724414254736713
ETERNAL,Short-Term (Swing),NEUTRAL,2024-09-11,,71.2,target1,2.8990273474181816,0,276.29998779296875,284.31,256.48,2.8990273474181816,7.1733581862550855,3.7464041745459578,240.39999389648438,281.5,281.5,0.5466666666666666,0.6,1.0,0.7466666666666666,1.0,0.75,0.5,0.08,,,1.8820168066484364,1.8820168066484364
ETERNAL,Short-Term (Swing),STRONG_BULLISH,2024-09-16,,60.0,target1,4.199534075215139,3,277.6499938964844,289.31,261.26,4.199534075215139,5.903113364589174,3.9472092964793606,240.39999389648438,286.45001220703125,286.45001220703125,1.0,0.6,0.85,0.7466666666666666,0.0,0.76,0.5,0.06999999999999999,,,3.1694646151614054,3.1694646151614054
ETERNAL,Short-Term (Swing),HIGH_VOLATILITY,2024-12-05,,70.5,stop_loss,-5.376666666666663,7,300.0,307.7,283.87,2.5666666666666726,5.376666666666663,3.4466733876730284,243.3000030517578,304.6499938964844,304.6499938964844,0.3,0.6,0.85,1.0,1.0,1.0,0.5,0.05,,,1.5499979654947915,1.5499979654947915
ETERNAL,Short-Term (Swing),NEUTRAL,2024-12-17,,66.1,stop_loss,-5.304001195690344,2,297.70001220703125,307.75,281.91,3.3758775212879844,5.304001195690344,3.344140871846325,262.1099853515625,304.70001220703125,304.70001220703125,0.5466666666666666,0.6,1.0,0.7466666666666666,0.5,1.0,0.5,0.06999999999999999,,,2.3513603335467614,2.3513603335467614
ETERNAL,Short-Term (Swing),HIGH_VOLATILITY,2025-05-02,,67.0,target1,4.852878464818766,11,234.5,245.88,220.05,4.852878464818766,6.1620469083155545,4.00138180081167,194.8000030517578,243.4499969482422,304.70001220703125,0.3,0.6,0.85,0.7466666666666666,1.0,1.0,0.5,0.08,,,3.8166298286747065,29.936039320695627
ETERNAL,Short-Term (Swing),STRONG_BULLISH,2025-05-30,,65.6,target1,5.098816976060472,3,237.30999755859375,249.41,225.07,5.098816976060472,5.157809483172571,3.70309020752444,221.10000610351562,246.94000244140625,304.70001220703125,1.0,0.6,0.5,0.7466666666666666,1.0,0.51,0.5,0.08,,,4.057985328003206,28.397461270799752
ETERNAL,Short-Term (Swing),STRONG_BULLISH,2025-06-06,,65.8,stop_loss,-5.276821007466959,4,261.8999938964844,266.64,248.08,1.809853460855404,5.276821007466959,3.507187657841108,221.10000610351562,264.0,304.70001220703125,1.0,0.6,0.85,1.0,0.0,1.0,0.5,0.03,,,0.8018351097578298,16.342122683463494
ETERNAL,Short-Term (Swing),STRONG_BULLISH,2025-06-16,,62.9,target1,6.104256570614819,23,251.3000030517578,266.64,240.01,6.104256570614819,4.4926394407693415,3.2090042799232674,221.10000610351562,264.0,304.70001220703125,1.0,0.6,0.85,0.7466666666666666,0.0,1.0,0.5,0.12,,,5.053719376846363,21.249505971663343
ETERNAL,Short-Term (Swing),NEUTRAL,2025-07-14,,76.4,stop_loss,-4.012502442584798,2,271.8999938964844,280.53,260.99,3.1739633310919224,4.012502442584798,2.3685754288253196,246.85000610351562,277.75,304.70001220703125,0.5466666666666666,0.6,1.0,0.7466666666666666,1.0,1.0,1.0,0.1,,,2.1515285894941187,12.063265556024337
ETERNAL,Short-Term (Swing),NEUTRAL,2025-07-21,,70.0,target1,-4.255972696245747,0,293.0,280.53,261.0,-4.255972696245747,10.921501706484637,2.62505459836307,254.22000122070312,277.75,304.70001220703125,0.5466666666666666,0.6,0.5,1.0,1.0,1.0,1.0,0.08,,,-5.2047781569965865,3.9931782276557164
ETERNAL,Short-Term (Swing),NEUTRAL,2025-07-23,,64.6,target1,4.006617038875104,0,302.25,314.36,288.11,4.006617038875104,4.678246484698089,3.0759270227447235,256.20001220703125,311.25,311.25,0.5466666666666666,0.6,0.35,1.0,1.0,1.0,0.5,0.09,,,2.977667493796526,2.977667493796526
ETERNAL,Short-Term (Swing),STRONG_BULLISH,2025-09-22,,61.5,stop_loss,-2.856727337823628,2,340.95001220703125,347.34,331.21,1.8741714515876362,2.856727337823628,2.0751462057031436,307.75,343.8999938964844,343.8999938964844,1.0,0.6,0.5,1.0,0.0,1.0,1.0,0.05,,,0.8652241043657275,0.8652241043657275
ETERNAL,Short-Term (Swing),STRONG_BULLISH,2025-10-09,,75.2,target1,2.4609582564417476,3,342.54998779296875,350.98,334.42,2.4609582564417476,2.3733726704676883,2.1382310079189537,320.0,347.5,347.5,1.0,0.6,1.0,0.7466666666666666,0.5,1.0,1.0,0.05,,,1.4450481341201948,1.4450481341201948
ETERNAL,Short-Term (Swing),STRONG_BULLISH,2025-10-14,,65.4,target1,2.2343637670740435,0,347.75,355.52,336.56,2.2343637670740435,3.217828900071895,2.1453018418033847,320.0,352.0,352.0,1.0,0.6,0.5,0.7466666666666666,0.5,1.0,1.0,0.06999999999999999,,,1.2221423436376708,1.2221423436376708
ETERNAL,Short-Term (Swing),STRONG_BULLISH,2025-10-16,,73.5,stop_loss,-1.7382352941176515,0,340.0,366.2,334.09,7.705882352941162,1.7382352941176515,2.637540973014497,320.0,368.45001220703125,368.45001220703125,1.0,0.6,0.5,0.7466666666666666,1.0,1.0,1.0,0.13,,,8.367650649126839,8.367650649126839
ETERNAL,Short-Term (Swing),STRONG_BULLISH,2025-12-04,,61.7,stop_loss,-1.3254237288135684,3,295.0,310.48,291.09,5.247457627118646,1.3254237288135684,2.4900335572554533,292.54998779296875,313.0,368.45001220703125,1.0,0.6,0.5,0.5466666666666666,0.5,0.0,1.0,1.0,,,6.101694915254238,24.89830922272246
ETERNAL,Short-Term (Swing),BULLISH,2026-01-07,,64.5,target1,4.901091714599559,5,280.54998779296875,294.3,273.97,4.901091714599559,2.3453887290219466,2.375148278532055,275.3500061035156,299.54998779296875,368.45001220703125,0.8533333333333334,0.6,0.85,0.0,1.0,0.02,1.0,0.85,,,6.772411629552809,31.33132355683014
ETERNAL,Short-Term (Swing),HIGH_VOLATILITY,2026-01-21,,66.1,target1,0.5933333333333346,0,300.0,301.78,269.79,0.5933333333333346,10.06999999999999,3.2234414081751046,267.8500061035156,299.8999938964844,368.45001220703125,0.3,0.6,1.0,0.5466666666666666,1.0,0.86,0.5,0.13,,,-0.03333536783854167,22.816670735677082
ETERNAL,Short-Term (Swing),BULLISH,2026-04-29,,62.3,stop_loss,-3.6666666666666625,12,249.0,268.05,239.87,7.650602409638552,3.6666666666666625,3.714810636521277,223.74000549316406,265.3999938964844,368.45001220703125,0.8533333333333334,0.6,0.85,0.0,1.0,0.8,0.5,0.1,,,6.58634293031501,47.971892452622996
ETERNAL,Short-Term (Swing),BULLISH,2026-05-27,,64.7,stop_loss,-4.502752066548322,5,256.510009765625,263.13,244.96,2.5807921649621868,4.502752066548322,3.0020836906328747,233.61000061035156,260.5199890136719,368.45001220703125,0.8533333333333334,0.6,0.85,0.7466666666666666,0.5,0.71,0.5,0.06,,,1.5632837298282516,43.63962347656008
GRASIM,Short-Term (Swing),STRONG_BULLISH,2024-07-11,,62.4,stop_loss,-3.4118275739223325,10,2807.0,2865.37,2711.23,2.0794442465265295,3.4118275739223325,2.1505131754479407,2412.0,2837.0,2837.0,1.0,0.6,0.35,0.7466666666666666,0.5,1.0,1.0,0.06999999999999999,,,1.0687566797292483,1.0687566797292483
GRASIM,Short-Term (Swing),STRONG_BULLISH,2024-07-24,,63.0,stop_loss,-3.3440285204991205,8,2805.0,2881.48,2711.2,2.726559714795007,3.3440285204991205,2.2728856032719147,2509.050048828125,2852.949951171875,2852.949951171875,1.0,0.6,0.0,0.7466666666666666,1.0,1.0,1.0,0.08,,,1.7094456745766489,1.7094456745766489
GRASIM,Short-Term (Swing),STRONG_BULLISH,2024-08-22,,75.0,stop_loss,-4.295659469536339,6,2771.39990234375,2892.21,2652.35,4.359172328543481,4.295659469536339,2.487427295263848,2505.050048828125,2877.75,2877.75,1.0,0.6,1.0,0.7466666666666666,1.0,0.15,1.0,0.13,,,3.8374143538906313,3.8374143538906313
GRASIM,Short-Term (Swing),STRONG_BULLISH,2024-09-12,,63.7,target1,1.761164473166299,3,2760.10009765625,2808.71,2667.76,1.761164473166299,3.3455343787952008,2.1601480838730023,2512.39990234375,2780.89990234375,2877.75,1.0,0.6,1.0,0.0,0.5,0.96,1.0,0.06,,,0.7535887812605868,4.262523031090535
GRASIM,Short-Term (Swing),STRONG_BULLISH,2024-09-27,,77.3,stop_loss,-3.5007183908046025,11,2784.0,2847.24,2686.54,2.2715517241379324,3.5007183908046025,2.3141924656250703,2583.949951171875,2819.050048828125,2877.75,1.0,0.6,1.0,0.7466666666666666,1.0,0.44000000000000006,1.0,0.06999999999999999,,,1.2589816389412716,3.3674568965517246
GRASIM,Short-Term (Swing),BULLISH,2025-03-21,,60.1,target1,2.471107258767513,0,2478.64990234375,2539.9,2394.31,2.471107258767513,3.4026548995080064,2.0272433062548725,2301.64990234375,2514.75,2877.75,0.8533333333333334,0.6,0.85,0.0,1.0,0.33999999999999997,1.0,0.09,,,1.4564419776312354,16.101511442937984
GRASIM,Short-Term (Swing),BULLISH,2025-03-25,,63.4,target1,1.5064190001231603,1,2582.949951171875,2621.86,2488.42,1.5064190001231603,3.6597670477117483,2.10238484317003,2301.64990234375,2595.89990234375,2877.75,0.8533333333333334,0.6,0.85,0.0,1.0,0.6900000000000001,1.0,0.06999999999999999,,,0.5013628377119601,11.41330859679938
GRASIM,Short-Term (Swing),HIGH_VOLATILITY,2025-04-07,,63.0,target1,2.915686274509799,3,2550.0,2624.35,2422.67,2.915686274509799,4.993333333333327,2.2965759417982543,2363.300048828125,2664.0,2877.75,0.3,0.6,0.5,0.7466666666666666,1.0,1.0,1.0,0.13,,,4.470588235294118,12.852941176470589
GRASIM,Short-Term (Swing),HIGH_VOLATILITY,2025-04-15,,61.6,target1,2.3591078066914406,1,2690.0,2753.46,2622.74,2.3591078066914406,2.5003717472119047,2.3507442516886523,2363.300048828125,2726.199951171875,2877.75,0.3,0.6,0.85,0.7466666666666666,0.5,1.0,1.0,0.04,,,1.345723091891264,6.9795539033457255
GRASIM,Short-Term (Swing),STRONG_BULLISH,2025-06-10,,65.1,target1,4.547834197500311,14,2708.10009765625,2831.26,2615.56,4.547834197500311,3.41715942244305,2.2758247013359676,2511.0,2845.0,2877.75,1.0,0.6,1.0,0.0,1.0,0.27999999999999997,1.0,0.13,,,5.055200967727569,6.264535882206683
GRASIM,Short-Term (Swing),STRONG_BULLISH,2025-07-01,,65.1,stop_loss,-3.640766550522645,9,2870.0,2924.96,2765.51,1.9149825783972174,3.640766550522645,1.9331258238641142,2536.10009765625,2896.0,2896.0,1.0,0.6,0.85,0.7466666666666666,0.0,1.0,1.0,0.09,,,0.9059233449477353,0.9059233449477353
GRASIM,Short-Term (Swing),NEUTRAL,2025-08-18,,61.5,target1,1.6919111461578762,2,2845.89990234375,2894.05,2760.99,1.6919111461578762,2.9835870992448554,1.9890788734474332,2667.300048828125,2865.39990234375,2896.0,0.5466666666666666,0.6,0.85,0.0,1.0,0.97,1.0,0.06,,,0.6851962707451766,1.760430773232393
GRASIM,Short-Term (Swing),NEUTRAL,2025-09-04,,61.8,stop_loss,-2.8423487544483983,24,2810.0,2916.03,2730.13,3.7733096085409423,2.8423487544483983,1.8902790734201769,2672.60009765625,2898.39990234375,2898.39990234375,0.5466666666666666,0.6,0.5,0.7466666666666666,1.0,0.51,1.0,0.13,,,3.1459039979982206,3.1459039979982206
GRASIM,Short-Term (Swing),STRONG_BULLISH,2025-10-10,,70.3,target1,4.152481039324729,10,2791.10009765625,2907.0,2739.0,4.152481039324729,1.8666509918436658,1.7075706368311234,2700.5,2911.0,2911.0,1.0,0.6,1.0,0.7466666666666666,0.5,0.43,1.0,0.13,,,4.295793706733509,4.295793706733509
GRASIM,Short-Term (Swing),STRONG_BULLISH,2025-10-27,,79.4,target1,1.0447727124584194,1,2932.699951171875,2963.34,2847.53,1.0447727124584194,2.9041481430052807,1.7412770055903204,2700.5,2934.0,2934.0,1.0,0.6,0.85,1.0,1.0,0.5900000000000001,1.0,0.05,,,0.044329418275658054,0.044329418275658054
GRASIM,Short-Term (Swing),STRONG_BULLISH,2025-10-31,,61.1,stop_loss,-2.8111187845303864,3,2896.0,2994.51,2814.59,3.4015883977900563,2.8111187845303864,1.7777062992711752,2757.89990234375,2977.800048828125,2977.800048828125,1.0,0.6,0.5,0.7466666666666666,0.5,0.51,1.0,0.13,,,2.8245873214131563,2.8245873214131563
GRASIM,Short-Term (Swing),BULLISH,2025-12-12,,62.8,target1,1.3025716312668356,18,2836.699951171875,2873.65,2770.42,1.3025716312668356,2.3365161036680626,1.5576054173603673,2679.39990234375,2845.199951171875,2977.800048828125,0.8533333333333334,0.6,0.85,0.0,1.0,0.64,1.0,0.06,,,0.29964395763776663,4.974093139387543
GRASIM,Short-Term (Swing),STRONG_BULLISH,2026-01-05,,71.9,stop_loss,-2.5811188811188823,3,2860.0,2921.93,2786.18,2.1653846153846024,2.5811188811188823,1.4676142439800444,2726.5,2893.0,2977.800048828125,1.0,0.6,0.5,0.7466666666666666,1.0,0.85,1.0,0.12,,,1.153846153846154,4.118882826158217
GRASIM,Short-Term (Swing),HIGH_VOLATILITY,2026-01-27,,60.9,stop_loss,-3.235082209574236,5,2870.10009765625,2921.93,2777.25,1.805856958998553,3.235082209574236,1.8427737630471464,2706.0,2893.0,2977.800048828125,0.3,0.6,0.5,0.7466666666666666,1.0,0.8400000000000001,1.0,0.08,,,0.7978781772263019,3.752480662950528
GRASIM,Short-Term (Swing),HIGH_VOLATILITY,2026-02-03,,65.6,target1,3.9592047250760487,5,2808.89990234375,2920.11,2722.23,3.9592047250760487,3.085546133966277,2.0570765175138193,2706.0,2891.199951171875,2977.800048828125,0.3,0.6,0.85,0.7466666666666666,1.0,0.5599999999999999,1.0,0.13,,,2.9299744273355457,6.0130354358104565
GRASIM,Short-Term (Swing),BULLISH,2026-05-04,,69.9,target1,2.24161073825504,1,2831.0,2894.46,2761.06,2.24161073825504,2.470505121865063,2.216107950348554,2533.0,2865.800048828125,2979.0,0.8533333333333334,0.6,0.85,0.7466666666666666,0.5,1.0,1.0,0.04,,,1.2292493404494877,5.227834687389615
GRASIM,Short-Term (Swing),STRONG_BULLISH,2026-05-07,,61.5,target1,1.4912484255709124,3,2960.60009765625,3004.75,2866.2,1.4912484255709124,3.1885460562870893,2.125766908675997,2682.89990234375,2975.0,2979.0,1.0,0.6,0.5,1.0,0.0,1.0,1.0,0.05,,,0.48638457977318983,0.6214923237459942
GRASIM,Short-Term (Swing),BEARISH,2026-05-13,,68.9,target1,2.7874788494077762,7,2955.0,3037.37,2847.84,2.7874788494077762,3.626395939086291,2.212619237837915,2692.300048828125,3007.300048828125,3007.300048828125,0.2533333333333333,0.6,0.85,0.7466666666666666,1.0,1.0,1.0,0.09,,,1.769883209073604,1.769883209073604
GRASIM,Short-Term (Swing),BEARISH,2026-05-29,,62.1,target1,2.4773148465920825,39,3151.39990234375,3229.47,3025.44,2.4773148465920825,3.9969507598851983,2.0702444758675655,2805.0,3197.5,3197.5,0.2533333333333333,0.6,0.5,0.7466666666666666,1.0,1.0,1.0,0.11000000000000001,,,1.4628450556834938,1.4628450556834938
HCLTECH,Short-Term (Swing),STRONG_BULLISH,2024-07-11,^CNXIT,65.1,target1,2.0758169934640414,0,1530.0,1561.76,1467.09,2.0758169934640414,4.11176470588236,1.9759178399042825,1423.5,1546.300048828125,1697.3499755859375,1.0,1.0,0.85,0.7466666666666666,0.0,0.58,1.0,0.11000000000000001,,,1.065362668504902,10.937906901041666
HCLTECH,Short-Term (Swing),STRONG_BULLISH,2024-07-15,^CNXIT,74.4,target1,4.752076677316297,10,1565.0,1639.37,1517.28,4.752076677316297,3.0492012779552713,2.2223882014321057,1423.5,1636.4000244140625,1697.3499755859375,1.0,1.0,0.35,0.7466666666666666,1.0,0.99,1.0,0.13,,,4.562301879492812,8.45686744958067
HCLTECH,Short-Term (Swing),STRONG_BULLISH,2024-07-30,^CNXIT,61.8,stop_loss,-2.4756323257248636,5,1621.0,1661.45,1580.87,2.4953732264034523,2.4756323257248636,2.0191716944563027,1471.199951171875,1645.0,1697.3499755859375,1.0,1.0,0.5,0.7466666666666666,0.0,1.0,1.0,0.06,,,1.4805675508945095,4.710054015171962
HCLTECH,Short-Term (Swing),NEUTRAL,2024-08-14,^CNXIT,66.3,target1,2.2666666666666613,0,1635.0,1672.06,1572.59,2.2666666666666613,3.817125382262998,2.1955924808657126,1537.0,1655.5,1697.3499755859375,0.5466666666666666,0.6,0.5,0.7466666666666666,1.0,1.0,1.0,0.09,,,1.2538226299694188,3.813454164277523
HCLTECH,Short-Term (Swing),STRONG_BULLISH,2024-08-19,^CNXIT,75.4,target1,1.3005952380952257,6,1680.0,1701.85,1624.78,1.3005952380952257,3.286904761904763,2.1336050999668963,1537.0,1685.0,1697.3499755859375,1.0,1.0,1.0,1.0,0.0,1.0,1.0,0.04,,,0.2976190476190476,1.0327366420200892
HCLTECH,Short-Term (Swing),STRONG_BULLISH,2024-08-27,^CNXIT,76.5,target1,3.612738279632288,5,1712.550048828125,1774.42,1657.42,3.612738279632288,3.219178841859227,2.110134676860781,1537.0,1756.8499755859375,1756.8499755859375,1.0,1.0,0.5,0.7466666666666666,1.0,0.9099999999999999,1.0,0.12,,,2.5867814367309347,2.5867814367309347
HCLTECH,Short-Term (Swing),STRONG_BULLISH,2024-09-03,^CNXIT,62.0,stop_loss,-1.8100943871653175,15,1765.0999755859375,1835.32,1733.15,3.9782462968281695,1.8100943871653175,2.133457432641981,1554.550048828125,1817.1500244140625,1817.1500244140625,1.0,1.0,0.5,0.7466666666666666,0.0,1.0,1.0,0.08,,,2.9488442325113406,2.9488442325113406
HCLTECH,Short-Term (Swing),STRONG_BULLISH,2024-09-26,^CNXIT,65.9,target1,2.004419889502751,14,1810.0,1846.28,1728.32,2.004419889502751,4.512707182320441,2.0752783440054063,1721.4000244140625,1828.0,1828.0,1.0,0.6,0.5,0.7466666666666666,1.0,0.26,1.0,0.11000000000000001,,,0.9944751381215469,0.9944751381215469
HCLTECH,Short-Term (Swing),NEUTRAL,2024-10-14,^CNXIT,67.0,target1,2.959016393442626,1,1830.0,1884.15,1797.13,2.959016393442626,1.796174863387967,2.1111737739089076,1721.4000244140625,1865.5,1865.5,0.5466666666666666,1.0,1.0,1.0,0.0,0.8300000000000001,1.0,0.05,,,1.9398907103825136,1.9398907103825136
HCLTECH,Short-Term (Swing),HIGH_VOLATILITY,2024-11-11,^CNXIT,60.9,target1,0.8662083553675259,13,1891.0,1907.38,1806.0,0.8662083553675259,4.494976203067158,2.1885182867317363,1745.0,1888.5,1888.5,0.3,1.0,1.0,0.7466666666666666,0.0,0.95,1.0,0.06999999999999999,,,-0.13220518244315177,-0.13220518244315177
HCLTECH,Short-Term (Swing),HIGH_VOLATILITY,2024-12-03,^CNXIT,69.0,target1,3.0366631243358144,2,1882.0,1939.15,1830.8,3.0366631243358144,2.720510095642936,2.1136544753609092,1745.0,1919.949951171875,1919.949951171875,0.3,1.0,1.0,0.7466666666666666,0.5,1.0,1.0,0.08,,,2.0164692439891074,2.0164692439891074
HCLTECH,Short-Term (Swing),BULLISH,2024-12-10,^CNXIT,64.9,target1,1.8678780012978624,2,1926.25,1962.23,1879.43,1.8678780012978624,2.4306294613887003,1.959868304128699,1815.0,1942.800048828125,1942.800048828125,0.8533333333333334,1.0,0.85,0.7466666666666666,0.0,0.85,1.0,0.04,,,0.8591848840038935,0.8591848840038935
HCLTECH,Short-Term (Swing),BEARISH,2024-12-18,^CNXIT,65.0,stop_loss,-0.16596858638744383,1,1910.0,1999.8,1906.83,4.701570680628264,0.16596858638744383,1.8199957924274843,1820.199951171875,1980.0,1980.0,0.2533333333333333,1.0,0.85,0.7466666666666666,0.5,0.9800000000000001,1.0,0.06999999999999999,,,3.664921465968586,3.664921465968586
HCLTECH,Short-Term (Swing),BULLISH,2025-01-02,^CNXIT,62.9,stop_loss,-3.607070707070714,5,1980.0,1999.8,1908.58,1.0000000000000009,3.607070707070714,2.1505307573825108,1865.6500244140625,1980.0,1980.0,0.8533333333333334,0.6,0.5,0.7466666666666666,0.5,1.0,1.0,0.04,,,0.0,0.0
HCLTECH,Short-Term (Swing),STRONG_BEARISH,2025-01-10,^CNXIT,71.4,stop_loss,-3.395660112539167,1,1994.9000244140625,2022.37,1927.16,1.3770101383404398,3.395660112539167,2.2700692456931075,1865.6500244140625,2002.3499755859375,2002.3499755859375,0.0,0.6,1.0,1.0,1.0,1.0,1.0,0.04,,,0.37344985115548246,0.37344985115548246
HCLTECH,Short-Term (Swing),HIGH_VOLATILITY,2025-05-15,^CNXIT,65.5,stop_loss,-4.078847651649031,6,1691.9000244140625,1719.63,1622.89,1.6389842890120576,4.078847651649031,2.8739604734000084,1384.0,1702.5999755859375,2012.199951171875,0.3,1.0,0.85,0.7466666666666666,0.5,1.0,1.0,0.03,,,0.6324221891054466,18.931374320934744
HCLTECH,Short-Term (Swing),STRONG_BULLISH,2025-05-23,^CNXIT,65.7,target1,4.068625913375734,16,1652.4000244140625,1719.63,1582.27,4.068625913375734,4.244131165450115,2.666606673393902,1537.0999755859375,1702.5999755859375,2012.199951171875,1.0,1.0,0.85,0.7466666666666666,0.0,0.64,1.0,0.11000000000000001,,,3.0380023257186646,21.774384013665017
HCLTECH,Short-Term (Swing),BULLISH,2025-06-12,^CNXIT,70.8,target1,4.637454981992795,5,1666.0,1743.26,1647.58,4.637454981992795,1.1056422569027613,2.1014219356419734,1605.699951171875,1726.0,2012.199951171875,0.8533333333333334,1.0,0.5,0.7466666666666666,1.0,0.6,1.0,0.08,,,3.601440576230492,20.780309193990096
HCLTECH,Short-Term (Swing),NEUTRAL,2025-06-19,^CNXIT,62.0,stop_loss,-3.0509378417179933,20,1713.9000244140625,1762.45,1661.61,2.8327192306643045,3.0509378417179933,2.0340297703607613,1605.699951171875,1745.0,2012.199951171875,0.5466666666666666,1.0,0.5,0.7466666666666666,0.5,0.9199999999999999,1.0,0.09,,,1.8145734957072404,17.404744880600223
HCLTECH,Short-Term (Swing),BULLISH,2025-08-20,^CNXIT,60.6,stop_loss,-3.095333333333339,7,1500.0,1552.57,1453.57,3.504666666666667,3.095333333333339,1.8906417189136568,1440.5999755859375,1537.9000244140625,2012.199951171875,0.8533333333333334,0.6,0.85,0.0,1.0,0.35,1.0,0.13,,,2.5266682942708334,34.146663411458334
HCLTECH,Short-Term (Swing),STRONG_BULLISH,2025-10-14,^CNXIT,66.0,target1,3.501567176117404,14,1497.9000244140625,1550.35,1452.91,3.501567176117404,3.003539867866767,1.8942788789455964,1380.4000244140625,1535.0,2012.199951171875,1.0,0.6,0.85,0.0,1.0,0.67,1.0,0.13,,,2.4767991842746646,34.3347298468062
HCLTECH,Short-Term (Swing),STRONG_BULLISH,2025-10-30,^CNXIT,61.8,stop_loss,-2.793911954052797,7,1549.800048828125,1575.5,1506.5,1.6582752846928894,2.793911954052797,1.8626172956337266,1380.4000244140625,1559.9000244140625,2012.199951171875,1.0,1.0,0.5,0.7466666666666666,0.0,1.0,1.0,0.06,,,0.6516953973239681,29.836100643653467
HCLTECH,Short-Term (Swing),STRONG_BULLISH,2025-11-11,^CNXIT,70.0,target1,0.8393650793650842,0,1575.0,1588.22,1528.16,0.8393650793650842,2.973968253968251,1.7767150329267507,1476.5,1572.5,2012.199951171875,1.0,1.0,1.0,0.7466666666666666,0.0,0.8400000000000001,1.0,0.04,,,-0.15873015873015872,27.758727058531747
HCLTECH,Short-Term (Swing),STRONG_BULLISH,2025-11-13,^CNXIT,71.5,target1,1.9528301886792443,5,1590.0,1621.05,1556.76,1.9528301886792443,2.0905660377358526,1.7408405829650717,1479.199951171875,1605.0,2012.199951171875,1.0,1.0,0.85,1.0,0.0,0.9,1.0,0.05,,,0.9433962264150944,26.5534560485456
HCLTECH,Short-Term (Swing),STRONG_BULLISH,2025-11-20,^CNXIT,69.6,stop_loss,-2.1748166259168644,4,1636.0,1686.19,1600.42,3.0678484107579562,2.1748166259168644,1.8225883643407765,1490.5,1669.5,2012.199951171875,1.0,1.0,0.5,0.7466666666666666,0.5,1.0,1.0,0.09,,,2.047677261613692,22.99510703984566
HCLTECH,Short-Term (Swing),STRONG_BULLISH,2025-11-26,^CNXIT,62.5,target1,3.689088093059034,8,1619.0999755859375,1678.83,1572.2,3.689088093059034,2.896669525855855,1.8829373139879404,1490.5,1669.5,2012.199951171875,1.0,1.0,0.5,0.7466666666666666,0.0,1.0,1.0,0.13,,,3.1128420217425545,24.278919246087828
HCLTECH,Short-Term (Swing),NEUTRAL,2025-12-10,^CNXIT,62.5,stop_loss,-2.582308845577208,19,1667.5,1712.35,1624.44,2.6896551724137963,2.582308845577208,1.6632028797661933,1574.0999755859375,1695.4000244140625,2012.199951171875,0.5466666666666666,1.0,0.85,0.7466666666666666,0.0,1.0,1.0,0.11000000000000001,,,1.673164882402549,20.671661239692654
HCLTECH,Short-Term (Swing),BULLISH,2026-01-07,^CNXIT,61.5,target1,3.1198179186189057,11,1653.300048828125,1704.88,1603.37,3.1198179186189057,3.020023429111729,1.793414737003689,1580.0999755859375,1688.0,2012.199951171875,0.8533333333333334,0.6,0.5,0.5466666666666666,1.0,0.32,1.0,0.13,,,2.0988296223949585,21.708092405739762
HCLTECH,Short-Term (Swing),HIGH_VOLATILITY,2026-01-30,^CNXIT,62.9,target1,4.894610778443109,1,1670.0,1751.74,1648.48,4.894610778443109,1.28862275449102,1.8525693755438097,1580.0999755859375,1734.4000244140625,1779.75,0.3,0.6,0.5,0.7466666666666666,1.0,1.0,1.0,0.12,,,3.856288887069611,6.57185628742515
HDFCBANK,Short-Term (Swing),STRONG_BULLISH,2024-09-12,^NSEBANK,66.1,target1,0.7586618876941564,5,837.0,843.35,817.62,0.7586618876941564,2.315412186379928,1.2541983692788063,805.5,835.0,897.0,1.0,1.0,0.85,1.0,0.0,0.35,1.0,0.06,,,-0.23894862604540024,7.168458781362006
HDFCBANK,Short-Term (Swing),STRONG_BULLISH,2024-09-19,^NSEBANK,63.2,target1,1.1476842411884736,0,858.25,868.1,838.73,1.1476842411884736,2.274395572385668,1.211281365205432,810.5750122070312,859.5,897.0,1.0,1.0,0.5,1.0,0.0,0.73,1.0,0.09,,,0.14564520827264782,4.515001456452083
HDFCBANK,Short-Term (Swing),STRONG_BULLISH,2024-09-23,^NSEBANK,61.3,target1,1.077620396600576,1,882.5,892.01,863.26,1.077620396600576,2.1801699716713863,1.260871970333152,810.5750122070312,883.1749877929688,897.0,1.0,1.0,0.35,1.0,0.0,0.86,1.0,0.06999999999999999,,,0.07648586889164306,1.643059490084986
HDFCBANK,Short-Term (Swing),STRONG_BULLISH,2024-09-27,^NSEBANK,68.3,stop_loss,-1.7943760265304642,3,874.4000244140625,899.82,858.71,2.907133448786392,1.7943760265304642,1.3403352442132608,811.5999755859375,894.0,897.0,1.0,1.0,0.5,0.7466666666666666,0.5,0.8300000000000001,1.0,0.13,,,2.2415341993009994,2.5846265959429493
HDFCBANK,Short-Term (Swing),BEARISH,2024-10-21,^NSEBANK,63.0,stop_loss,-2.8860464968597843,22,865.0250244140625,896.73,840.06,3.6652090622942834,2.8860464968597843,1.873291385426162,806.5,894.0,897.0,0.2533333333333333,0.6,1.0,0.7466666666666666,0.5,0.82,1.0,0.13,,,3.349611256109513,3.696422032136726
HDFCBANK,Short-Term (Swing),HIGH_VOLATILITY,2024-11-25,^NSEBANK,74.2,target1,0.6397790055248542,2,905.0,910.79,866.06,0.6397790055248542,4.302762430939233,1.9969635871666886,836.0499877929688,901.7750244140625,901.7750244140625,0.3,1.0,1.0,0.7466666666666666,1.0,0.78,1.0,0.06999999999999999,,,-0.3563508934737569,-0.3563508934737569
HDFCBANK,Short-Term (Swing),BULLISH,2024-12-13,^NSEBANK,66.6,stop_loss,-2.2551056852983975,2,932.5499877929688,949.4,911.52,1.806874958725757,2.2551056852983975,1.7349505420659654,836.0499877929688,940.0,940.0,0.8533333333333334,1.0,0.85,0.7466666666666666,0.0,1.0,1.0,0.06,,,0.7988860977482736,0.7988860977482736
HDFCBANK,Short-Term (Swing),STRONG_BEARISH,2025-02-28,^NSEBANK,63.8,stop_loss,-3.03023608164833,3,869.9000244140625,892.34,843.54,2.579603972428024,3.03023608164833,1.7441635849117825,830.5499877929688,883.5,940.0,0.0,0.15,1.0,0.7466666666666666,1.0,1.0,1.0,0.11000000000000001,,,1.5633952413207506,8.058394484257505
HDFCBANK,Short-Term (Swing),NEUTRAL,2025-03-19,^NSEBANK,62.6,target1,0.8266818700114031,0,877.0,884.25,852.13,0.8266818700114031,2.835803876852905,1.5229993157154362,830.5499877929688,875.5,940.0,0.5466666666666666,1.0,0.85,1.0,0.0,0.6799999999999999,1.0,0.06,,,-0.17103762827822122,7.183580387685291
HDFCBANK,Short-Term (Swing),BULLISH,2025-03-21,^NSEBANK,81.1,target1,0.7217537942664443,0,889.5,895.92,865.52,0.7217537942664443,2.69589657110737,1.4805915670006498,830.5499877929688,887.0499877929688,940.0,0.8533333333333334,1.0,0.85,1.0,1.0,0.5700000000000001,1.0,0.06,,,-0.27543701034640244,5.677346824058461
HDFCBANK,Short-Term (Swing),BULLISH,2025-03-25,^NSEBANK,77.6,stop_loss,-2.4942465753424625,6,912.5,931.07,889.74,2.0350684931506935,2.4942465753424625,1.5361778268661705,830.5499877929688,921.8499755859375,940.0,0.8533333333333334,1.0,0.5,1.0,1.0,0.8800000000000001,1.0,0.1,,,1.0246548587328768,3.0136986301369864
HDFCBANK,Short-Term (Swing),BULLISH,2025-04-02,^NSEBANK,62.4,stop_loss,-1.7562167208299062,4,890.5499877929688,929.84,874.91,4.411881729896261,1.7562167208299062,1.7468545049712736,835.0250244140625,921.8499755859375,940.0,0.8533333333333334,1.0,0.85,0.7466666666666666,0.0,0.51,1.0,0.13,,,3.514680615575421,5.552749748454006
HDFCBANK,Short-Term (Swing),HIGH_VOLATILITY,2025-04-08,^NSEBANK,62.8,target1,4.234560906515572,6,882.5,919.87,858.11,4.234560906515572,2.7637393767705354,1.9948850325570304,835.0250244140625,921.8499755859375,940.0,0.3,0.6,0.5,0.7466666666666666,1.0,0.9800000000000001,1.0,0.13,,,4.45892074628187,6.515580736543909
HDFCBANK,Short-Term (Swing),HIGH_VOLATILITY,2025-04-17,^NSEBANK,62.6,target1,0.7744282744282849,0,962.0,969.45,925.19,0.7744282744282849,3.826403326403316,1.9692983675595834,855.2000122070312,959.8499755859375,959.8499755859375,0.3,1.0,0.5,1.0,0.5,1.0,1.0,0.06,,,-0.22349526133705824,-0.22349526133705824
HDFCBANK,Short-Term (Swing),HIGH_VOLATILITY,2025-04-22,^NSEBANK,67.0,stop_loss,-3.7798788969245822,2,989.4500122070312,995.15,952.05,0.5760763780531475,3.7798788969245822,1.9575678967767143,869.0999755859375,985.2999877929688,985.2999877929688,0.3,1.0,0.35,1.0,1.0,1.0,1.0,0.05,,,-0.41942739530677314,-0.41942739530677314
HDFCBANK,Short-Term (Swing),HIGH_VOLATILITY,2025-04-30,^NSEBANK,63.8,target1,3.489478156701642,55,964.9000244140625,998.57,935.45,3.489478156701642,3.052132207369984,1.8736445030828317,869.0999755859375,989.4500122070312,989.4500122070312,0.3,1.0,0.85,0.7466666666666666,0.5,0.73,1.0,0.13,,,2.544303779852921,2.544303779852921
HDFCBANK,Short-Term (Swing),STRONG_BULLISH,2025-06-27,^NSEBANK,68.3,stop_loss,-1.9507829977628677,14,1005.75,1023.69,986.13,1.7837434750186398,1.9507829977628677,1.4107919318985374,954.0,1013.5499877929688,1013.5499877929688,1.0,1.0,0.5,1.0,0.5,0.5,1.0,0.08,,,0.7755394275882426,0.7755394275882426
HDFCBANK,Short-Term (Swing),STRONG_BULLISH,2025-10-07,^NSEBANK,60.7,target1,2.433401639344268,9,976.0,999.75,961.89,2.433401639344268,1.4456967213114735,1.398366844121555,939.0999755859375,989.8499755859375,1018.8499755859375,1.0,1.0,0.85,0.0,0.5,0.54,1.0,0.08,,,1.4190548756083503,4.390366351018186
HDFCBANK,Short-Term (Swing),STRONG_BULLISH,2025-10-23,^NSEBANK,74.8,stop_loss,-2.283877349159247,7,1011.0,1030.7,987.91,1.948565776458966,2.283877349159247,1.380666478731919,939.0999755859375,1020.5,1020.5,1.0,1.0,0.5,0.7466666666666666,1.0,0.75,1.0,0.11000000000000001,,,0.9396636993076163,0.9396636993076163
HDFCBANK,Short-Term (Swing),STRONG_BULLISH,2025-11-20,^NSEBANK,66.2,stop_loss,-1.456482498407341,4,1003.0999755859375,1030.7,988.49,2.7514729424592543,1.456482498407341,1.345595441856954,974.0,1020.5,1020.5,1.0,1.0,1.0,0.7466666666666666,0.0,0.39,1.0,0.11000000000000001,,,1.7346251458035058,1.7346251458035058
HDFCBANK,Short-Term (Swing),STRONG_BULLISH,2025-11-26,^NSEBANK,66.0,stop_loss,-2.0506911572292785,20,1002.0999755859375,1022.62,981.55,2.047702316534261,2.0506911572292785,1.4843611517263515,974.0,1012.5,1020.5,1.0,1.0,1.0,0.7466666666666666,0.0,0.4,1.0,0.08,,,1.037823038363164,1.8361465784193665
HDFCBANK,Short-Term (Swing),BULLISH,2026-05-27,^NSEBANK,62.3,stop_loss,-2.028606593132176,1,758.6500244140625,793.5,743.26,4.593682787113029,2.028606593132176,2.2970196382066512,747.0,801.5499877929688,1020.5,0.8533333333333334,0.6,0.5,0.0,1.0,0.35,1.0,1.0,,,5.654776510689459,34.51525303623041
HDFCLIFE,Short-Term (Swing),STRONG_BULLISH,2024-07-09,,68.1,target1,1.8653846153846132,0,624.0,635.64,604.69,1.8653846153846132,3.094551282051272,2.0266382834219576,565.0,629.3499755859375,710.5999755859375,1.0,0.6,0.85,1.0,0.0,0.95,1.0,0.06,,,0.8573678823617789,13.878201215695112
HDFCLIFE,Short-Term (Swing),STRONG_BULLISH,2024-07-11,,61.7,target1,2.075709779179813,3,634.0,647.16,614.62,2.075709779179813,3.0567823343848555,2.063471351929252,565.0,640.75,710.5999755859375,1.0,0.6,0.5,1.0,0.0,1.0,1.0,0.06999999999999999,,,1.0646687697160884,12.082015076646293
HDFCLIFE,Short-Term (Swing),STRONG_BULLISH,2024-07-16,,68.0,stop_loss,-3.1913413219945896,5,646.75,661.55,626.11,2.2883649014302287,3.1913413219945896,2.1273387482999975,575.6500244140625,655.0,710.5999755859375,1.0,0.6,0.35,0.7466666666666666,1.0,0.8099999999999999,1.0,0.06999999999999999,,,1.2756088132972556,9.872435343786238
HDFCLIFE,Short-Term (Swing),STRONG_BULLISH,2024-07-24,,73.4,target1,2.3648648648648685,0,666.0,681.75,648.9,2.3648648648648685,2.5675675675675746,2.3685191618936456,586.5,675.0,710.5999755859375,1.0,0.6,0.35,1.0,1.0,1.0,1.0,0.04,,,1.3513513513513513,6.696693030921547
HDFCLIFE,Short-Term (Swing),STRONG_BULLISH,2024-07-26,,73.5,target1,1.8975214893983683,2,703.5499877929688,716.9,677.77,1.8975214893983683,3.6642723673182664,2.424426533183884,586.5,709.7999877929688,710.5999755859375,1.0,0.6,0.35,1.0,1.0,1.0,1.0,0.05,,,0.888351944913851,1.0020592588004318
HDFCLIFE,Short-Term (Swing),NEUTRAL,2024-08-05,,63.1,stop_loss,-3.8881505606417455,0,711.6500244140625,729.73,683.98,2.5405712029341387,3.8881505606417455,2.524638757355863,608.5999755859375,722.5,722.5,0.5466666666666666,0.6,0.35,0.7466666666666666,1.0,1.0,1.0,0.06999999999999999,,,1.5246223865264157,1.5246223865264157
HDFCLIFE,Short-Term (Swing),STRONG_BULLISH,2024-08-20,,65.3,target1,2.1530097206830856,1,714.3499755859375,729.73,680.21,2.1530097206830856,4.779166620385833,2.8508673586270143,623.25,722.5,722.5,1.0,0.6,0.5,0.7466666666666666,0.5,1.0,1.0,0.06,,,1.1409007758945515,1.1409007758945515
HDFCLIFE,Short-Term (Swing),STRONG_BULLISH,2024-08-27,,65.1,target1,1.3406294518977901,5,739.9500122070312,749.87,711.62,1.3406294518977901,3.8286386566211417,2.5179188833789934,664.6500244140625,742.4500122070312,742.4500122070312,1.0,0.6,0.5,0.7466666666666666,0.5,1.0,1.0,0.04,,,0.3378606606875118,0.3378606606875118
HDFCLIFE,Short-Term (Swing),STRONG_BULLISH,2024-09-03,,61.7,stop_loss,-2.5435694953487964,5,751.7000122070312,768.81,732.58,2.2761723447007665,2.5435694953487964,2.2997388525984124,664.6500244140625,761.2000122070312,761.2000122070312,1.0,0.6,0.5,0.7466666666666666,0.5,0.6599999999999999,1.0,0.04,,,1.2638020281664615,1.2638020281664615
HDFCLIFE,Short-Term (Swing),STRONG_BULLISH,2024-09-27,,66.1,stop_loss,-3.835374149659876,1,735.0,761.39,706.81,3.5904761904761884,3.835374149659876,2.135729500725234,691.5499877929688,761.2000122070312,761.2000122070312,1.0,0.6,1.0,0.7466666666666666,0.5,0.01,1.0,0.13,,,3.5646275111607144,3.5646275111607144
HDFCLIFE,Short-Term (Swing),BEARISH,2024-10-21,,61.2,stop_loss,-3.4137822753674163,1,745.7999877929688,763.0,720.34,2.306249998465537,3.4137822753674163,2.280415955553702,696.5,755.4500122070312,761.2000122070312,0.2533333333333333,0.6,0.85,0.7466666666666666,0.5,1.0,1.0,0.06999999999999999,,,1.2939158718170038,2.0649000625000666
HDFCLIFE,Short-Term (Swing),STRONG_BEARISH,2025-01-16,,65.3,stop_loss,-3.73906249999999,5,640.0,670.24,616.07,4.725000000000001,3.73906249999999,2.6331290952452,584.2999877929688,663.5999755859375,761.2000122070312,0.0,0.6,1.0,0.5466666666666666,1.0,1.0,1.0,0.11000000000000001,,,3.687496185302734,18.937501907348633
HDFCLIFE,Short-Term (Swing),NEUTRAL,2025-03-19,,61.6,target1,1.1368421052631472,0,665.0,672.56,642.13,1.1368421052631472,3.4390977443609083,2.248695480512524,600.3499755859375,665.9000244140625,761.2000122070312,0.5466666666666666,0.6,0.85,1.0,0.0,1.0,1.0,0.04,,,0.13534201715225563,14.46616724917763
HDFCLIFE,Short-Term (Swing),BULLISH,2025-03-21,,66.7,target1,1.2227817411114117,4,679.5999755859375,687.91,657.07,1.2227817411114117,3.3151819298569807,2.2105111134916697,600.3499755859375,681.0999755859375,761.2000122070312,0.8533333333333334,0.6,0.5,1.0,0.5,1.0,1.0,0.04,,,0.2207180773817318,12.007068798191147
HDFCLIFE,Short-Term (Swing),BULLISH,2025-04-01,,70.5,stop_loss,-3.288617942364258,5,693.2999877929688,705.03,670.5,1.691910055324275,3.288617942364258,2.15546577440645,607.0,698.0499877929688,761.2000122070312,0.8533333333333334,0.6,0.5,0.7466666666666666,1.0,1.0,1.0,0.05,,,0.6851291048080087,9.793743777526014
HDFCLIFE,Short-Term (Swing),HIGH_VOLATILITY,2025-04-08,,62.1,target1,3.394602479941655,7,685.5,708.77,660.14,3.394602479941655,3.6994894237782683,2.4897584861159965,614.6500244140625,701.75,761.2000122070312,0.3,0.6,0.85,0.7466666666666666,0.5,1.0,1.0,0.09,,,2.3705324580598104,11.043036062294858
HDFCLIFE,Short-Term (Swing),HIGH_VOLATILITY,2025-04-21,,62.5,target1,1.984679665738165,3,718.0,732.25,686.66,1.984679665738165,4.364902506963797,2.3905290861364126,640.6500244140625,725.0,761.2000122070312,0.3,0.6,0.5,0.7466666666666666,1.0,1.0,1.0,0.08,,,0.9749303621169917,6.016714792065634
HDFCLIFE,Short-Term (Swing),HIGH_VOLATILITY,2025-04-30,,66.0,stop_loss,-3.7703390811866133,6,743.7000122070312,757.3,715.66,1.8286926945999316,3.7703390811866133,2.5138189099136943,651.7000122070312,749.7999877929688,761.2000122070312,0.3,0.6,0.5,1.0,1.0,1.0,1.0,0.05,,,0.8202199120361704,2.3530993294011604
HDFCLIFE,Short-Term (Swing),STRONG_BULLISH,2025-05-21,,63.5,target1,1.1728297551403255,1,759.7000122070312,768.61,735.9,1.1728297551403255,3.1328171415831663,2.0884179983370568,692.6500244140625,761.0,761.2000122070312,1.0,0.6,0.85,0.7466666666666666,0.0,0.89,1.0,0.04,,,0.17111856944586717,0.1974463572328105
HDFCLIFE,Short-Term (Swing),STRONG_BULLISH,2025-05-27,,65.5,stop_loss,-3.5034609157011176,6,779.7999877929688,794.01,752.48,1.8222637124231333,3.5034609157011176,2.0037873413304412,707.0,786.1500244140625,786.1500244140625,1.0,0.6,0.5,0.7466666666666666,0.5,1.0,1.0,0.08,,,0.8143160708511885,0.8143160708511885
HDFCLIFE,Short-Term (Swing),STRONG_BULLISH,2025-06-20,,66.8,target1,3.774269411291975,3,769.9500122070312,799.01,755.45,3.774269411291975,1.8832407269489426,2.0115099648558985,740.25,791.0999755859375,791.0999755859375,1.0,0.6,0.5,0.7466666666666666,1.0,0.38,1.0,0.08,,,2.7469268190905947,2.7469268190905947
HDFCLIFE,Short-Term (Swing),STRONG_BULLISH,2025-06-27,,78.8,target1,1.274412855376994,0,809.0,819.31,784.04,1.274412855376994,3.0852904820766414,1.8924664978313503,740.25,811.2000122070312,811.2000122070312,1.0,0.6,0.85,1.0,1.0,0.53,1.0,0.05,,,0.2719421763944685,0.2719421763944685
HDFCLIFE,Short-Term (Swing),STRONG_BULLISH,2025-07-08,,63.5,stop_loss,-2.5479797979797936,1,792.0,823.92,771.82,4.0303030303030285,2.5479797979797936,1.8746162883867077,740.25,820.75,820.75,1.0,0.6,0.5,0.7466666666666666,0.5,0.75,1.0,0.13,,,3.6300505050505047,3.6300505050505047
HDFCLIFE,Short-Term (Swing),NEUTRAL,2025-08-18,,62.5,stop_loss,-3.047485244376902,10,791.7999877929688,822.1,767.67,3.82672552085892,3.047485244376902,1.9659843310216283,731.6500244140625,815.0,820.75,0.5466666666666666,0.6,0.85,0.0,1.0,1.0,1.0,0.13,,,2.9300344234278186,3.656227917826236
HDFCLIFE,Short-Term (Swing),NEUTRAL,2025-09-05,,60.1,target1,4.283092316656134,14,762.2999877929688,794.95,743.31,4.283092316656134,2.4911436569675316,2.330304261281289,747.0499877929688,815.0,820.75,0.5466666666666666,0.6,0.5,0.5466666666666666,0.5,0.52,1.0,1.0,,,6.913290443518139,7.667586664438667
HDFCLIFE,Short-Term (Swing),STRONG_BULLISH,2025-10-09,,67.2,stop_loss,-2.200294592248142,6,754.9000244140625,783.49,738.29,3.787253233715071,2.200294592248142,1.931207119479526,742.0,796.9000244140625,820.75,1.0,0.6,0.5,0.5466666666666666,1.0,0.12,1.0,0.6799999999999999,,,5.563650634744583,8.723006153967058
HDFCLIFE,Short-Term (Swing),STRONG_BULLISH,2025-11-24,,60.3,target1,3.0293938801676523,1,763.8499755859375,786.99,742.64,3.0293938801676523,2.7767200711982354,1.6635386970266466,728.4500122070312,786.5,820.75,1.0,0.6,0.5,0.0,1.0,0.8,1.0,0.13,,,2.965245157818853,7.449109934240081
HDFCLIFE,Short-Term (Swing),STRONG_BULLISH,2025-12-01,,63.5,stop_loss,-2.0577427821522276,1,762.0,793.98,746.32,4.196850393700791,2.0577427821522276,1.7759857870034874,728.4500122070312,788.5,820.75,1.0,0.6,0.85,0.7466666666666666,0.0,0.8,1.0,0.13,,,3.477690288713911,7.709973753280839
HDFCLIFE,Short-Term (Swing),STRONG_BULLISH,2026-01-06,,71.3,stop_loss,-2.582262210796915,1,778.0,790.02,757.91,1.5449871465295528,2.582262210796915,1.7091018006621037,735.75,782.2000122070312,820.75,1.0,0.6,1.0,0.7466666666666666,0.5,0.6,1.0,0.06,,,0.5398473273819088,5.494858611825193
HDFCLIFE,Short-Term (Swing),STRONG_BULLISH,2026-05-06,,63.3,stop_loss,-4.638297872340436,26,611.0,637.94,582.66,4.409165302782325,4.638297872340436,2.605076351634003,578.4000244140625,650.75,820.75,1.0,0.6,0.85,0.0,1.0,0.4,1.0,0.13,,,6.505728314238953,34.32896890343699
HEROMOTOCO,Short-Term (Swing),STRONG_BULLISH,2024-07-23,^CNXAUTO,61.3,stop_loss,-3.8082713586069294,9,5513.0,5785.58,5303.05,4.944313440957737,3.8082713586069294,2.662410641480227,5329.7001953125,5728.2998046875,5894.5498046875,1.0,0.6,0.5,0.5466666666666666,1.0,0.08,1.0,0.13,,,3.905311167921277,6.920910660030836
HEROMOTOCO,Short-Term (Swing),STRONG_BULLISH,2024-08-30,^CNXAUTO,68.3,target1,0.6897922312556481,0,5535.0,5573.18,5260.8,0.6897922312556481,4.9539295392953875,2.37803521409985,4991.0,5518.0,5894.5498046875,1.0,1.0,0.85,0.0,1.0,0.5700000000000001,1.0,0.06,,,-0.3071364046973803,6.495931430668474
HEROMOTOCO,Short-Term (Swing),STRONG_BULLISH,2024-09-12,^CNXAUTO,72.3,target1,1.6456451846320608,4,5826.89990234375,5922.79,5602.71,1.6456451846320608,3.847498774667024,2.302643057087993,5020.0498046875,5864.14990234375,5894.5498046875,1.0,0.6,0.85,0.7466666666666666,0.5,1.0,1.0,0.06,,,0.6392764698946855,1.1609930405109452
HEROMOTOCO,Short-Term (Swing),STRONG_BULLISH,2024-09-18,^CNXAUTO,73.4,target1,3.456833333333331,4,6000.0,6207.41,5754.93,3.456833333333331,4.084499999999991,2.345102058953049,5263.4501953125,6145.9501953125,6145.9501953125,1.0,0.6,0.5,0.7466666666666666,1.0,1.0,1.0,0.12,,,2.432503255208333,2.432503255208333
HEROMOTOCO,Short-Term (Swing),STRONG_BULLISH,2024-09-24,^CNXAUTO,62.1,stop_loss,-3.689941406249997,1,6144.0,6308.71,5917.29,2.68082682291666,3.689941406249997,2.2744711609895956,5266.0,6246.25,6246.25,1.0,1.0,0.5,0.7466666666666666,0.0,1.0,1.0,0.09,,,1.6642252604166667,1.6642252604166667
HEROMOTOCO,Short-Term (Swing),STRONG_BULLISH,2024-09-27,^CNXAUTO,62.5,stop_loss,-2.490662139219013,0,5890.0,6242.74,5743.3,5.988794567062805,2.490662139219013,2.3953066750315957,5517.0,6246.25,6246.25,1.0,1.0,0.5,0.7466666666666666,0.0,1.0,1.0,0.13,,,6.048387096774194,6.048387096774194
HEROMOTOCO,Short-Term (Swing),NEUTRAL,2025-01-31,^CNXAUTO,61.0,target1,1.9983833718244748,0,4330.0,4416.53,4189.98,1.9983833718244748,3.233718244803707,2.2918605585753338,3997.5,4372.7998046875,6246.25,0.5466666666666666,0.6,0.85,0.0,1.0,0.93,1.0,0.05,,,0.9884481452078523,44.25519630484989
HEROMOTOCO,Short-Term (Swing),NEUTRAL,2025-02-07,^CNXAUTO,61.2,stop_loss,-4.778343682980813,1,4306.2998046875,4506.81,4100.53,4.656206126063056,4.778343682980813,2.7155407364402704,4000.0,4522.9501953125,6246.25,0.5466666666666666,0.6,0.85,0.0,1.0,0.8699999999999999,1.0,0.13,,,5.031010390618214,45.04912066737254
HEROMOTOCO,Short-Term (Swing),HIGH_VOLATILITY,2025-04-24,^CNXAUTO,61.9,stop_loss,-4.448989898989897,7,3960.0,4027.88,3783.82,1.7141414141414124,4.448989898989897,2.8774108934249267,3344.0,3988.0,6246.25,0.3,1.0,0.85,0.0,1.0,1.0,1.0,0.04,,,0.7070707070707071,57.733585858585855
HEROMOTOCO,Short-Term (Swing),STRONG_BULLISH,2025-05-06,^CNXAUTO,70.0,target1,5.603141361256547,6,3820.0,4034.04,3701.88,5.603141361256547,3.092146596858636,2.9388859062048187,3344.0,3994.10009765625,6246.25,1.0,1.0,0.5,0.7466666666666666,1.0,0.29,1.0,0.09,,,4.557594179482984,63.514397905759154
HEROMOTOCO,Short-Term (Swing),HIGH_VOLATILITY,2025-05-14,^CNXAUTO,64.8,target1,1.6135194709772316,0,4083.0,4148.88,3883.83,1.6135194709772316,4.878030859662019,3.0057005774060017,3664.300048828125,4107.7998046875,6246.25,0.3,1.0,0.85,1.0,0.5,0.79,0.5,0.04,,,0.6073917386113151,52.98187607151604
HEROMOTOCO,Short-Term (Swing),STRONG_BULLISH,2025-05-16,^CNXAUTO,65.3,target1,1.9321759953935702,0,4323.10009765625,4406.63,4151.99,1.9321759953935702,3.9580415394271484,2.9658002010730375,3664.300048828125,4363.0,6246.25,1.0,1.0,0.5,1.0,0.0,1.0,1.0,0.03,,,0.9229465300926425,44.485435425989266
HEROMOTOCO,Short-Term (Swing),STRONG_BULLISH,2025-05-20,^CNXAUTO,60.0,target1,6.087007781183673,75,4241.0,4499.15,4039.79,6.087007781183673,4.744399905682628,3.1719626092524975,3725.0,4454.60009765625,6246.25,1.0,1.0,0.5,0.7466666666666666,0.0,1.0,0.5,0.13,,,5.036550286636406,47.2824805470408
HEROMOTOCO,Short-Term (Swing),STRONG_BEARISH,2025-08-05,^CNXAUTO,61.0,target1,1.7080600640874577,1,4549.60009765625,4627.31,4396.14,1.7080600640874577,3.3730458581470835,2.2090953993547635,4190.0,4581.5,6246.25,0.0,0.6,0.85,1.0,0.5,1.0,1.0,0.05,,,0.7011583800559394,37.292286485086635
HEROMOTOCO,Short-Term (Swing),STRONG_BEARISH,2025-08-13,^CNXAUTO,72.4,target1,1.49769392033543,4,4770.0,4841.44,4600.38,1.49769392033543,3.5559748427672955,2.353118578813184,4195.0,4793.5,6246.25,0.0,1.0,0.85,1.0,1.0,1.0,1.0,0.04,,,0.4926624737945493,30.948637316561843
HEROMOTOCO,Short-Term (Swing),NEUTRAL,2025-08-19,^CNXAUTO,70.6,target1,1.3748046874999975,8,5120.0,5190.39,4918.28,1.3748046874999975,3.939843750000005,2.604060301213948,4195.0,5139.0,6246.25,0.5466666666666666,1.0,0.35,1.0,1.0,1.0,1.0,0.04,,,0.37109375,21.9970703125
HEROMOTOCO,Short-Term (Swing),BULLISH,2025-09-10,^CNXAUTO,60.2,target1,4.284459396318097,22,5350.5,5579.74,5155.85,4.284459396318097,3.637977759087929,2.425307417982561,4571.0,5524.5,6246.25,0.8533333333333334,1.0,0.5,0.7466666666666666,0.0,1.0,1.0,0.12,,,3.2520325203252036,16.741426034950006
HEROMOTOCO,Short-Term (Swing),STRONG_BULLISH,2025-10-17,^CNXAUTO,60.0,target1,1.7008896797153117,3,5620.0,5715.59,5427.78,1.7008896797153117,3.420284697508902,1.9636204051370585,5231.0,5659.0,5659.0,1.0,1.0,0.5,0.7466666666666666,0.0,0.8,1.0,0.08,,,0.693950177935943,0.693950177935943
HEROMOTOCO,Short-Term (Swing),STRONG_BULLISH,2025-11-14,^CNXAUTO,66.2,target1,3.313115047414561,0,5589.0,5774.17,5358.75,3.313115047414561,4.119699409554478,2.163660570966853,5252.5,5717.0,5717.0,1.0,0.6,0.5,0.7466666666666666,1.0,0.27,1.0,0.13,,,2.2902129182322417,2.2902129182322417
HEROMOTOCO,Short-Term (Swing),STRONG_BULLISH,2025-11-18,^CNXAUTO,81.8,target1,1.5351222013330945,1,5851.0,5940.82,5607.59,1.5351222013330945,4.160143565202523,2.206075434211153,5252.5,5882.0,5882.0,1.0,1.0,0.85,0.7466666666666666,1.0,0.79,1.0,0.06999999999999999,,,0.5298239617159459,0.5298239617159459
HEROMOTOCO,Short-Term (Swing),STRONG_BULLISH,2025-11-21,^CNXAUTO,61.7,target1,1.6561719140429698,2,6003.0,6102.42,5812.95,1.6561719140429698,3.1659170414792603,2.105288579595392,5252.5,6042.0,6042.0,1.0,1.0,0.5,0.7466666666666666,0.0,1.0,1.0,0.05,,,0.6496751624187905,0.6496751624187905
HEROMOTOCO,Short-Term (Swing),STRONG_BULLISH,2025-12-01,^CNXAUTO,66.3,stop_loss,-3.4244865718799478,7,6330.0,6396.84,6113.23,1.055924170616107,3.4244865718799478,1.9301354967317268,5252.5,6333.5,6333.5,1.0,1.0,0.35,0.7466666666666666,0.5,1.0,1.0,0.06,,,0.055292259083728285,0.055292259083728285
HEROMOTOCO,Short-Term (Swing),STRONG_BULLISH,2026-01-02,^CNXAUTO,60.0,stop_loss,-3.631040268456376,7,5960.0,6185.55,5743.59,3.784395973154364,3.631040268456376,2.1283764445875377,5513.0,6388.5,6388.5,1.0,1.0,0.5,0.7466666666666666,0.5,0.0,1.0,0.13,,,7.189597315436242,7.189597315436242
HEROMOTOCO,Short-Term (Swing),HIGH_VOLATILITY,2026-02-25,^CNXAUTO,63.9,stop_loss,-4.467881944444452,6,5760.0,5948.9,5502.65,3.279513888888874,4.467881944444452,2.728803763080591,5375.0,5890.0,6388.5,0.3,1.0,1.0,0.0,1.0,0.85,1.0,0.09,,,2.256944444444444,10.911458333333334
HEROMOTOCO,Short-Term (Swing),HIGH_VOLATILITY,2026-03-20,^CNXAUTO,66.2,stop_loss,-1.7746099017530326,0,5191.0,5631.97,5098.88,8.494895010595261,1.7746099017530326,3.378566961369024,5124.5,5840.0,6388.5,0.3,0.6,0.5,0.5466666666666666,1.0,1.0,0.5,1.0,,,12.50240801387016,23.068772876131767
HEROMOTOCO,Short-Term (Swing),STRONG_BULLISH,2026-05-07,^CNXAUTO,65.0,stop_loss,-4.651188915933346,4,5341.0,5539.35,5092.58,3.7137240217187895,4.651188915933346,3.1245839186346718,4941.5,5484.5,6388.5,1.0,1.0,0.85,0.0,1.0,0.47000000000000003,0.5,0.08,,,2.686762778505898,19.612432128814827
HINDALCO,Short-Term (Swing),STRONG_BULLISH,2024-07-09,^CNXMETAL,62.9,stop_loss,-3.865819209039545,9,708.0,717.76,680.63,1.3785310734463208,3.865819209039545,2.4868925979442804,660.4000244140625,710.6500244140625,715.25,1.0,0.6,0.85,1.0,0.0,0.45,1.0,0.04,,,0.3742972336246469,1.024011299435028
HINDALCO,Short-Term (Swing),STRONG_BULLISH,2024-08-26,^CNXMETAL,72.3,stop_loss,-4.263242502209841,7,711.9000244140625,720.03,681.55,1.142010859267617,4.263242502209841,2.8373496909184452,608.0,712.9000244140625,715.25,1.0,1.0,0.85,0.0,1.0,1.0,1.0,0.03,,,0.1404691622005578,0.47056826394896334
HINDALCO,Short-Term (Swing),STRONG_BULLISH,2024-09-18,^CNXMETAL,61.0,target1,4.07971014492754,5,690.0,718.15,660.57,4.07971014492754,4.265217391304343,2.400921496470423,645.4000244140625,712.9500122070312,715.25,1.0,0.6,1.0,0.7466666666666666,0.0,0.25,1.0,0.13,,,3.3260887256567027,3.6594202898550727
HINDALCO,Short-Term (Swing),STRONG_BULLISH,2024-09-25,^CNXMETAL,77.1,target1,2.75036362408394,1,718.4500122070312,738.21,692.88,2.75036362408394,3.559052372827143,2.372420143820199,645.4000244140625,730.9000244140625,730.9000244140625,1.0,1.0,0.85,0.7466666666666666,1.0,0.31,1.0,0.08,,,1.7328988789053856,1.7328988789053856
HINDALCO,Short-Term (Swing),STRONG_BULLISH,2024-09-30,^CNXMETAL,70.1,target1,2.2635761589403947,2,755.0,772.09,729.23,2.2635761589403947,3.4132450331125774,2.377529858237233,645.4000244140625,764.4500122070312,764.4500122070312,1.0,1.0,0.35,1.0,0.5,1.0,1.0,0.06,,,1.251657245964404,1.251657245964404
HINDALCO,Short-Term (Swing),STRONG_BEARISH,2025-02-28,^CNXMETAL,60.8,target1,4.462130545870457,3,634.4500122070312,662.76,607.44,4.462130545870457,4.257232514358811,2.8279194271256576,557.5999755859375,656.2000122070312,772.6500244140625,0.0,0.15,0.85,0.7466666666666666,1.0,1.0,1.0,0.11000000000000001,,,3.428166062183418,21.782647891562238
HINDALCO,Short-Term (Swing),STRONG_BEARISH,2025-03-10,^CNXMETAL,62.1,stop_loss,-3.551169590643266,22,684.0,716.39,659.71,4.735380116959065,3.551169590643266,2.8479813991606275,586.3499755859375,709.2999877929688,772.6500244140625,0.0,1.0,0.5,0.7466666666666666,1.0,1.0,1.0,0.09,,,3.6988286247030335,12.960529885096857
HINDALCO,Short-Term (Swing),STRONG_BULLISH,2025-05-20,^CNXMETAL,71.8,stop_loss,-4.597508125974525,9,667.0999755859375,677.71,636.43,1.5904699149094315,4.597508125974525,2.6472772250302903,603.75,671.0,772.6500244140625,1.0,1.0,0.85,0.0,1.0,0.9199999999999999,1.0,0.06,,,0.5846236781281502,15.822223458397918
HINDALCO,Short-Term (Swing),STRONG_BULLISH,2025-06-10,^CNXMETAL,68.7,stop_loss,-3.5836487509462445,2,660.5,677.71,636.83,2.6056018168054473,3.5836487509462445,2.179546475157605,618.0,671.0,772.6500244140625,1.0,1.0,1.0,0.7466666666666666,0.0,0.6599999999999999,1.0,0.09,,,1.5897047691143074,16.979564634982967
HINDALCO,Short-Term (Swing),STRONG_BULLISH,2025-06-23,^CNXMETAL,70.3,target1,0.5771549457961545,0,668.7999877929688,672.66,639.49,0.5771549457961545,4.382474331330554,2.2080309812777306,618.0,666.0,772.6500244140625,1.0,0.6,1.0,0.7466666666666666,0.5,0.51,1.0,0.05,,,-0.4186584695087501,15.527816763842583
HINDALCO,Short-Term (Swing),STRONG_BULLISH,2025-06-25,^CNXMETAL,65.0,target1,1.4270916425565217,0,674.0999755859375,683.72,651.6,1.4270916425565217,3.3377802107736554,2.0865246896568443,618.0,676.9500122070312,772.6500244140625,1.0,0.6,0.85,1.0,0.0,0.65,1.0,0.05,,,0.4227913847076551,14.619500429808483
HINDALCO,Short-Term (Swing),STRONG_BULLISH,2025-06-27,^CNXMETAL,73.0,target1,1.007142857142851,3,700.0,707.05,676.16,1.007142857142851,3.4057142857142897,2.025720141307612,618.0,700.0499877929688,772.6500244140625,1.0,1.0,0.5,1.0,0.5,1.0,1.0,0.05,,,0.00714111328125,10.378574916294642
HINDALCO,Short-Term (Swing),STRONG_BULLISH,2025-07-04,^CNXMETAL,69.0,stop_loss,-2.940883815574613,2,699.4500122070312,715.18,678.88,2.248908073263811,2.940883815574613,1.9609037225219326,635.0,708.0999755859375,772.6500244140625,1.0,1.0,0.85,0.7466666666666666,0.0,1.0,1.0,0.08,,,1.2366807102643862,10.465367207022746
HINDALCO,Short-Term (Swing),NEUTRAL,2025-07-23,^CNXMETAL,60.0,stop_loss,-2.845050215208045,7,697.0,715.18,677.17,2.608321377331424,2.845050215208045,1.747485926205401,661.5499877929688,708.0999755859375,772.6500244140625,0.5466666666666666,0.6,1.0,0.7466666666666666,0.0,0.85,1.0,0.11000000000000001,,,1.5925359520713773,10.853662039320302
HINDALCO,Short-Term (Swing),NEUTRAL,2025-08-18,^CNXMETAL,72.2,target1,1.7072829131652645,15,714.0,726.19,690.37,1.7072829131652645,3.3095238095238066,2.2195937077486407,657.5,719.0,772.6500244140625,0.5466666666666666,0.6,1.0,1.0,0.5,1.0,1.0,0.05,,,0.700280112044818,8.214289133622199
HINDALCO,Short-Term (Swing),NEUTRAL,2025-09-05,^CNXMETAL,61.9,target1,1.2241610738255027,4,745.0,754.12,723.28,1.2241610738255027,2.915436241610747,1.8390157120047084,657.5,746.6500244140625,772.6500244140625,0.5466666666666666,1.0,0.85,0.7466666666666666,0.0,1.0,1.0,0.05,,,0.22147978712248323,3.7114126730285233
HINDALCO,Short-Term (Swing),BULLISH,2025-09-16,^CNXMETAL,66.2,stop_loss,-2.521164021164013,1,756.0,771.03,736.94,1.9880952380952444,2.521164021164013,1.676087834834092,697.0,763.4000244140625,772.6500244140625,0.8533333333333334,1.0,0.85,0.7466666666666666,0.0,0.9400000000000001,1.0,0.08,,,0.9788392082093254,2.202384181754299
HINDALCO,Short-Term (Swing),STRONG_BULLISH,2025-09-22,^CNXMETAL,62.1,target1,3.4939597315436277,10,745.0,771.03,725.91,3.4939597315436277,2.562416107382559,1.7693326934374487,697.0,763.4000244140625,772.6500244140625,1.0,1.0,0.5,0.7466666666666666,0.0,0.96,1.0,0.13,,,2.4698019347734896,3.7114126730285233
HINDALCO,Short-Term (Swing),STRONG_BULLISH,2025-10-06,^CNXMETAL,64.1,target1,3.5680933852139995,16,771.0,798.51,754.16,3.5680933852139995,2.1841763942931247,1.9350779087236063,731.9500122070312,790.5999755859375,790.5999755859375,1.0,1.0,0.5,1.0,0.0,0.8099999999999999,1.0,0.1,,,2.5421498814445527,2.5421498814445527
HINDALCO,Short-Term (Swing),STRONG_BULLISH,2025-10-24,^CNXMETAL,77.4,target1,-0.016771398966097806,0,834.9000244140625,834.76,800.27,-0.016771398966097806,4.147804934892186,1.9548864779025514,731.9500122070312,826.5,826.5,1.0,1.0,0.35,1.0,1.0,1.0,1.0,0.04,,,-1.0061114107593523,-1.0061114107593523
HINDALCO,Short-Term (Swing),STRONG_BULLISH,2025-10-28,^CNXMETAL,70.3,stop_loss,-3.559718969555037,8,854.0,868.5,823.6,1.697892271662771,3.559718969555037,1.9909547708099256,744.8499755859375,859.9000244140625,859.9000244140625,1.0,1.0,0.35,1.0,0.5,1.0,1.0,0.08,,,0.6908693693281616,0.6908693693281616
HINDALCO,Short-Term (Swing),STRONG_BULLISH,2025-11-13,^CNXMETAL,61.4,stop_loss,-2.94299876084263,7,807.0,850.22,783.25,5.355638166047094,2.94299876084263,2.3565287191119846,759.3499755859375,864.0,864.0,1.0,1.0,0.5,0.7466666666666666,0.0,0.89,1.0,0.13,,,7.063197026022305,7.063197026022305
HINDALCO,Short-Term (Swing),STRONG_BULLISH,2025-12-05,^CNXMETAL,61.3,target1,1.7461870210933483,4,825.7999877929688,840.22,798.31,1.7461870210933483,3.328891765479247,2.019758305765337,771.8499755859375,831.9000244140625,864.0,1.0,0.6,0.85,0.7466666666666666,0.0,0.64,1.0,0.06999999999999999,,,0.7386820914585739,4.62581893578426
HINDALCO,Short-Term (Swing),NEUTRAL,2025-12-17,^CNXMETAL,62.0,target1,1.7423529411764616,4,850.0,864.81,823.8,1.7423529411764616,3.0823529411764805,1.9634980160043618,771.8499755859375,856.25,864.0,0.5466666666666666,1.0,0.85,0.7466666666666666,0.0,1.0,1.0,0.06,,,0.7352941176470588,1.647058823529412
HINDALCO,Short-Term (Swing),STRONG_BULLISH,2025-12-23,^CNXMETAL,69.4,target1,1.7460578070127575,0,865.9500122070312,881.07,839.27,1.7460578070127575,3.0810106623859745,1.8969486514483629,787.2000122070312,872.3499755859375,872.3499755859375,1.0,1.0,0.5,0.7466666666666666,0.5,1.0,1.0,0.06999999999999999,,,0.7390684553020305,0.7390684553020305
HINDALCO,Short-Term (Swing),BULLISH,2025-12-26,^CNXMETAL,66.7,target1,0.5778781038374703,3,886.0,891.12,848.23,0.5778781038374703,4.262979683972912,1.8842990067749608,800.9500122070312,882.2999877929688,882.2999877929688,0.8533333333333334,1.0,0.85,0.7466666666666666,0.0,1.0,1.0,0.06999999999999999,,,-0.4176086012450621,-0.4176086012450621
HINDALCO,Short-Term (Swing),STRONG_BULLISH,2026-01-02,^CNXMETAL,62.4,target1,0.4364611260053719,0,932.5,936.57,898.67,0.4364611260053719,3.627882037533514,1.946548620407948,803.0999755859375,927.2999877929688,927.2999877929688,1.0,1.0,0.35,1.0,0.0,1.0,1.0,0.04,,,-0.5576420597352547,-0.5576420597352547
HINDALCO,Short-Term (Swing),STRONG_BULLISH,2026-01-06,^CNXMETAL,78.3,stop_loss,-3.944060593493659,1,951.0499877929688,980.51,913.54,3.0976302597297556,3.944060593493659,2.031202319091985,803.0999755859375,970.7999877929688,970.7999877929688,1.0,1.0,0.35,1.0,1.0,1.0,1.0,0.13,,,2.0766521479940674,2.0766521479940674
HINDALCO,Short-Term (Swing),BEARISH,2026-01-12,^CNXMETAL,65.8,target1,3.647829921862633,3,927.4000244140625,961.23,889.34,3.647829921862633,4.103949041634869,2.232167170256343,831.1500244140625,970.7999877929688,970.7999877929688,0.2533333333333333,1.0,0.85,0.7466666666666666,0.5,1.0,1.0,0.13,,,4.679745766270239,4.679745766270239
HINDALCO,Short-Term (Swing),HIGH_VOLATILITY,2026-01-27,^CNXMETAL,66.8,target1,2.450956439546914,0,971.0499877929688,994.85,930.29,2.450956439546914,4.197516946126456,2.187532407325718,863.8499755859375,985.0,985.0,0.3,1.0,0.5,0.7466666666666666,1.0,1.0,1.0,0.11000000000000001,,,1.4365905342048613,1.4365905342048613
HINDALCO,Short-Term (Swing),HIGH_VOLATILITY,2026-01-29,^CNXMETAL,67.0,stop_loss,-1.1129999999999973,0,1000.0,1040.1,988.87,4.00999999999998,1.1129999999999973,2.290297296813674,882.4500122070312,1029.800048828125,1029.800048828125,0.3,1.0,0.35,1.0,1.0,1.0,1.0,0.05,,,2.9800048828125,2.9800048828125
HINDALCO,Short-Term (Swing),HIGH_VOLATILITY,2026-03-05,^CNXMETAL,67.9,stop_loss,-4.881675392670159,7,955.0,993.34,908.38,4.014659685863875,4.881675392670159,3.251041611823182,881.0,983.5,1029.800048828125,0.3,0.6,1.0,0.7466666666666666,1.0,0.79,0.5,0.08,,,2.984293193717278,7.832465845876964
HINDALCO,Short-Term (Swing),BULLISH,2026-04-21,^CNXMETAL,66.8,target1,2.833980582524287,5,1030.0,1059.19,976.16,2.833980582524287,5.227184466019419,2.9686679711440034,835.9500122070312,1048.699951171875,1048.699951171875,0.8533333333333334,1.0,0.85,0.7466666666666666,0.0,1.0,1.0,0.08,,,1.815529239987864,1.815529239987864
HINDALCO,Short-Term (Swing),NEUTRAL,2026-04-28,^CNXMETAL,62.3,stop_loss,-4.231910946196649,1,1078.0,1090.5,1032.38,1.1595547309833032,4.231910946196649,2.601210966559311,854.75,1079.699951171875,1079.699951171875,0.5466666666666666,1.0,0.5,0.7466666666666666,0.5,1.0,1.0,0.04,,,0.15769491390306123,0.15769491390306123
HINDALCO,Short-Term (Swing),BULLISH,2026-05-04,^CNXMETAL,60.2,target1,5.259089897130176,9,1036.300048828125,1090.8,1004.22,5.259089897130176,3.0956332448697554,2.4600462924408673,917.2000122070312,1080.0,1080.0,0.8533333333333334,1.0,0.5,0.7466666666666666,0.0,1.0,1.0,0.12,,,4.216920690227897,4.216920690227897
HINDALCO,Short-Term (Swing),BEARISH,2026-05-20,^CNXMETAL,61.7,target1,1.579143496786295,4,1098.699951171875,1116.05,1041.71,1.579143496786295,5.187035014526886,2.6892203237369188,1022.0999755859375,1105.0,1105.0,0.2533333333333333,0.6,0.5,0.7466666666666666,1.0,1.0,1.0,0.06999999999999999,,,0.5734094027587203,0.5734094027587203
HINDALCO,Short-Term (Swing),BULLISH,2026-05-26,^CNXMETAL,72.2,target1,1.1356479135615993,0,1118.300048828125,1131.0,1060.67,1.1356479135615993,5.153361916465615,2.605038615637346,1022.0999755859375,1119.800048828125,1119.800048828125,0.8533333333333334,1.0,0.85,0.7466666666666666,0.5,0.8099999999999999,1.0,0.06,,,0.13413215903655384,0.13413215903655384
HINDALCO,Short-Term (Swing),BULLISH,2026-05-28,^CNXMETAL,70.2,target1,-0.8894557823129312,0,1176.0,1165.54,1107.52,-0.8894557823129312,5.823129251700687,2.446111123381285,1022.0999755859375,1154.0,1154.0,0.8533333333333334,1.0,0.85,1.0,0.0,1.0,1.0,0.04,,,-1.870748299319728,-1.870748299319728
HINDALCO,Short-Term (Swing),BEARISH,2026-06-01,^CNXMETAL,65.6,stop_loss,-3.8510078878177034,3,1141.0,1187.76,1097.06,4.098159509202448,3.8510078878177034,2.584314442877891,1022.0999755859375,1176.0,1176.0,0.2533333333333333,1.0,0.85,0.7466666666666666,0.5,1.0,1.0,0.11000000000000001,,,3.067484662576687,3.067484662576687
HINDUNILVR,Short-Term (Swing),STRONG_BULLISH,2024-07-09,^CNXFMCG,63.6,target1,2.291359938008508,6,2581.0,2640.14,2515.4,2.291359938008508,2.541650523053074,1.923877483286336,2426.550048828125,2614.0,2723.949951171875,1.0,1.0,0.85,1.0,0.0,0.09,1.0,0.06999999999999999,,,1.2785741960480435,5.538549057414762
HINDUNILVR,Short-Term (Swing),STRONG_BULLISH,2024-07-18,^CNXFMCG,77.5,target1,1.4497991967871604,4,2739.0,2778.71,2658.94,1.4497991967871604,2.9229645856151842,1.9343452134911219,2426.550048828125,2751.199951171875,2751.199951171875,1.0,1.0,0.35,1.0,1.0,1.0,1.0,0.05,,,0.4454162530805038,0.4454162530805038
HINDUNILVR,Short-Term (Swing),STRONG_BULLISH,2024-07-24,^CNXFMCG,77.5,target1,4.080526643949511,32,2717.050048828125,2827.92,2633.9,4.080526643949511,3.0603061163333334,2.0402428326590885,2432.39990234375,2811.300048828125,2811.300048828125,1.0,1.0,0.5,0.7466666666666666,1.0,1.0,1.0,0.13,,,3.468835623423662,3.468835623423662
HINDUNILVR,Short-Term (Swing),STRONG_BULLISH,2024-08-29,^CNXFMCG,66.9,target1,2.418000858775615,7,2795.699951171875,2863.3,2716.59,2.418000858775615,2.829701060684797,1.6434169253508224,2666.199951171875,2834.949951171875,2834.949951171875,1.0,1.0,0.5,0.7466666666666666,0.5,0.71,1.0,0.11000000000000001,,,1.4039417922351631,1.4039417922351631
HINDUNILVR,Short-Term (Swing),BULLISH,2024-09-09,^CNXFMCG,74.4,stop_loss,-2.9642126789365952,6,2934.0,2967.58,2847.03,1.1445126107702874,2.9642126789365952,1.70609980506727,2706.60009765625,2938.199951171875,2938.199951171875,0.8533333333333334,1.0,0.35,1.0,1.0,0.9,1.0,0.06,,,0.1431476200366394,0.1431476200366394
HINDUNILVR,Short-Term (Swing),STRONG_BULLISH,2024-09-17,^CNXFMCG,66.0,target1,3.8549060542797386,2,2874.0,2984.79,2790.03,3.8549060542797386,2.921711899791224,1.936457768514108,2742.949951171875,2963.39990234375,2963.39990234375,1.0,1.0,0.85,0.7466666666666666,0.0,0.65,1.0,0.13,,,3.1106437837073764,3.1106437837073764
HINDUNILVR,Short-Term (Swing),STRONG_BULLISH,2024-09-23,^CNXFMCG,64.0,stop_loss,-2.588741721854304,1,3020.0,3065.35,2941.82,1.5016556291390648,2.588741721854304,1.9092530367753762,2745.0,3035.0,3035.0,1.0,1.0,0.5,1.0,0.0,0.86,1.0,0.04,,,0.49668874172185434,0.49668874172185434
HINDUNILVR,Short-Term (Swing),STRONG_BULLISH,2024-09-26,^CNXFMCG,67.1,stop_loss,-2.9500048483100283,4,2986.10009765625,3065.35,2898.01,2.6539600064295232,2.9500048483100283,1.9667096205618282,2760.10009765625,3035.0,3035.0,1.0,1.0,0.85,0.7466666666666666,0.0,0.8,1.0,0.09,,,1.6375841647817124,1.6375841647817124
HINDUNILVR,Short-Term (Swing),NEUTRAL,2025-02-01,^CNXFMCG,66.5,stop_loss,-3.3449101796407144,0,2505.0,2619.17,2421.21,4.557684630738534,3.3449101796407144,2.2569865957448263,2253.85009765625,2602.0,3035.0,0.5466666666666666,1.0,0.85,0.0,1.0,1.0,1.0,0.13,,,3.8722554890219563,21.157684630738522
HINDUNILVR,Short-Term (Swing),HIGH_VOLATILITY,2025-04-08,^CNXFMCG,60.9,target1,1.5392684923263955,0,2293.949951171875,2329.26,2212.41,1.5392684923263955,3.5545653962598456,2.2377140192390272,2150.0,2306.199951171875,3035.0,0.3,1.0,0.85,0.0,1.0,0.89,1.0,0.05,,,0.5340133943960734,32.30454301976188
HINDUNILVR,Short-Term (Swing),HIGH_VOLATILITY,2025-04-11,^CNXFMCG,62.2,target1,0.7833333333333359,8,2400.0,2418.8,2288.03,0.7833333333333359,4.665416666666655,2.201121488389331,2150.0,2394.85009765625,3035.0,0.3,1.0,0.85,0.0,1.0,1.0,1.0,0.06999999999999999,,,-0.21457926432291666,26.458333333333332
HINDUNILVR,Short-Term (Swing),HIGH_VOLATILITY,2025-04-24,^CNXFMCG,61.7,target1,4.5803894733602135,75,2331.89990234375,2438.71,2240.24,4.5803894733602135,3.930696264090261,2.4386855598529356,2150.0,2487.39990234375,3035.0,0.3,1.0,0.5,0.7466666666666666,1.0,0.47000000000000003,1.0,0.13,,,6.668382285350662,30.1513841545933
HINDUNILVR,Short-Term (Swing),BEARISH,2025-07-31,^CNXFMCG,61.8,target1,0.9603921568627438,0,2550.0,2574.49,2454.58,0.9603921568627438,3.741960784313725,1.7616566616010374,2310.300048828125,2549.0,3035.0,0.2533333333333333,0.6,0.5,0.7466666666666666,1.0,1.0,1.0,0.08,,,-0.0392156862745098,19.019607843137255
HINDUNILVR,Short-Term (Swing),NEUTRAL,2025-08-18,^CNXFMCG,65.2,target1,4.029626420796051,1,2572.199951171875,2675.85,2487.29,4.029626420796051,3.301063400346882,2.0979035870094407,2398.5,2727.5,3035.0,0.5466666666666666,0.6,0.5,0.7466666666666666,1.0,0.85,1.0,0.13,,,6.037635167412684,17.992382303610448
HINDUNILVR,Short-Term (Swing),BULLISH,2025-08-21,^CNXFMCG,67.8,stop_loss,-3.1201360030223,28,2647.0,2754.78,2564.41,4.071779372874951,3.1201360030223,2.1044895627606293,2398.5,2727.5,3035.0,0.8533333333333334,1.0,0.5,0.7466666666666666,0.5,1.0,1.0,0.13,,,3.0411786928598414,14.658103513411408
HINDUNILVR,Short-Term (Swing),STRONG_BULLISH,2025-10-23,^CNXFMCG,68.6,stop_loss,-1.8788699690402533,0,2584.0,2689.79,2535.45,4.09404024767801,1.8788699690402533,1.6950039909018035,2443.0,2667.199951171875,2750.0,1.0,1.0,0.85,0.0,1.0,0.53,1.0,0.13,,,3.219812351852748,6.424148606811146
HINDUNILVR,Short-Term (Swing),STRONG_BULLISH,2025-12-04,^CNXFMCG,62.9,stop_loss,-0.6218001651527638,0,2422.0,2512.88,2406.94,3.752270850536754,0.6218001651527638,1.49623956990797,2392.0,2488.0,2750.0,1.0,0.6,0.85,0.0,1.0,0.4,1.0,0.09,,,2.725020644095789,13.542526837324525
HINDUNILVR,Short-Term (Swing),BULLISH,2026-04-21,^CNXFMCG,62.7,target1,2.1061331246979176,0,2310.39990234375,2359.06,2223.92,2.1061331246979176,3.7430707236449257,2.50378524587448,2022.5,2335.699951171875,2750.0,0.8533333333333334,1.0,0.85,0.0,0.5,0.9800000000000001,1.0,0.06,,,1.0950506361457057,19.027013341296648
HINDUNILVR,Short-Term (Swing),NEUTRAL,2026-05-01,^CNXFMCG,60.9,stop_loss,-4.932124754048872,25,2268.800048828125,2376.23,2156.9,4.735100002636394,4.932124754048872,2.7840983791204015,2022.5,2408.0,2750.0,0.5466666666666666,1.0,0.85,0.7466666666666666,0.0,0.82,1.0,0.13,,,6.135399690412305,21.209447320861226
ICICIBANK,Short-Term (Swing),STRONG_BULLISH,2024-07-09,^NSEBANK,68.5,stop_loss,-3.658351626421863,14,1252.75,1262.7,1206.92,0.7942526441828024,3.658351626421863,2.2074350065464237,1099.449951171875,1250.199951171875,1250.199951171875,1.0,1.0,0.85,0.7466666666666666,0.0,1.0,1.0,0.03,,,-0.2035560828676911,-0.2035560828676911
ICICIBANK,Short-Term (Swing),STRONG_BULLISH,2024-08-27,^NSEBANK,60.5,target1,1.8140903073687653,6,1222.6500244140625,1244.83,1194.0,1.8140903073687653,2.343272714347888,1.7588134951715764,1153.0,1232.5,1257.800048828125,1.0,1.0,0.85,0.0,0.5,0.54,1.0,0.06,,,0.8056251085144304,2.874904814311654
ICICIBANK,Short-Term (Swing),STRONG_BULLISH,2024-09-12,^NSEBANK,73.8,target1,1.4033546325878499,4,1252.0,1269.57,1220.02,1.4033546325878499,2.5543130990415386,1.7106765299663114,1165.0999755859375,1257.0,1257.800048828125,1.0,1.0,0.85,0.7466666666666666,0.5,0.76,1.0,0.05,,,0.3993610223642172,0.46326268595247605
ICICIBANK,Short-Term (Swing),STRONG_BULLISH,2024-09-18,^NSEBANK,65.6,target1,1.5484941818692644,1,1288.3499755859375,1308.3,1256.39,1.5484941818692644,2.4806905104649113,1.653908254486836,1176.5999755859375,1295.3499755859375,1295.3499755859375,1.0,1.0,0.5,1.0,0.0,1.0,1.0,0.06,,,0.5433306269762936,0.5433306269762936
ICICIBANK,Short-Term (Swing),STRONG_BULLISH,2024-09-23,^NSEBANK,66.3,stop_loss,-2.7479182437547323,6,1321.0,1371.5,1284.7,3.8228614685844153,2.7479182437547323,1.8759326262822464,1200.449951171875,1362.3499755859375,1362.3499755859375,1.0,1.0,0.5,1.0,0.0,1.0,1.0,0.13,,,3.130202542463096,3.130202542463096
ICICIBANK,Short-Term (Swing),STRONG_BEARISH,2024-10-28,^NSEBANK,71.7,target1,1.5007511261733608,0,1301.3499755859375,1320.88,1251.62,1.5007511261733608,3.821414417251323,2.12592460620091,1217.4000244140625,1307.800048828125,1362.3499755859375,0.0,0.6,1.0,1.0,1.0,1.0,1.0,0.06999999999999999,,,0.4956447814342434,4.687440054127986
ICICIBANK,Short-Term (Swing),STRONG_BEARISH,2024-11-05,^NSEBANK,61.9,stop_loss,-3.4608729090559454,2,1300.25,1348.7,1255.25,3.7262064987502397,3.4608729090559454,2.130913622402581,1217.4000244140625,1335.3499755859375,1362.3499755859375,0.0,1.0,0.85,0.7466666666666666,0.5,1.0,1.0,0.12,,,2.6994789914199195,4.77600273685349
ICICIBANK,Short-Term (Swing),HIGH_VOLATILITY,2024-11-25,^NSEBANK,76.5,target1,2.907067383167683,20,1310.5999755859375,1348.7,1261.07,2.907067383167683,3.7791833136418207,2.043681503453147,1232.550048828125,1335.3499755859375,1362.3499755859375,0.3,1.0,1.0,0.7466666666666666,1.0,0.96,1.0,0.12,,,1.8884480742443839,3.948573246147348
ICICIBANK,Short-Term (Swing),HIGH_VOLATILITY,2024-12-20,^NSEBANK,61.4,stop_loss,-2.2098655138102608,11,1294.6500244140625,1333.97,1266.04,3.037112334951919,2.2098655138102608,1.7685530075637783,1272.4000244140625,1350.449951171875,1362.3499755859375,0.3,0.15,0.5,0.5466666666666666,1.0,0.72,1.0,1.0,,,4.3100394473839865,5.229208658341075
ICICIBANK,Short-Term (Swing),BULLISH,2025-03-21,^NSEBANK,75.0,target1,0.4823222879629663,0,1355.949951171875,1362.49,1311.23,0.4823222879629663,3.2980532307424704,1.5819122734759317,1200.0999755859375,1349.0,1362.3499755859375,0.8533333333333334,1.0,0.35,1.0,1.0,0.96,1.0,0.06,,,-0.5125521901356704,0.47199562259147554
ICICIBANK,Short-Term (Swing),BULLISH,2025-03-25,^NSEBANK,67.8,stop_loss,-2.5609201724396846,12,1344.050048828125,1386.73,1309.63,3.175473354514402,2.5609201724396846,1.6903852850729606,1200.0999755859375,1373.0,1373.0,0.8533333333333334,1.0,0.5,0.7466666666666666,0.5,1.0,1.0,0.13,,,2.1539340143707006,2.1539340143707006
ICICIBANK,Short-Term (Swing),HIGH_VOLATILITY,2025-04-17,^NSEBANK,62.3,target1,-0.9059888579387221,0,1436.0,1422.99,1365.11,-0.9059888579387221,4.936629526462399,1.9709050868446936,1265.0,1408.9000244140625,1408.9000244140625,0.3,1.0,0.5,1.0,0.5,0.99,1.0,0.04,,,-1.8871849293828342,-1.8871849293828342
ICICIBANK,Short-Term (Swing),STRONG_BULLISH,2025-05-06,^NSEBANK,60.1,stop_loss,-2.176842105263155,2,1425.0,1461.27,1393.98,2.5452631578947393,2.176842105263155,1.7519297837515133,1265.0,1446.800048828125,1446.800048828125,1.0,1.0,0.5,0.7466666666666666,0.0,0.8099999999999999,1.0,0.08,,,1.5298279879385965,1.5298279879385965
ICICIBANK,Short-Term (Swing),STRONG_BULLISH,2025-05-29,^NSEBANK,68.0,stop_loss,-2.6488131904500056,11,1459.9000244140625,1486.32,1421.23,1.8097112914660762,2.6488131904500056,1.6145851186162403,1387.0,1471.5999755859375,1471.5999755859375,1.0,0.6,0.5,0.7466666666666666,1.0,0.5,1.0,0.08,,,0.8014213970967518,0.8014213970967518
ICICIBANK,Short-Term (Swing),STRONG_BULLISH,2025-06-11,^NSEBANK,61.6,stop_loss,-1.5435162530583635,1,1430.5,1477.52,1408.42,3.2869626004893293,1.5435162530583635,1.625581229038822,1415.5,1471.5999755859375,1471.5999755859375,1.0,1.0,0.5,0.5466666666666666,0.0,0.33999999999999997,1.0,1.0,,,2.8731195795831876,2.8731195795831876
ICICIBANK,Short-Term (Swing),STRONG_BULLISH,2025-06-26,^NSEBANK,60.9,stop_loss,-2.098827152800997,21,1438.9000244140625,1479.64,1408.7,2.8313277430464634,2.098827152800997,1.4085174802926206,1403.5999755859375,1466.800048828125,1471.5999755859375,1.0,1.0,0.5,0.7466666666666666,0.5,0.09,1.0,0.13,,,1.9389828299866578,2.2725658917957707
ICICIBANK,Short-Term (Swing),NEUTRAL,2025-07-23,^NSEBANK,68.8,stop_loss,-1.8854575581440103,12,1487.699951171875,1504.9,1459.65,1.1561503927304928,1.8854575581440103,1.2964451224300053,1408.5,1490.0,1490.0,0.5466666666666666,0.6,0.85,1.0,0.5,0.95,1.0,0.06,,,0.15460434923811284,0.15460434923811284
ICICIBANK,Short-Term (Swing),STRONG_BULLISH,2025-10-17,^NSEBANK,60.1,stop_loss,-2.1789181692094317,0,1442.0,1454.0,1410.58,0.832177531206657,2.1789181692094317,1.2076321382749198,1342.5999755859375,1439.5999755859375,1500.0,1.0,1.0,0.85,0.0,0.5,0.49000000000000005,1.0,0.06999999999999999,,,-0.166437199310853,4.0221914008321775
ICICIBANK,Short-Term (Swing),STRONG_BULLISH,2025-11-27,^NSEBANK,61.1,stop_loss,-1.9109195402298829,12,1392.0,1407.94,1365.4,1.1451149425287355,1.9109195402298829,1.2832627414039688,1317.4000244140625,1394.0,1500.0,1.0,1.0,0.85,0.0,0.5,0.6,1.0,0.06,,,0.14367816091954022,7.758620689655173
ICICIBANK,Short-Term (Swing),STRONG_BULLISH,2026-01-06,^NSEBANK,68.3,target1,1.401988636363627,0,1408.0,1427.74,1384.33,1.401988636363627,1.6811079545454577,1.269196656888248,1336.0,1413.5999755859375,1500.0,1.0,1.0,0.85,0.0,1.0,0.5700000000000001,1.0,0.06,,,0.39772553877397016,6.534090909090909
ICICIBANK,Short-Term (Swing),HIGH_VOLATILITY,2026-01-13,^NSEBANK,61.8,stop_loss,-1.4337805791232783,2,1425.5999755859375,1456.62,1405.16,2.1759276757361556,1.4337805791232783,1.477314980377475,1336.0,1442.199951171875,1500.0,0.3,0.6,0.85,0.7466666666666666,0.5,1.0,1.0,0.06,,,1.1644203051500983,5.218857020777042
ICICIBANK,Short-Term (Swing),HIGH_VOLATILITY,2026-02-03,^NSEBANK,61.3,stop_loss,-2.8132660418168642,28,1387.0,1445.33,1347.98,4.205479452054783,2.8132660418168642,2.0013553108511917,1328.5999755859375,1443.9000244140625,1500.0,0.3,0.6,0.5,0.7466666666666666,1.0,0.8300000000000001,1.0,0.13,,,4.102380995967015,8.147080028839222
ICICIBANK,Short-Term (Swing),HIGH_VOLATILITY,2026-04-13,^NSEBANK,61.3,target1,0.9256259204712736,5,1358.0,1370.57,1295.97,0.9256259204712736,4.567746686303387,2.7201916662221124,1187.5999755859375,1357.0,1500.0,0.3,1.0,0.85,0.0,1.0,0.95,1.0,0.03,,,-0.07363770250368189,10.456553755522828
ICICIBANK,Short-Term (Swing),BULLISH,2026-04-21,^NSEBANK,62.0,stop_loss,-3.0963768115942036,2,1380.0,1407.03,1337.27,1.958695652173903,3.0963768115942036,2.4550351862039244,1187.5999755859375,1393.0999755859375,1500.0,0.8533333333333334,1.0,0.85,0.0,0.5,0.93,1.0,0.04,,,0.9492735931838768,8.695652173913043
ITC,Short-Term (Swing),STRONG_BULLISH,2024-07-12,^CNXFMCG,70.3,target1,1.923812211774445,3,442.0262451171875,450.53,431.21,1.923812211774445,2.446968983554354,1.6313172741564907,403.0281677246094,446.07049560546875,463.5955505371094,1.0,1.0,0.5,1.0,0.5,0.7,1.0,0.08,,,0.9149344711893886,4.8796436089905795
ITC,Short-Term (Swing),STRONG_BULLISH,2024-07-19,^CNXFMCG,66.5,target1,2.0219772177051176,1,456.99957275390625,466.24,445.85,2.0219772177051176,2.43973373688694,1.619952237085611,403.0281677246094,461.62158203125,463.5955505371094,1.0,1.0,0.35,0.7466666666666666,0.5,1.0,1.0,0.08,,,1.0113815313855221,1.4433225272958956
ITC,Short-Term (Swing),STRONG_BULLISH,2024-07-24,^CNXFMCG,74.5,target1,5.103875944925496,40,471.8284606933594,495.91,460.6,5.103875944925496,2.379776047604032,2.120702755706093,405.4836120605469,491.7126770019531,491.7126770019531,1.0,1.0,0.35,0.7466666666666666,1.0,1.0,1.0,0.13,,,4.214289294752076,4.214289294752076
ITC,Short-Term (Swing),BULLISH,2024-09-09,^CNXFMCG,63.1,target1,1.798211750184886,16,492.91632080078125,501.78,479.2,1.798211750184886,2.7826874911542787,1.8357748875621593,470.14337158203125,496.8161315917969,496.8161315917969,0.8533333333333334,1.0,0.5,0.7466666666666666,0.5,0.5900000000000001,1.0,0.06999999999999999,,,0.7911709607586286,0.7911709607586286
ITC,Short-Term (Swing),STRONG_BULLISH,2024-09-27,^CNXFMCG,65.0,stop_loss,-1.9097928449407942,3,501.2936706542969,513.99,491.72,2.53271287649246,1.9097928449407942,1.5356486028560432,478.71331787109375,508.90069580078125,508.90069580078125,1.0,1.0,0.5,0.7466666666666666,0.5,0.54,1.0,0.09,,,1.5174787937289451,1.5174787937289451
ITC,Short-Term (Swing),BULLISH,2024-12-13,^CNXFMCG,68.3,target1,3.9109301727012102,17,452.8108825683594,470.52,438.64,3.9109301727012102,3.1295366595391116,2.0523933526011375,434.9006652832031,465.8583984375,508.90069580078125,0.8533333333333334,0.6,1.0,0.5466666666666666,1.0,0.0,1.0,0.13,,,2.8814492697557648,12.387028534799885
ITC,Short-Term (Swing),NEUTRAL,2025-02-01,^CNXFMCG,66.1,stop_loss,-3.2359307359307365,2,462.0,476.22,447.05,3.0779220779220795,3.2359307359307365,2.23378724219042,430.1000061035156,471.5,508.90069580078125,0.5466666666666666,1.0,0.85,0.0,1.0,1.0,1.0,0.09,,,2.0562770562770565,10.15166575774486
ITC,Short-Term (Swing),BULLISH,2025-03-21,^CNXFMCG,60.1,stop_loss,-3.1818181818181746,14,407.0,420.41,394.05,3.2948402948403066,3.1818181818181746,1.8907798945053762,391.20001220703125,416.25,508.90069580078125,0.8533333333333334,0.6,0.85,0.0,1.0,0.3,1.0,0.13,,,2.272727272727273,25.03702599527795
ITC,Short-Term (Swing),HIGH_VOLATILITY,2025-04-22,^CNXFMCG,74.0,target1,0.6762924599755804,13,436.20001220703125,439.15,421.36,0.6762924599755804,3.402111827541121,1.8817556684468848,390.1499938964844,434.79998779296875,508.90069580078125,0.3,1.0,0.85,1.0,1.0,0.71,1.0,0.04,,,-0.32095927897361315,16.66682291591603
ITC,Short-Term (Swing),STRONG_BULLISH,2025-05-08,^CNXFMCG,60.0,target1,4.249322050534743,18,425.95001220703125,444.05,419.17,4.249322050534743,1.5917389394828452,1.7694115754753306,390.1499938964844,439.6499938964844,508.90069580078125,1.0,0.6,0.5,0.7466666666666666,0.5,0.41,1.0,0.12,,,3.2163355550731394,19.474276609113502
ITC,Short-Term (Swing),NEUTRAL,2025-09-04,^CNXFMCG,61.6,stop_loss,-2.403452636886416,0,416.8999938964844,427.93,406.88,2.645719900455168,2.403452636886416,1.4459566630821339,396.25,427.0,508.90069580078125,0.5466666666666666,1.0,0.85,0.0,1.0,0.51,1.0,0.13,,,2.4226448192329406,22.067810806238704
ITC,Short-Term (Swing),STRONG_BULLISH,2025-10-09,^CNXFMCG,62.7,target1,2.2274909529425013,7,400.45001220703125,409.37,396.01,2.2274909529425013,1.1087556677950028,1.1837015390138907,398.0,417.04998779296875,495.85321044921875,1.0,0.6,0.5,0.5466666666666666,0.5,0.1,1.0,1.0,,,4.145330273421336,23.823996837054505
ITC,Short-Term (Swing),STRONG_BULLISH,2025-10-23,^CNXFMCG,68.5,target1,2.0915945516641665,7,415.95001220703125,424.65,408.6,2.0915945516641665,1.767042190486312,1.178594222083263,396.20001220703125,420.45001220703125,475.19866943359375,1.0,1.0,0.85,0.0,1.0,0.53,1.0,0.12,,,1.081860768827243,14.2441773020246
ITC,Short-Term (Swing),NEUTRAL,2025-12-19,^CNXFMCG,63.2,target1,1.8874486507180377,2,401.6000061035156,409.18,396.21,1.8874486507180377,1.342132973505561,1.0139841827929876,398.20001220703125,408.79998779296875,472.7913818359375,0.5466666666666666,0.6,1.0,0.5466666666666666,0.5,0.37,1.0,0.45999999999999996,,,1.7928240986125066,17.726935918938143
ITC,Short-Term (Swing),STRONG_BULLISH,2025-12-31,^CNXFMCG,65.1,stop_loss,-1.3856498728295308,0,402.70001220703125,410.85,397.12,2.0238359935233374,1.3856498728295308,0.9735166293908748,398.8500061035156,409.5,472.7913818359375,1.0,0.6,0.85,0.5466666666666666,0.5,0.51,1.0,0.13,,,1.6885988544427515,17.40535572491409
ITC,Short-Term (Swing),HIGH_VOLATILITY,2026-03-16,^CNXFMCG,60.0,stop_loss,-3.4844367742168036,2,309.95001220703125,320.46,299.15,3.3908654231471935,3.4844367742168036,1.979889589386446,300.6499938964844,334.25,444.20001220703125,0.3,0.6,0.5,0.5466666666666666,1.0,1.0,1.0,0.13,,,7.839969942229769,43.31343594538323
ITC,Short-Term (Swing),BULLISH,2026-04-29,^CNXFMCG,66.7,stop_loss,-2.763636363636368,7,316.25,320.68,307.51,1.4007905138339938,2.763636363636368,1.8417577947762394,287.0,317.5,444.20001220703125,0.8533333333333334,1.0,0.85,0.0,1.0,0.64,1.0,0.05,,,0.3952569169960474,40.45850188364625
ITC,Short-Term (Swing),BULLISH,2026-05-08,^CNXFMCG,62.1,stop_loss,-2.338762214983714,16,307.0,317.63,299.82,3.4625407166123834,2.338762214983714,1.6552092483999734,298.1000061035156,317.8999938964844,444.20001220703125,0.8533333333333334,1.0,0.85,0.7466666666666666,0.0,0.48,1.0,0.13,,,3.550486611232696,44.690557722160015
INDUSINDBK,Short-Term (Swing),STRONG_BULLISH,2024-08-28,^NSEBANK,62.2,target1,2.842600071850754,15,1414.199951171875,1454.4,1375.44,2.842600071850754,2.7407688099378436,1.8981669972583544,1329.199951171875,1440.0,1694.5,1.0,0.6,0.85,0.0,1.0,0.32,1.0,0.1,,,1.8243565067829215,19.8203972921831
INDUSINDBK,Short-Term (Swing),STRONG_BULLISH,2024-09-16,^NSEBANK,68.7,target1,0.7232746955345037,1,1478.0,1488.69,1433.41,0.7232746955345037,3.0169147496617033,1.6682482991829273,1357.199951171875,1473.949951171875,1694.5,1.0,1.0,0.85,0.7466666666666666,0.0,1.0,1.0,0.05,,,-0.2740222481816644,14.648173207036535
INDUSINDBK,Short-Term (Swing),STRONG_BULLISH,2024-09-19,^NSEBANK,76.5,stop_loss,-2.6807795698924775,4,1488.0,1512.98,1448.11,1.6787634408602203,2.6807795698924775,1.6451746671940486,1373.800048828125,1498.0,1694.5,1.0,1.0,0.85,0.7466666666666666,0.5,1.0,1.0,0.08,,,0.6720430107526881,13.87768817204301
INDUSINDBK,Short-Term (Swing),STRONG_BULLISH,2024-09-27,^NSEBANK,63.9,stop_loss,-2.850034083162911,1,1467.0,1512.72,1425.19,3.116564417177914,2.850034083162911,1.7097444402978466,1400.0999755859375,1498.0,1694.5,1.0,1.0,0.5,0.7466666666666666,0.5,0.39,1.0,0.13,,,2.113156100886162,15.50783912747103
INDUSINDBK,Short-Term (Swing),NEUTRAL,2025-02-04,^NSEBANK,65.6,target1,1.1440493449856204,0,1052.4000244140625,1064.44,1001.86,1.1440493449856204,4.802358726873013,2.88336395339908,923.7000122070312,1053.9000244140625,1576.3499755859375,0.5466666666666666,1.0,0.85,0.0,1.0,1.0,1.0,0.04,,,0.14253135359200933,49.78619716999636
INDUSINDBK,Short-Term (Swing),STRONG_BULLISH,2025-06-09,^NSEBANK,66.1,target1,1.9463007159904455,0,838.0,854.31,797.74,1.9463007159904455,4.80429594272076,3.10073283794335,725.7999877929688,845.8499755859375,1550.0,1.0,1.0,0.85,0.7466666666666666,0.0,1.0,0.5,0.04,,,0.9367512632383652,84.96420047732697
INDUSINDBK,Short-Term (Swing),STRONG_BULLISH,2025-06-11,^NSEBANK,62.0,target1,3.455197132616483,15,837.0,865.92,798.81,3.455197132616483,4.562724014336927,2.988806130223153,725.7999877929688,857.3499755859375,1550.0,1.0,1.0,0.5,0.7466666666666666,0.0,1.0,1.0,0.08,,,2.4312993531586025,85.18518518518519
INDUSINDBK,Short-Term (Swing),STRONG_BULLISH,2025-06-30,^NSEBANK,71.6,target1,2.265259736479064,0,870.0999755859375,889.81,836.79,2.265259736479064,3.8282928997332877,2.6992812418713976,798.1500244140625,881.0,1521.0,1.0,1.0,0.85,1.0,0.0,0.9099999999999999,1.0,0.05,,,1.2527324123555192,74.80749829647304
INDUSINDBK,Short-Term (Swing),STRONG_BULLISH,2025-07-02,^NSEBANK,62.8,stop_loss,-3.2767962308598464,25,849.0,901.73,821.18,6.210836277974097,3.2767962308598464,2.8350381972350203,800.2999877929688,892.7999877929688,1498.0,1.0,0.6,0.5,0.7466666666666666,0.5,0.6900000000000001,1.0,0.12,,,5.159009162893845,76.44287396937574
INDUSINDBK,Short-Term (Swing),STRONG_BULLISH,2025-09-19,^NSEBANK,73.8,stop_loss,-2.09027725735369,4,744.4000244140625,772.47,728.84,3.7708187352669897,2.09027725735369,1.885737139305858,732.5,775.0,1498.0,1.0,0.6,0.85,0.5466666666666666,1.0,0.1,1.0,0.6599999999999999,,,4.110689761197089,101.23588808035258
INDUSINDBK,Short-Term (Swing),STRONG_BULLISH,2025-10-20,^NSEBANK,67.7,target1,2.153682988394001,7,761.9500122070312,778.36,731.4,2.153682988394001,4.0094509767827695,2.4873055486514692,710.5999755859375,770.6500244140625,1358.3499755859375,1.0,1.0,0.85,0.0,1.0,0.5,1.0,0.06999999999999999,,,1.1418087889822552,78.27284648915486
INDUSINDBK,Short-Term (Swing),STRONG_BULLISH,2025-10-29,^NSEBANK,72.4,stop_loss,-3.3209417596034685,7,807.0,818.15,780.2,1.3816604708797975,3.3209417596034685,2.249843991514518,722.5499877929688,810.0499877929688,1285.949951171875,1.0,1.0,0.85,1.0,0.0,1.0,1.0,0.04,,,0.37794148611756506,59.34943632860905
INDUSINDBK,Short-Term (Swing),STRONG_BULLISH,2025-11-11,^NSEBANK,72.6,target1,0.7746536114202174,0,830.0499877929688,836.48,797.87,0.7746536114202174,3.876873473431708,2.2781995139994353,726.2999877929688,828.2000122070312,1098.5999755859375,1.0,0.6,0.5,0.7466666666666666,1.0,1.0,1.0,0.04,,,-0.2228752018726517,32.35347168753294
INDUSINDBK,Short-Term (Swing),STRONG_BULLISH,2025-11-13,^NSEBANK,74.2,stop_loss,-3.834490740740737,6,864.0,901.27,830.87,4.313657407407412,3.834490740740737,2.5151326002357193,726.2999877929688,892.3499755859375,1086.550048828125,1.0,0.6,0.35,1.0,1.0,1.0,1.0,0.12,,,3.281247174298322,25.758107503255207
INDUSINDBK,Short-Term (Swing),STRONG_BULLISH,2025-11-21,^NSEBANK,80.5,target1,4.923860892005294,38,847.0999755859375,888.81,814.86,4.923860892005294,3.8059233284285177,2.495869737199028,750.8499755859375,892.3499755859375,1086.550048828125,1.0,0.6,0.85,0.7466666666666666,1.0,1.0,1.0,0.13,,,5.341754374234359,28.26703814700978
INDUSINDBK,Short-Term (Swing),STRONG_BULLISH,2026-01-02,^NSEBANK,79.0,target1,1.530386740331502,1,905.0,918.85,872.52,1.530386740331502,3.588950276243097,2.210936903901624,826.0,909.75,1086.550048828125,1.0,1.0,0.5,1.0,1.0,0.8400000000000001,1.0,0.06,,,0.5248618784530387,20.06077887603591
INDUSINDBK,Short-Term (Swing),BULLISH,2026-01-07,^NSEBANK,60.1,target1,4.119286510590858,6,897.0,933.95,865.13,4.119286510590858,3.5529542920847312,2.4297179882143167,826.0,924.7000122070312,1086.550048828125,0.8533333333333334,1.0,0.5,0.7466666666666666,0.0,1.0,1.0,0.11000000000000001,,,3.088072709813963,21.131555053302677
INDUSINDBK,Short-Term (Swing),HIGH_VOLATILITY,2026-01-16,^NSEBANK,62.2,stop_loss,-2.801836791498513,1,947.9500122070312,969.8,921.39,2.304972573616748,2.801836791498513,2.268530132707908,831.0,960.2000122070312,1086.550048828125,0.3,0.6,0.5,0.7466666666666666,1.0,1.0,1.0,0.05,,,1.292262233477836,14.621027990537508
INDUSINDBK,Short-Term (Swing),HIGH_VOLATILITY,2026-02-03,^NSEBANK,62.4,stop_loss,-4.22559652928417,33,922.0,971.52,883.04,5.370932754880697,4.22559652928417,2.8448643386943036,851.1500244140625,961.9000244140625,1086.550048828125,0.3,0.6,0.5,0.7466666666666666,1.0,0.95,1.0,0.12,,,4.327551454887473,17.84707687940618
INDUSINDBK,Short-Term (Swing),NEUTRAL,2026-04-27,^NSEBANK,63.0,target1,2.514180191217652,1,890.1500244140625,912.53,857.83,2.514180191217652,3.630851376467348,3.13446564540442,750.5,903.5,968.8499755859375,0.5466666666666666,1.0,0.85,0.0,1.0,1.0,0.5,0.03,,,1.4997444497881203,8.841200810355412
INDUSINDBK,Short-Term (Swing),STRONG_BULLISH,2026-05-06,^NSEBANK,64.5,stop_loss,-4.363828104402845,5,948.25,959.25,906.87,1.1600316372264663,4.363828104402845,2.8079135192384888,800.7000122070312,949.75,968.8499755859375,1.0,0.6,0.85,0.7466666666666666,0.0,1.0,1.0,0.03,,,0.15818613234906406,2.1724203096163985
INDUSINDBK,Short-Term (Swing),BULLISH,2026-05-26,^NSEBANK,67.5,stop_loss,-3.531434712520154,5,930.5,967.48,897.64,3.9742074153680917,3.531434712520154,2.4784719070320214,870.2000122070312,957.9000244140625,968.8499755859375,0.8533333333333334,1.0,0.5,0.7466666666666666,0.5,1.0,1.0,0.1,,,2.944656035901397,4.1214374622178935
INFY,Short-Term (Swing),STRONG_BULLISH,2024-07-10,^CNXIT,69.7,target1,2.0978260869565224,1,1656.0,1690.74,1604.4,2.0978260869565224,3.1159420289854967,1.7735573562226876,1482.75,1674.0,1733.0,1.0,1.0,0.5,0.7466666666666666,0.5,1.0,1.0,0.1,,,1.0869565217391304,4.64975845410628
INFY,Short-Term (Swing),STRONG_BULLISH,2024-07-18,^CNXIT,66.2,target1,-3.305314533622561,0,1844.0,1783.05,1709.11,-3.305314533622561,7.315075921908898,1.8556792294954285,1499.0999755859375,1765.4000244140625,1765.4000244140625,1.0,1.0,0.35,0.7466666666666666,0.5,1.0,1.0,0.05,,,-4.262471561059518,-4.262471561059518
INFY,Short-Term (Swing),STRONG_BULLISH,2024-07-26,^CNXIT,66.1,target1,0.43462317913876003,0,1893.5999755859375,1901.83,1823.4,0.43462317913876003,3.707223093104206,1.9692814969606849,1559.5,1883.0,1883.0,1.0,1.0,0.35,0.7466666666666666,0.5,1.0,1.0,0.04,,,-0.5597790305556771,-0.5597790305556771
INFY,Short-Term (Swing),BULLISH,2024-08-16,^CNXIT,60.1,target1,3.3349462365591442,9,1860.0,1922.03,1800.06,3.3349462365591442,3.222580645161288,2.11205427169008,1718.550048828125,1903.0,1903.0,0.8533333333333334,1.0,0.5,0.7466666666666666,0.0,1.0,1.0,0.11000000000000001,,,2.311827956989247,2.311827956989247
INFY,Short-Term (Swing),STRONG_BULLISH,2024-08-29,^CNXIT,67.1,target1,1.677502579979362,3,1938.0,1970.51,1882.62,1.677502579979362,2.8575851393188856,1.7493209007531214,1718.550048828125,1951.0,1951.0,1.0,1.0,0.5,0.7466666666666666,0.5,0.77,1.0,0.06999999999999999,,,0.6707946336429308,0.6707946336429308
INFY,Short-Term (Swing),STRONG_BULLISH,2024-09-03,^CNXIT,62.3,stop_loss,-1.5121532432000206,5,1921.0999755859375,1995.51,1892.05,3.8733030742643892,1.5121532432000206,1.689691702784552,1727.0999755859375,1975.75,1975.75,1.0,1.0,0.5,0.7466666666666666,0.0,1.0,1.0,0.11000000000000001,,,2.8447256836487225,2.8447256836487225
INFY,Short-Term (Swing),STRONG_BULLISH,2024-09-10,^CNXIT,68.5,target1,3.4271713846319773,34,1914.699951171875,1980.32,1861.29,3.4271713846319773,2.789468456359756,1.7783698834449049,1789.050048828125,1975.75,1975.75,1.0,1.0,0.5,0.7466666666666666,0.5,0.85,1.0,0.13,,,3.188491689821158,3.188491689821158
INFY,Short-Term (Swing),BEARISH,2024-10-17,^CNXIT,65.2,stop_loss,0.6948965483456693,0,1893.800048828125,2011.36,1906.96,6.207622142824443,-0.6948965483456693,2.0709984314587726,1867.4000244140625,1991.449951171875,1991.449951171875,0.2533333333333333,1.0,0.85,0.7466666666666666,0.5,1.0,1.0,0.06999999999999999,,,5.156294214068445,5.156294214068445
INFY,Short-Term (Swing),HIGH_VOLATILITY,2024-12-05,^CNXIT,62.0,target1,1.8936232536865827,5,1932.800048828125,1969.4,1869.05,1.8936232536865827,3.2983261184610035,2.267111480522074,1762.6500244140625,1949.9000244140625,1991.449951171875,0.3,1.0,0.85,0.0,1.0,1.0,1.0,0.05,,,0.8847255356965341,3.0344526522187327
INFY,Short-Term (Swing),BULLISH,2024-12-12,^CNXIT,72.5,stop_loss,-2.1764183271988813,6,1969.75,2018.79,1926.88,2.4896560477218,2.1764183271988813,2.017199584694497,1795.0,1998.800048828125,1998.800048828125,0.8533333333333334,1.0,0.85,0.7466666666666666,0.5,0.85,1.0,0.05,,,1.474808926418327,1.474808926418327
INFY,Short-Term (Swing),BULLISH,2025-01-02,^CNXIT,63.4,stop_loss,-3.0604957969358026,5,1952.949951171875,2026.51,1893.18,3.766612082607912,3.0604957969358026,2.201944674600727,1840.0,2006.449951171875,2006.449951171875,0.8533333333333334,0.6,0.5,0.7466666666666666,0.5,0.9800000000000001,1.0,0.11000000000000001,,,2.7394455228049814,2.7394455228049814
INFY,Short-Term (Swing),STRONG_BEARISH,2025-01-10,^CNXIT,66.6,stop_loss,-2.8082822085889636,4,1956.0,2026.51,1901.07,3.6048057259713717,2.8082822085889636,2.2329256175475347,1840.0,2006.449951171875,2006.449951171875,0.0,0.6,1.0,0.7466666666666666,1.0,0.85,1.0,0.09,,,2.579240857457822,2.579240857457822
INFY,Short-Term (Swing),STRONG_BULLISH,2025-05-23,^CNXIT,68.3,target1,4.677647488578218,22,1566.5999755859375,1639.88,1508.49,4.677647488578218,3.709305278407349,2.39906146544066,1463.5,1632.0,2006.449951171875,1.0,1.0,0.85,0.7466666666666666,0.0,0.8800000000000001,1.0,0.13,,,4.1746473530743975,28.07672554835994
INFY,Short-Term (Swing),STRONG_BULLISH,2025-06-20,^CNXIT,74.3,stop_loss,-1.5121798875702752,0,1601.0,1663.87,1576.79,3.9269206745783825,1.5121798875702752,1.8941491284341032,1535.5999755859375,1647.4000244140625,2006.449951171875,1.0,1.0,0.85,0.7466666666666666,0.5,0.77,1.0,0.09,,,2.898190157030762,25.324793952022173
INFY,Short-Term (Swing),STRONG_BULLISH,2025-07-02,^CNXIT,61.3,stop_loss,-3.3253012048192754,8,1618.5,1665.49,1564.68,2.9033055298115507,3.3253012048192754,1.896799801528925,1541.5999755859375,1649.0,2006.449951171875,1.0,0.6,0.5,0.7466666666666666,0.5,0.54,1.0,0.12,,,1.8844609206054992,23.96972203718721
INFY,Short-Term (Swing),NEUTRAL,2025-09-09,^CNXIT,63.8,target1,2.932920013913476,8,1510.0999755859375,1554.39,1454.24,2.932920013913476,3.699091218398509,2.2187146910613116,1414.0,1539.0,2006.449951171875,0.5466666666666666,0.6,1.0,0.0,1.0,0.86,1.0,0.1,,,1.9137821919935423,32.86868310777553
INFY,Short-Term (Swing),STRONG_BULLISH,2025-09-19,^CNXIT,62.7,stop_loss,0.851153250403125,0,1482.699951171875,1570.55,1495.32,5.925005174424625,-0.851153250403125,1.9424839378123233,1428.300048828125,1555.0,2006.449951171875,1.0,1.0,0.5,0.0,1.0,0.7,1.0,0.06999999999999999,,,4.876242746955076,35.32407211493101
INFY,Short-Term (Swing),STRONG_BULLISH,2025-10-09,^CNXIT,65.1,stop_loss,-2.9609271523178826,6,1510.0,1567.98,1465.29,3.839735099337749,2.9609271523178826,1.9439407214392235,1427.4000244140625,1555.0,2006.449951171875,1.0,1.0,1.0,0.7466666666666666,0.0,0.26,1.0,0.13,,,2.980132450331126,32.877480210057946
INFY,Short-Term (Swing),STRONG_BULLISH,2025-10-23,^CNXIT,69.9,stop_loss,-3.7434231893471948,7,1539.5,1561.46,1481.87,1.4264371549204347,3.7434231893471948,2.034003549067099,1427.4000244140625,1546.0,2006.449951171875,1.0,1.0,1.0,0.0,1.0,0.42000000000000004,1.0,0.06999999999999999,,,0.42221500487171165,30.33127321675057
INFY,Short-Term (Swing),NEUTRAL,2025-11-10,^CNXIT,62.7,target1,2.3908196721311503,13,1525.0,1561.46,1471.92,2.3908196721311503,3.4806557377049185,1.8313587433256167,1434.0,1546.0,2006.449951171875,0.5466666666666666,0.6,1.0,0.7466666666666666,0.5,0.37,1.0,0.11000000000000001,,,1.377049180327869,31.570488601434427
INFY,Short-Term (Swing),STRONG_BULLISH,2025-11-26,^CNXIT,67.0,target1,2.356138107416883,8,1564.0,1600.85,1513.12,2.356138107416883,3.2531969309463005,1.9164098748756075,1449.0999755859375,1585.0,2006.449951171875,1.0,1.0,0.85,0.7466666666666666,0.0,0.78,1.0,0.1,,,1.3427109974424554,28.28963882173114
INFY,Short-Term (Swing),NEUTRAL,2025-12-11,^CNXIT,61.2,target1,2.917445664647822,7,1601.4000244140625,1648.12,1556.06,2.917445664647822,2.831274117824001,1.7495315759134984,1483.199951171875,1631.800048828125,2006.449951171875,0.5466666666666666,1.0,0.85,0.7466666666666666,0.0,0.86,1.0,0.12,,,1.8983404490196376,25.293488234210344
INFY,Short-Term (Swing),STRONG_BULLISH,2025-12-22,^CNXIT,77.5,stop_loss,-1.9231685527099418,6,1679.0,1710.13,1646.71,1.8540798094103694,1.9231685527099418,1.6924490707510782,1525.9000244140625,1693.199951171875,1984.949951171875,1.0,1.0,0.35,1.0,1.0,1.0,1.0,0.05,,,0.8457386046381774,18.222153137097973
INFY,Short-Term (Swing),HIGH_VOLATILITY,2026-01-16,^CNXIT,65.4,stop_loss,-2.5121661721068222,2,1685.0,1710.94,1642.67,1.5394658753709267,2.5121661721068222,1.8595631366693848,1583.0999755859375,1694.0,1971.800048828125,0.3,1.0,0.5,0.7466666666666666,1.0,0.93,1.0,0.04,,,0.5341246290801187,17.020774411164687
INFY,Short-Term (Swing),HIGH_VOLATILITY,2026-01-27,^CNXIT,69.4,stop_loss,-2.3720238095238044,2,1680.0,1710.94,1640.15,1.8416666666666748,2.3720238095238044,1.6858686539170018,1583.0999755859375,1694.0,1924.0,0.3,0.6,0.85,0.7466666666666666,1.0,1.0,1.0,0.06999999999999999,,,0.8333333333333334,14.523809523809526
INFY,Short-Term (Swing),BEARISH,2026-06-02,^CNXIT,61.2,stop_loss,-1.7349630472194288,0,1242.0999755859375,1291.69,1220.55,3.99243421534321,1.7349630472194288,2.636259788951658,1089.0,1278.9000244140625,1728.0,0.2533333333333333,1.0,0.85,0.0,1.0,1.0,1.0,0.04,,,2.962728407652151,39.119236290528725
JSWSTEEL,Short-Term (Swing),STRONG_BULLISH,2024-07-31,^CNXMETAL,64.0,stop_loss,-4.429629175371441,1,937.5499877929688,968.99,896.02,3.3534224965478643,4.429629175371441,2.3149215818499402,862.4000244140625,959.4000244140625,959.4000244140625,1.0,0.6,0.5,0.7466666666666666,1.0,0.05,1.0,0.13,,,2.330546307459257,2.330546307459257
JSWSTEEL,Short-Term (Swing),STRONG_BULLISH,2024-08-30,^CNXMETAL,60.4,target1,3.983638867987538,18,941.0999755859375,978.59,908.37,3.983638867987538,3.477842570929779,2.3185536702807474,854.1500244140625,968.9000244140625,968.9000244140625,1.0,1.0,0.85,0.0,0.5,0.48,1.0,0.11000000000000001,,,2.95399527673098,2.95399527673098
JSWSTEEL,Short-Term (Swing),STRONG_BULLISH,2024-09-23,^CNXMETAL,65.7,target1,0.6637760807080229,0,991.2999877929688,997.88,949.67,0.6637760807080229,4.199534783174352,2.2013671847927374,911.7000122070312,988.0,988.0,1.0,1.0,0.85,1.0,0.0,0.32,1.0,0.05,,,-0.33289496959601966,-0.33289496959601966
JSWSTEEL,Short-Term (Swing),STRONG_BULLISH,2024-09-26,^CNXMETAL,77.7,target1,1.1805555555555625,3,1008.0,1019.9,970.96,1.1805555555555625,3.674603174603175,2.2931231902994993,911.7000122070312,1009.7999877929688,1009.7999877929688,1.0,1.0,0.85,1.0,0.5,0.78,1.0,0.04,,,0.1785702175564236,0.1785702175564236
JSWSTEEL,Short-Term (Swing),STRONG_BULLISH,2024-10-01,^CNXMETAL,61.7,target1,1.4815175097276256,0,1028.0,1043.23,992.83,1.4815175097276256,3.4212062256809284,2.2366521156048718,911.7000122070312,1032.9000244140625,1032.9000244140625,1.0,1.0,0.5,0.7466666666666666,0.0,1.0,1.0,0.05,,,0.476656071406858,0.476656071406858
JSWSTEEL,Short-Term (Swing),BEARISH,2024-10-04,^CNXMETAL,66.1,stop_loss,-4.152118197920718,1,1039.949951171875,1073.63,996.77,3.2386220885122885,4.152118197920718,2.3848602668949757,911.7000122070312,1063.0,1063.0,0.2533333333333333,1.0,0.5,0.7466666666666666,1.0,1.0,1.0,0.11000000000000001,,,2.2164575133784936,2.2164575133784936
JSWSTEEL,Short-Term (Swing),BEARISH,2024-11-06,^CNXMETAL,74.2,stop_loss,-4.485207100591715,5,1014.0,1042.32,968.52,2.792899408284022,4.485207100591715,2.6525036086782814,909.0,1032.0,1063.0,0.2533333333333333,1.0,1.0,0.7466666666666666,1.0,0.8400000000000001,1.0,0.08,,,1.7751479289940828,4.832347140039447
JSWSTEEL,Short-Term (Swing),NEUTRAL,2025-02-07,^CNXMETAL,65.6,stop_loss,-2.8347022587268955,2,974.0,994.85,946.39,2.1406570841889128,2.8347022587268955,2.335728670664114,882.5,985.0,1063.0,0.5466666666666666,1.0,0.85,0.0,1.0,1.0,1.0,0.04,,,1.1293634496919918,9.137577002053387
JSWSTEEL,Short-Term (Swing),STRONG_BEARISH,2025-03-05,^CNXMETAL,67.9,target1,0.5014807502467855,1,1013.0,1018.08,966.62,0.5014807502467855,4.578479763079956,2.3988788670076944,938.0999755859375,1008.0,1063.0,0.0,1.0,1.0,1.0,0.5,1.0,1.0,0.04,,,-0.4935834155972359,4.935834155972359
JSWSTEEL,Short-Term (Swing),NEUTRAL,2025-03-18,^CNXMETAL,62.3,target1,0.6833976833976685,0,1036.0,1043.08,974.5,0.6833976833976685,5.936293436293438,2.068344690079631,940.5499877929688,1032.75,1063.0,0.5466666666666666,1.0,0.85,0.7466666666666666,0.0,0.97,1.0,0.12,,,-0.3137065637065637,2.606177606177606
JSWSTEEL,Short-Term (Swing),BULLISH,2025-03-20,^CNXMETAL,70.7,target1,1.076996197718616,3,1052.0,1063.33,1016.49,1.076996197718616,3.3754752851711034,2.1427007864016425,940.5499877929688,1052.800048828125,1063.0,0.8533333333333334,1.0,0.5,1.0,0.5,1.0,1.0,0.04,,,0.07605026883317491,1.0456273764258555
JSWSTEEL,Short-Term (Swing),BULLISH,2025-03-27,^CNXMETAL,67.3,stop_loss,-2.9761736258551497,7,1059.75,1085.65,1028.21,2.443972635055447,2.9761736258551497,1.9843890360275451,940.5499877929688,1074.9000244140625,1074.9000244140625,0.8533333333333334,1.0,0.5,0.7466666666666666,0.5,1.0,1.0,0.08,,,1.4295847524475112,1.4295847524475112
JSWSTEEL,Short-Term (Swing),STRONG_BULLISH,2025-05-26,^CNXMETAL,64.3,stop_loss,-4.266472868217052,6,1032.0,1072.22,987.97,3.8972868217054257,4.266472868217052,2.8630418009090732,935.0,1061.5999755859375,1074.9000244140625,1.0,1.0,0.85,0.0,1.0,0.13999999999999999,1.0,0.09,,,2.8682146885598354,4.156979109889777
JSWSTEEL,Short-Term (Swing),STRONG_BULLISH,2025-06-26,^CNXMETAL,67.3,target1,1.198906968417246,5,1038.449951171875,1050.9,999.17,1.198906968417246,3.7825560228057387,2.1552081505225797,962.1500244140625,1040.5,1074.9000244140625,1.0,1.0,0.85,0.0,1.0,0.47000000000000003,1.0,0.06,,,0.1974143121497142,3.510046218506164
JSWSTEEL,Short-Term (Swing),STRONG_BULLISH,2025-07-03,^CNXMETAL,62.1,target1,2.546358283870309,45,1051.699951171875,1078.48,1012.03,2.546358283870309,3.771983741909668,2.17105577676576,967.6500244140625,1067.800048828125,1074.9000244140625,1.0,1.0,0.5,0.7466666666666666,0.0,1.0,1.0,0.09,,,1.530864163139894,2.205959334345924
JSWSTEEL,Short-Term (Swing),BULLISH,2025-08-20,^CNXMETAL,70.3,stop_loss,-2.8419374680519915,4,1080.5999755859375,1100.09,1049.89,1.8036299143440404,2.8419374680519915,2.014340878193773,1017.4000244140625,1089.199951171875,1089.199951171875,0.8533333333333334,1.0,0.85,1.0,0.0,1.0,1.0,0.05,,,0.795851913773578,0.795851913773578
JSWSTEEL,Short-Term (Swing),NEUTRAL,2025-09-03,^CNXMETAL,66.9,target1,2.333953488372087,4,1075.0,1100.09,1040.94,2.333953488372087,3.168372093023253,1.943563181206863,1022.2999877929688,1089.199951171875,1089.199951171875,0.5466666666666666,1.0,0.5,0.7466666666666666,1.0,0.6599999999999999,1.0,0.09,,,1.3209256904069768,1.3209256904069768
JSWSTEEL,Short-Term (Swing),NEUTRAL,2025-09-09,^CNXMETAL,64.0,target1,1.391696750902538,9,1108.0,1123.42,1073.69,1.391696750902538,3.0965703971119085,1.8597653619937462,1022.2999877929688,1112.300048828125,1112.300048828125,0.5466666666666666,1.0,0.85,1.0,0.0,0.82,1.0,0.06,,,0.38809104946976536,0.38809104946976536
JSWSTEEL,Short-Term (Swing),STRONG_BULLISH,2025-09-22,^CNXMETAL,61.6,target1,1.1617777777777727,0,1125.0,1138.07,1089.93,1.1617777777777727,3.1173333333333275,1.6154002309867947,1022.2999877929688,1126.800048828125,1126.800048828125,1.0,1.0,0.5,0.7466666666666666,0.0,0.96,1.0,0.08,,,0.16000434027777777,0.16000434027777777
JSWSTEEL,Short-Term (Swing),BULLISH,2025-09-24,^CNXMETAL,74.8,target1,2.0459511716614864,8,1149.0999755859375,1172.61,1119.68,2.0459511716614864,2.5602624846402855,1.7069434818201181,1022.2999877929688,1161.0,1161.0,0.8533333333333334,1.0,0.5,0.7466666666666666,1.0,1.0,1.0,0.08,,,1.0355952194668319,1.0355952194668319
JSWSTEEL,Short-Term (Swing),STRONG_BULLISH,2025-10-06,^CNXMETAL,62.1,target1,2.3846861801654073,22,1159.9000244140625,1187.56,1127.75,2.3846861801654073,2.771792718109778,1.847871645015561,1080.0999755859375,1175.800048828125,1175.800048828125,1.0,1.0,0.5,0.7466666666666666,0.0,1.0,1.0,0.09,,,1.3708099042496864,1.3708099042496864
JSWSTEEL,Short-Term (Swing),STRONG_BULLISH,2025-10-30,^CNXMETAL,68.5,stop_loss,-2.8818181818181743,6,1210.0,1236.14,1175.13,2.160330578512415,2.8818181818181743,1.9212513672481815,1131.5,1223.9000244140625,1223.9000244140625,1.0,1.0,0.85,1.0,0.0,0.5700000000000001,1.0,0.08,,,1.148762348269628,1.148762348269628
JSWSTEEL,Short-Term (Swing),STRONG_BULLISH,2025-11-11,^CNXMETAL,65.3,stop_loss,-3.1140939597315342,6,1192.0,1236.14,1154.88,3.7030201342281854,3.1140939597315342,2.049067547234967,1131.5,1223.9000244140625,1223.9000244140625,1.0,1.0,0.5,0.7466666666666666,0.5,0.54,1.0,0.12,,,2.676176544803901,2.676176544803901
JSWSTEEL,Short-Term (Swing),STRONG_BULLISH,2025-11-26,^CNXMETAL,62.0,stop_loss,-3.679896462467658,6,1159.0,1205.13,1116.35,3.9801553062985384,3.679896462467658,2.197277117652464,1104.300048828125,1223.9000244140625,1223.9000244140625,1.0,0.6,0.5,0.5466666666666666,1.0,0.15,1.0,0.13,,,5.5996569813686365,5.5996569813686365
JSWSTEEL,Short-Term (Swing),STRONG_BULLISH,2025-12-31,^CNXMETAL,67.4,target1,1.6682423721529949,1,1163.5,1182.91,1127.07,1.6682423721529949,3.1310700472711672,2.1592972979964697,1073.199951171875,1171.199951171875,1223.9000244140625,1.0,1.0,0.85,0.0,1.0,0.49000000000000005,1.0,0.05,,,0.6617921075956167,5.191235445987323
JSWSTEEL,Short-Term (Swing),HIGH_VOLATILITY,2026-01-16,^CNXMETAL,66.0,target1,2.233449135982979,8,1187.4000244140625,1213.92,1152.19,2.233449135982979,2.96530433637453,1.9712281443404516,1075.699951171875,1201.9000244140625,1223.9000244140625,0.3,1.0,0.85,0.7466666666666666,0.5,1.0,1.0,0.08,,,1.221155440615323,3.073943005686848
JSWSTEEL,Short-Term (Swing),HIGH_VOLATILITY,2026-01-28,^CNXMETAL,62.7,target1,1.3702647657841016,0,1227.5,1244.32,1179.4,1.3702647657841016,3.918533604887975,2.149828672977498,1132.5999755859375,1232.0,1232.0,0.3,1.0,0.5,1.0,0.5,1.0,1.0,0.06999999999999999,,,0.3665987780040733,0.3665987780040733
JSWSTEEL,Short-Term (Swing),HIGH_VOLATILITY,2026-01-30,^CNXMETAL,66.8,target1,4.787500000000011,8,1200.0,1257.45,1173.21,4.787500000000011,2.232499999999993,2.261170789540922,1146.4000244140625,1245.0,1245.0,0.3,1.0,0.5,0.7466666666666666,1.0,1.0,1.0,0.11000000000000001,,,3.75,3.75
JSWSTEEL,Short-Term (Swing),HIGH_VOLATILITY,2026-02-25,^CNXMETAL,69.2,stop_loss,-3.0192081536652315,6,1275.5,1297.55,1236.99,1.7287338298706434,3.0192081536652315,1.987686998757652,1174.0,1284.699951171875,1284.699951171875,0.3,1.0,0.5,1.0,1.0,0.9099999999999999,1.0,0.06,,,0.7212819421305371,0.7212819421305371
JSWSTEEL,Short-Term (Swing),NEUTRAL,2026-04-20,^CNXMETAL,65.5,target1,0.5753640178657538,0,1284.4000244140625,1291.79,1221.17,0.5753640178657538,4.922923015585246,2.789521541835758,1102.5,1279.0,1284.699951171875,0.5466666666666666,1.0,0.85,0.0,1.0,1.0,1.0,0.03,,,-0.4204316654794496,0.023351506704410507
JSWSTEEL,Short-Term (Swing),NEUTRAL,2026-05-01,^CNXMETAL,62.6,target1,3.276212832550862,23,1278.0,1319.87,1219.37,3.276212832550862,4.587636932707362,2.3793119505401177,1106.4000244140625,1306.800048828125,1306.800048828125,0.5466666666666666,1.0,0.85,0.7466666666666666,0.0,1.0,1.0,0.12,,,2.2535249474276213,2.2535249474276213
JSWSTEEL,Short-Term (Swing),BULLISH,2026-05-28,^CNXMETAL,68.8,stop_loss,-2.801069110347465,0,1309.5,1341.28,1272.82,2.4268804887361606,2.801069110347465,1.857342686319951,1245.800048828125,1328.0,1328.0,0.8533333333333334,1.0,1.0,0.7466666666666666,0.0,0.89,1.0,0.09,,,1.4127529591447117,1.4127529591447117
JIOFIN,Short-Term (Swing),STRONG_BULLISH,2024-08-29,,62.5,target1,4.1751888778724044,3,327.6499938964844,341.33,312.85,4.1751888778724044,4.517013328912245,2.619542160897306,310.0,337.95001220703125,394.70001220703125,1.0,0.6,0.85,0.0,1.0,0.32999999999999996,1.0,0.12,,,3.1436039989065274,20.463915629349966
JIOFIN,Short-Term (Swing),STRONG_BULLISH,2024-09-03,,68.5,stop_loss,-2.942028985507239,5,345.0,358.55,334.85,3.9275362318840656,2.942028985507239,2.921533791234134,310.0,355.0,394.70001220703125,1.0,0.6,0.85,0.0,1.0,1.0,1.0,0.05,,,2.898550724637681,14.405800639719201
JIOFIN,Short-Term (Swing),STRONG_BULLISH,2024-09-10,,65.1,stop_loss,-4.910638297872339,26,352.5,363.35,335.19,3.078014184397171,4.910638297872339,3.092880437646059,319.20001220703125,359.75,394.70001220703125,1.0,0.6,0.85,0.0,1.0,0.89,0.5,0.06999999999999999,,,2.056737588652482,11.971634668661348
JIOFIN,Short-Term (Swing),BULLISH,2024-12-13,,62.9,stop_loss,-3.439941046425943,2,339.25,350.82,327.58,3.410464259395729,3.439941046425943,2.3887699479832847,302.75,347.3500061035156,394.70001220703125,0.8533333333333334,0.6,0.85,0.7466666666666666,0.0,1.0,1.0,0.09,,,2.3876215485676124,16.344882006494103
JIOFIN,Short-Term (Swing),HIGH_VOLATILITY,2025-04-23,,62.7,target1,1.2170542635658865,1,258.0,261.14,245.97,1.2170542635658865,4.662790697674424,3.143099830357983,203.10000610351562,258.54998779296875,394.70001220703125,0.3,0.6,0.85,1.0,0.5,1.0,0.5,0.02,,,0.2131735631661822,52.98450085543847
JIOFIN,Short-Term (Swing),HIGH_VOLATILITY,2025-04-30,,61.7,stop_loss,-5.393683615705092,5,262.8999938964844,265.93,248.72,1.1525318272577412,5.393683615705092,2.9959908541788063,203.10000610351562,263.29998779296875,391.5,0.3,0.6,0.85,0.7466666666666666,0.5,1.0,1.0,0.05,,,0.15214678804514187,48.91594107611553
JIOFIN,Short-Term (Swing),STRONG_BULLISH,2025-05-16,,68.3,target1,1.3465703971119236,4,277.0,280.73,264.89,1.3465703971119236,4.371841155234657,2.914939028234541,238.3000030517578,277.95001220703125,376.0,1.0,0.6,0.85,1.0,0.0,1.0,1.0,0.03,,,0.34296469567915167,35.74007220216607
JIOFIN,Short-Term (Swing),STRONG_BULLISH,2025-05-26,,64.7,target1,2.6964285714285774,0,280.0,287.55,270.89,2.6964285714285774,3.2535714285714334,2.5686395017557397,242.0,284.70001220703125,376.0,1.0,0.6,0.85,0.7466666666666666,0.0,1.0,1.0,0.05,,,1.6785757882254466,34.285714285714285
JIOFIN,Short-Term (Swing),STRONG_BULLISH,2025-05-28,,73.2,target1,3.595544130248496,11,291.75,302.24,278.5,3.595544130248496,4.541559554413022,2.7215165075350396,242.0,299.25,376.0,1.0,0.6,0.5,0.7466666666666666,1.0,1.0,1.0,0.1,,,2.570694087403599,28.877463581833762
JIOFIN,Short-Term (Swing),STRONG_BULLISH,2025-06-11,,65.4,stop_loss,-4.025014269490946,1,303.8500061035156,309.92,291.62,1.9976941828385053,4.025014269490946,2.429183675243006,265.5,306.8500061035156,368.29998779296875,1.0,0.6,0.5,0.7466666666666666,0.5,1.0,1.0,0.06999999999999999,,,0.9873292544802384,21.211117457570925
JIOFIN,Short-Term (Swing),STRONG_BULLISH,2025-06-20,,64.4,target1,7.2708414814018685,3,288.54998779296875,309.53,282.79,7.2708414814018685,1.9961836897049001,2.5957292701407426,279.1000061035156,306.8500061035156,368.29998779296875,1.0,0.6,0.5,0.7466666666666666,0.5,0.8400000000000001,1.0,0.13,,,6.3420617171111875,27.63819212400026
JIOFIN,Short-Term (Swing),STRONG_BULLISH,2025-06-27,,73.7,target1,1.7405953532435348,9,326.8999938964844,332.59,310.76,1.7405953532435348,4.937287916131083,2.614742032350119,282.5,329.29998779296875,363.0,1.0,0.6,0.35,1.0,1.0,1.0,1.0,0.06999999999999999,,,0.7341676174042246,11.04313452968341
JIOFIN,Short-Term (Swing),BEARISH,2025-07-31,,60.6,stop_loss,-3.8308870251230975,6,329.95001220703125,338.65,317.31,2.6367593487190977,3.8308870251230975,2.4166153298121924,306.29998779296875,335.29998779296875,363.0,0.2533333333333333,0.6,0.5,0.7466666666666666,1.0,0.8800000000000001,1.0,0.08,,,1.6214503373258222,10.016665122058283
JIOFIN,Short-Term (Swing),STRONG_BULLISH,2025-10-07,,65.6,stop_loss,-2.8396237721204365,29,309.8999938964844,321.64,301.1,3.7883208566429127,2.8396237721204365,1.8938947133561166,292.20001220703125,321.6000061035156,350.5,1.0,0.6,1.0,0.0,1.0,0.32999999999999996,1.0,0.13,,,3.7754154364195935,13.101002550221802
JIOFIN,Short-Term (Swing),STRONG_BULLISH,2025-11-13,,62.9,stop_loss,-2.7106109324758876,10,311.0,319.77,302.57,2.8199356913183315,2.7106109324758876,1.745439444787609,293.5,316.6000061035156,347.3500061035156,1.0,0.6,0.85,0.0,1.0,0.38,1.0,0.11000000000000001,,,1.800645049361937,11.688104856435892
JIOFIN,Short-Term (Swing),BULLISH,2026-01-07,,63.8,stop_loss,-2.509063006676837,0,303.29998779296875,309.06,295.69,1.8991138934575158,2.509063006676837,1.7151062468866738,289.25,306.0,338.6000061035156,0.8533333333333334,0.6,0.85,0.0,1.0,0.73,1.0,0.06999999999999999,,,0.8902117757005208,11.63864811450059
JIOFIN,Short-Term (Swing),BULLISH,2026-05-04,,61.5,stop_loss,-4.035714285714276,6,252.0,259.57,241.83,3.0039682539682477,4.035714285714276,2.8790296741864263,226.10000610351562,257.0,338.6000061035156,0.8533333333333334,0.6,0.85,0.7466666666666666,0.0,0.89,1.0,0.06,,,1.984126984126984,34.365081787109375
KOTAKBANK,Short-Term (Swing),STRONG_BULLISH,2024-07-11,^NSEBANK,63.2,stop_loss,-3.179721900395549,10,368.8999938964844,377.74,357.17,2.396315058220422,3.179721900395549,2.1197569500323117,340.6499938964844,374.0,385.29998779296875,1.0,0.6,0.85,0.7466666666666666,0.0,0.82,1.0,0.08,,,1.3824901566538703,4.44564764646928
KOTAKBANK,Short-Term (Swing),STRONG_BULLISH,2024-09-12,^NSEBANK,70.0,target1,0.8437686867216021,4,367.3999938964844,370.5,357.21,0.8437686867216021,2.773542206251489,1.5096382533769832,349.20001220703125,366.8299865722656,385.29998779296875,1.0,1.0,1.0,0.0,1.0,0.44000000000000006,1.0,0.06,,,-0.15514625304521662,4.872072453416462
KOTAKBANK,Short-Term (Swing),STRONG_BULLISH,2024-09-18,^NSEBANK,71.2,target1,1.521700861260844,1,369.9800109863281,375.61,360.01,1.521700861260844,2.694743145649714,1.4373285344705338,351.29998779296875,371.8900146484375,385.29998779296875,1.0,1.0,0.5,0.7466666666666666,1.0,0.4,1.0,0.1,,,0.5162450957870682,4.140757973869768
KOTAKBANK,Short-Term (Swing),STRONG_BULLISH,2024-09-23,^NSEBANK,60.6,stop_loss,-2.322997416020678,2,387.0,392.28,378.01,1.3643410852713034,2.322997416020678,1.538130903328316,351.29998779296875,388.3999938964844,388.3999938964844,1.0,1.0,0.35,1.0,0.0,0.8,1.0,0.06,,,0.3617555288073321,0.3617555288073321
KOTAKBANK,Short-Term (Swing),STRONG_BULLISH,2024-09-27,^NSEBANK,66.4,stop_loss,-1.6211548438786805,3,371.3399963378906,386.72,365.32,4.141757907520094,1.6211548438786805,1.632981588854374,351.29998779296875,388.3999938964844,388.3999938964844,1.0,1.0,0.5,0.7466666666666666,0.5,0.64,1.0,0.13,,,4.594171844357556,4.594171844357556
KOTAKBANK,Short-Term (Swing),BULLISH,2025-01-02,^NSEBANK,69.2,stop_loss,-3.398166340414921,3,370.20001220703125,371.72,357.62,0.41058555992665724,3.398166340414921,1.779748926224089,346.6700134277344,368.0400085449219,388.3999938964844,0.8533333333333334,0.15,0.85,1.0,0.5,1.0,1.0,0.04,,,-0.5834693654470792,4.916256372048669
KOTAKBANK,Short-Term (Swing),STRONG_BEARISH,2025-01-20,^NSEBANK,66.9,target1,1.4706258681094653,17,384.19000244140625,389.84,370.25,1.4706258681094653,3.6284136372164655,2.4039595309768513,344.75,385.9800109863281,388.3999938964844,0.0,0.15,1.0,1.0,1.0,1.0,1.0,0.04,,,0.4659175235031977,1.0958097369335376
KOTAKBANK,Short-Term (Swing),NEUTRAL,2025-02-10,^NSEBANK,61.8,target1,1.0205605301912613,2,392.9200134277344,396.93,379.61,1.0205605301912613,3.3874613083770377,2.1129009687728204,349.6600036621094,393.0,393.0,0.5466666666666666,1.0,0.85,0.7466666666666666,0.0,1.0,1.0,0.04,,,0.020356960585398147,0.020356960585398147
KOTAKBANK,Short-Term (Swing),NEUTRAL,2025-03-19,^NSEBANK,72.8,target1,1.9940885153987509,1,406.20001220703125,414.3,393.55,1.9940885153987509,3.1142323552131757,1.7735309953464027,378.7799987792969,410.20001220703125,410.20001220703125,0.5466666666666666,1.0,0.85,1.0,0.5,0.9199999999999999,1.0,0.09,,,0.9847365533709752,0.9847365533709752
KOTAKBANK,Short-Term (Swing),BULLISH,2025-03-24,^NSEBANK,75.3,stop_loss,-3.046013728079977,2,435.9800109863281,441.22,422.7,1.201887444751737,3.046013728079977,1.9187678297873438,378.7799987792969,436.8500061035156,436.8500061035156,0.8533333333333334,1.0,0.35,1.0,1.0,1.0,1.0,0.05,,,0.19954931310251794,0.19954931310251794
KOTAKBANK,Short-Term (Swing),BULLISH,2025-04-01,^NSEBANK,60.2,stop_loss,-2.7557243976270795,5,428.20001220703125,444.91,416.4,3.9023791024297427,2.7557243976270795,1.9850678008494784,379.0400085449219,440.5,440.5,0.8533333333333334,1.0,0.5,0.7466666666666666,0.0,1.0,1.0,0.12,,,2.8724865582259267,2.8724865582259267
KOTAKBANK,Short-Term (Swing),HIGH_VOLATILITY,2025-04-22,^NSEBANK,62.7,stop_loss,-4.192560175054705,2,457.0,464.98,437.84,1.746170678336978,4.192560175054705,2.339340246019527,400.1600036621094,460.3800048828125,460.3800048828125,0.3,1.0,0.5,1.0,0.5,1.0,1.0,0.06999999999999999,,,0.7396071953637856,0.7396071953637856
KOTAKBANK,Short-Term (Swing),STRONG_BULLISH,2025-06-09,^NSEBANK,69.5,target1,0.971259071523245,0,429.3399963378906,433.51,415.8,0.971259071523245,3.153676911860459,1.8457203890991525,406.760009765625,429.2200012207031,460.3800048828125,1.0,1.0,1.0,0.0,1.0,0.4,1.0,0.05,,,-0.027948739509715707,7.229703454064733
KOTAKBANK,Short-Term (Swing),STRONG_BULLISH,2025-06-24,^NSEBANK,61.1,stop_loss,-2.5708515399467613,5,444.6000061035156,451.19,433.17,1.4822298259145938,2.5708515399467613,1.7317120441105252,406.760009765625,446.7200012207031,460.3800048828125,1.0,0.6,0.85,0.0,0.5,1.0,1.0,0.06,,,0.4768320036176303,3.5492574364973892
KOTAKBANK,Short-Term (Swing),STRONG_BULLISH,2025-07-01,^NSEBANK,67.2,stop_loss,-2.6544622425629383,1,437.0,451.19,425.4,3.247139588100678,2.6544622425629383,1.7276512645714885,406.760009765625,446.7200012207031,460.3800048828125,1.0,1.0,0.85,0.7466666666666666,0.0,0.77,1.0,0.13,,,2.224256572243278,5.35011553382437
KOTAKBANK,Short-Term (Swing),STRONG_BULLISH,2025-07-08,^NSEBANK,73.6,stop_loss,-2.446999108217718,7,443.3999938964844,452.78,432.55,2.1154727633364567,2.446999108217718,1.8501612924729727,414.3999938964844,448.29998779296875,460.3800048828125,1.0,1.0,0.5,0.7466666666666666,1.0,0.6799999999999999,1.0,0.06,,,1.105095616584136,3.829501853870629
KOTAKBANK,Short-Term (Swing),NEUTRAL,2025-09-03,^NSEBANK,61.2,target1,3.4548667443223158,12,392.20001220703125,405.75,384.29,3.4548667443223158,2.016831198581337,1.7484482810874322,386.2200012207031,407.79998779296875,460.3800048828125,0.5466666666666666,0.6,0.85,0.5466666666666666,0.5,0.32,1.0,0.61,,,3.9775561194278377,17.383985352807937
KOTAKBANK,Short-Term (Swing),BULLISH,2025-09-17,^NSEBANK,64.9,stop_loss,-2.2878048780487825,8,410.0,414.65,400.62,1.1341463414634045,2.2878048780487825,1.535065371658769,386.2200012207031,410.5400085449219,460.3800048828125,0.8533333333333334,1.0,0.85,0.0,1.0,0.45999999999999996,1.0,0.05,,,0.13170940120045732,12.287806068978659
KOTAKBANK,Short-Term (Swing),NEUTRAL,2025-10-03,^NSEBANK,73.3,target1,0.7142886220966593,0,422.79998779296875,425.82,409.64,0.7142886220966593,3.1125799841349,1.6597094285787903,386.29998779296875,421.6000061035156,460.3800048828125,0.5466666666666666,1.0,0.85,1.0,0.5,1.0,1.0,0.06,,,-0.2838178155389911,8.888367591024021
KOTAKBANK,Short-Term (Swing),STRONG_BULLISH,2025-10-07,^NSEBANK,62.1,target1,2.3348254154818004,8,425.29998779296875,435.23,414.46,2.3348254154818004,2.548786292993155,1.7108620313673637,387.9599914550781,430.9200134277344,460.3800048828125,1.0,1.0,0.5,0.7466666666666666,0.0,1.0,1.0,0.09,,,1.3214262393775074,8.248299575997239
KOTAKBANK,Short-Term (Swing),STRONG_BULLISH,2025-10-17,^NSEBANK,61.8,target1,1.0275547272956542,0,442.79998779296875,447.35,430.93,1.0275547272956542,2.6806657904693942,1.5452852276044637,394.05999755859375,442.9200134277344,460.3800048828125,1.0,1.0,0.5,0.7466666666666666,0.0,1.0,1.0,0.06,,,0.027106060992427808,3.9701936708415833
KOTAKBANK,Short-Term (Swing),STRONG_BULLISH,2025-10-21,^NSEBANK,62.5,stop_loss,-3.6921348314606806,4,445.0,453.84,428.57,1.986516853932585,3.6921348314606806,1.6433626573912241,394.05999755859375,453.20001220703125,460.3800048828125,1.0,1.0,0.5,0.7466666666666666,0.0,1.0,1.0,0.13,,,1.842699372366573,3.456180872542135
KOTAKBANK,Short-Term (Swing),STRONG_BULLISH,2025-10-28,^NSEBANK,68.1,stop_loss,-3.191244239631341,2,434.0,448.17,420.15,3.264976958525345,3.191244239631341,1.85245368749482,394.05999755859375,453.20001220703125,460.3800048828125,1.0,1.0,0.5,0.7466666666666666,0.5,0.8099999999999999,1.0,0.13,,,4.423965946320565,6.07834213889689
KOTAKBANK,Short-Term (Swing),STRONG_BULLISH,2025-11-03,^NSEBANK,60.3,stop_loss,-1.854300658051955,2,423.3399963378906,438.02,415.49,3.467662821632489,1.854300658051955,1.8126816269062533,417.5799865722656,453.20001220703125,460.3800048828125,1.0,1.0,0.5,0.5466666666666666,0.0,0.21000000000000002,1.0,1.0,,,7.053436038986434,8.749470606448021
KOTAKBANK,Short-Term (Swing),STRONG_BULLISH,2025-12-31,^NSEBANK,76.5,target1,0.7895927601810016,1,442.0,445.49,431.14,0.7895927601810016,2.457013574660638,1.3756128589408996,421.7799987792969,441.0799865722656,460.3800048828125,1.0,0.6,1.0,1.0,0.5,0.74,1.0,0.06,,,-0.2081478343290441,4.158372145432692
KOTAKBANK,Short-Term (Swing),STRONG_BULLISH,2026-05-06,^NSEBANK,62.5,target1,3.8872623395971084,8,376.1000061035156,390.72,362.01,3.8872623395971084,3.74634561947802,2.5834081608296247,363.0,386.8500061035156,453.20001220703125,1.0,0.6,0.85,0.0,1.0,0.35,1.0,0.1,,,2.8582823253241934,20.499868346796852
KOTAKBANK,Short-Term (Swing),BULLISH,2026-05-25,^NSEBANK,69.7,stop_loss,-3.619703673816077,6,392.8500061035156,399.1,378.63,1.590936438686863,3.619703673816077,2.413212580628598,363.0,395.1499938964844,453.20001220703125,0.8533333333333334,1.0,0.85,1.0,0.0,0.95,1.0,0.04,,,0.5854620738793384,15.36209880765878
LT,Short-Term (Swing),STRONG_BULLISH,2024-07-09,^CNXINFRA,62.4,stop_loss,-3.67295008302988,13,3685.050048828125,3757.2,3549.7,1.957909667870572,3.67295008302988,2.1166417961217165,3505.0,3720.0,3919.89990234375,1.0,1.0,0.85,0.7466666666666666,0.0,0.33999999999999997,1.0,0.08,,,0.9484254137332371,6.373043795980711
LT,Short-Term (Swing),STRONG_BULLISH,2024-07-25,^CNXINFRA,66.4,target1,3.365665472581969,3,3629.0,3751.14,3491.66,3.365665472581969,3.7845136401212454,2.3483600773396107,3460.0,3714.0,3919.89990234375,1.0,0.6,0.5,0.7466666666666666,1.0,0.32,1.0,0.1,,,2.3422430421603746,8.01597967329154
LT,Short-Term (Swing),STRONG_BULLISH,2024-07-30,^CNXINFRA,71.8,target1,1.4799896863749051,1,3777.050048828125,3832.95,3655.89,1.4799896863749051,3.207795694042137,2.268111583593204,3460.0,3795.0,3919.89990234375,1.0,1.0,0.85,1.0,0.0,0.9400000000000001,1.0,0.04,,,0.47523731324249163,3.7820482034635963
LT,Short-Term (Swing),STRONG_BULLISH,2024-08-26,^CNXINFRA,65.8,stop_loss,-2.6914445519639174,10,3642.64990234375,3771.62,3544.61,3.5405570426427113,2.6914445519639174,1.7809323307140352,3511.5,3838.949951171875,3919.89990234375,1.0,1.0,1.0,0.7466666666666666,0.0,0.32999999999999996,1.0,0.13,,,5.3889353654827445,7.61121731247387
LT,Short-Term (Swing),STRONG_BULLISH,2024-09-12,^CNXINFRA,62.5,target1,3.7106570955273366,5,3622.0,3756.4,3521.2,3.7106570955273366,2.7829928216455024,1.8553716550081045,3516.39990234375,3745.0,3919.89990234375,1.0,0.6,0.5,0.5466666666666666,1.0,0.2,1.0,0.13,,,3.3959138597459972,8.22473501777333
LT,Short-Term (Swing),STRONG_BULLISH,2024-09-20,^CNXINFRA,84.0,stop_loss,-2.895263157894734,4,3800.0,3848.0,3689.98,1.2631578947368327,2.895263157894734,1.8260514892302178,3516.39990234375,3809.89990234375,3919.89990234375,1.0,1.0,0.85,1.0,1.0,0.65,1.0,0.05,,,0.2605237458881579,3.1552605879934212
LT,Short-Term (Swing),HIGH_VOLATILITY,2024-11-25,^CNXINFRA,60.8,target1,1.1640815678992444,7,3754.89990234375,3798.61,3622.73,1.1640815678992444,3.51993144374505,2.3140787080681298,3262.550048828125,3761.0,3919.89990234375,0.3,0.6,1.0,0.0,1.0,1.0,1.0,0.03,,,0.16245699792003546,4.394258283609893
LT,Short-Term (Swing),NEUTRAL,2024-12-04,^CNXINFRA,68.7,target1,1.6627296587926388,0,3810.0,3873.35,3666.95,1.6627296587926388,3.754593175853027,2.1627334294557294,3452.449951171875,3835.0,3919.89990234375,0.5466666666666666,1.0,0.85,0.7466666666666666,0.5,0.9099999999999999,1.0,0.06999999999999999,,,0.6561679790026247,2.88451187253937
LT,Short-Term (Swing),BULLISH,2024-12-06,^CNXINFRA,66.4,target1,1.4308985132514662,0,3867.5,3922.84,3739.36,1.4308985132514662,3.3132514544279235,2.195546373278369,3452.449951171875,3884.0,3919.89990234375,0.8533333333333334,1.0,0.85,0.7466666666666666,0.0,1.0,1.0,0.04,,,0.4266321913380737,1.3548778886554622
LT,Short-Term (Swing),BULLISH,2024-12-10,^CNXINFRA,67.1,stop_loss,-3.2027810680566815,2,3923.14990234375,4003.14,3797.5,2.0389253443632738,3.2027810680566815,2.1351526875538545,3452.449951171875,3963.5,3963.5,0.8533333333333334,1.0,0.5,0.7466666666666666,0.5,1.0,1.0,0.06,,,1.0285127680730282,1.0285127680730282
LT,Short-Term (Swing),BULLISH,2024-12-16,^CNXINFRA,60.0,stop_loss,-2.8301483917168246,1,3863.050048828125,4003.14,3753.72,3.626407874637083,2.8301483917168246,2.134048707823091,3452.449951171875,3963.5,3963.5,0.8533333333333334,1.0,0.5,0.7466666666666666,0.0,1.0,1.0,0.1,,,2.6002756863672265,2.6002756863672265
LT,Short-Term (Swing),NEUTRAL,2025-01-31,^CNXINFRA,60.0,stop_loss,-3.8487982112912267,0,3578.0,3729.17,3440.29,4.224986025712685,3.8487982112912267,2.375452652416888,3395.0,3692.25,3963.5,0.5466666666666666,0.6,1.0,0.0,1.0,0.45,1.0,0.13,,,3.1931246506428175,10.77417551704863
LT,Short-Term (Swing),BULLISH,2025-03-20,^CNXINFRA,60.7,target1,1.0571939231456495,0,3357.0,3392.49,3244.51,1.0571939231456495,3.350908549299969,2.119502157073561,3141.0,3358.89990234375,3963.5,0.8533333333333334,1.0,0.85,0.0,0.5,0.8,1.0,0.04,,,0.0565952440795353,18.066726243669944
LT,Short-Term (Swing),BULLISH,2025-03-27,^CNXINFRA,69.2,stop_loss,-3.568190142975891,7,3509.89990234375,3563.28,3384.66,1.5208438742257524,3.568190142975891,2.226469800507589,3141.0,3528.0,3963.5,0.8533333333333334,1.0,0.85,0.0,1.0,0.89,1.0,0.05,,,0.5156870041838967,12.923448254275192
LT,Short-Term (Swing),BULLISH,2025-05-09,^CNXINFRA,65.3,target1,-0.03501280956447195,0,3513.0,3511.77,3323.85,-0.03501280956447195,5.384286934244242,2.3239680791944157,3048.0,3477.0,3963.5,0.8533333333333334,0.6,0.85,0.0,1.0,0.89,1.0,0.06,,,-1.0247651579846286,12.823797324224309
LT,Short-Term (Swing),HIGH_VOLATILITY,2025-05-14,^CNXINFRA,62.2,target1,1.6463550361714097,11,3594.0,3653.17,3450.87,1.6463550361714097,3.982470784641068,2.2804971043280142,3162.39990234375,3617.0,3963.5,0.3,1.0,0.85,1.0,0.0,1.0,1.0,0.06999999999999999,,,0.6399554813578185,10.281023928770171
LT,Short-Term (Swing),STRONG_BULLISH,2025-05-28,^CNXINFRA,64.8,stop_loss,-3.397470063636887,15,3663.89990234375,3709.22,3539.42,1.2369360207482583,3.397470063636887,1.9541763999124797,3284.10009765625,3672.5,3963.5,1.0,0.6,0.85,0.7466666666666666,0.0,1.0,1.0,0.06,,,0.2347252350084299,8.177081952064237
LT,Short-Term (Swing),STRONG_BULLISH,2025-06-20,^CNXINFRA,72.8,stop_loss,-2.1953360768175556,15,3645.0,3745.99,3564.98,2.7706447187928696,2.1953360768175556,1.7663311754022741,3485.89990234375,3708.89990234375,3963.5,1.0,1.0,0.5,0.7466666666666666,1.0,0.5700000000000001,1.0,0.09,,,1.753083740569273,8.737997256515776
LT,Short-Term (Swing),BULLISH,2025-09-16,^CNXINFRA,82.7,target1,1.0550108932461777,9,3672.0,3710.74,3586.97,1.0550108932461777,2.315631808278873,1.4692347382739364,3516.39990234375,3674.0,3963.5,0.8533333333333334,1.0,1.0,1.0,1.0,0.44000000000000006,1.0,0.05,,,0.054466230936819175,7.938453159041395
LT,Short-Term (Swing),STRONG_BULLISH,2025-10-06,^CNXINFRA,64.0,target1,2.263874066168614,8,3748.0,3832.85,3643.51,2.263874066168614,2.7878868729989237,1.6678327122443795,3516.39990234375,3794.89990234375,3963.5,1.0,0.6,0.85,0.7466666666666666,0.0,0.8800000000000001,1.0,0.1,,,1.2513314392676094,5.749733191035219
LT,Short-Term (Swing),STRONG_BULLISH,2025-10-16,^CNXINFRA,72.0,target1,1.6777202072538966,6,3860.0,3924.76,3771.77,1.6777202072538966,2.285751295336791,1.554142447451846,3613.199951171875,3885.89990234375,3963.5,1.0,1.0,0.5,1.0,0.5,0.8800000000000001,1.0,0.06999999999999999,,,0.670981926003886,2.681347150259067
LT,Short-Term (Swing),STRONG_BULLISH,2025-10-24,^CNXINFRA,60.7,target1,2.3992842535787373,2,3912.0,4005.86,3821.11,2.3992842535787373,2.323364008179951,1.4304688735325457,3615.0,3966.199951171875,3966.199951171875,1.0,1.0,0.5,0.7466666666666666,0.0,0.8300000000000001,1.0,0.12,,,1.3854793244344326,1.3854793244344326
LT,Short-Term (Swing),STRONG_BULLISH,2025-10-30,^CNXINFRA,76.2,stop_loss,-2.66801867113452,6,4001.10009765625,4103.23,3894.35,2.5525455462505064,2.66801867113452,1.5574398849918965,3615.0,4062.60009765625,4062.60009765625,1.0,1.0,0.5,0.7466666666666666,1.0,0.8800000000000001,1.0,0.12,,,1.5370772662254875,1.5370772662254875
LT,Short-Term (Swing),STRONG_BULLISH,2025-11-13,^CNXINFRA,61.2,target1,2.529485257371311,13,4002.0,4103.23,3902.99,2.529485257371311,2.4740129935032495,1.6573942779070487,3744.300048828125,4062.60009765625,4062.60009765625,1.0,1.0,0.5,0.7466666666666666,0.0,0.9,1.0,0.1,,,1.5142453187468767,1.5142453187468767
LT,Short-Term (Swing),BULLISH,2025-12-12,^CNXINFRA,67.3,target1,2.6664690107515154,21,4072.800048828125,4181.4,3979.27,2.6664690107515154,2.29645569894934,1.55176621833169,3949.10009765625,4140.0,4140.0,0.8533333333333334,0.6,0.5,0.7466666666666666,1.0,0.62,1.0,0.11000000000000001,,,1.6499693175757688,1.6499693175757688
LT,Short-Term (Swing),BULLISH,2026-01-07,^CNXINFRA,60.8,stop_loss,-2.0358173076923114,0,4160.0,4236.95,4075.31,1.8497596153846052,2.0358173076923114,1.3101552540047412,3970.0,4195.0,4195.0,0.8533333333333334,0.6,0.85,0.7466666666666666,0.0,0.78,1.0,0.1,,,0.8413461538461539,0.8413461538461539
LT,Short-Term (Swing),HIGH_VOLATILITY,2026-02-24,^CNXINFRA,67.0,stop_loss,-3.2704918032786745,5,4270.0,4431.0,4130.35,3.770491803278686,3.2704918032786745,2.016863202459401,3769.10009765625,4440.0,4440.0,0.3,1.0,0.5,0.7466666666666666,1.0,1.0,1.0,0.13,,,3.9812646370023423,3.9812646370023423
LT,Short-Term (Swing),BULLISH,2026-04-29,^CNXINFRA,66.6,stop_loss,-3.6580945383296593,6,4083.0,4190.49,3933.64,2.632623071271123,3.6580945383296593,2.6440916793607427,3470.0,4149.0,4440.0,0.8533333333333334,1.0,0.85,0.7466666666666666,0.0,1.0,1.0,0.06,,,1.6164584864070537,8.743570903747244
LT,Short-Term (Swing),BULLISH,2026-05-26,^CNXINFRA,61.4,stop_loss,-3.19787286668316,7,4043.0,4180.9,3913.71,3.410833539450886,3.19787286668316,2.048785849395751,3847.0,4139.5,4440.0,0.8533333333333334,0.6,1.0,0.7466666666666666,0.0,0.53,1.0,0.11000000000000001,,,2.38684145436557,9.819441009151621
M&M,Short-Term (Swing),STRONG_BULLISH,2024-07-29,^CNXAUTO,65.4,target1,1.0000000000000009,1,2945.0,2974.45,2816.12,1.0000000000000009,4.376230899830224,2.656669585630759,2687.14990234375,2945.0,3013.5,1.0,1.0,1.0,0.7466666666666666,0.0,0.39,1.0,0.03,,,0.0,2.32597623089983
M&M,Short-Term (Swing),STRONG_BULLISH,2024-08-01,^CNXAUTO,67.8,stop_loss,-3.618476570518825,3,2810.300048828125,2988.11,2708.61,6.3270806704793126,3.618476570518825,2.8234008604498464,2687.14990234375,2979.60009765625,3013.5,1.0,1.0,0.5,0.7466666666666666,1.0,0.03,1.0,0.13,,,6.0242695045577745,7.230542918597177
M&M,Short-Term (Swing),STRONG_BULLISH,2024-08-30,^CNXAUTO,66.2,stop_loss,-4.8395832092476665,4,2848.800048828125,2888.5,2710.93,1.3935674842537882,4.8395832092476665,2.244881439235809,2625.699951171875,2859.89990234375,3013.5,1.0,1.0,0.85,0.0,1.0,0.32999999999999996,1.0,0.09,,,0.3896325935613139,5.781379821290917
M&M,Short-Term (Swing),STRONG_BULLISH,2024-09-12,^CNXAUTO,60.5,target1,4.059891107078029,7,2755.0,2866.85,2646.44,4.059891107078029,3.940471869328488,2.2976013103950086,2635.60009765625,2859.89990234375,3013.5,1.0,0.6,0.5,0.5466666666666666,1.0,0.0,1.0,0.13,,,3.807618959845735,9.382940108892921
M&M,Short-Term (Swing),STRONG_BULLISH,2024-09-23,^CNXAUTO,72.8,target1,2.2341059602648983,0,3020.0,3087.47,2943.56,2.2341059602648983,2.531125827814573,2.3222833377672183,2635.60009765625,3056.89990234375,3056.89990234375,1.0,1.0,0.5,1.0,0.5,1.0,1.0,0.03,,,1.2218510709850994,1.2218510709850994
M&M,Short-Term (Swing),STRONG_BULLISH,2024-09-25,^CNXAUTO,70.3,target1,3.531575520833319,0,3072.0,3180.49,2979.37,3.531575520833319,3.0152994791666665,2.408677991172104,2635.60009765625,3149.0,3149.0,1.0,1.0,0.35,1.0,0.5,1.0,1.0,0.08,,,2.506510416666667,2.506510416666667
M&M,Short-Term (Swing),STRONG_BULLISH,2024-09-27,^CNXAUTO,73.8,stop_loss,-3.108607096707361,4,3163.14990234375,3254.32,3064.82,2.882256626178137,3.108607096707361,2.488236857223886,2635.60009765625,3222.10009765625,3222.10009765625,1.0,1.0,0.35,0.7466666666666666,1.0,1.0,1.0,0.06,,,1.8636548103148889,1.8636548103148889
M&M,Short-Term (Swing),BEARISH,2024-10-08,^CNXAUTO,68.7,stop_loss,-4.186363965621909,8,3164.800048828125,3254.32,3032.31,2.828613175894734,4.186363965621909,2.8120194932957365,2635.60009765625,3222.10009765625,3222.10009765625,0.2533333333333333,0.6,0.85,0.7466666666666666,1.0,1.0,1.0,0.06999999999999999,,,1.8105424653713051,1.8105424653713051
M&M,Short-Term (Swing),BULLISH,2024-12-11,^CNXAUTO,64.7,stop_loss,-4.528333980064325,8,3084.800048828125,3181.15,2945.11,3.1233775170768974,4.528333980064325,2.754649637764605,2736.25,3149.64990234375,3222.10009765625,0.8533333333333334,1.0,0.85,0.7466666666666666,0.0,0.78,1.0,0.09,,,2.1022384754000703,4.45085732153964
M&M,Short-Term (Swing),BULLISH,2025-01-02,^CNXAUTO,88.2,stop_loss,-3.8388802488335982,3,3215.0,3260.38,3091.58,1.41150855365475,3.8388802488335982,2.4814667570643456,2886.35009765625,3228.10009765625,3228.10009765625,0.8533333333333334,1.0,1.0,1.0,1.0,1.0,1.0,0.04,,,0.4074680452954899,0.4074680452954899
M&M,Short-Term (Swing),NEUTRAL,2025-02-07,^CNXAUTO,65.6,stop_loss,-4.666893725870369,2,3209.199951171875,3303.26,3059.43,2.9309500890955187,4.666893725870369,2.897726925610515,2754.14990234375,3270.550048828125,3270.550048828125,0.5466666666666666,1.0,0.85,0.0,1.0,0.96,1.0,0.08,,,1.9116944593573029,1.9116944593573029
M&M,Short-Term (Swing),STRONG_BULLISH,2025-05-05,^CNXAUTO,76.1,target1,-2.417320361060926,0,3150.60009765625,3074.44,2891.74,-2.417320361060926,8.216215629803914,2.86297849272147,2425.0,3044.0,3270.949951171875,1.0,1.0,0.85,0.7466666666666666,0.5,1.0,1.0,0.04,,,-3.3834855060009184,3.819902551426757
M&M,Short-Term (Swing),STRONG_BULLISH,2025-05-07,^CNXAUTO,61.7,stop_loss,-4.610216372894882,1,3127.39990234375,3191.3,2983.22,2.043233985150472,4.610216372894882,2.9205751252278978,2425.0,3159.699951171875,3270.949951171875,1.0,1.0,0.5,0.7466666666666666,0.0,1.0,1.0,0.05,,,1.0328083979256557,4.590076527167027
M&M,Short-Term (Swing),HIGH_VOLATILITY,2025-05-15,^CNXAUTO,63.1,stop_loss,-4.266666666666675,6,3135.0,3202.41,3001.24,2.1502392344497467,4.266666666666675,3.033174857074972,2602.39990234375,3170.699951171875,3270.949951171875,0.3,1.0,0.85,0.7466666666666666,0.5,1.0,0.5,0.04,,,1.138754423345295,4.336521568480861
M&M,Short-Term (Swing),STRONG_BULLISH,2025-05-26,^CNXAUTO,60.6,stop_loss,-4.214659867210379,17,3080.199951171875,3202.41,2950.38,3.9676011546467826,4.214659867210379,2.809724685523056,2882.300048828125,3170.699951171875,3270.949951171875,1.0,1.0,0.5,0.7466666666666666,0.0,0.85,1.0,0.09,,,2.9381209478160306,6.192779787800086
M&M,Short-Term (Swing),STRONG_BULLISH,2025-06-20,^CNXAUTO,86.1,target1,2.2578676235554873,3,3163.60009765625,3235.03,3071.42,2.2578676235554873,2.9137721207096123,2.365317357267551,2932.0,3203.0,3270.949951171875,1.0,0.6,1.0,1.0,1.0,0.97,1.0,0.04,,,1.2454134886687915,3.393281394672956
M&M,Short-Term (Swing),STRONG_BULLISH,2025-06-27,^CNXAUTO,75.9,stop_loss,-3.4388814407572355,11,3205.39990234375,3273.91,3095.17,2.137333866085034,3.4388814407572355,2.2503786776130528,2932.0,3241.5,3270.949951171875,1.0,1.0,0.5,0.7466666666666666,1.0,0.9,1.0,0.06999999999999999,,,1.1262275770912091,2.0449881707488538
M&M,Short-Term (Swing),NEUTRAL,2025-08-18,^CNXAUTO,80.9,stop_loss,-3.8167647058823473,10,3400.0,3466.32,3270.23,1.9505882352941262,3.8167647058823473,2.2241303473743836,3116.699951171875,3432.0,3432.0,0.5466666666666666,1.0,0.85,1.0,1.0,1.0,1.0,0.06999999999999999,,,0.9411764705882352,0.9411764705882352
M&M,Short-Term (Swing),NEUTRAL,2025-09-04,^CNXAUTO,84.0,target1,2.1219025918541634,4,3511.0,3585.5,3343.19,2.1219025918541634,4.779549985759046,2.64853266617476,3130.300048828125,3550.0,3550.0,0.5466666666666666,1.0,1.0,1.0,1.0,1.0,1.0,0.08,,,1.110794645400171,1.110794645400171
M&M,Short-Term (Swing),BULLISH,2025-09-10,^CNXAUTO,60.1,stop_loss,-4.294198895027623,15,3620.0,3761.04,3464.55,3.896132596685087,4.294198895027623,2.586625361320499,3185.10009765625,3723.800048828125,3723.800048828125,0.8533333333333334,1.0,0.5,0.7466666666666666,0.0,1.0,1.0,0.11000000000000001,,,2.867404663760359,2.867404663760359
M&M,Short-Term (Swing),STRONG_BULLISH,2025-10-17,^CNXAUTO,84.6,stop_loss,-3.685900925421881,9,3674.0,3715.99,3538.58,1.1428960261295584,3.685900925421881,1.9854774415504886,3391.60009765625,3679.199951171875,3723.800048828125,1.0,1.0,1.0,1.0,1.0,0.4,1.0,0.06,,,0.14153378257689167,1.3554722054470605
M&M,Short-Term (Swing),BULLISH,2025-11-04,^CNXAUTO,62.9,target1,2.42096551724138,1,3625.0,3712.76,3480.25,2.42096551724138,3.9931034482758587,1.8793197358474754,3395.699951171875,3676.0,3723.800048828125,0.8533333333333334,0.15,0.5,0.7466666666666666,1.0,0.61,1.0,0.13,,,1.4068965517241379,2.725518588362069
M&M,Short-Term (Swing),STRONG_BULLISH,2025-11-11,^CNXAUTO,75.9,stop_loss,-3.354692900824252,22,3761.0,3796.59,3634.83,0.9462908800850878,3.354692900824252,2.031915338097207,3428.0,3759.0,3759.0,1.0,0.6,0.85,1.0,0.5,1.0,1.0,0.04,,,-0.05317734645041213,-0.05317734645041213
M&M,Short-Term (Swing),STRONG_BULLISH,2025-12-31,^CNXAUTO,62.7,target1,1.4067114093959665,1,3725.0,3777.4,3617.86,1.4067114093959665,2.8762416107382505,1.6417104481571065,3540.10009765625,3740.0,3795.0,1.0,1.0,1.0,0.0,0.5,0.44000000000000006,1.0,0.08,,,0.4026845637583893,1.8791946308724832
M&M,Short-Term (Swing),NEUTRAL,2026-05-05,^CNXAUTO,61.7,target1,2.7710323574730467,1,3245.0,3334.92,3073.45,2.7710323574730467,5.286594761171037,2.851902921605301,2949.5,3301.89990234375,3839.89990234375,0.5466666666666666,0.6,1.0,0.0,1.0,0.6599999999999999,1.0,0.09,,,1.7534638626733439,18.332816713212637
MARUTI,Short-Term (Swing),STRONG_BULLISH,2024-07-09,^CNXAUTO,66.4,target1,1.0772174425306424,0,12950.0498046875,13089.55,12404.53,1.0772174425306424,4.212491943390351,2.1992510141176234,11960.0,12959.9501953125,13073.9501953125,1.0,1.0,1.0,0.0,1.0,0.08,1.0,0.06,,,0.07645059883411706,0.9567560935568917
MARUTI,Short-Term (Swing),STRONG_BULLISH,2024-07-31,^CNXAUTO,76.6,target1,0.8642574479205578,0,13393.0,13508.75,12695.77,0.8642574479205578,5.20592847009631,2.1349944684632827,11960.0,13375.0,13375.0,1.0,1.0,0.85,0.7466666666666666,0.5,1.0,1.0,0.09,,,-0.13439856641529158,-0.13439856641529158
MARUTI,Short-Term (Swing),STRONG_BULLISH,2024-08-02,^CNXAUTO,72.1,stop_loss,-2.0478783026421143,0,12490.0,13382.64,12234.22,7.146837469975975,2.0478783026421143,2.5782676602559897,11966.0,13680.0,13680.0,1.0,0.6,0.5,0.7466666666666666,1.0,0.86,1.0,0.13,,,9.527622097678142,9.527622097678142
MARUTI,Short-Term (Swing),STRONG_BULLISH,2024-09-20,^CNXAUTO,66.3,target1,1.641188118811887,3,12625.0,12832.2,12310.4,1.641188118811887,2.4918811881188163,1.6071558628273628,12094.7001953125,12705.150390625,13680.0,1.0,1.0,0.85,0.0,1.0,0.36,1.0,0.06999999999999999,,,0.6348545792079208,8.356435643564357
MARUTI,Short-Term (Swing),STRONG_BULLISH,2024-09-27,^CNXAUTO,77.5,stop_loss,-1.4631773969091322,1,13343.5498046875,13677.07,13148.31,2.4994862701028575,1.4631773969091322,1.7155796231184395,12094.7001953125,13541.650390625,13680.0,1.0,1.0,0.35,1.0,1.0,1.0,1.0,0.05,,,1.4846168286336263,2.5214444449730107
MARUTI,Short-Term (Swing),NEUTRAL,2024-10-03,^CNXAUTO,64.0,stop_loss,-3.4585014627004806,12,12689.900390625,13175.79,12251.02,3.828947386647452,3.4585014627004806,2.0891177387099833,12094.7001953125,13541.650390625,13680.0,0.5466666666666666,0.6,0.5,0.7466666666666666,1.0,0.73,1.0,0.13,,,6.712030621053991,7.802264626966357
MARUTI,Short-Term (Swing),BULLISH,2025-01-02,^CNXAUTO,70.1,target1,1.078399508700456,0,11849.9501953125,11977.74,11455.82,1.078399508700456,3.3260071883543185,2.1702321805896236,10725.0,11859.150390625,13680.0,0.8533333333333334,1.0,0.85,0.0,1.0,1.0,1.0,0.03,,,0.07763910531994753,15.443523175408917
MARUTI,Short-Term (Swing),STRONG_BEARISH,2025-01-14,^CNXAUTO,60.9,target1,2.3527103448338194,0,11890.5498046875,12170.3,11385.94,2.3527103448338194,4.2437886639066225,2.016900744814268,10725.0,12049.7998046875,13680.0,0.0,0.15,0.85,0.7466666666666666,1.0,1.0,1.0,0.12,,,1.3392988769722016,15.049347798930727
MARUTI,Short-Term (Swing),NEUTRAL,2025-01-31,^CNXAUTO,75.9,target1,1.573863636363626,0,12320.0,12513.9,11932.36,1.573863636363626,3.1464285714285722,2.0485659717018523,11468.0,12390.0,13680.0,0.5466666666666666,0.6,1.0,0.7466666666666666,1.0,1.0,1.0,0.05,,,0.5681818181818182,11.03896103896104
MARUTI,Short-Term (Swing),NEUTRAL,2025-02-03,^CNXAUTO,71.2,stop_loss,-4.424528301886788,8,13250.0,13595.81,12663.75,2.60988679245282,4.424528301886788,2.416053055995709,11468.0,13461.2001953125,13680.0,0.5466666666666666,1.0,0.35,1.0,1.0,1.0,1.0,0.1,,,1.593963738207547,3.2452830188679247
MARUTI,Short-Term (Swing),BULLISH,2025-03-21,^CNXAUTO,60.1,stop_loss,-3.094072464394082,4,11779.9501953125,12155.91,11415.47,3.1915228710992505,3.094072464394082,1.8031053232915584,11456.349609375,12650.0,13680.0,0.8533333333333334,0.6,1.0,0.0,1.0,0.0,1.0,0.13,,,7.3858529982046255,16.129523242327217
MARUTI,Short-Term (Swing),HIGH_VOLATILITY,2025-05-15,^CNXAUTO,62.4,stop_loss,-3.525405405405413,6,12950.0,13153.23,12493.46,1.5693436293436225,3.525405405405413,2.360182714862141,11289.0,13023.0,13680.0,0.3,1.0,0.85,0.7466666666666666,0.5,0.6799999999999999,1.0,0.04,,,0.5637065637065637,5.637065637065637
MARUTI,Short-Term (Swing),NEUTRAL,2025-06-18,^CNXAUTO,73.0,stop_loss,-2.7743529411764722,11,12750.0,13008.8,12396.27,2.029803921568618,2.7743529411764722,1.8393984483316326,12016.0,12880.0,13680.0,0.5466666666666666,0.6,0.85,1.0,1.0,0.61,1.0,0.06999999999999999,,,1.019607843137255,7.294117647058823
MARUTI,Short-Term (Swing),STRONG_BULLISH,2025-07-02,^CNXAUTO,72.8,stop_loss,-2.6794932699920837,26,12630.0,13018.9,12291.58,3.0791765637371293,2.6794932699920837,1.745232635740479,12016.0,12890.0,13680.0,1.0,1.0,0.5,0.7466666666666666,1.0,0.54,1.0,0.12,,,2.058590657165479,8.31353919239905
MARUTI,Short-Term (Swing),NEUTRAL,2025-08-18,^CNXAUTO,70.7,target1,1.394811656005679,0,14070.0,14266.25,13639.63,1.394811656005679,3.058777540867097,2.0299956027767543,12225.0,14125.0,14125.0,0.5466666666666666,1.0,0.35,1.0,1.0,1.0,1.0,0.05,,,0.39090262970859985,0.39090262970859985
MARUTI,Short-Term (Swing),BULLISH,2025-08-20,^CNXAUTO,60.5,target1,2.0157535691680106,5,14219.0,14505.62,13805.33,2.0157535691680106,2.909276320416343,1.948612322979135,12225.0,14362.0,14362.0,0.8533333333333334,1.0,0.35,1.0,0.0,1.0,1.0,0.06999999999999999,,,1.005696603136648,1.005696603136648
MARUTI,Short-Term (Swing),NEUTRAL,2025-09-04,^CNXAUTO,63.2,target1,3.2927408412483095,3,14740.0,15225.35,14239.49,3.2927408412483095,3.3955902306648578,1.9211205656213992,12429.0,15240.0,15240.0,0.5466666666666666,1.0,0.5,0.7466666666666666,0.5,1.0,1.0,0.13,,,3.3921302578018993,3.3921302578018993
MARUTI,Short-Term (Swing),BULLISH,2025-09-10,^CNXAUTO,60.0,target1,2.8246972404208925,5,15111.0,15537.84,14673.61,2.8246972404208925,2.894513930249487,1.9168339528493537,12606.0,15384.0,15384.0,0.8533333333333334,1.0,0.5,0.7466666666666666,0.0,1.0,1.0,0.1,,,1.8066309311097877,1.8066309311097877
MARUTI,Short-Term (Swing),BULLISH,2025-09-17,^CNXAUTO,67.7,target1,0.37811007790902185,1,15916.0,15976.18,15393.86,0.37811007790902185,3.280598140236235,1.7178019482010694,14156.0,15818.0,15818.0,0.8533333333333334,1.0,0.35,1.0,0.5,1.0,1.0,0.04,,,-0.6157325961296809,-0.6157325961296809
MARUTI,Short-Term (Swing),STRONG_BULLISH,2025-09-23,^CNXAUTO,74.1,target1,1.8547689646651877,23,16188.0,16488.25,15674.53,1.8547689646651877,3.1719174697306562,1.7496843068607826,14391.0,16325.0,16325.0,1.0,1.0,0.35,0.7466666666666666,1.0,1.0,1.0,0.09,,,0.846305905609093,0.846305905609093
MARUTI,Short-Term (Swing),STRONG_BULLISH,2025-11-21,^CNXAUTO,68.1,target1,3.068853483286471,18,16005.0,16496.17,15587.62,3.068853483286471,2.6078100593564413,1.624754163521847,15260.0,16516.0,16660.0,1.0,1.0,1.0,0.0,1.0,0.18,1.0,0.13,,,3.192752264917213,4.092471102780381
MARUTI,Short-Term (Swing),NEUTRAL,2025-12-19,^CNXAUTO,63.8,target1,1.441690962099118,1,16464.0,16701.36,16069.97,1.441690962099118,2.3932823129251712,1.3972988061057998,15842.0,16536.0,16660.0,0.5466666666666666,0.6,0.85,0.7466666666666666,0.5,0.8099999999999999,1.0,0.08,,,0.43731778425655976,1.1904761904761905
MARUTI,Short-Term (Swing),STRONG_BULLISH,2025-12-24,^CNXAUTO,63.4,target1,1.1027959049272562,7,16703.0,16887.2,16366.59,1.1027959049272562,2.0140693288630773,1.3427231246607265,15850.0,16720.0,16720.0,1.0,0.6,0.85,0.7466666666666666,0.0,0.86,1.0,0.06,,,0.10177812369035504,0.10177812369035504
MARUTI,Short-Term (Swing),STRONG_BULLISH,2026-01-05,^CNXAUTO,66.1,stop_loss,-2.1905066977286003,1,17170.0,17543.7,16793.89,2.176470588235291,2.1905066977286003,1.4033347506573253,15925.0,17370.0,17370.0,1.0,1.0,0.5,1.0,0.0,1.0,1.0,0.11000000000000001,,,1.1648223645894,1.1648223645894
MARUTI,Short-Term (Swing),STRONG_BULLISH,2026-05-07,^CNXAUTO,60.1,stop_loss,-3.1181977764774715,3,13672.0,14115.76,13245.68,3.245757753071965,3.1181977764774715,2.538485516325423,12828.0,13976.0,17370.0,1.0,1.0,0.85,0.0,0.5,0.49000000000000005,1.0,0.06999999999999999,,,2.2235225277940316,27.047981275599764
MARUTI,Short-Term (Swing),BULLISH,2026-05-27,^CNXAUTO,67.2,stop_loss,-3.3449565998204145,4,13364.0,13960.03,12916.98,4.459967075725846,3.3449565998204145,2.229994232405715,12753.0,13976.0,17370.0,0.8533333333333334,1.0,1.0,0.7466666666666666,0.0,0.6900000000000001,1.0,0.13,,,4.579467225381622,29.976055073331338
NESTLEIND,Short-Term (Swing),STRONG_BULLISH,2024-07-09,^CNXFMCG,73.3,stop_loss,-2.8666706525354635,13,1318.949951171875,1333.25,1281.14,1.084199503962946,2.8666706525354635,1.7930342327791726,1242.25,1320.050048828125,1384.6500244140625,1.0,1.0,0.85,1.0,0.5,0.32999999999999996,1.0,0.05,,,0.08340708116123537,4.981240810829371
NESTLEIND,Short-Term (Swing),STRONG_BULLISH,2024-08-01,^CNXFMCG,61.7,target1,3.9653225806451697,46,1240.0,1289.17,1219.37,3.9653225806451697,1.6637096774193672,1.8991019706992012,1225.5,1324.9749755859375,1384.6500244140625,1.0,0.6,0.5,0.5466666666666666,0.5,0.0,1.0,1.0,,,6.852820611769153,11.66532454952117
NESTLEIND,Short-Term (Swing),STRONG_BULLISH,2024-09-19,^CNXFMCG,76.9,target1,2.2602118003025806,0,1322.0,1351.88,1285.12,2.2602118003025806,2.7897125567322267,1.618735009266132,1244.0,1338.5,1384.6500244140625,1.0,1.0,0.5,1.0,1.0,0.58,1.0,0.11000000000000001,,,1.248108925869894,4.739033616797466
NESTLEIND,Short-Term (Swing),STRONG_BULLISH,2024-09-23,^CNXFMCG,61.9,target1,1.1794495412843942,0,1362.5,1378.57,1329.23,1.1794495412843942,2.441834862385317,1.6315305040702828,1244.0,1364.925048828125,1384.6500244140625,1.0,1.0,0.35,1.0,0.0,0.9400000000000001,1.0,0.05,,,0.1779852350917431,1.6256898652522938
NESTLEIND,Short-Term (Swing),STRONG_BULLISH,2024-09-25,^CNXFMCG,61.9,stop_loss,-3.035874098644198,8,1353.9749755859375,1396.42,1312.87,3.13484556062007,3.035874098644198,1.7700895696076906,1244.0,1383.4000244140625,1384.6500244140625,1.0,1.0,0.5,0.7466666666666666,0.0,0.9400000000000001,1.0,0.13,,,2.1732343181151634,2.2655550790257597
NESTLEIND,Short-Term (Swing),NEUTRAL,2025-01-31,^CNXFMCG,69.4,stop_loss,-3.437959360138343,4,1156.5,1205.43,1116.74,4.230869001297033,3.437959360138343,2.2972928482852897,1065.625,1193.5,1389.0,0.5466666666666666,1.0,1.0,0.0,1.0,1.0,1.0,0.12,,,3.199308257674016,20.103761348897535
NESTLEIND,Short-Term (Swing),BULLISH,2025-03-21,^CNXFMCG,61.9,stop_loss,-3.4560773516860044,9,1136.550048828125,1152.31,1097.27,1.3866482332322017,3.4560773516860044,2.1836811161306158,1055.0,1140.9000244140625,1389.0,0.8533333333333334,1.0,1.0,0.0,0.5,0.61,1.0,0.05,,,0.3827350665659358,22.211951988579063
NESTLEIND,Short-Term (Swing),BULLISH,2025-04-03,^CNXFMCG,61.2,stop_loss,-2.9095792300805723,3,1117.0,1155.74,1084.5,3.4682184422560436,2.9095792300805723,2.275617186146902,1055.0,1144.300048828125,1389.0,0.8533333333333334,1.0,0.85,0.7466666666666666,0.0,0.43,1.0,0.09,,,2.444050924630707,24.350940017905103
NESTLEIND,Short-Term (Swing),HIGH_VOLATILITY,2025-04-08,^CNXFMCG,62.3,target1,1.238614638792801,0,1141.5999755859375,1155.74,1096.13,1.238614638792801,3.983004253534561,2.4356464590814797,1074.0,1144.300048828125,1389.0,0.3,1.0,0.85,0.7466666666666666,0.5,0.67,1.0,0.04,,,0.23651658198412806,21.671341074362058
NESTLEIND,Short-Term (Swing),HIGH_VOLATILITY,2025-04-11,^CNXFMCG,75.3,target1,0.6013310759841684,2,1190.699951171875,1197.86,1137.69,0.6013310759841684,4.451999105207238,2.4286439175964016,1074.0,1186.0,1389.0,0.3,1.0,0.85,1.0,1.0,0.8400000000000001,1.0,0.04,,,-0.3947217069463516,16.65407381876182
NESTLEIND,Short-Term (Swing),HIGH_VOLATILITY,2025-04-24,^CNXFMCG,65.3,stop_loss,-3.288965575657443,7,1213.449951171875,1270.08,1173.54,4.6668631675690575,3.288965575657443,2.3597999391012268,1074.0,1257.5,1389.0,0.3,1.0,0.5,0.7466666666666666,1.0,0.8400000000000001,1.0,0.12,,,3.6301496230301202,14.467020140269454
NESTLEIND,Short-Term (Swing),STRONG_BULLISH,2025-05-26,^CNXFMCG,64.2,stop_loss,-2.9664134018759114,16,1225.050048828125,1244.77,1188.71,1.6097261651259798,2.9664134018759114,2.0805528064947914,1145.8499755859375,1232.449951171875,1389.0,1.0,0.6,1.0,1.0,0.0,0.27,1.0,0.05,,,0.6040489815766057,13.383122700065067
NESTLEIND,Short-Term (Swing),STRONG_BULLISH,2025-06-20,^CNXFMCG,62.3,target1,3.134428992836069,4,1186.5,1223.69,1149.22,3.134428992836069,3.142014327855036,1.8423090778619287,1155.0,1241.0,1389.0,1.0,0.6,0.5,0.5466666666666666,1.0,0.16999999999999998,1.0,0.13999999999999999,,,4.593341761483354,17.06700379266751
NESTLEIND,Short-Term (Swing),STRONG_BULLISH,2025-07-07,^CNXFMCG,63.4,stop_loss,-2.539122875877875,16,1211.050048828125,1250.18,1180.3,3.231076305206315,2.539122875877875,1.6928615337207256,1155.0,1237.800048828125,1389.0,1.0,1.0,0.85,0.7466666666666666,0.0,0.39,1.0,0.13,,,2.2088269618489087,14.69385607507044
NESTLEIND,Short-Term (Swing),NEUTRAL,2025-09-04,^CNXFMCG,66.1,stop_loss,-3.281353135313525,18,1212.0,1250.58,1172.23,3.183168316831675,3.281353135313525,2.2196517500356223,1084.699951171875,1238.199951171875,1389.0,0.5466666666666666,1.0,0.85,0.0,1.0,1.0,1.0,0.09,,,2.1617121428939767,14.603960396039604
NESTLEIND,Short-Term (Swing),STRONG_BULLISH,2025-10-10,^CNXFMCG,60.5,target1,3.0216847372810607,3,1199.0,1235.23,1169.7,3.0216847372810607,2.4437030859049136,1.656028218944217,1145.0,1223.0,1297.0,1.0,0.6,1.0,0.7466666666666666,0.0,0.21000000000000002,1.0,0.12,,,2.0016680567139282,8.17347789824854
NESTLEIND,Short-Term (Swing),STRONG_BULLISH,2025-10-17,^CNXFMCG,80.9,stop_loss,-3.179526948429623,44,1289.5,1324.72,1248.5,2.731291198138819,3.179526948429623,2.1197321701242022,1145.0,1311.5999755859375,1311.5999755859375,1.0,1.0,0.5,1.0,1.0,1.0,1.0,0.09,,,1.7138406813445133,1.7138406813445133
NESTLEIND,Short-Term (Swing),BULLISH,2025-12-26,^CNXFMCG,62.6,target1,1.1584313725490292,2,1275.0,1289.77,1244.17,1.1584313725490292,2.418039215686274,1.4895445499912343,1205.0,1277.0,1311.5999755859375,0.8533333333333334,0.6,0.85,0.0,1.0,0.62,1.0,0.06,,,0.1568627450980392,2.8705863204656863
NESTLEIND,Short-Term (Swing),STRONG_BULLISH,2026-01-05,^CNXFMCG,64.1,stop_loss,-2.691432903714941,15,1319.0,1333.2,1283.5,1.076573161485972,2.691432903714941,1.5770100765357897,1205.0,1320.0,1320.0,1.0,0.15,0.85,0.0,1.0,1.0,1.0,0.06,,,0.0758150113722517,0.0758150113722517
NESTLEIND,Short-Term (Swing),HIGH_VOLATILITY,2026-01-30,^CNXFMCG,61.5,stop_loss,-0.3352601156069279,0,1297.5,1353.0,1293.15,4.277456647398847,0.3352601156069279,1.9640683927054945,1262.300048828125,1339.5999755859375,1339.5999755859375,0.3,0.15,0.5,1.0,1.0,1.0,1.0,0.05,,,3.2446994671242777,3.2446994671242777
NESTLEIND,Short-Term (Swing),BULLISH,2026-04-21,^CNXFMCG,60.4,target1,1.3630481667864958,0,1391.0,1409.96,1328.67,1.3630481667864958,4.480948957584463,2.4751626486243383,1159.4000244140625,1396.0,1396.0,0.8533333333333334,1.0,0.35,0.0,1.0,1.0,1.0,0.06,,,0.35945363048166784,0.35945363048166784
NESTLEIND,Short-Term (Swing),NEUTRAL,2026-04-28,^CNXFMCG,66.8,target1,1.0069204152249212,0,1445.0,1459.55,1388.69,1.0069204152249212,3.896885813148787,2.3756579398768487,1159.4000244140625,1445.0999755859375,1445.0999755859375,0.5466666666666666,1.0,0.35,0.7466666666666666,1.0,1.0,1.0,0.04,,,0.006918725670415226,0.006918725670415226
NTPC,Short-Term (Swing),STRONG_BULLISH,2024-07-10,^CNXENERGY,70.8,stop_loss,-4.3383875944766,8,382.3999938964844,393.39,365.81,2.8739556168744684,4.3383875944766,2.724250841837618,355.54998779296875,389.5,393.20001220703125,1.0,1.0,0.85,0.7466666666666666,0.5,0.43,1.0,0.08,,,1.8566961864119682,2.824272615828137
NTPC,Short-Term (Swing),STRONG_BULLISH,2024-07-23,^CNXENERGY,66.7,target1,2.4186393514351368,0,384.1000061035156,393.39,364.98,2.4186393514351368,4.9778718562068285,3.0456297721437977,357.75,389.5,393.20001220703125,1.0,0.6,0.5,0.7466666666666666,1.0,0.64,0.5,0.06,,,1.405882273021643,2.369176245486223
NTPC,Short-Term (Swing),STRONG_BULLISH,2024-07-25,^CNXENERGY,73.0,target1,1.344470851715096,3,394.95001220703125,400.26,374.68,1.344470851715096,5.132298159394866,2.9691283771864785,361.54998779296875,396.29998779296875,396.29998779296875,1.0,1.0,0.5,1.0,0.5,1.0,1.0,0.05,,,0.3418092275510168,0.3418092275510168
NTPC,Short-Term (Swing),STRONG_BULLISH,2024-07-30,^CNXENERGY,85.0,target1,1.7899877899877792,0,409.5,416.83,388.49,1.7899877899877792,5.130647130647126,3.0241616366817814,361.54998779296875,412.70001220703125,412.70001220703125,1.0,1.0,0.85,1.0,1.0,1.0,0.5,0.05,,,0.7814437624007936,0.7814437624007936
NTPC,Short-Term (Swing),STRONG_BULLISH,2024-08-01,^CNXENERGY,72.8,stop_loss,-2.5681681681681723,3,416.25,428.59,405.56,2.9645645645645535,2.5681681681681723,2.8172414084582416,361.54998779296875,424.3500061035156,424.3500061035156,1.0,1.0,0.5,1.0,0.5,1.0,1.0,0.03,,,1.945947412256006,1.945947412256006
NTPC,Short-Term (Swing),STRONG_BULLISH,2024-08-26,^CNXENERGY,61.3,stop_loss,-3.677496991576412,8,415.5,430.56,400.22,3.6245487364620965,3.677496991576412,2.3505991659241015,392.6499938964844,426.29998779296875,426.29998779296875,1.0,1.0,0.5,0.7466666666666666,0.0,0.9,1.0,0.11000000000000001,,,2.5992750404256917,2.5992750404256917
NTPC,Short-Term (Swing),STRONG_BULLISH,2024-09-12,^CNXENERGY,60.9,target1,4.5794723025751605,6,404.8500061035156,423.39,389.93,4.5794723025751605,3.6853170010082037,2.4561155132753982,385.29998779296875,419.20001220703125,426.29998779296875,1.0,0.15,0.5,0.7466666666666666,1.0,0.2,1.0,0.12,,,3.5445241168766315,5.298254011627359
NTPC,Short-Term (Swing),STRONG_BULLISH,2024-09-20,^CNXENERGY,76.6,target1,2.028070175438601,2,427.5,436.17,408.5,2.028070175438601,4.444444444444439,2.4297107940506417,385.29998779296875,431.8500061035156,431.8500061035156,1.0,0.6,0.85,0.7466666666666666,1.0,0.6599999999999999,1.0,0.08,,,1.017545287372076,1.017545287372076
NTPC,Short-Term (Swing),STRONG_BULLISH,2024-09-26,^CNXENERGY,66.0,target1,1.451834862385315,0,436.0,442.33,420.22,1.451834862385315,3.6192660550458666,2.2062378972427372,385.29998779296875,437.95001220703125,437.95001220703125,1.0,1.0,0.5,0.7466666666666666,0.5,0.6799999999999999,1.0,0.05,,,0.447250506199828,0.447250506199828
NTPC,Short-Term (Swing),STRONG_BULLISH,2024-09-30,^CNXENERGY,61.9,stop_loss,-3.9663677130044817,3,446.0,452.93,428.31,1.5538116591928164,3.9663677130044817,2.239423427905977,385.29998779296875,448.45001220703125,448.45001220703125,1.0,1.0,0.5,0.7466666666666666,0.0,1.0,1.0,0.06999999999999999,,,0.5493300912626121,0.5493300912626121
NTPC,Short-Term (Swing),NEUTRAL,2025-03-18,^CNXENERGY,62.2,target1,0.9410029498525097,0,339.0,342.19,319.27,0.9410029498525097,5.820058997050149,2.488078657751134,292.79998779296875,338.79998779296875,448.45001220703125,0.5466666666666666,1.0,0.85,0.7466666666666666,0.0,1.0,1.0,0.08,,,-0.059000651041666664,32.28613929410951
NTPC,Short-Term (Swing),BULLISH,2025-03-20,^CNXENERGY,74.0,target1,1.7982456140350767,0,342.0,348.15,329.39,1.7982456140350767,3.6871345029239833,2.411641447676927,306.54998779296875,344.70001220703125,448.45001220703125,0.8533333333333334,1.0,0.85,0.7466666666666666,0.5,1.0,1.0,0.05,,,0.7894772535179093,31.125734563459428
NTPC,Short-Term (Swing),BULLISH,2025-03-24,^CNXENERGY,75.1,stop_loss,-4.254742547425472,1,369.0,371.68,353.3,0.7262872628726269,4.254742547425472,2.480404932434188,306.54998779296875,368.0,448.45001220703125,0.8533333333333334,1.0,0.35,1.0,1.0,1.0,1.0,0.03,,,-0.27100271002710025,21.531168619791664
NTPC,Short-Term (Swing),BULLISH,2025-03-27,^CNXENERGY,82.0,stop_loss,-4.4088397790055245,10,362.0,375.16,346.04,3.6353591160221077,4.4088397790055245,2.700427138921739,306.54998779296875,371.45001220703125,448.45001220703125,0.8533333333333334,1.0,0.85,0.7466666666666666,1.0,1.0,1.0,0.1,,,2.610500609677141,23.881218841721342
NTPC,Short-Term (Swing),STRONG_BULLISH,2025-06-27,^CNXENERGY,61.5,stop_loss,-2.084884586746094,29,335.75,346.03,328.75,3.061801935964259,2.084884586746094,1.881279482311415,321.3500061035156,342.6000061035156,448.45001220703125,1.0,0.6,0.85,0.0,1.0,0.27,1.0,0.08,,,2.0402103063337678,33.56664548236225
NTPC,Short-Term (Swing),STRONG_BULLISH,2025-09-23,^CNXENERGY,60.8,target1,1.2350749658599725,0,343.29998779296875,347.54,335.84,1.2350749658599725,2.1730230289048524,1.391212257539024,323.6499938964844,344.1000061035156,448.45001220703125,1.0,1.0,0.85,0.0,0.5,0.5700000000000001,1.0,0.06,,,0.2330376752093961,30.629195500430516
NTPC,Short-Term (Swing),STRONG_BULLISH,2025-10-07,^CNXENERGY,70.6,target1,2.7236551215917393,21,339.25,348.49,330.13,2.7236551215917393,2.6882829771554873,1.552462941114959,323.6499938964844,350.79998779296875,442.5,1.0,0.6,0.5,0.7466666666666666,1.0,0.71,1.0,0.13,,,3.404565303749079,30.434782608695656
NTPC,Short-Term (Swing),STRONG_BULLISH,2025-12-22,^CNXENERGY,63.3,target1,2.5354345169078085,8,321.04998779296875,329.19,314.34,2.5354345169078085,2.0900134085336752,1.3230430869980638,315.54998779296875,329.95001220703125,371.45001220703125,1.0,0.6,0.85,0.5466666666666666,0.5,0.32999999999999996,1.0,0.13,,,2.7721615799598602,15.698497533213828
NTPC,Short-Term (Swing),STRONG_BULLISH,2026-01-01,^CNXENERGY,63.6,target1,1.0302886973868386,0,336.79998779296875,340.27,329.78,1.0302886973868386,2.0843194915090013,1.291802992324268,315.54998779296875,336.8999938964844,371.45001220703125,1.0,1.0,0.85,0.0,0.5,0.85,1.0,0.06,,,0.029693024685350893,10.288012372305042
NTPC,Short-Term (Swing),STRONG_BULLISH,2026-01-05,^CNXENERGY,63.0,stop_loss,-2.0863086664254182,2,349.8999938964844,358.35,342.6,2.414977493830861,2.0863086664254182,1.5213599809776368,315.54998779296875,354.79998779296875,371.45001220703125,1.0,1.0,0.35,0.0,1.0,1.0,1.0,0.1,,,1.4003983943863703,6.158907884097394
NTPC,Short-Term (Swing),HIGH_VOLATILITY,2026-01-14,^CNXENERGY,65.2,stop_loss,-2.7499300875603594,5,349.1000061035156,358.35,339.5,2.6496687868122093,2.7499300875603594,1.8339591495296526,317.0,354.79998779296875,371.45001220703125,0.3,0.15,0.85,0.7466666666666666,1.0,1.0,1.0,0.1,,,1.6327647063297268,6.402178663064351
NTPC,Short-Term (Swing),HIGH_VOLATILITY,2026-01-29,^CNXENERGY,80.0,stop_loss,-3.3036211699164375,3,359.0,364.11,347.14,1.4233983286908058,3.3036211699164375,2.048855425537287,329.6000061035156,360.5,371.45001220703125,0.3,1.0,1.0,1.0,1.0,1.0,1.0,0.05,,,0.4178272980501393,3.4679699741034122
NTPC,Short-Term (Swing),HIGH_VOLATILITY,2026-02-04,^CNXENERGY,69.4,target1,0.6734279918864106,15,369.75,372.24,353.95,0.6734279918864106,4.2731575388776255,2.4147545447162524,333.70001220703125,368.54998779296875,371.45001220703125,0.3,1.0,0.85,1.0,0.5,1.0,1.0,0.04,,,-0.32454691197599733,0.45977341637085867
NTPC,Short-Term (Swing),HIGH_VOLATILITY,2026-02-23,^CNXENERGY,68.6,target1,1.416185523428326,0,374.95001220703125,380.26,364.72,1.416185523428326,2.728366948654115,1.9057952365443827,337.04998779296875,376.5,376.5,0.3,1.0,1.0,0.7466666666666666,0.5,1.0,1.0,0.04,,,0.41338518269281016,0.41338518269281016
NTPC,Short-Term (Swing),HIGH_VOLATILITY,2026-03-05,^CNXENERGY,62.8,target1,4.095490716180361,7,377.0,392.44,365.01,4.095490716180361,3.1803713527851496,2.300372896412137,361.0,388.54998779296875,388.54998779296875,0.3,0.6,0.5,0.7466666666666666,1.0,1.0,1.0,0.11000000000000001,,,3.0636572395142574,3.0636572395142574
NTPC,Short-Term (Swing),BULLISH,2026-04-22,^CNXENERGY,75.1,target1,1.8118811881188135,4,404.0,411.32,390.55,1.8118811881188135,3.3292079207920766,2.4419104202007524,352.0,407.25,407.25,0.8533333333333334,1.0,0.85,1.0,0.5,0.74,1.0,0.04,,,0.8044554455445545,0.8044554455445545
NTPC,Short-Term (Swing),NEUTRAL,2026-05-01,^CNXENERGY,61.4,stop_loss,-3.497499999999998,9,400.0,416.67,386.01,4.167500000000013,3.497499999999998,2.194475006597669,352.0,414.3999938964844,414.3999938964844,0.5466666666666666,1.0,0.85,0.7466666666666666,0.0,0.8699999999999999,1.0,0.13,,,3.5999984741210938,3.5999984741210938
NTPC,Short-Term (Swing),BULLISH,2026-05-27,^CNXENERGY,70.2,stop_loss,-3.099332936243282,1,398.1499938964844,409.15,385.81,2.762779422866335,3.099332936243282,2.065988548909031,384.0,405.1000061035156,414.3999938964844,0.8533333333333334,1.0,0.5,0.7466666666666666,1.0,0.53,1.0,0.09,,,1.745576369100283,4.0813764282575535
ONGC,Short-Term (Swing),STRONG_BULLISH,2024-07-09,^CNXENERGY,65.7,target1,2.1121079530006748,1,299.70001220703125,306.03,284.78,2.1121079530006748,4.978315515290877,2.839879799527889,263.5,303.0,303.0,1.0,1.0,0.5,1.0,0.0,1.0,1.0,0.06999999999999999,,,1.1010969831690014,1.1010969831690014
ONGC,Short-Term (Swing),STRONG_BULLISH,2024-07-12,^CNXENERGY,80.6,target1,0.984609469923936,0,311.79998779296875,314.87,293.94,0.984609469923936,5.728027098201027,2.857778432443756,263.5,311.75,311.75,1.0,1.0,0.5,1.0,1.0,1.0,1.0,0.06,,,-0.016032006069846692,-0.016032006069846692
ONGC,Short-Term (Swing),STRONG_BULLISH,2024-07-16,^CNXENERGY,77.6,target1,1.7779125770437387,0,325.1000061035156,330.88,308.81,1.7779125770437387,5.010767701532648,2.859347399092286,263.5,327.6000061035156,327.6000061035156,1.0,1.0,0.35,1.0,1.0,1.0,1.0,0.06,,,0.7689941412071124,0.7689941412071124
ONGC,Short-Term (Swing),STRONG_BULLISH,2024-07-22,^CNXENERGY,62.8,stop_loss,-4.3305696989853875,0,320.04998779296875,336.63,306.19,5.180444567851805,4.3305696989853875,3.0365031108077876,263.5,333.29998779296875,333.29998779296875,1.0,0.6,0.85,0.7466666666666666,0.0,1.0,0.5,0.11000000000000001,,,4.139978286320401,4.139978286320401
ONGC,Short-Term (Swing),STRONG_BULLISH,2024-07-24,^CNXENERGY,62.7,target1,5.841852828218208,0,318.04998779296875,336.63,303.1,5.841852828218208,4.700515128678539,3.4317170647263104,263.5,333.29998779296875,333.29998779296875,1.0,0.6,0.85,0.7466666666666666,0.0,1.0,0.5,0.1,,,4.794843762083973,4.794843762083973
ONGC,Short-Term (Swing),STRONG_BULLISH,2024-07-29,^CNXENERGY,66.3,target1,3.2981927710843406,2,332.0,342.95,315.97,3.2981927710843406,4.828313253012039,3.3904563210613263,271.5,339.54998779296875,339.54998779296875,1.0,1.0,0.85,0.7466666666666666,0.0,1.0,0.5,0.06,,,2.274092708725527,2.274092708725527
ONGC,Short-Term (Swing),NEUTRAL,2024-08-07,^CNXENERGY,63.9,stop_loss,-5.9635258358662675,27,329.0,348.15,309.38,5.820668693009101,5.9635258358662675,3.9938640414427344,288.8500061035156,344.70001220703125,344.70001220703125,0.5466666666666666,0.6,0.5,0.7466666666666666,1.0,1.0,0.5,0.1,,,4.772040184507978,4.772040184507978
ONGC,Short-Term (Swing),BULLISH,2025-01-02,^CNXENERGY,60.6,target1,3.771383846589371,0,248.4499969482422,257.82,237.26,3.771383846589371,4.503923157855116,2.3868006240189628,231.14999389648438,263.25,345.0,0.8533333333333334,0.6,1.0,0.0,1.0,0.05,1.0,0.13,,,5.956934285992763,38.86093952010447
ONGC,Short-Term (Swing),BULLISH,2025-03-20,^CNXENERGY,60.3,target1,4.105172528821988,0,235.8000030517578,245.48,226.03,4.105172528821988,4.143343055688298,2.705533316536889,215.47999572753906,243.0500030517578,345.0,0.8533333333333334,0.6,0.85,0.0,1.0,0.35,1.0,0.1,,,3.074639485228774,46.31043067640373
ONGC,Short-Term (Swing),BULLISH,2025-03-28,^CNXENERGY,68.2,stop_loss,-4.336032388663968,3,247.0,257.45,236.29,4.230769230769216,4.336032388663968,2.729639361688972,215.47999572753906,254.89999389648438,345.0,0.8533333333333334,1.0,0.85,0.0,1.0,0.73,1.0,0.11000000000000001,,,3.198378095742662,39.67611336032389
ONGC,Short-Term (Swing),HIGH_VOLATILITY,2025-05-15,^CNXENERGY,62.9,stop_loss,-4.124503221601882,18,247.05999755859375,255.28,236.87,3.3271280347425547,4.124503221601882,2.8916397819303463,228.4499969482422,252.75,345.0,0.3,1.0,1.0,0.7466666666666666,0.5,0.4,1.0,0.06999999999999999,,,2.303085281969529,39.64219355995841
ONGC,Short-Term (Swing),STRONG_BULLISH,2025-06-11,^CNXENERGY,80.9,target1,1.483101391650088,1,251.5,255.23,239.89,1.483101391650088,4.616302186878729,2.0025204904961806,235.5,252.6999969482422,345.0,1.0,1.0,1.0,0.7466666666666666,1.0,0.36,1.0,0.11000000000000001,,,0.4771359635157803,37.17693836978131
ONGC,Short-Term (Swing),STRONG_BULLISH,2025-06-16,^CNXENERGY,82.5,stop_loss,-3.238110984023823,2,256.94000244140625,260.07,248.62,1.2181822716793578,3.238110984023823,2.1219260866267864,235.5,257.5,345.0,1.0,0.6,0.85,1.0,1.0,0.9099999999999999,1.0,0.04,,,0.21794876363070573,34.272591547388714
ONGC,Short-Term (Swing),STRONG_BULLISH,2025-06-20,^CNXENERGY,62.3,stop_loss,-3.6085509288405815,1,253.00999450683594,260.07,243.88,2.790405773070481,3.6085509288405815,2.120672545554846,235.5,257.5,345.0,1.0,0.6,0.85,0.7466666666666666,0.0,0.71,1.0,0.1,,,1.7746356233539027,36.35824967012465
ONGC,Short-Term (Swing),STRONG_BULLISH,2025-09-19,^CNXENERGY,62.7,target1,3.038135593220326,9,236.0,243.17,231.83,3.038135593220326,1.766949152542363,1.368527956062932,230.75999450683594,242.5,302.0,1.0,0.6,0.85,0.0,1.0,0.33999999999999997,1.0,0.13,,,2.754237288135593,27.966101694915253
ONGC,Short-Term (Swing),STRONG_BULLISH,2025-10-07,^CNXENERGY,65.1,target1,2.2105037034203967,15,246.5500030517578,252.0,239.7,2.2105037034203967,2.7783423106751304,1.52854331976001,230.75999450683594,249.5,299.70001220703125,1.0,0.6,0.5,0.7466666666666666,0.5,0.9199999999999999,1.0,0.12,,,1.1965106111245514,21.55749685556311
ONGC,Short-Term (Swing),STRONG_BULLISH,2025-10-24,^CNXENERGY,75.7,stop_loss,-2.5095913455866037,15,255.4199981689453,259.97,249.01,1.7813804180067283,2.5095913455866037,1.555122870433745,236.83999633789062,257.3999938964844,284.0,1.0,0.6,0.5,1.0,1.0,0.89,1.0,0.08,,,0.7751921312869996,11.189414312089493
ONGC,Short-Term (Swing),STRONG_BULLISH,2025-11-12,^CNXENERGY,66.1,stop_loss,-2.7512798707940878,1,253.6999969482422,261.08,246.72,2.9089488137689745,2.7512798707940878,1.8727906472574825,243.89999389648438,258.5,273.5,1.0,1.0,0.5,0.7466666666666666,0.5,0.64,1.0,0.1,,,1.8919996489937168,7.804494793035905
ONGC,Short-Term (Swing),STRONG_BULLISH,2025-11-17,^CNXENERGY,61.4,stop_loss,-1.3967611336032304,9,247.0,257.55,243.55,4.27125506072874,1.3967611336032304,1.9156949419791334,244.77000427246094,258.5,273.5,1.0,1.0,0.5,0.5466666666666666,0.0,0.32,1.0,1.0,,,4.65587044534413,10.728744939271255
ONGC,Short-Term (Swing),STRONG_BULLISH,2025-12-04,^CNXENERGY,61.7,stop_loss,-1.7882146694743084,3,242.6999969482422,250.25,238.36,3.1108377201042536,1.7882146694743084,1.656049151789564,239.55999755859375,255.60000610351562,273.5,1.0,0.6,0.5,0.5466666666666666,0.5,0.0,1.0,1.0,,,5.315207794594441,12.690565899894168
ONGC,Short-Term (Swing),STRONG_BULLISH,2025-12-31,^CNXENERGY,62.4,target1,2.449151620174339,4,240.89999389648438,246.8,234.65,2.449151620174339,2.594435058047373,1.5889891708823976,228.61000061035156,244.36000061035156,273.5,1.0,0.6,0.85,0.0,1.0,0.32999999999999996,1.0,0.11000000000000001,,,1.436283437746356,13.532589011822047
ONGC,Short-Term (Swing),BEARISH,2026-01-09,^CNXENERGY,60.4,target1,4.0625416766560285,1,234.08999633789062,243.6,227.47,4.0625416766560285,2.827970627303178,2.0318040668834354,228.61000061035156,246.8000030517578,273.5,0.2533333333333333,0.6,0.85,0.5466666666666666,1.0,0.4,1.0,0.13999999999999999,,,5.429538601692866,16.835407013815367
ONGC,Short-Term (Swing),HIGH_VOLATILITY,2026-01-28,^CNXENERGY,62.9,target1,0.870370370370388,0,270.0,272.35,259.55,0.870370370370388,3.8703703703703685,2.240531643609243,231.0,269.6499938964844,269.6499938964844,0.3,0.6,0.35,1.0,1.0,1.0,1.0,0.04,,,-0.1296318901909722,-0.1296318901909722
ONGC,Short-Term (Swing),HIGH_VOLATILITY,2026-02-04,^CNXENERGY,63.8,target1,4.682835820895526,15,268.0,280.55,254.63,4.682835820895526,4.988805970149257,3.075873952707135,231.0,277.7699890136719,277.7699890136719,0.3,1.0,0.85,0.7466666666666666,0.5,1.0,0.5,0.11000000000000001,,,3.645518288683536,3.645518288683536
ONGC,Short-Term (Swing),HIGH_VOLATILITY,2026-03-02,^CNXENERGY,72.9,stop_loss,-5.700348432055757,5,287.0,295.93,270.64,3.1114982578397177,5.700348432055757,2.7303589168048488,249.35000610351562,293.0,293.0,0.3,0.6,1.0,0.7466666666666666,1.0,1.0,1.0,0.12,,,2.0905923344947737,2.0905923344947737
ONGC,Short-Term (Swing),HIGH_VOLATILITY,2026-03-27,^CNXENERGY,68.3,target1,4.661361626878868,29,282.75,295.93,269.55,4.661361626878868,4.668435013262595,2.9330041708596184,258.3500061035156,293.0,293.0,0.3,0.15,1.0,0.7466666666666666,1.0,1.0,1.0,0.11000000000000001,,,3.6251105216622457,3.6251105216622457
ONGC,Short-Term (Swing),BULLISH,2026-04-29,^CNXENERGY,67.1,stop_loss,-4.565429378529373,5,304.8999938964844,310.57,290.98,1.8596281459555053,4.565429378529373,2.3046165716571467,274.75,307.5,307.5,0.8533333333333334,1.0,0.5,1.0,0.5,0.5900000000000001,1.0,0.09,,,0.8527406216998301,0.8527406216998301
ONGC,Short-Term (Swing),BEARISH,2026-05-12,^CNXENERGY,61.7,stop_loss,-4.670033670033669,14,297.0,309.67,283.13,4.265993265993262,4.670033670033669,2.574865670393279,277.6499938964844,307.5,307.5,0.2533333333333333,0.6,0.5,0.7466666666666666,1.0,0.9400000000000001,1.0,0.13,,,3.535353535353535,3.535353535353535
POWERGRID,Short-Term (Swing),STRONG_BULLISH,2024-07-09,^CNXENERGY,66.6,target1,0.8075801749271028,0,343.0,345.77,328.24,0.8075801749271028,4.303206997084541,2.522241383984746,315.1499938964844,342.3500061035156,348.70001220703125,1.0,1.0,0.85,0.7466666666666666,0.0,0.8,1.0,0.04,,,-0.18950259372722303,1.661811139076166
POWERGRID,Short-Term (Swing),STRONG_BULLISH,2024-07-12,^CNXENERGY,65.9,stop_loss,-4.3601604408244015,7,345.3999938964844,352.24,330.34,1.980314483029666,4.3601604408244015,2.4799991981275658,319.3500061035156,348.75,348.75,1.0,1.0,0.85,0.7466666666666666,0.0,0.7,1.0,0.06999999999999999,,,0.9698917668538276,0.9698917668538276
POWERGRID,Short-Term (Swing),STRONG_BULLISH,2024-07-25,^CNXENERGY,66.3,target1,3.493460756063005,4,340.3500061035156,352.24,325.46,3.493460756063005,4.3749098976031515,2.747720503326267,321.1000061035156,348.75,348.75,1.0,1.0,0.5,0.7466666666666666,0.5,0.67,1.0,0.09,,,2.4680457604956123,2.4680457604956123
POWERGRID,Short-Term (Swing),STRONG_BULLISH,2024-07-31,^CNXENERGY,66.4,target1,2.668377122705512,0,351.1499938964844,360.52,334.13,2.668377122705512,4.846929856846794,2.6946912099873024,321.1000061035156,356.95001220703125,356.95001220703125,1.0,1.0,0.5,0.7466666666666666,0.5,0.6799999999999999,1.0,0.09,,,1.6517210341335402,1.6517210341335402
POWERGRID,Short-Term (Swing),STRONG_BULLISH,2024-08-02,^CNXENERGY,65.6,stop_loss,-2.5003543586109123,0,352.75,366.12,343.93,3.7902197023387707,2.5003543586109123,2.6646148117915667,321.1000061035156,362.5,362.5,1.0,1.0,0.5,1.0,0.0,1.0,1.0,0.06,,,2.7639971651311126,2.7639971651311126
POWERGRID,Short-Term (Swing),STRONG_BULLISH,2024-09-20,^CNXENERGY,61.1,target1,1.2807017543859711,1,342.0,346.38,331.24,1.2807017543859711,3.1461988304093524,1.8795534498681452,323.54998779296875,342.95001220703125,362.5,1.0,0.6,0.85,0.0,1.0,0.25,1.0,0.06,,,0.27778134708516083,5.994152046783626
POWERGRID,Short-Term (Swing),STRONG_BULLISH,2024-09-25,^CNXENERGY,65.6,stop_loss,-2.9995847161458533,4,364.04998779296875,369.91,353.13,1.6096724086044567,2.9995847161458533,1.9459531159448058,323.54998779296875,366.25,366.25,1.0,1.0,0.5,0.0,1.0,1.0,1.0,0.06,,,0.6043159678066994,0.6043159678066994
POWERGRID,Short-Term (Swing),STRONG_BULLISH,2024-10-01,^CNXENERGY,60.3,stop_loss,-0.9883381924198242,1,343.0,365.73,339.61,6.626822157434398,0.9883381924198242,2.127406554343857,323.54998779296875,366.25,366.25,1.0,1.0,0.5,0.7466666666666666,0.0,0.78,1.0,0.13,,,6.778425655976676,6.778425655976676
POWERGRID,Short-Term (Swing),BULLISH,2024-12-13,^CNXENERGY,61.1,stop_loss,-3.3188575410958987,2,333.8500061035156,348.62,322.77,4.424140669898535,3.3188575410958987,2.212358120624843,310.1000061035156,345.3999938964844,366.25,0.8533333333333334,0.6,1.0,0.7466666666666666,0.0,0.48,1.0,0.13,,,3.459633842087602,9.704955310510982
POWERGRID,Short-Term (Swing),BULLISH,2025-03-21,^CNXENERGY,70.2,target1,1.0526315789473717,0,285.0,288.0,272.27,1.0526315789473717,4.466666666666674,2.549381780733843,247.3000030517578,285.1499938964844,366.25,0.8533333333333334,1.0,0.85,0.0,1.0,1.0,1.0,0.04,,,0.0526294373629386,28.50877192982456
POWERGRID,Short-Term (Swing),BULLISH,2025-03-27,^CNXENERGY,63.2,target1,2.1503934109442735,7,293.8999938964844,300.22,284.22,2.1503934109442735,3.293635283263663,2.5452593919987816,247.3000030517578,297.25,366.25,0.8533333333333334,1.0,0.5,0.0,1.0,1.0,1.0,0.04,,,1.1398455845819253,24.617219328353677
POWERGRID,Short-Term (Swing),HIGH_VOLATILITY,2025-04-11,^CNXENERGY,61.5,target1,0.2766887236957283,0,307.20001220703125,308.05,290.92,0.2766887236957283,5.299482929727118,2.889169255580783,263.6000061035156,305.0,366.25,0.3,0.6,0.85,0.7466666666666666,0.5,1.0,1.0,0.03,,,-0.7161497785190829,19.222000470876672
POWERGRID,Short-Term (Swing),STRONG_BULLISH,2025-05-07,^CNXENERGY,63.9,stop_loss,-4.483086844323636,1,313.3999938964844,325.22,299.35,3.7715399916120607,4.483086844323636,2.51874350278649,282.29998779296875,322.0,366.25,1.0,1.0,0.5,0.7466666666666666,0.5,0.4,1.0,0.12,,,2.744099001596087,16.86343558799555
POWERGRID,Short-Term (Swing),STRONG_BULLISH,2025-09-23,^CNXENERGY,61.0,target1,1.8061848606309105,0,287.8999938964844,293.1,282.16,1.8061848606309105,1.9937457513626078,1.488240623256755,272.25,290.20001220703125,366.25,1.0,1.0,0.85,0.0,0.5,0.58,1.0,0.06999999999999999,,,0.7988948799262066,27.21431322144685
POWERGRID,Short-Term (Swing),NEUTRAL,2025-10-03,^CNXENERGY,60.6,stop_loss,-2.3062271415830393,29,288.3500061035156,297.8,281.7,3.277265023913989,2.3062271415830393,1.841264818242412,279.0,294.8500061035156,357.45001220703125,0.5466666666666666,0.6,0.5,0.5466666666666666,1.0,0.72,1.0,0.1,,,2.2542049115360676,23.963934330110334
POWERGRID,Short-Term (Swing),STRONG_BULLISH,2026-01-02,^CNXENERGY,63.2,stop_loss,-2.5990783410138274,2,271.25,274.82,264.2,1.316129032258062,2.5990783410138274,1.6619710590019896,255.8000030517578,272.1000061035156,322.0,1.0,0.6,0.85,0.0,1.0,0.45999999999999996,1.0,0.06,,,0.3133663054435484,18.70967741935484
POWERGRID,Short-Term (Swing),HIGH_VOLATILITY,2026-04-15,^CNXENERGY,64.7,target1,0.4857142857142671,0,315.0,316.53,299.95,0.4857142857142671,4.77777777777778,2.666299053246821,283.5,313.3999938964844,322.0,0.3,1.0,0.85,1.0,0.5,0.54,1.0,0.03,,,-0.5079384455605159,2.2222222222222223
POWERGRID,Short-Term (Swing),BULLISH,2026-04-29,^CNXENERGY,64.2,stop_loss,-3.069463678401252,12,319.6000061035156,328.2,309.79,2.690861618350193,3.069463678401252,2.196692404617055,283.5,324.95001220703125,324.95001220703125,0.8533333333333334,1.0,0.85,0.7466666666666666,0.0,0.75,1.0,0.06999999999999999,,,1.6739693370915658,1.6739693370915658
RELIANCE,Short-Term (Swing),STRONG_BULLISH,2024-07-09,^CNXENERGY,60.0,stop_loss,-3.1993730407523513,12,1595.0,1624.89,1543.97,1.8739811912225735,3.1993730407523513,1.9411103389840774,1437.5,1608.800048828125,1608.800048828125,1.0,1.0,0.5,0.7466666666666666,0.0,0.8,1.0,0.08,,,0.8652068230799373,0.8652068230799373
RELIANCE,Short-Term (Swing),STRONG_BULLISH,2024-08-29,^CNXENERGY,64.1,stop_loss,-3.1095176010430325,7,1534.0,1552.37,1486.3,1.1975228161668738,3.1095176010430325,1.5177107319146126,1433.25,1537.0,1608.800048828125,1.0,0.6,0.85,0.0,1.0,0.52,1.0,0.09,,,0.1955671447196871,4.876143991403194
RELIANCE,Short-Term (Swing),STRONG_BULLISH,2024-09-12,^CNXENERGY,61.6,target1,3.5335935195911494,14,1476.4000244140625,1528.57,1443.22,3.5335935195911494,2.247360055905623,1.6479813808320267,1445.875,1539.7249755859375,1608.800048828125,1.0,0.6,0.5,0.5466666666666666,1.0,0.11000000000000001,1.0,0.13,,,4.289145903868887,8.967760920121089
RELIANCE,Short-Term (Swing),BULLISH,2025-03-20,^CNXENERGY,60.3,target1,0.8415686274509726,3,1275.0,1285.73,1235.65,0.8415686274509726,3.08627450980391,1.7595753298671029,1156.0,1273.0,1608.800048828125,0.8533333333333334,1.0,0.85,0.0,0.5,0.75,1.0,0.05,,,-0.1568627450980392,26.180395986519606
RELIANCE,Short-Term (Swing),HIGH_VOLATILITY,2025-04-28,^CNXENERGY,68.6,target1,1.2654996353026915,0,1371.0,1388.35,1321.39,1.2654996353026915,3.6185266229029844,2.3089161956955087,1114.8499755859375,1374.5999755859375,1608.800048828125,0.3,1.0,0.5,1.0,1.0,0.8699999999999999,1.0,0.04,,,0.2625802761442378,17.345007208470093
RELIANCE,Short-Term (Swing),HIGH_VOLATILITY,2025-04-30,^CNXENERGY,66.9,target1,0.8854314002828767,0,1414.0,1426.52,1355.29,0.8854314002828767,4.152050919377659,2.3589408819789686,1114.8499755859375,1412.4000244140625,1608.800048828125,0.3,1.0,0.35,1.0,1.0,1.0,1.0,0.04,,,-0.11315244596446251,13.77652396238508
RELIANCE,Short-Term (Swing),STRONG_BULLISH,2025-05-07,^CNXENERGY,62.3,target1,3.546045529506192,7,1404.0999755859375,1453.89,1360.9,3.546045529506192,3.0767022531931754,2.1383000336256517,1114.8499755859375,1439.5,1608.800048828125,1.0,1.0,0.5,0.7466666666666666,0.0,1.0,1.0,0.11000000000000001,,,2.5211897321834154,14.578739178224485
RELIANCE,Short-Term (Swing),STRONG_BULLISH,2025-05-16,^CNXENERGY,68.6,stop_loss,-2.899936388260438,3,1452.0999755859375,1476.01,1409.99,1.6465825229708742,2.899936388260438,2.12435193766918,1227.5999755859375,1461.4000244140625,1608.800048828125,1.0,1.0,0.85,0.7466666666666666,0.0,1.0,1.0,0.04,,,0.6404551328755675,10.791273044334112
RELIANCE,Short-Term (Swing),STRONG_BULLISH,2025-05-23,^CNXENERGY,62.3,target1,3.0733240223463687,31,1432.0,1476.01,1383.52,3.0733240223463687,3.3854748603351914,2.0221760804382356,1288.0999755859375,1461.4000244140625,1608.800048828125,1.0,1.0,0.5,0.7466666666666666,0.0,1.0,1.0,0.11000000000000001,,,2.0530743305909565,12.346372124869063
RELIANCE,Short-Term (Swing),STRONG_BULLISH,2025-06-27,^CNXENERGY,63.7,target1,1.5470967377762435,7,1513.800048828125,1537.22,1477.93,1.5470967377762435,2.369536773095826,1.6485552129431913,1395.5999755859375,1522.0,1608.800048828125,1.0,1.0,0.5,1.0,0.0,0.8099999999999999,1.0,0.06,,,0.5416799383923135,6.275597630845775
RELIANCE,Short-Term (Swing),STRONG_BULLISH,2025-07-08,^CNXENERGY,61.9,stop_loss,-2.1962616154271086,2,1536.699951171875,1560.35,1502.95,1.5390153953014352,2.1962616154271086,1.5021298514382961,1414.300048828125,1544.9000244140625,1608.800048828125,1.0,1.0,0.5,0.7466666666666666,0.0,1.0,1.0,0.06999999999999999,,,0.5336157677322882,4.691878697677256
RELIANCE,Short-Term (Swing),STRONG_BULLISH,2025-10-17,^CNXENERGY,62.8,target1,-0.17152777777778017,0,1440.0,1437.53,1389.77,-0.17152777777778017,3.488194444444448,1.2717522326554587,1356.9000244140625,1423.300048828125,1551.0,1.0,0.6,0.85,0.0,1.0,0.4,1.0,0.08,,,-1.1597188313802083,7.708333333333334
RELIANCE,Short-Term (Swing),STRONG_BULLISH,2025-10-23,^CNXENERGY,69.8,target1,2.868965517241362,4,1450.0,1491.6,1416.0,2.868965517241362,2.344827586206899,1.4913853813547246,1356.9000244140625,1482.9000244140625,1551.0,1.0,0.6,0.5,0.7466666666666666,1.0,0.63,1.0,0.13,,,2.2689672009698274,6.96551724137931
RELIANCE,Short-Term (Swing),STRONG_BULLISH,2025-10-30,^CNXENERGY,61.3,target1,2.2128270964637986,12,1490.4000244140625,1523.38,1456.14,2.2128270964637986,2.2987133556664707,1.449129323586888,1356.9000244140625,1508.300048828125,1551.0,1.0,1.0,0.5,0.7466666666666666,0.0,0.9,1.0,0.11000000000000001,,,1.201021478854292,4.066020839590488
RELIANCE,Short-Term (Swing),STRONG_BULLISH,2025-11-14,^CNXENERGY,64.9,target1,1.2525462081754313,3,1520.9000244140625,1539.95,1486.95,1.2525462081754313,2.2322324853102704,1.4021724322334639,1375.0,1524.699951171875,1551.0,1.0,0.6,0.85,0.7466666666666666,0.0,1.0,1.0,0.06999999999999999,,,0.24984724155530533,1.9790896904965025
RELIANCE,Short-Term (Swing),STRONG_BULLISH,2025-11-24,^CNXENERGY,68.9,target1,2.440261409608091,2,1535.9000244140625,1573.38,1505.59,2.440261409608091,1.9734373287496831,1.3156468819252012,1458.0,1557.800048828125,1557.800048828125,1.0,0.15,0.5,0.7466666666666666,1.0,1.0,1.0,0.12,,,1.4258756472392946,1.4258756472392946
RELIANCE,Short-Term (Swing),STRONG_BULLISH,2026-01-02,^CNXENERGY,73.2,target1,1.1016949152542255,0,1593.0,1610.55,1562.6,1.1016949152542255,1.9083490269931058,1.2435678620536557,1520.0999755859375,1594.5999755859375,1594.5999755859375,1.0,1.0,1.0,1.0,0.0,0.76,1.0,0.06,,,0.1004378898893597,0.1004378898893597
RELIANCE,Short-Term (Swing),HIGH_VOLATILITY,2026-03-09,^CNXENERGY,61.3,stop_loss,-4.079405604773245,6,1430.5999755859375,1487.73,1372.24,3.993431105062295,4.079405604773245,2.423377798692749,1307.0,1473.0,1611.800048828125,0.3,0.6,1.0,0.0,1.0,0.96,1.0,0.12,,,2.96379317332901,12.666019595587684
RELIANCE,Short-Term (Swing),BULLISH,2026-05-08,^CNXENERGY,60.1,stop_loss,-2.1774647887323972,0,1420.0,1488.13,1389.08,4.7978873239436615,2.1774647887323972,2.142166312555779,1310.0,1473.4000244140625,1611.800048828125,0.8533333333333334,1.0,0.5,0.7466666666666666,0.0,1.0,1.0,0.11000000000000001,,,3.760565099581866,13.507045692121478
SBILIFE,Short-Term (Swing),STRONG_BULLISH,2024-07-09,,61.1,target1,1.476963436628953,0,1524.75,1547.27,1477.17,1.476963436628953,3.12051155927201,2.0802144246111762,1422.0,1531.949951171875,1569.3499755859375,1.0,0.6,0.85,0.7466666666666666,0.0,0.64,1.0,0.05,,,0.472205356410887,2.9250680823700606
SBILIFE,Short-Term (Swing),STRONG_BULLISH,2024-07-11,,62.9,target1,1.4364306887994394,3,1562.9000244140625,1585.35,1510.89,1.4364306887994394,3.327789596366615,2.048951134744722,1430.0,1569.6500244140625,1569.6500244140625,1.0,0.6,0.85,0.7466666666666666,0.0,0.8099999999999999,1.0,0.06,,,0.4318894295577609,0.4318894295577609
SBILIFE,Short-Term (Swing),STRONG_BULLISH,2024-07-16,,73.7,target1,2.2222222222222143,0,1620.0,1656.0,1569.55,2.2222222222222143,3.1141975308642045,2.1297974436495535,1430.0,1639.5999755859375,1639.5999755859375,1.0,0.6,0.35,1.0,1.0,1.0,1.0,0.06999999999999999,,,1.2098750361689816,1.2098750361689816
SBILIFE,Short-Term (Swing),STRONG_BULLISH,2024-07-23,,73.5,target1,5.553797468354427,1,1580.0,1667.75,1540.18,5.553797468354427,2.5202531645569626,2.2853459647031817,1430.0,1664.949951171875,1664.949951171875,1.0,0.6,0.5,0.7466666666666666,1.0,1.0,1.0,0.13,,,5.376579188093354,5.376579188093354
SBILIFE,Short-Term (Swing),STRONG_BULLISH,2024-07-26,,73.7,stop_loss,-3.9047075606276738,7,1752.5,1795.48,1684.07,2.4524964336661847,3.9047075606276738,2.5462655481455485,1450.0,1777.699951171875,1777.699951171875,1.0,0.6,0.35,1.0,1.0,1.0,1.0,0.06999999999999999,,,1.4379430055278175,1.4379430055278175
SBILIFE,Short-Term (Swing),STRONG_BULLISH,2024-08-20,,72.9,target1,2.7116306051119476,1,1761.300048828125,1809.06,1691.12,2.7116306051119476,3.9845595232237185,2.6562889656202215,1578.050048828125,1791.1500244140625,1791.1500244140625,1.0,0.6,0.5,0.7466666666666666,1.0,1.0,1.0,0.06999999999999999,,,1.694769474729651,1.694769474729651
SBILIFE,Short-Term (Swing),STRONG_BULLISH,2024-08-26,,61.6,target1,2.3551764152842436,0,1788.4000244140625,1830.52,1732.33,2.3551764152842436,3.135205974537658,2.372452726234,1666.0,1812.4000244140625,1812.4000244140625,1.0,0.6,0.85,0.7466666666666666,0.0,0.6900000000000001,1.0,0.05,,,1.3419816412641334,1.3419816412641334
SBILIFE,Short-Term (Swing),STRONG_BULLISH,2024-08-29,,72.2,target1,2.526158322867511,3,1839.949951171875,1886.43,1780.3,2.526158322867511,3.241933354430848,2.2926659815626445,1666.0,1867.75,1867.75,1.0,0.6,0.5,0.7466666666666666,1.0,0.93,1.0,0.06999999999999999,,,1.5109133164420578,1.5109133164420578
SBILIFE,Short-Term (Swing),STRONG_BULLISH,2024-09-03,,73.4,stop_loss,-2.3816753926701573,6,1910.0,1955.36,1864.51,2.3748691099476416,2.3816753926701573,2.217262882490715,1666.0,1936.0,1936.0,1.0,0.6,0.35,1.0,1.0,1.0,1.0,0.04,,,1.3612565445026177,1.3612565445026177
SBILIFE,Short-Term (Swing),NEUTRAL,2025-01-31,,61.3,stop_loss,-3.003522385417412,0,1475.5999755859375,1553.36,1431.28,5.269722533248555,3.003522385417412,2.350962540609629,1410.5,1555.0,1936.0,0.5466666666666666,0.6,1.0,0.7466666666666666,0.0,0.96,1.0,0.13,,,5.380863765773241,31.200869614493243
SBILIFE,Short-Term (Swing),BULLISH,2025-03-21,,64.2,target1,1.2148387096774238,0,1550.0,1568.83,1494.27,1.2148387096774238,3.5954838709677417,2.24729581288775,1379.8499755859375,1553.300048828125,1936.0,0.8533333333333334,0.6,0.85,0.0,1.0,0.8,1.0,0.04,,,0.21290637600806453,24.903225806451612
SBILIFE,Short-Term (Swing),BULLISH,2025-04-02,,77.8,stop_loss,-2.2917205692108755,1,1546.0,1599.84,1510.57,3.4825355756791687,2.2917205692108755,2.10615576797049,1379.8499755859375,1584.0,1936.0,0.8533333333333334,0.6,0.85,0.7466666666666666,1.0,1.0,1.0,0.08,,,2.457956015523933,25.22639068564036
SBILIFE,Short-Term (Swing),HIGH_VOLATILITY,2025-04-17,,61.6,target1,0.8127317676143386,1,1618.0,1631.15,1548.65,0.8127317676143386,4.286155747836828,2.468750619403445,1430.550048828125,1615.0,1936.0,0.3,0.6,0.85,0.7466666666666666,0.5,1.0,1.0,0.04,,,-0.1854140914709518,19.65389369592089
SBILIFE,Short-Term (Swing),HIGH_VOLATILITY,2025-04-25,,66.7,target1,5.302958579881656,7,1690.0,1779.62,1626.8,5.302958579881656,3.739644970414202,2.6860483812423737,1430.550048828125,1762.0,1936.0,0.3,0.6,0.5,1.0,1.0,1.0,1.0,0.12,,,4.260355029585798,14.55621301775148
SBILIFE,Short-Term (Swing),STRONG_BULLISH,2025-05-07,,65.2,target1,4.277261188960457,21,1741.300048828125,1815.78,1673.61,4.277261188960457,3.8873282564759415,2.7090846665313015,1430.550048828125,1797.800048828125,1936.0,1.0,0.6,0.85,0.7466666666666666,0.0,1.0,1.0,0.1,,,3.24470214297782,11.181298208939111
SBILIFE,Short-Term (Swing),STRONG_BULLISH,2025-06-09,,62.4,stop_loss,-2.7421979867430113,3,1790.9000244140625,1852.24,1741.79,3.4250921184730165,2.7421979867430113,1.8244355101401322,1732.300048828125,1833.9000244140625,1936.0,1.0,0.6,0.5,0.7466666666666666,0.5,0.65,1.0,0.12,,,2.4010273836513303,8.102070110441288
SBILIFE,Short-Term (Swing),STRONG_BULLISH,2025-06-20,,67.6,target1,2.3337016574585645,2,1810.0,1852.24,1761.75,2.3337016574585645,2.6657458563535963,1.8093937721382083,1720.0,1833.9000244140625,1936.0,1.0,0.6,0.5,0.7466666666666666,1.0,0.45999999999999996,1.0,0.08,,,1.3204433377935083,6.961325966850829
SBILIFE,Short-Term (Swing),STRONG_BULLISH,2025-06-26,,62.6,stop_loss,-1.8733766233766214,6,1848.0,1885.06,1813.38,2.005411255411249,1.8733766233766214,1.6987889651759764,1720.0,1866.4000244140625,1936.0,1.0,0.6,0.85,1.0,0.0,0.41,1.0,0.05,,,0.9956723167782738,4.761904761904762
SBILIFE,Short-Term (Swing),BEARISH,2025-07-31,,67.9,stop_loss,-2.600543478260864,0,1840.0,1876.58,1792.15,1.9880434782608702,2.600543478260864,1.7584599862759103,1754.0999755859375,1858.0,1936.0,0.2533333333333333,0.6,0.85,0.7466666666666666,1.0,0.9199999999999999,1.0,0.06999999999999999,,,0.9782608695652175,5.217391304347826
SBILIFE,Short-Term (Swing),STRONG_BEARISH,2025-08-05,,60.1,target1,1.097601672335724,12,1858.5999755859375,1879.0,1803.14,1.097601672335724,2.983965151966239,1.9335404983599036,1754.0999755859375,1860.4000244140625,1936.0,0.0,0.6,1.0,0.7466666666666666,0.5,1.0,1.0,0.04,,,0.09684971762455345,4.16442620417347
SBILIFE,Short-Term (Swing),BULLISH,2025-08-20,,61.1,stop_loss,-3.3454545454545404,7,1870.0,1926.58,1807.44,3.025668449197849,3.3454545454545404,1.8314772802171215,1778.699951171875,1912.0,1936.0,0.8533333333333334,0.6,0.85,0.7466666666666666,0.0,0.78,1.0,0.13,,,2.2459893048128343,3.5294117647058822
SBILIFE,Short-Term (Swing),STRONG_BULLISH,2025-09-19,,61.4,stop_loss,-3.434501347708896,4,1855.0,1908.9,1791.29,2.9056603773584877,3.434501347708896,1.8248741084543014,1769.5,1890.0,1927.949951171875,1.0,0.6,0.85,0.0,1.0,0.21000000000000002,1.0,0.13,,,1.8867924528301887,3.9326119230121295
SBILIFE,Short-Term (Swing),BEARISH,2025-09-30,,61.5,stop_loss,-1.253505328098703,5,1783.0,1853.6,1760.65,3.9596186203028516,1.253505328098703,1.7591854212984144,1769.5,1890.0,1913.0,0.2533333333333333,0.6,0.5,0.5466666666666666,1.0,0.35,1.0,1.0,,,6.001121704991587,7.291082445316882
SBILIFE,Short-Term (Swing),STRONG_BULLISH,2025-10-27,,64.6,target1,2.1039369937322805,0,1903.0999755859375,1943.14,1850.88,2.1039369937322805,2.7439428435628854,1.8293291836829217,1757.699951171875,1923.9000244140625,1923.9000244140625,1.0,0.6,0.85,0.0,1.0,0.58,1.0,0.08,,,1.0929561817539806,1.0929561817539806
SBILIFE,Short-Term (Swing),STRONG_BULLISH,2025-10-29,,72.8,target1,1.2357884330202573,5,1970.4000244140625,1994.75,1915.93,1.2357884330202573,2.764414521881675,1.843083438092603,1757.699951171875,1975.0,1975.0,1.0,0.6,0.35,1.0,1.0,0.9400000000000001,1.0,0.04,,,0.23345389407947223,0.23345389407947223
SBILIFE,Short-Term (Swing),STRONG_BULLISH,2025-11-24,,63.5,stop_loss,-0.38126264048776726,3,1972.4000244140625,2081.36,1964.88,5.524233129043199,0.38126264048776726,1.6516856684155452,1880.199951171875,2086.60009765625,2086.60009765625,1.0,0.6,0.0,0.7466666666666666,1.0,1.0,1.0,0.13,,,5.78990427036284,5.78990427036284
SBILIFE,Short-Term (Swing),STRONG_BULLISH,2026-01-02,,68.7,target1,1.483510646463726,1,2067.39990234375,2098.07,2019.62,1.483510646463726,2.3111107962026867,1.5406172754684897,1968.199951171875,2077.300048828125,2086.60009765625,1.0,0.6,1.0,1.0,0.0,0.71,1.0,0.06,,,0.47886944722941593,0.9287122095117305
SBILIFE,Short-Term (Swing),BULLISH,2026-01-07,,68.2,stop_loss,-2.8948966875293136,14,2080.89990234375,2130.7,2020.66,2.3932000573482215,2.8948966875293136,1.6141235234895221,1968.199951171875,2109.60009765625,2109.60009765625,0.8533333333333334,0.6,0.5,0.7466666666666666,1.0,0.7,1.0,0.12,,,1.3792203690419957,1.3792203690419957
SHRIRAMFIN,Short-Term (Swing),STRONG_BULLISH,2024-07-26,,61.4,target1,3.516835016835018,21,594.0,614.89,551.54,3.516835016835018,7.1481481481481595,3.8125685384253587,527.0999755859375,608.7999877929688,611.8900146484375,1.0,0.6,0.5,0.7466666666666666,1.0,0.08,0.5,0.09,,,2.491580436526726,3.0117869778514312
SHRIRAMFIN,Short-Term (Swing),STRONG_BULLISH,2024-08-20,,73.3,target1,2.1911192820907255,6,627.989990234375,641.75,600.81,2.1911192820907255,4.32809290865147,3.287125388526566,527.0999755859375,635.4000244140625,635.4000244140625,1.0,0.6,0.85,1.0,0.5,1.0,0.5,0.03,,,1.179960555887518,1.179960555887518
SHRIRAMFIN,Short-Term (Swing),STRONG_BULLISH,2024-08-30,,79.9,target1,2.535755215648905,7,643.989990234375,660.32,613.97,2.535755215648905,4.6615616220136324,2.8012548274820936,561.6199951171875,653.780029296875,653.780029296875,1.0,0.6,0.85,0.7466666666666666,1.0,1.0,1.0,0.06999999999999999,,,1.5202160299008676,1.5202160299008676
SHRIRAMFIN,Short-Term (Swing),STRONG_BULLISH,2024-09-12,,76.4,target1,1.3765916882350737,4,679.9400024414062,689.3,654.49,1.3765916882350737,3.742977667150771,2.5151917492340146,580.4099731445312,682.47998046875,682.47998046875,1.0,0.6,0.5,1.0,1.0,1.0,1.0,0.04,,,0.3735591402511477,0.3735591402511477
SHRIRAMFIN,Short-Term (Swing),STRONG_BULLISH,2024-09-18,,73.4,target1,1.5203486551391032,7,714.3099975585938,725.17,688.68,1.5203486551391032,3.5880776758260957,2.4484757079655415,622.2000122070312,717.989990234375,717.989990234375,1.0,0.6,0.35,1.0,1.0,1.0,1.0,0.04,,,0.5151814602006023,0.5151814602006023
SHRIRAMFIN,Short-Term (Swing),STRONG_BEARISH,2025-02-27,,65.7,target1,0.8099004334952031,0,609.9500122070312,614.89,572.29,0.8099004334952031,6.174278457797389,3.7913902803591326,516.0,608.7999877929688,730.4500122070312,0.0,0.6,0.85,1.0,1.0,1.0,0.5,0.02,,,-0.1885440431259726,19.755717286402724
SHRIRAMFIN,Short-Term (Swing),BULLISH,2025-03-20,,61.0,stop_loss,-5.264178826032239,12,669.0499877929688,701.95,633.83,4.9174221369557625,5.264178826032239,3.4009200316393122,546.5,695.0,730.4500122070312,0.8533333333333334,0.6,0.5,0.7466666666666666,0.5,1.0,0.5,0.1,,,3.878635779164118,9.177195356748465
SHRIRAMFIN,Short-Term (Swing),STRONG_BULLISH,2025-06-06,,83.8,target1,-0.31285714285714805,0,700.0,697.81,654.65,-0.31285714285714805,6.478571428571433,3.25463902468716,611.0,690.9000244140625,730.4500122070312,1.0,0.6,1.0,1.0,1.0,1.0,0.5,0.03,,,-1.2999965122767858,4.350001743861607
SHRIRAMFIN,Short-Term (Swing),STRONG_BULLISH,2025-06-10,,66.2,stop_loss,-4.993587352951867,1,702.0999755859375,723.06,667.04,2.985333306210447,4.993587352951867,3.1749781008719036,625.0,715.9000244140625,730.4500122070312,1.0,0.6,0.85,1.0,0.0,1.0,0.5,0.06999999999999999,,,1.9655389984322633,4.037891697323338
SHRIRAMFIN,Short-Term (Swing),STRONG_BULLISH,2025-06-16,,65.3,stop_loss,-5.342746167278523,34,679.7999877929688,719.7,643.48,5.869375246176478,5.342746167278523,3.220760481815152,625.0,715.9000244140625,730.4500122070312,1.0,0.6,0.85,0.7466666666666666,0.5,0.48,0.5,0.13,,,5.310390889869789,7.45072452538611
SHRIRAMFIN,Short-Term (Swing),BULLISH,2025-09-12,,61.5,stop_loss,-3.1214312260625876,10,630.7999877929688,643.88,611.11,2.0735593627379867,3.1214312260625876,2.290040191935559,566.5,637.5,730.4500122070312,0.8533333333333334,0.6,0.85,0.0,1.0,0.52,1.0,0.05,,,1.0621452658033694,15.797404302862489
SHRIRAMFIN,Short-Term (Swing),STRONG_BULLISH,2025-10-06,,83.5,target1,1.797968900849023,8,670.2000122070312,682.25,648.36,1.797968900849023,3.2587304997369393,2.2927469298077767,590.8499755859375,675.5,725.5599975585938,1.0,0.6,0.85,1.0,1.0,1.0,1.0,0.05,,,0.7908068780117439,8.260218493469868
SHRIRAMFIN,Short-Term (Swing),STRONG_BULLISH,2025-10-17,,64.9,target1,1.7968713365637212,0,678.4000244140625,690.59,654.42,1.7968713365637212,3.5347912074110255,2.0804997684456215,603.1500244140625,683.75,717.5,1.0,0.6,0.85,0.7466666666666666,0.0,1.0,1.0,0.06999999999999999,,,0.788616655867355,5.763557514566475
SHRIRAMFIN,Short-Term (Swing),STRONG_BULLISH,2025-10-23,,69.9,target1,1.9520445039473922,3,711.0499877929688,724.93,687.51,1.9520445039473922,3.310595344503786,2.080281675271126,603.1500244140625,717.75,717.75,1.0,0.6,0.35,0.7466666666666666,1.0,1.0,1.0,0.06999999999999999,,,0.9422702091350071,0.9422702091350071
SHRIRAMFIN,Short-Term (Swing),STRONG_BULLISH,2025-10-28,,62.3,target1,1.9206836477145606,0,723.7000122070312,737.6,701.45,1.9206836477145606,3.074480009911351,2.0497836671273966,603.1500244140625,730.2999877929688,730.2999877929688,1.0,0.6,0.35,0.7466666666666666,0.5,1.0,1.0,0.06,,,0.9119767133635786,0.9119767133635786
SHRIRAMFIN,Short-Term (Swing),STRONG_BULLISH,2025-10-31,,70.3,target1,1.9271122761240767,0,762.7999877929688,777.5,722.77,1.9271122761240767,5.247769852329009,2.3258412891339106,636.0,769.7999877929688,769.7999877929688,1.0,0.6,0.35,0.7466666666666666,1.0,1.0,1.0,0.11000000000000001,,,0.9176717503959724,0.9176717503959724
SHRIRAMFIN,Short-Term (Swing),BULLISH,2025-11-04,,64.2,target1,3.745902766665332,4,792.5999755859375,822.29,766.55,3.745902766665332,3.2866485476081175,2.506681356432654,658.75,814.1500244140625,814.1500244140625,0.8533333333333334,0.6,0.35,1.0,0.5,1.0,1.0,0.09,,,2.718906067615497,2.718906067615497
SHRIRAMFIN,Short-Term (Swing),STRONG_BULLISH,2025-12-05,,70.1,stop_loss,-3.7996505532906233,1,858.5,880.72,825.88,2.5882352941176467,3.7996505532906233,2.263255496559647,803.9000244140625,872.0,872.0,1.0,0.6,0.5,0.7466666666666666,1.0,0.7,1.0,0.09,,,1.57251019219569,1.57251019219569
SHRIRAMFIN,Short-Term (Swing),NEUTRAL,2025-12-17,,66.1,target1,1.807714450201492,1,868.5,884.2,833.71,1.807714450201492,4.0057570523891695,2.3522213501635556,810.5999755859375,875.4500122070312,875.4500122070312,0.5466666666666666,0.6,0.5,0.7466666666666666,1.0,1.0,1.0,0.06999999999999999,,,0.8002316876259356,0.8002316876259356
SHRIRAMFIN,Short-Term (Swing),STRONG_BULLISH,2025-12-22,,73.7,target1,2.1945230132185634,0,938.7000122070312,959.3,897.62,2.1945230132185634,4.376266290914998,2.654964108474358,817.7999877929688,949.7999877929688,949.7999877929688,1.0,0.6,0.35,1.0,1.0,1.0,1.0,0.06999999999999999,,,1.1824838011709102,1.1824838011709102
SHRIRAMFIN,Short-Term (Swing),NEUTRAL,2025-12-30,,62.8,target1,1.1648016276704087,0,983.0,994.45,942.4,1.1648016276704087,4.130213631739577,2.5185867249827427,817.7999877929688,984.5999755859375,984.5999755859375,0.5466666666666666,0.6,0.35,0.7466666666666666,1.0,1.0,1.0,0.04,,,0.1627645560465412,0.1627645560465412
SHRIRAMFIN,Short-Term (Swing),HIGH_VOLATILITY,2026-02-12,,65.3,target1,1.494726422816428,13,1081.800048828125,1097.97,1034.15,1.494726422816428,4.404700192031097,2.9955589968814644,939.0,1087.0999755859375,1087.0999755859375,0.3,0.6,0.85,1.0,0.5,1.0,1.0,0.03,,,0.4899174078937896,0.4899174078937896
SHRIRAMFIN,Short-Term (Swing),HIGH_VOLATILITY,2026-03-10,,60.1,stop_loss,-5.6280010386714485,2,1062.9000244140625,1119.08,1003.08,5.285537143242358,5.6280010386714485,3.7522148030039713,934.2000122070312,1108.0,1108.0,0.3,0.6,0.5,0.7466666666666666,1.0,1.0,0.5,0.09,,,4.243106082418189,4.243106082418189
SBIN,Short-Term (Swing),STRONG_BULLISH,2024-07-09,^NSEBANK,66.1,target1,2.1567288618309144,5,860.0999755859375,878.65,832.59,2.1567288618309144,3.1984625470075745,2.222549162778651,821.0499877929688,869.9500122070312,912.0,1.0,1.0,0.85,1.0,0.0,0.35,1.0,0.06,,,1.1452199628750688,6.034185081647741
SBIN,Short-Term (Swing),STRONG_BULLISH,2024-07-18,^NSEBANK,70.2,stop_loss,-3.1698324022346402,4,895.0,903.85,866.63,0.9888268156424518,3.1698324022346402,2.008234272351283,821.0499877929688,894.9000244140625,912.0,1.0,0.6,0.85,1.0,0.5,0.43,1.0,0.04,,,-0.011170456529329608,1.899441340782123
SBIN,Short-Term (Swing),STRONG_BULLISH,2024-07-29,^NSEBANK,63.1,stop_loss,-3.734996198822349,6,874.7000122070312,907.99,842.03,3.8058748517645347,3.734996198822349,2.261737139217174,823.1500244140625,899.0,912.0,1.0,0.15,0.5,0.7466666666666666,1.0,0.42000000000000004,1.0,0.12,,,2.7780939126381567,4.264317740073413
SBIN,Short-Term (Swing),STRONG_BEARISH,2024-10-29,^NSEBANK,60.4,target1,1.8357487922705307,6,828.0,843.2,804.52,1.8357487922705307,2.8357487922705316,2.256512909872902,765.4000244140625,834.8499755859375,912.0,0.0,1.0,1.0,0.0,1.0,1.0,1.0,0.04,,,0.8272917374320652,10.144927536231885
SBIN,Short-Term (Swing),BEARISH,2024-11-06,^NSEBANK,68.9,stop_loss,-3.9279907084785237,5,861.0,870.01,827.18,1.0464576074332266,3.9279907084785237,2.1538673896958986,772.0,861.4000244140625,912.0,0.2533333333333333,1.0,0.85,1.0,0.5,1.0,1.0,0.06,,,0.04646044298054588,5.923344947735192
SBIN,Short-Term (Swing),BULLISH,2024-12-10,^NSEBANK,62.6,stop_loss,-3.074351585014401,2,867.5,884.2,840.83,1.9250720461095217,3.074351585014401,2.049612449664759,761.5499877929688,875.4500122070312,912.0,0.8533333333333334,1.0,0.85,0.7466666666666666,0.0,0.6,1.0,0.06,,,0.9164279201188761,5.129682997118155
SBIN,Short-Term (Swing),BULLISH,2025-03-25,^NSEBANK,62.0,stop_loss,-2.738341968911917,12,772.0,793.86,750.86,2.831606217616578,2.738341968911917,1.8964504448613504,680.0,786.0,912.0,0.8533333333333334,1.0,0.5,0.0,1.0,0.82,1.0,0.1,,,1.8134715025906734,18.134715025906736
SBIN,Short-Term (Swing),HIGH_VOLATILITY,2025-04-08,^NSEBANK,69.7,stop_loss,-3.1720990873533306,0,767.0,793.86,742.67,3.501955671447199,3.1720990873533306,2.248885977302243,719.0499877929688,786.0,912.0,0.3,0.6,0.85,0.7466666666666666,1.0,1.0,1.0,0.1,,,2.4771838331160363,18.904823989569753
SBIN,Short-Term (Swing),HIGH_VOLATILITY,2025-04-17,^NSEBANK,79.2,target1,0.7484433374844279,0,803.0,809.01,769.25,0.7484433374844279,4.202988792029883,2.3575332221144656,723.1500244140625,801.0,912.0,0.3,1.0,1.0,1.0,1.0,0.93,1.0,0.04,,,-0.24906600249066002,13.57409713574097
SBIN,Short-Term (Swing),HIGH_VOLATILITY,2025-04-22,^NSEBANK,77.1,stop_loss,-3.9830508474576254,2,826.0,843.86,793.1,2.1622276029055643,3.9830508474576254,2.374784469672091,730.0,835.5,912.0,0.3,1.0,0.85,1.0,1.0,0.99,1.0,0.06999999999999999,,,1.1501210653753027,10.411622276029057
SBIN,Short-Term (Swing),HIGH_VOLATILITY,2025-04-30,^NSEBANK,61.0,stop_loss,-4.142465565544584,7,790.3499755859375,830.03,757.61,5.0205637552712234,4.142465565544584,2.6237067700910095,730.0,835.5,912.0,0.3,1.0,0.5,0.7466666666666666,1.0,0.4,1.0,0.13,,,5.712662214051424,15.39191853885685
SBIN,Short-Term (Swing),STRONG_BULLISH,2025-05-30,^NSEBANK,82.0,target1,1.2044072963163233,7,812.8499755859375,822.64,789.62,1.2044072963163233,2.8578429333398603,1.8613000448797994,755.5,814.5,912.0,1.0,1.0,1.0,0.7466666666666666,1.0,0.53,1.0,0.05,,,0.20299249106492143,12.197825846348936
SBIN,Short-Term (Swing),STRONG_BULLISH,2025-06-27,^NSEBANK,68.1,target1,2.590852904820773,16,809.0,829.96,786.98,2.590852904820773,2.7218788627935697,1.524788671941704,781.7000122070312,824.5,899.0,1.0,1.0,0.5,0.7466666666666666,1.0,0.06,1.0,0.13,,,1.9159456118665017,11.124845488257108
SBIN,Short-Term (Swing),NEUTRAL,2025-07-17,^NSEBANK,66.0,stop_loss,-2.432692307692308,5,832.0,850.92,811.76,2.2740384615384635,2.432692307692308,1.3863924298607615,786.0999755859375,842.5,899.0,0.5466666666666666,0.6,0.5,0.7466666666666666,1.0,0.93,1.0,0.13,,,1.2620192307692308,8.052884615384617
SBIN,Short-Term (Swing),BULLISH,2025-09-11,^NSEBANK,67.1,target1,2.2242476589117377,5,824.0999755859375,842.43,809.57,2.2242476589117377,1.7631326315240559,1.140048316936711,798.5,838.0,875.4500122070312,0.8533333333333334,0.6,1.0,0.7466666666666666,0.5,0.32999999999999996,1.0,0.13,,,1.6866915211567068,6.231044550703174
SBIN,Short-Term (Swing),BULLISH,2025-09-18,^NSEBANK,75.4,target1,2.0434272300469347,4,852.0,869.41,838.78,2.0434272300469347,1.5516431924882612,1.2146027536231638,798.5,860.7999877929688,875.4500122070312,0.8533333333333334,1.0,0.5,1.0,1.0,0.6599999999999999,1.0,0.1,,,1.0328624170151115,2.7523488505905225
SBIN,Short-Term (Swing),BULLISH,2025-09-24,^NSEBANK,71.3,target1,2.626508860152321,21,866.5499877929688,889.31,848.0,2.626508860152321,2.140671404336869,1.4005034249737984,798.5,880.5,880.5,0.8533333333333334,0.6,0.5,0.7466666666666666,1.0,1.0,1.0,0.13,,,1.6098335241525743,1.6098335241525743
SBIN,Short-Term (Swing),STRONG_BULLISH,2025-10-17,^NSEBANK,67.0,target1,1.0172171543043396,0,894.5999755859375,903.7,870.98,1.0172171543043396,2.640283504419627,1.362196968991883,849.2999877929688,894.75,894.75,1.0,1.0,0.85,0.7466666666666666,0.0,0.8,1.0,0.08,,,0.01676999979395688,0.01676999979395688
SBIN,Short-Term (Swing),STRONG_BULLISH,2025-10-21,^NSEBANK,64.3,target1,1.1831140350877067,4,912.0,922.79,889.36,1.1831140350877067,2.482456140350875,1.357672503036743,851.2000122070312,913.6500244140625,913.6500244140625,1.0,1.0,0.5,1.0,0.0,0.85,1.0,0.08,,,0.18092372961211622,0.18092372961211622
SBIN,Short-Term (Swing),STRONG_BULLISH,2025-10-28,^NSEBANK,76.1,target1,1.2110477878007897,2,933.9000244140625,945.21,909.87,1.2110477878007897,2.573083176557267,1.4602081264442104,856.0,935.8499755859375,935.8499755859375,1.0,1.0,0.35,1.0,1.0,0.8400000000000001,1.0,0.06999999999999999,,,0.2087965650390059,0.2087965650390059
SBIN,Short-Term (Swing),STRONG_BULLISH,2025-11-03,^NSEBANK,66.3,target1,1.2544689800210174,2,951.0,962.93,929.05,1.2544689800210174,2.308096740273402,1.4495218771704683,857.25,953.4000244140625,953.4000244140625,1.0,1.0,0.35,0.7466666666666666,0.5,1.0,1.0,0.06,,,0.2523684977983701,0.2523684977983701
SBIN,Short-Term (Swing),STRONG_BULLISH,2025-11-28,^NSEBANK,61.0,stop_loss,-2.7013051780691133,2,985.4500122070312,1005.9,958.83,2.075192809340831,2.7013051780691133,1.37375190222157,930.25,999.0,999.0,1.0,1.0,0.5,0.7466666666666666,0.0,0.85,1.0,0.13,,,1.375005086521026,1.375005086521026
SBIN,Short-Term (Swing),STRONG_BULLISH,2025-12-05,^NSEBANK,71.4,target1,3.215741381176862,25,970.8499755859375,1002.07,948.57,3.215741381176862,2.2948937679573844,1.5733140105590853,944.4500122070312,999.0,999.0,1.0,1.0,0.5,0.7466666666666666,1.0,0.39,1.0,0.13,,,2.8995236258900974,2.8995236258900974
SBIN,Short-Term (Swing),STRONG_BULLISH,2026-01-05,^NSEBANK,79.4,target1,1.7560382537436192,7,1007.9500122070312,1025.65,986.34,1.7560382537436192,2.143956738461006,1.2738971320467158,950.4500122070312,1015.5,1015.5,1.0,1.0,0.5,1.0,1.0,0.8300000000000001,1.0,0.11000000000000001,,,0.7490438713758352,0.7490438713758352
SBIN,Short-Term (Swing),HIGH_VOLATILITY,2026-01-16,^NSEBANK,62.5,stop_loss,-1.244444444444448,2,1035.0,1057.92,1022.12,2.2144927536231984,1.244444444444448,1.291051118891591,959.5,1047.449951171875,1047.449951171875,0.3,0.6,0.5,0.7466666666666666,1.0,1.0,1.0,0.08,,,1.202893833031401,1.202893833031401
SBIN,Short-Term (Swing),HIGH_VOLATILITY,2026-01-22,^NSEBANK,62.5,stop_loss,-2.458410857863347,0,1051.9000244140625,1066.06,1026.04,1.346133212025058,2.458410857863347,1.4186294920084017,959.5,1055.5,1055.5,0.3,0.6,0.5,0.7466666666666666,1.0,1.0,1.0,0.08,,,0.34223552641733096,0.34223552641733096
SBIN,Short-Term (Swing),HIGH_VOLATILITY,2026-01-27,^NSEBANK,69.2,target1,0.6286554117856502,1,1059.4000244140625,1066.06,1028.46,0.6286554117856502,2.9205232868646513,1.5631445649843596,959.5,1055.5,1055.5,0.3,0.6,0.85,0.7466666666666666,1.0,1.0,1.0,0.05,,,-0.3681352014523071,-0.3681352014523071
SBIN,Short-Term (Swing),HIGH_VOLATILITY,2026-02-03,^NSEBANK,69.7,target1,3.4298111729785363,5,1064.199951171875,1100.7,1026.92,3.4298111729785363,3.5030964933632114,2.335130178864956,990.0,1089.800048828125,1089.800048828125,0.3,0.6,0.85,0.7466666666666666,1.0,1.0,1.0,0.1,,,2.4055721509909582,2.4055721509909582
SBIN,Short-Term (Swing),HIGH_VOLATILITY,2026-02-10,^NSEBANK,62.5,target1,1.8205686832422963,0,1144.699951171875,1165.54,1103.7,1.8205686832422963,3.581720356491813,2.3542541569985316,990.0,1154.0,1154.0,0.3,1.0,0.5,1.0,0.5,1.0,1.0,0.05,,,0.8124442408339556,0.8124442408339556
SBIN,Short-Term (Swing),HIGH_VOLATILITY,2026-02-12,^NSEBANK,67.1,target1,2.2489486963835237,4,1189.0,1215.74,1150.02,2.2489486963835237,3.278385197645084,2.369477983630549,990.0,1203.699951171875,1203.699951171875,0.3,1.0,0.35,1.0,1.0,1.0,1.0,0.06,,,1.2363289463309504,1.2363289463309504
SUNPHARMA,Short-Term (Swing),STRONG_BULLISH,2024-07-09,^CNXPHARMA,67.1,target1,0.8161696869258384,14,1592.800048828125,1605.8,1539.37,0.8161696869258384,3.354473078239506,1.9355505107657398,1460.9000244140625,1589.9000244140625,1638.8499755859375,1.0,1.0,0.85,1.0,0.0,0.47000000000000003,1.0,0.04,,,-0.1820708390984884,2.891130421027607
SUNPHARMA,Short-Term (Swing),STRONG_BULLISH,2024-07-25,^CNXPHARMA,80.6,target1,1.655844211837687,0,1670.449951171875,1698.11,1615.48,1.655844211837687,3.2907272159403367,2.0136500728739573,1498.300048828125,1681.300048828125,1681.300048828125,1.0,1.0,0.5,1.0,1.0,1.0,1.0,0.06,,,0.6495314420308315,0.6495314420308315
SUNPHARMA,Short-Term (Swing),STRONG_BULLISH,2024-07-29,^CNXPHARMA,77.4,target1,1.7446550224347934,2,1716.0999755859375,1746.04,1670.16,1.7446550224347934,2.6769987902512393,2.0539122840935926,1498.300048828125,1728.75,1728.75,1.0,1.0,0.35,1.0,1.0,1.0,1.0,0.04,,,0.737137963640104,0.737137963640104
SUNPHARMA,Short-Term (Swing),STRONG_BULLISH,2024-08-02,^CNXPHARMA,69.3,target1,2.2556521739130586,15,1725.0,1763.91,1673.74,2.2556521739130586,2.971594202898553,2.2292947826742022,1549.800048828125,1746.449951171875,1746.449951171875,1.0,1.0,0.5,0.7466666666666666,0.5,1.0,1.0,0.06,,,1.243475430253623,1.243475430253623
SUNPHARMA,Short-Term (Swing),STRONG_BULLISH,2024-08-23,^CNXPHARMA,63.0,target1,1.0820224719101157,2,1780.0,1799.26,1732.88,1.0820224719101157,2.64719101123595,1.609390739052545,1665.0,1781.449951171875,1781.449951171875,1.0,1.0,0.0,1.0,0.5,0.99,1.0,0.06,,,0.08145793100421349,0.08145793100421349
SUNPHARMA,Short-Term (Swing),STRONG_BULLISH,2024-08-30,^CNXPHARMA,70.1,target1,0.9005737461601937,4,1829.949951171875,1846.43,1777.66,0.9005737461601937,2.8574525296929054,1.6098151744185538,1683.8499755859375,1828.1500244140625,1828.1500244140625,1.0,1.0,0.35,1.0,0.5,1.0,1.0,0.06,,,-0.09835934347056058,-0.09835934347056058
SUNPHARMA,Short-Term (Swing),STRONG_BULLISH,2024-09-20,^CNXPHARMA,69.1,target1,1.343331547937865,3,1867.0,1892.08,1825.01,1.343331547937865,2.24906266738083,1.4558046596753347,1764.5,1873.3499755859375,1873.3499755859375,1.0,0.6,0.5,0.7466666666666666,1.0,0.62,1.0,0.06999999999999999,,,0.34011652843800216,0.34011652843800216
SUNPHARMA,Short-Term (Swing),STRONG_BULLISH,2024-09-27,^CNXPHARMA,75.9,stop_loss,-2.2498717290918346,1,1949.0,1978.89,1905.15,1.5336069779374073,2.2498717290918346,1.4898266135537288,1801.300048828125,1959.300048828125,1959.300048828125,1.0,1.0,0.35,1.0,1.0,0.82,1.0,0.06999999999999999,,,0.5284786469022575,0.5284786469022575
SUNPHARMA,Short-Term (Swing),BEARISH,2024-12-30,^CNXPHARMA,61.4,stop_loss,-2.417415155996716,6,1876.800048828125,1914.71,1831.43,2.0199248820110594,2.417415155996716,1.8568820351272652,1774.050048828125,1895.75,1960.3499755859375,0.2533333333333333,1.0,0.85,0.0,1.0,1.0,1.0,0.06,,,1.0096947292657712,4.451722324388319
SUNPHARMA,Short-Term (Swing),BULLISH,2025-03-21,^CNXPHARMA,62.4,target1,0.9044302033992757,0,1794.5,1810.73,1728.27,0.9044302033992757,3.6907216494845407,2.1008286196184343,1553.050048828125,1792.800048828125,1960.3499755859375,0.8533333333333334,1.0,0.85,0.0,0.5,0.96,1.0,0.05,,,-0.09473118817915854,9.242127366170939
SUNPHARMA,Short-Term (Swing),BULLISH,2025-03-27,^CNXPHARMA,61.8,target1,4.276765191971421,6,1731.449951171875,1805.5,1675.91,4.276765191971421,3.207713346509644,2.138310538642335,1553.050048828125,1820.0,1960.3499755859375,0.8533333333333334,1.0,0.5,0.0,1.0,0.77,1.0,0.13,,,5.11421359700249,13.220135197043327
SUNPHARMA,Short-Term (Swing),STRONG_BULLISH,2025-05-05,^CNXPHARMA,66.2,stop_loss,-2.8225274725274696,2,1820.0,1869.71,1768.63,2.731318681318684,2.8225274725274696,2.4672970381141477,1620.0999755859375,1851.199951171875,1960.3499755859375,1.0,1.0,0.85,0.7466666666666666,0.0,0.75,1.0,0.05,,,1.7142830314217032,7.711537120106455
SUNPHARMA,Short-Term (Swing),STRONG_BULLISH,2025-06-27,^CNXPHARMA,61.2,target1,2.876179245283028,31,1696.0,1744.78,1640.83,2.876179245283028,3.2529481132075544,1.847494267584265,1636.0,1727.5,1960.3499755859375,1.0,0.6,0.85,0.0,1.0,0.2,1.0,0.12,,,1.857311320754717,15.586673088793484
SUNPHARMA,Short-Term (Swing),STRONG_BULLISH,2025-09-19,^CNXPHARMA,60.3,stop_loss,-1.9763636363636317,4,1650.0,1684.78,1617.39,2.107878787878792,1.9763636363636317,1.5543400566589807,1556.199951171875,1668.0999755859375,1960.3499755859375,1.0,1.0,0.85,0.0,0.5,0.5,1.0,0.08,,,1.0969682173295454,18.809089429450758
SUNPHARMA,Short-Term (Swing),STRONG_BULLISH,2025-10-09,^CNXPHARMA,63.0,target1,1.7993957703927421,7,1655.0,1684.78,1613.16,1.7993957703927421,2.528096676737157,1.8225970568729235,1548.0,1668.0999755859375,1947.0,1.0,0.6,0.85,0.7466666666666666,0.0,0.82,1.0,0.06,,,0.7915393103285497,17.643504531722055
SUNPHARMA,Short-Term (Swing),STRONG_BULLISH,2025-10-20,^CNXPHARMA,63.7,target1,1.412426035502956,8,1690.0,1713.87,1647.57,1.412426035502956,2.510650887573973,1.6198240642603383,1548.0,1696.9000244140625,1923.6500244140625,1.0,1.0,0.85,0.7466666666666666,0.0,0.49000000000000005,1.0,0.06,,,0.4082854682877219,13.825445231601332
SUNPHARMA,Short-Term (Swing),STRONG_BULLISH,2025-11-03,^CNXPHARMA,65.1,target1,1.8875219683655464,8,1707.0,1739.22,1666.8,1.8875219683655464,2.3550087873462244,1.5471399509770098,1620.0,1722.0,1922.699951171875,1.0,1.0,0.85,0.7466666666666666,0.0,0.61,1.0,0.08,,,0.8787346221441126,12.636201005968072
SUNPHARMA,Short-Term (Swing),STRONG_BULLISH,2025-11-13,^CNXPHARMA,69.8,target1,1.6046952454337626,3,1737.4000244140625,1765.28,1696.01,1.6046952454337626,2.3822967556375696,1.5881972269717912,1643.199951171875,1747.800048828125,1910.0,1.0,1.0,0.85,1.0,0.0,0.71,1.0,0.06999999999999999,,,0.5985969994198603,9.934383167983825
SUNPHARMA,Short-Term (Swing),STRONG_BULLISH,2025-11-18,^CNXPHARMA,60.9,target1,1.3439273552781072,0,1762.0,1785.68,1719.74,1.3439273552781072,2.3984108967082807,1.480513831657345,1667.0,1768.0,1910.0,1.0,1.0,0.5,0.7466666666666666,0.0,0.9,1.0,0.06999999999999999,,,0.340522133938706,8.39954597048808
SUNPHARMA,Short-Term (Swing),STRONG_BULLISH,2025-11-21,^CNXPHARMA,65.1,target1,1.3449787366355048,3,1785.9000244140625,1809.92,1741.46,1.3449787366355048,2.488382541382339,1.432541674833695,1667.0,1792.0,1910.0,1.0,0.6,0.5,0.7466666666666666,0.5,0.96,1.0,0.08,,,0.34156310557971165,6.9488758547194465
SUNPHARMA,Short-Term (Swing),STRONG_BULLISH,2025-12-01,^CNXPHARMA,62.5,stop_loss,-1.9927937915742766,8,1804.0,1859.86,1768.05,3.096452328159649,1.9927937915742766,1.4513780521061785,1667.0,1849.0,1910.0,1.0,1.0,0.5,0.7466666666666666,0.0,1.0,1.0,0.13,,,2.494456762749446,5.875831485587583
SUNPHARMA,Short-Term (Swing),BULLISH,2026-01-07,^CNXPHARMA,68.2,stop_loss,-1.3640996602491406,1,1766.0,1829.92,1741.91,3.619479048697616,1.3640996602491406,1.5217224825564972,1707.0,1811.800048828125,1884.0,0.8533333333333334,1.0,1.0,0.0,1.0,0.42000000000000004,1.0,0.12,,,2.5934342484781996,6.681766704416761
SUNPHARMA,Short-Term (Swing),HIGH_VOLATILITY,2026-03-02,^CNXPHARMA,73.9,target1,5.166166125416383,5,1721.199951171875,1810.12,1705.94,5.166166125416383,0.8865879389251208,1.7711895269613913,1671.0,1792.199951171875,1851.199951171875,0.3,1.0,0.85,0.7466666666666666,1.0,1.0,1.0,0.12,,,4.125029166521868,7.552870304899195
SUNPHARMA,Short-Term (Swing),HIGH_VOLATILITY,2026-03-10,^CNXPHARMA,65.8,stop_loss,-3.246845858475045,8,1823.0,1843.35,1763.81,1.1162918266593547,3.246845858475045,1.8014677751908836,1693.4000244140625,1825.0999755859375,1851.199951171875,0.3,1.0,0.85,0.7466666666666666,0.5,1.0,1.0,0.06,,,0.1151933947305266,1.5468980346612726
SUNPHARMA,Short-Term (Swing),NEUTRAL,2026-04-27,^CNXPHARMA,63.7,target1,6.330046403712308,6,1724.0,1833.13,1658.78,6.330046403712308,3.7830626450116034,2.8737550926403257,1613.5999755859375,1819.0,1851.199951171875,0.5466666666666666,0.6,1.0,0.5466666666666666,1.0,0.0,1.0,0.13,,,5.510440835266821,7.378187422962587
TCS,Short-Term (Swing),STRONG_BULLISH,2024-07-10,^CNXIT,61.9,target1,2.8524548460951538,1,3931.0,4043.13,3808.67,2.8524548460951538,3.111930806410579,1.713623496409627,3780.050048828125,4047.35009765625,4254.75,1.0,1.0,0.5,0.7466666666666666,0.5,0.19,1.0,0.13,,,2.9598091492304754,8.235817858051387
TCS,Short-Term (Swing),STRONG_BULLISH,2024-07-15,^CNXIT,79.9,target1,2.6462128475551294,2,4172.0,4282.4,4044.58,2.6462128475551294,3.0541706615532127,1.9927146911384863,3780.050048828125,4240.0,4254.75,1.0,1.0,0.5,1.0,1.0,0.9,1.0,0.09,,,1.6299137104506232,1.9834611697027806
TCS,Short-Term (Swing),STRONG_BULLISH,2024-07-19,^CNXIT,69.5,target1,2.3811858285967658,4,4299.9501953125,4402.34,4173.74,2.3811858285967658,2.9351548176089426,1.9935495067158022,3791.300048828125,4358.75,4358.75,1.0,1.0,0.5,0.7466666666666666,0.5,1.0,1.0,0.08,,,1.3674531568202666,1.3674531568202666
TCS,Short-Term (Swing),STRONG_BULLISH,2024-07-30,^CNXIT,62.1,stop_loss,-2.445977011494249,5,4350.0,4475.31,4243.6,2.8806896551724304,2.445977011494249,1.859341583779763,3895.60009765625,4431.0,4431.0,1.0,1.0,0.5,0.7466666666666666,0.0,1.0,1.0,0.09,,,1.862068965517241,1.862068965517241
TCS,Short-Term (Swing),BULLISH,2024-08-16,^CNXIT,65.3,target1,1.2284551006559674,0,4421.0,4475.31,4284.2,1.2284551006559674,3.09432255145895,1.9905357754475408,4110.5,4431.0,4431.0,0.8533333333333334,1.0,0.5,0.7466666666666666,0.5,0.8400000000000001,1.0,0.04,,,0.2261931689662972,0.2261931689662972
TCS,Short-Term (Swing),STRONG_BULLISH,2024-08-20,^CNXIT,61.6,stop_loss,-2.8056662239929198,28,4518.0,4610.65,4391.24,2.050686144311631,2.8056662239929198,1.9464201831626733,4110.5,4565.0,4565.0,1.0,1.0,0.5,0.7466666666666666,0.0,0.97,1.0,0.06999999999999999,,,1.040283311199646,1.040283311199646
TCS,Short-Term (Swing),HIGH_VOLATILITY,2024-11-25,^CNXIT,61.9,target1,1.164767766802921,1,4321.0498046875,4371.38,4173.21,1.164767766802921,3.421386268844262,2.1920796683468344,3913.25,4328.10009765625,4592.25,0.3,1.0,0.85,0.0,1.0,1.0,1.0,0.04,,,0.16316157617766408,6.276257103500646
TCS,Short-Term (Swing),NEUTRAL,2024-12-04,^CNXIT,69.5,target1,0.6821531686245663,0,4400.7998046875,4430.82,4222.96,0.6821531686245663,4.04107918060882,2.0123424084154546,3941.10009765625,4386.9501953125,4592.25,0.5466666666666666,1.0,0.85,0.7466666666666666,0.5,1.0,1.0,0.06,,,-0.3147066440115755,4.350350022933953
TCS,Short-Term (Swing),BULLISH,2024-12-09,^CNXIT,66.6,stop_loss,-2.318943203649737,7,4426.14990234375,4533.89,4323.51,2.4341719108790016,2.318943203649737,1.926253661879271,3990.199951171875,4489.0,4592.25,0.8533333333333334,1.0,0.85,0.7466666666666666,0.0,1.0,1.0,0.06,,,1.4199721889891124,3.7526993283326466
TCS,Short-Term (Swing),HIGH_VOLATILITY,2025-05-15,^CNXIT,60.0,stop_loss,-3.724085421980361,6,3593.89990234375,3666.8,3460.06,2.028439846327057,3.724085421980361,2.2316987706387637,3218.0,3630.5,4592.25,0.3,1.0,0.85,0.0,1.0,0.78,1.0,0.06999999999999999,,,1.0183950207511725,27.779017913247365
TCS,Short-Term (Swing),STRONG_BULLISH,2025-05-23,^CNXIT,65.3,stop_loss,-3.273501846066462,8,3521.0,3659.75,3405.74,3.940641863107075,3.273501846066462,2.0649049436195828,3366.0,3630.5,4592.25,1.0,1.0,0.85,0.7466666666666666,0.0,0.58,1.0,0.13,,,3.109911956830446,30.42459528543028
TCS,Short-Term (Swing),STRONG_BULLISH,2025-06-05,^CNXIT,60.0,target1,3.585770189019044,10,3371.10009765625,3491.98,3346.88,3.585770189019044,0.718462725953728,1.7928206784528673,3363.699951171875,3630.5,4592.25,1.0,0.6,0.0,0.5466666666666666,1.0,0.08,1.0,1.0,,,7.694814595511336,36.22407721422309
TCS,Short-Term (Swing),BULLISH,2025-06-17,^CNXIT,61.6,stop_loss,-2.519396868401047,1,3519.10009765625,3580.45,3430.44,1.7433406450873434,2.519396868401047,1.6092658029646818,3358.699951171875,3545.0,4592.25,0.8533333333333334,1.0,0.85,0.7466666666666666,0.0,0.48,1.0,0.08,,,0.7359808367201476,30.495009308160252
TCS,Short-Term (Swing),BULLISH,2025-08-20,^CNXIT,60.2,stop_loss,-3.1466453674121375,15,3130.0,3188.05,3031.51,1.8546325878594283,3.1466453674121375,1.4434724072697662,2991.60009765625,3182.0,4592.25,0.8533333333333334,0.6,0.85,0.0,1.0,0.31,1.0,0.13,,,1.6613418530351438,46.71725239616614
TCS,Short-Term (Swing),STRONG_BULLISH,2025-09-19,^CNXIT,62.2,stop_loss,0.2054927302100218,0,3095.0,3235.03,3101.36,4.524394184168012,-0.2054927302100218,1.4270670656089823,3016.0,3203.0,4535.7998046875,1.0,1.0,0.5,0.0,1.0,0.62,1.0,0.1,,,3.489499192245557,46.55249772819063
TCS,Short-Term (Swing),STRONG_BULLISH,2025-10-09,^CNXIT,61.4,stop_loss,-2.189180327868856,4,3050.0,3166.32,2983.23,3.813770491803292,2.189180327868856,1.7086005044197987,2866.60009765625,3203.0,4494.89990234375,1.0,1.0,1.0,0.0,0.5,0.26,1.0,0.13,,,5.016393442622951,47.37376728995902
TCS,Short-Term (Swing),STRONG_BULLISH,2025-10-23,^CNXIT,65.2,stop_loss,-2.747077922077923,11,3080.0,3128.98,2995.39,1.5902597402597474,2.747077922077923,1.687819838572212,2866.60009765625,3098.0,4494.89990234375,1.0,1.0,0.85,0.0,1.0,0.25,1.0,0.06999999999999999,,,0.5844155844155844,45.93830851765422
TCS,Short-Term (Swing),STRONG_BULLISH,2025-11-12,^CNXIT,69.1,target1,1.1482198930717447,8,3131.800048828125,3167.76,3057.59,1.1482198930717447,2.3695653512711745,1.5797528698200483,2943.10009765625,3136.39990234375,4494.89990234375,1.0,1.0,0.85,0.0,1.0,0.6599999999999999,1.0,0.05,,,0.14687570866301633,43.5244853523033
TCS,Short-Term (Swing),STRONG_BULLISH,2025-11-24,^CNXIT,74.1,target1,2.0789733938495925,8,3145.300048828125,3210.69,3073.77,2.0789733938495925,2.2741883991250877,1.4311512888452524,2960.5,3178.89990234375,4494.89990234375,1.0,1.0,0.5,0.7466666666666666,1.0,0.6900000000000001,1.0,0.1,,,1.0682559054467196,42.908461277596025
TCS,Short-Term (Swing),STRONG_BULLISH,2025-12-04,^CNXIT,87.8,stop_loss,-2.177089783281738,6,3230.0,3282.5,3159.68,1.6253869969040213,2.177089783281738,1.4351569391487269,2960.5,3250.0,4494.89990234375,1.0,1.0,0.85,1.0,1.0,1.0,1.0,0.08,,,0.6191950464396285,39.160987688660995
TCS,Short-Term (Swing),BULLISH,2025-12-12,^CNXIT,65.4,target1,2.903051898375586,4,3211.10009765625,3304.32,3149.64,2.903051898375586,1.913988844543002,1.4669311653591737,3078.0,3271.60009765625,4494.89990234375,0.8533333333333334,1.0,0.85,0.7466666666666666,0.0,0.82,1.0,0.12,,,1.8840895070246597,39.98006183689299
TCS,Short-Term (Swing),STRONG_BULLISH,2025-12-22,^CNXIT,65.5,stop_loss,-1.9590922695540858,6,3319.89990234375,3361.89,3254.86,1.2648001111902785,1.9590922695540858,1.4043400454608175,3115.0,3328.60009765625,4382.0,1.0,1.0,0.5,1.0,0.0,1.0,1.0,0.05,,,0.26206197681917826,31.991931350292795
TCS,Short-Term (Swing),STRONG_BULLISH,2026-01-06,^CNXIT,60.8,stop_loss,-1.6836752285905754,1,3242.89990234375,3345.8,3188.3,3.1730889251894823,1.6836752285905754,1.3822198550277145,3153.10009765625,3328.60009765625,4322.9501953125,1.0,0.6,0.5,0.7466666666666666,0.5,0.48,1.0,0.13,,,2.6427024543853994,33.30507648997005
TCS,Short-Term (Swing),HIGH_VOLATILITY,2026-01-13,^CNXIT,60.2,stop_loss,-2.247239263803691,0,3260.0,3361.89,3186.74,3.125460122699386,2.247239263803691,1.6577809086539954,3174.300048828125,3328.60009765625,4322.9501953125,0.3,0.6,0.5,0.7466666666666666,1.0,0.73,1.0,0.12,,,2.104297474118098,32.60583421203987
TCS,Short-Term (Swing),HIGH_VOLATILITY,2026-01-16,^CNXIT,65.9,stop_loss,-1.0307402760351358,0,3188.0,3311.19,3155.14,3.8641781681304943,1.0307402760351358,1.6293176432742869,3171.0,3328.60009765625,4313.89990234375,0.3,1.0,0.5,0.5466666666666666,1.0,0.32,1.0,1.0,,,4.410291645428168,35.31680998568852
TATACONSUM,Short-Term (Swing),STRONG_BULLISH,2024-07-10,^CNXFMCG,60.8,target1,2.57528572547141,8,1150.550048828125,1180.18,1113.9,2.57528572547141,3.185437162464533,2.1374028388750412,1077.1500244140625,1168.5,1269.0,1.0,1.0,0.85,0.7466666666666666,0.0,0.18,1.0,0.08,,,1.56011910913025,10.295071587065713
TATACONSUM,Short-Term (Swing),STRONG_BULLISH,2024-07-22,^CNXFMCG,68.7,target1,0.6588397229481346,0,1200.0833740234375,1207.99,1152.92,0.6588397229481346,3.9300081181289914,2.0777056437356727,1077.1500244140625,1196.03369140625,1269.0,1.0,1.0,0.85,0.7466666666666666,0.0,1.0,1.0,0.05,,,-0.33745010595475594,5.742653174629895
TATACONSUM,Short-Term (Swing),STRONG_BULLISH,2024-07-24,^CNXFMCG,77.2,stop_loss,-3.5430629081989906,6,1216.8746337890625,1259.57,1173.76,3.508608448677575,3.5430629081989906,2.322673915374197,1077.8499755859375,1247.0989990234375,1269.0,1.0,1.0,0.5,0.7466666666666666,1.0,1.0,1.0,0.1,,,2.4837698473723138,4.2835444805543625
TATACONSUM,Short-Term (Swing),STRONG_BULLISH,2024-08-01,^CNXFMCG,66.8,stop_loss,-2.733333333333332,3,1200.0,1259.57,1167.2,4.964166666666658,2.733333333333332,2.2704235764740237,1125.5,1247.0989990234375,1269.0,1.0,1.0,0.85,0.7466666666666666,0.0,0.74,1.0,0.12,,,3.924916585286458,5.75
TATACONSUM,Short-Term (Swing),STRONG_BULLISH,2024-08-22,^CNXFMCG,61.9,target1,1.8333333333333313,25,1212.0,1234.22,1167.48,1.8333333333333313,3.6732673267326765,2.118799670910177,1151.0,1222.0,1269.0,1.0,1.0,0.5,0.7466666666666666,0.5,0.25,1.0,0.06999999999999999,,,0.825082508250825,4.702970297029703
TATACONSUM,Short-Term (Swing),STRONG_BULLISH,2024-09-19,^CNXFMCG,77.5,stop_loss,-3.227868852459026,13,1220.0,1246.64,1180.62,2.18360655737706,3.227868852459026,1.8995444521263647,1168.75,1234.300048828125,1269.0,1.0,1.0,0.85,0.7466666666666666,1.0,0.33999999999999997,1.0,0.09,,,1.1721351498463115,4.016393442622951
TATACONSUM,Short-Term (Swing),NEUTRAL,2025-01-31,^CNXFMCG,80.6,target1,1.5116959064327418,0,1026.0,1041.51,984.77,1.5116959064327418,4.018518518518521,2.594656320079766,926.0499877929688,1031.199951171875,1269.0,0.5466666666666666,1.0,0.85,1.0,1.0,1.0,1.0,0.04,,,0.5068178530092593,23.684210526315788
TATACONSUM,Short-Term (Swing),NEUTRAL,2025-02-04,^CNXFMCG,63.1,stop_loss,-4.358030784456557,23,1035.0999755859375,1085.75,989.99,4.893249503304364,4.358030784456557,2.84964902128523,926.0499877929688,1075.0,1269.0,0.5466666666666666,1.0,0.5,0.7466666666666666,0.5,1.0,1.0,0.12,,,3.8547024785191746,22.59685343743333
TATACONSUM,Short-Term (Swing),BULLISH,2025-04-02,^CNXFMCG,63.3,target1,3.2364963135324665,1,1049.9000244140625,1083.88,1023.12,3.2364963135324665,2.550721382162857,2.48267476223268,930.0999755859375,1073.1500244140625,1247.0989990234375,0.8533333333333334,1.0,0.5,0.0,1.0,1.0,1.0,0.05,,,2.214496567230348,18.78264311113142
TATACONSUM,Short-Term (Swing),HIGH_VOLATILITY,2025-04-24,^CNXFMCG,63.1,stop_loss,-4.063950453044807,13,1160.199951171875,1180.59,1113.05,1.757459893661406,4.063950453044807,2.769908529077375,952.5,1168.9000244140625,1247.0989990234375,0.3,1.0,0.35,0.7466666666666666,1.0,1.0,1.0,0.04,,,0.7498770563987593,7.490006163488371
TATACONSUM,Short-Term (Swing),STRONG_BULLISH,2025-06-26,^CNXFMCG,63.8,stop_loss,-2.828671328671317,3,1144.0,1161.5,1111.64,1.5297202797202702,2.828671328671317,1.9649638470891493,1059.0,1150.0,1247.0989990234375,1.0,0.6,0.85,0.0,1.0,0.53,1.0,0.05,,,0.5244755244755245,9.012150264286495
TATACONSUM,Short-Term (Swing),NEUTRAL,2025-09-03,^CNXFMCG,63.6,stop_loss,-4.8223801065719325,0,1126.0,1117.97,1071.7,-0.7131438721136751,4.8223801065719325,1.9737648519115345,1037.699951171875,1106.9000244140625,1234.300048828125,0.5466666666666666,1.0,0.85,0.0,1.0,0.8,1.0,0.04,,,-1.696267814026421,9.618121565552842
TATACONSUM,Short-Term (Swing),BULLISH,2025-09-10,^CNXFMCG,72.0,target1,3.4813466787989134,6,1099.0,1137.26,1067.12,3.4813466787989134,2.9008189262966444,2.0516022537080207,1043.199951171875,1126.0,1234.300048828125,0.8533333333333334,1.0,0.85,0.7466666666666666,0.5,0.74,1.0,0.11000000000000001,,,2.4567788898999092,12.311196435680163
TATACONSUM,Short-Term (Swing),STRONG_BULLISH,2025-09-19,^CNXFMCG,63.2,target1,3.200000000000003,25,1120.0,1155.84,1093.31,3.200000000000003,2.3830357142857195,1.9813528733958363,1055.199951171875,1144.4000244140625,1234.300048828125,1.0,0.6,0.5,0.7466666666666666,0.5,0.76,1.0,0.09,,,2.1785736083984375,10.205361502511161
TATACONSUM,Short-Term (Swing),STRONG_BULLISH,2025-10-20,^CNXFMCG,77.6,target1,1.9534150891728608,13,1176.4000244140625,1199.38,1142.6,1.9534150891728608,2.8731744060357056,1.9156439335717947,1103.0,1187.5,1187.5,1.0,1.0,0.85,1.0,0.5,0.74,1.0,0.06999999999999999,,,0.9435545184951981,0.9435545184951981
TATACONSUM,Short-Term (Swing),BULLISH,2025-11-04,^CNXFMCG,67.1,stop_loss,-2.767679913116672,4,1172.0999755859375,1214.83,1139.66,3.6455955382732164,2.767679913116672,2.240759495494927,1108.4000244140625,1202.800048828125,1202.800048828125,0.8533333333333334,0.6,0.5,0.7466666666666666,1.0,0.62,1.0,0.09,,,2.619236744445832,2.619236744445832
TATACONSUM,Short-Term (Swing),STRONG_BULLISH,2025-11-17,^CNXFMCG,61.5,stop_loss,-3.1984349481302132,15,1178.699951171875,1214.83,1141.0,3.0652456371279335,3.1984349481302132,2.1431494069613755,1134.0,1202.800048828125,1202.800048828125,1.0,0.6,0.5,0.7466666666666666,0.5,0.5900000000000001,1.0,0.09,,,2.0446338045818573,2.0446338045818573
TATACONSUM,Short-Term (Swing),NEUTRAL,2025-12-17,^CNXFMCG,66.1,target1,2.5278252161434978,19,1176.9000244140625,1206.65,1146.02,2.5278252161434978,2.6238443175695014,1.908861090363231,1131.9000244140625,1194.699951171875,1202.800048828125,0.5466666666666666,0.6,1.0,0.7466666666666666,0.5,0.74,1.0,0.08,,,1.5124417018067837,2.2006987744738318
TATACONSUM,Short-Term (Swing),HIGH_VOLATILITY,2026-03-05,^CNXFMCG,61.1,stop_loss,-2.5717072838705946,3,1119.0999755859375,1170.57,1090.32,4.5992338072488925,2.5717072838705946,2.2998328639104244,1095.800048828125,1185.0,1220.9000244140625,0.3,0.6,0.5,0.5466666666666666,1.0,0.6,1.0,0.64,,,5.888662840829624,9.096600040119258
TATACONSUM,Short-Term (Swing),BULLISH,2026-04-22,^CNXFMCG,63.5,target1,2.449066213921891,18,1178.0,1206.85,1135.45,2.449066213921891,3.6120543293718166,2.440880947201925,1007.2000122070312,1194.9000244140625,1220.9000244140625,0.8533333333333334,1.0,0.5,0.0,1.0,1.0,1.0,0.06999999999999999,,,1.434637047034168,3.641767777085102
TMPV,Short-Term (Swing),STRONG_BULLISH,2024-07-09,^CNXAUTO,62.6,target1,1.199014778325136,5,1015.0,1027.17,981.79,1.199014778325136,3.2719211822660133,2.17804066685676,948.0499877929688,1017.0,1065.5999755859375,1.0,1.0,0.85,0.7466666666666666,0.0,0.4,1.0,0.04,,,0.19704433497536944,4.985219269550493
TMPV,Short-Term (Swing),STRONG_BULLISH,2024-07-18,^CNXAUTO,63.1,stop_loss,-2.930664062499999,0,1024.0,1040.1,993.99,1.5722656249999911,2.930664062499999,1.9885738764708485,948.0499877929688,1029.800048828125,1065.5999755859375,1.0,1.0,0.85,0.7466666666666666,0.0,0.44000000000000006,1.0,0.05,,,0.566411018371582,4.062497615814209
TMPV,Short-Term (Swing),STRONG_BULLISH,2024-07-25,^CNXAUTO,80.3,target1,-0.6304196663246553,0,1111.949951171875,1104.94,1048.95,-0.6304196663246553,5.665718237181427,2.5663778177673517,948.0499877929688,1094.0,1094.0,1.0,1.0,0.5,1.0,1.0,1.0,1.0,0.03,,,-1.6142768973511528,-1.6142768973511528
TMPV,Short-Term (Swing),STRONG_BULLISH,2024-07-29,^CNXAUTO,62.7,target1,2.265051524772854,0,1125.800048828125,1151.3,1081.8,2.265051524772854,3.9083360205860562,2.5027891738258528,967.2000122070312,1139.9000244140625,1139.9000244140625,1.0,1.0,0.35,1.0,0.0,1.0,1.0,0.06999999999999999,,,1.252440484490522,1.252440484490522
TMPV,Short-Term (Swing),STRONG_BULLISH,2024-07-31,^CNXAUTO,62.8,stop_loss,-4.726649528706095,1,1167.0,1190.79,1111.84,2.0385604113110523,4.726649528706095,2.583021716929234,967.2000122070312,1179.0,1179.0,1.0,1.0,0.35,1.0,0.0,1.0,1.0,0.08,,,1.0282776349614395,1.0282776349614395
TMPV,Short-Term (Swing),STRONG_BULLISH,2024-08-29,^CNXAUTO,78.7,stop_loss,-3.555810665479664,5,1113.949951171875,1184.73,1074.34,6.3539702796938435,3.555810665479664,2.8118275691228956,1008.4000244140625,1176.0,1179.0,1.0,1.0,1.0,0.7466666666666666,1.0,0.12,1.0,0.13,,,5.570272592843904,5.839584512723608
TMPV,Short-Term (Swing),STRONG_BULLISH,2025-05-07,^CNXAUTO,63.8,target1,-1.4671428571428557,0,700.0,689.73,646.11,-1.4671428571428557,7.698571428571421,3.350611442519765,535.75,682.9000244140625,1179.0,1.0,1.0,0.85,0.0,1.0,0.4,0.5,0.03,,,-2.442853655133929,68.42857142857143
TMPV,Short-Term (Swing),BULLISH,2025-05-09,^CNXAUTO,67.6,target1,-1.358516483516481,0,728.0,718.11,671.48,-1.358516483516481,7.763736263736265,3.4833013134467365,581.0499877929688,711.0,1179.0,0.8533333333333334,1.0,0.85,0.0,1.0,1.0,0.5,0.03,,,-2.3351648351648353,61.95054945054945
TMPV,Short-Term (Swing),HIGH_VOLATILITY,2025-05-14,^CNXAUTO,64.3,target1,5.806082289803238,1,698.75,739.32,662.52,5.806082289803238,5.184973166368523,3.47481753864391,608.25,732.0,1179.0,0.3,1.0,0.5,0.7466666666666666,1.0,1.0,0.5,0.11000000000000001,,,4.758497316636851,68.7298747763864
TMPV,Short-Term (Swing),STRONG_BULLISH,2025-05-21,^CNXAUTO,66.4,stop_loss,-4.36827586206896,25,725.0,749.42,693.33,3.368275862068959,4.36827586206896,3.070235194339392,633.3499755859375,742.0,1179.0,1.0,1.0,0.85,0.7466666666666666,0.0,1.0,0.5,0.06999999999999999,,,2.344827586206897,62.62068965517241
TMPV,Short-Term (Swing),NEUTRAL,2025-07-23,^CNXAUTO,70.6,target1,1.8305164673765084,0,692.7000122070312,705.38,670.77,1.8305164673765084,3.1658743786014187,1.867817269166362,671.25,698.4000244140625,1179.0,0.5466666666666666,0.6,1.0,0.5466666666666666,1.0,0.74,1.0,0.08,,,0.8228687897478562,70.20354832152442
TMPV,Short-Term (Swing),NEUTRAL,2025-08-19,^CNXAUTO,63.0,stop_loss,-3.5116029989289532,8,700.25,713.57,675.66,1.9021777936451434,3.5116029989289532,2.3414449258512926,627.0999755859375,706.5,1142.0,0.5466666666666666,1.0,0.85,0.0,1.0,0.73,1.0,0.05,,,0.8925383791503035,63.08461263834345
TMPV,Short-Term (Swing),NEUTRAL,2025-09-08,^CNXAUTO,65.6,stop_loss,-3.536022124492255,13,721.1500244140625,729.22,695.65,1.1190425449259855,3.536022124492255,2.210302364019033,627.0999755859375,722.0,1085.8499755859375,0.5466666666666666,1.0,0.85,0.0,1.0,1.0,1.0,0.04,,,0.11786390586731364,50.57199456773163
TMPV,Short-Term (Swing),STRONG_BULLISH,2025-09-23,^CNXAUTO,66.3,stop_loss,-2.8836545324768093,1,700.5,729.42,680.3,4.128479657387585,2.8836545324768093,2.0009760210843233,667.7999877929688,725.25,1000.4000244140625,1.0,1.0,0.5,0.7466666666666666,0.5,0.63,1.0,0.13,,,3.5331905781584587,42.81228043027302
TMPV,Short-Term (Swing),BEARISH,2026-02-26,^CNXAUTO,67.9,stop_loss,-4.27282971098113,3,393.6499938964844,397.23,376.83,0.9094388820077182,4.27282971098113,2.507098188444189,341.1000061035156,393.29998779296875,744.0,0.2533333333333333,1.0,1.0,0.7466666666666666,0.5,1.0,1.0,0.04,,,-0.08891302145114827,89.00038397959304
TMPV,Short-Term (Swing),BULLISH,2026-04-22,^CNXAUTO,60.4,stop_loss,-4.21447748091921,7,359.95001220703125,371.63,344.78,3.2448916229653513,4.21447748091921,3.1454012910483717,294.29998779296875,367.95001220703125,744.0,0.8533333333333334,1.0,0.85,0.0,0.5,1.0,0.5,0.06,,,2.2225308316974486,106.69536734786274
TMPV,Short-Term (Swing),STRONG_BULLISH,2026-05-06,^CNXAUTO,69.6,stop_loss,-4.888953806284057,5,360.20001220703125,371.63,342.59,3.1732335940064305,4.888953806284057,2.896403935964346,318.95001220703125,367.95001220703125,744.0,1.0,1.0,0.5,0.7466666666666666,0.5,1.0,1.0,0.09,,,2.151582381275865,106.55190860248305
TMPV,Short-Term (Swing),BULLISH,2026-05-25,^CNXAUTO,66.1,target1,1.1478260869565382,0,373.75,378.04,358.34,1.1478260869565382,4.12307692307693,2.6636499310573427,333.6499938964844,374.29998779296875,744.0,0.8533333333333334,0.6,0.85,1.0,0.0,1.0,1.0,0.03,,,0.14715392454013376,99.06354515050168
TMPV,Short-Term (Swing),BULLISH,2026-05-27,^CNXAUTO,67.7,stop_loss,-4.135181868624094,4,400.95001220703125,408.04,384.37,1.7682971884554588,4.135181868624094,2.7560947880115476,333.6499938964844,404.0,744.0,0.8533333333333334,1.0,0.35,1.0,0.5,1.0,1.0,0.04,,,0.7606902855994636,85.55929102100495
TATASTEEL,Short-Term (Swing),STRONG_BULLISH,2024-09-12,^CNXMETAL,71.1,target1,3.4559505582471672,11,152.77999877929688,158.06,146.96,3.4559505582471672,3.8093983674553633,2.0980218325676923,146.4600067138672,156.5,184.60000610351562,1.0,0.6,0.85,0.5466666666666666,1.0,0.36,1.0,0.13,,,2.434874493013296,20.827338380978347
TATASTEEL,Short-Term (Swing),STRONG_BULLISH,2024-09-25,^CNXMETAL,61.4,target1,1.4320987654320882,0,162.0,164.32,156.49,1.4320987654320882,3.4012345679012235,2.13325787311833,147.6199951171875,162.69000244140625,184.60000610351562,1.0,1.0,0.85,0.0,0.5,0.64,1.0,0.05,,,0.425927432966821,13.950621051552856
TATASTEEL,Short-Term (Swing),STRONG_BULLISH,2024-09-27,^CNXMETAL,65.8,stop_loss,-3.7671641791044763,8,167.5,170.7,161.19,1.910447761194023,3.7671641791044763,2.1470461822328635,147.6199951171875,169.00999450683594,184.60000610351562,1.0,1.0,0.5,0.0,1.0,1.0,1.0,0.08,,,0.9014892578124999,10.208958867770521
TATASTEEL,Short-Term (Swing),NEUTRAL,2025-02-07,^CNXMETAL,65.5,stop_loss,-3.8233206880222026,1,138.10000610351562,140.14,132.82,1.4771859567878964,3.8233206880222026,2.6463842974582237,122.94000244140625,138.75,184.60000610351562,0.5466666666666666,1.0,0.85,0.0,1.0,1.0,1.0,0.03,,,0.4706689846176828,33.671251227277274
TATASTEEL,Short-Term (Swing),STRONG_BEARISH,2025-03-05,^CNXMETAL,72.3,target1,0.7902491770035214,0,146.7899932861328,147.95,139.6,0.7902491770035214,4.898149475432978,2.9681741798452452,128.30999755859375,146.49000549316406,184.60000610351562,0.0,1.0,0.85,1.0,1.0,1.0,1.0,0.03,,,-0.20436528829590847,25.757895324431974
TATASTEEL,Short-Term (Swing),STRONG_BEARISH,2025-03-07,^CNXMETAL,65.4,target1,1.5901309581867196,0,151.55999755859375,153.97,145.0,1.5901309581867196,4.3283172765014255,2.8839145722254442,128.30999755859375,152.4499969482422,184.60000610351562,0.0,1.0,0.5,1.0,1.0,1.0,1.0,0.04,,,0.5872257877969151,21.799953204768606
TATASTEEL,Short-Term (Swing),STRONG_BEARISH,2025-03-13,^CNXMETAL,61.5,target1,2.4935813999996226,2,151.99000549316406,155.78,144.5,2.4935813999996226,4.927959222622002,2.8188860504494033,130.72999572753906,154.24000549316406,184.60000610351562,0.0,1.0,0.85,0.7466666666666666,0.5,1.0,1.0,0.08,,,1.4803604965335675,21.455358531333324
TATASTEEL,Short-Term (Swing),BULLISH,2025-03-21,^CNXMETAL,67.3,stop_loss,-4.177215189873418,11,158.0,161.7,151.4,2.3417721518987245,4.177215189873418,2.49422670673389,134.05999755859375,160.10000610351562,184.60000610351562,0.8533333333333334,1.0,0.5,0.7466666666666666,0.5,1.0,1.0,0.08,,,1.3291177870352058,16.835446900959255
TATASTEEL,Short-Term (Swing),HIGH_VOLATILITY,2025-05-14,^CNXMETAL,62.0,target1,2.070739549839229,5,155.5,158.72,148.33,2.070739549839229,4.610932475884233,2.9975971786833253,133.6999969482422,157.14999389648438,184.60000610351562,0.3,1.0,0.85,0.0,1.0,1.0,1.0,0.05,,,1.0610893224979905,18.71383029164992
TATASTEEL,Short-Term (Swing),STRONG_BULLISH,2025-05-21,^CNXMETAL,61.5,target1,1.702077491105447,4,160.97999572753906,163.72,155.45,1.702077491105447,3.4352067799148567,2.55455285545719,137.32000732421875,162.10000610351562,184.60000610351562,1.0,1.0,0.5,0.7466666666666666,0.0,1.0,1.0,0.03,,,0.6957450650403768,14.672636975313235
TATASTEEL,Short-Term (Swing),STRONG_BULLISH,2025-05-27,^CNXMETAL,62.2,stop_loss,-4.020932353388307,9,162.39999389648438,167.21,155.87,2.961826529735956,4.020932353388307,2.387472689673665,138.0,165.5500030517578,184.60000610351562,1.0,1.0,0.5,0.7466666666666666,0.0,1.0,1.0,0.1,,,1.939660882796147,13.66995876932224
TATASTEEL,Short-Term (Swing),STRONG_BULLISH,2025-06-11,^CNXMETAL,62.0,stop_loss,-1.6153846153846185,0,156.0,162.91,153.48,4.429487179487168,1.6153846153846185,2.0788556899702364,154.25,165.5500030517578,184.60000610351562,1.0,1.0,0.5,0.5466666666666666,0.0,0.38,1.0,1.0,,,6.121796828049879,18.33333724584335
TATASTEEL,Short-Term (Swing),STRONG_BULLISH,2025-06-26,^CNXMETAL,77.7,target1,2.813664596273302,5,161.0,165.53,155.71,2.813664596273302,3.2857142857142807,2.0046169274153343,149.8000030517578,163.88999938964844,179.0,1.0,1.0,1.0,0.7466666666666666,1.0,0.05,1.0,0.1,,,1.7950306768002715,11.180124223602485
TATASTEEL,Short-Term (Swing),STRONG_BULLISH,2025-07-03,^CNXMETAL,85.3,stop_loss,-3.0438210780792674,3,165.91000366210938,170.47,160.86,2.7484758225775563,3.0438210780792674,2.0274849067215084,149.8000030517578,168.77999877929688,178.19000244140625,1.0,1.0,0.85,1.0,1.0,0.74,1.0,0.09,,,1.7298505538174196,7.401602379749322
TATASTEEL,Short-Term (Swing),STRONG_BULLISH,2025-07-09,^CNXMETAL,61.3,stop_loss,-3.7812500000000027,22,160.0,165.73,153.95,3.5812500000000025,3.7812500000000027,2.116788282836232,149.8000030517578,168.77999877929688,176.1999969482422,1.0,0.6,0.5,0.7466666666666666,0.5,0.53,1.0,0.13,,,5.487499237060547,10.124998092651367
TATASTEEL,Short-Term (Swing),BULLISH,2025-08-20,^CNXMETAL,71.7,stop_loss,-3.1991095772744282,5,161.9199981689453,166.4,156.74,2.7667995810994883,3.1991095772744282,2.132461547297864,152.50999450683594,164.75,170.17999267578125,0.8533333333333334,1.0,1.0,0.7466666666666666,0.5,0.43,1.0,0.09,,,1.7477778304455631,5.10128125015019
TATASTEEL,Short-Term (Swing),NEUTRAL,2025-09-03,^CNXMETAL,68.5,target1,0.4023668639053346,4,169.0,169.68,162.38,0.4023668639053346,3.9171597633136157,2.1723438817401375,153.0500030517578,168.0,170.17999267578125,0.5466666666666666,1.0,1.0,0.0,1.0,1.0,1.0,0.03,,,-0.591715976331361,0.6982205182137574
TATASTEEL,Short-Term (Swing),BULLISH,2025-09-10,^CNXMETAL,67.0,target1,2.875697502784602,13,169.35000610351562,174.22,164.43,2.875697502784602,2.9052293629728276,1.965658287798009,153.0500030517578,172.5,172.5,0.8533333333333334,1.0,0.85,0.7466666666666666,0.0,1.0,1.0,0.1,,,1.8600494732541866,1.8600494732541866
TATASTEEL,Short-Term (Swing),NEUTRAL,2025-10-03,^CNXMETAL,68.3,target1,1.8407368101946764,3,173.3000030517578,176.49,168.31,1.8407368101946764,2.8794015948560014,1.8869890246763439,165.94000244140625,174.74000549316406,174.74000549316406,0.5466666666666666,1.0,0.5,0.7466666666666666,1.0,0.82,1.0,0.06999999999999999,,,0.8309304189545678,0.8309304189545678
TATASTEEL,Short-Term (Swing),STRONG_BULLISH,2025-10-27,^CNXMETAL,65.0,target1,1.3137828115576289,0,177.35000610351562,179.68,171.6,1.3137828115576289,3.242179817101032,1.9091438469426778,166.1300048828125,177.89999389648438,177.89999389648438,1.0,1.0,1.0,0.7466666666666666,0.0,0.32,1.0,0.06,,,0.3101143355178309,0.3101143355178309
TATASTEEL,Short-Term (Swing),STRONG_BULLISH,2025-10-29,^CNXMETAL,79.5,stop_loss,-2.527111741175181,5,184.39999389648438,188.81,179.74,2.391543519242867,2.527111741175181,1.9615959679696382,166.1300048828125,186.94000244140625,186.94000244140625,1.0,1.0,0.5,1.0,1.0,0.8800000000000001,1.0,0.06999999999999999,,,1.377445026569657,1.377445026569657
TATASTEEL,Short-Term (Swing),BULLISH,2025-12-12,^CNXMETAL,62.9,target1,3.5390483531798855,16,170.9499969482422,177.0,166.58,3.5390483531798855,2.556301273035566,2.057598984327221,160.05999755859375,175.25,186.94000244140625,0.8533333333333334,0.6,1.0,0.0,1.0,0.31,1.0,0.1,,,2.5153571971456112,9.35361554759506
TATASTEEL,Short-Term (Swing),BULLISH,2026-01-07,^CNXMETAL,60.2,stop_loss,-3.6128320617401344,1,185.4499969482422,189.73,178.75,2.3079013869988563,3.6128320617401344,1.8309241297901329,160.80999755859375,187.85000610351562,187.85000610351562,0.8533333333333334,1.0,0.5,0.7466666666666666,0.0,1.0,1.0,0.12,,,1.2941543244906408,1.2941543244906408
TATASTEEL,Short-Term (Swing),HIGH_VOLATILITY,2026-01-14,^CNXMETAL,73.2,stop_loss,-3.270805812417432,5,189.25,192.56,183.06,1.749009247027744,3.270805812417432,2.1811565885547677,167.55999755859375,190.64999389648438,190.64999389648438,0.3,1.0,0.85,0.7466666666666666,1.0,1.0,1.0,0.05,,,0.7397589941793262,0.7397589941793262
TATASTEEL,Short-Term (Swing),HIGH_VOLATILITY,2026-01-22,^CNXMETAL,68.8,target1,1.265091863517065,4,190.5,192.91,182.89,1.265091863517065,3.994750656167989,2.1900010628195123,167.82000732421875,191.0,191.0,0.3,1.0,1.0,0.7466666666666666,0.5,1.0,1.0,0.06,,,0.26246719160104987,0.26246719160104987
TATASTEEL,Short-Term (Swing),HIGH_VOLATILITY,2026-01-28,^CNXMETAL,69.5,target1,1.3885333474582096,0,194.4499969482422,197.15,187.52,1.3885333474582096,3.563896660840149,2.1768966989387217,177.3300018310547,195.1999969482422,195.1999969482422,0.3,1.0,0.85,1.0,0.5,1.0,1.0,0.05,,,0.38570327167432744,0.38570327167432744
TATASTEEL,Short-Term (Swing),HIGH_VOLATILITY,2026-01-30,^CNXMETAL,67.0,stop_loss,0.07012359141411739,0,185.3800048828125,203.29,185.51,9.661233490909261,-0.07012359141411739,2.6302615556829183,177.3300018310547,202.99000549316406,202.99000549316406,0.3,1.0,0.5,0.7466666666666666,1.0,1.0,1.0,0.13,,,9.499406703265372,9.499406703265372
TATASTEEL,Short-Term (Swing),HIGH_VOLATILITY,2026-02-09,^CNXMETAL,73.4,target1,2.6651531407629436,0,202.99000549316406,208.4,193.25,2.6651531407629436,4.798268500708069,2.8865531498330292,177.63999938964844,206.33999633789062,206.33999633789062,0.3,1.0,0.85,0.7466666666666666,1.0,1.0,1.0,0.06999999999999999,,,1.6503230474760382,1.6503230474760382
TATASTEEL,Short-Term (Swing),HIGH_VOLATILITY,2026-02-18,^CNXMETAL,61.7,target1,1.0473933649289169,6,211.0,213.21,200.32,1.0473933649289169,5.0616113744075815,2.777038004249077,180.8800048828125,211.10000610351562,211.10000610351562,0.3,0.6,0.85,0.7466666666666666,0.5,1.0,1.0,0.05,,,0.047396257590343605,0.047396257590343605
TATASTEEL,Short-Term (Swing),NEUTRAL,2026-04-27,^CNXMETAL,69.4,target1,1.8527219082075108,0,213.1999969482422,217.15,205.64,1.8527219082075108,3.545964848244121,2.3853560108611767,187.9499969482422,215.0,216.4499969482422,0.5466666666666666,1.0,0.85,0.7466666666666666,0.5,1.0,1.0,0.05,,,0.8442791170371324,1.5243902657226542
TATASTEEL,Short-Term (Swing),BULLISH,2026-04-29,^CNXMETAL,74.1,target1,2.1503388854168026,13,215.77999877929688,220.42,208.1,2.1503388854168026,3.5591801013735713,2.404078271781992,187.9499969482422,218.24000549316406,218.24000549316406,0.8533333333333334,1.0,0.85,0.7466666666666666,0.5,1.0,1.0,0.06,,,1.1400531688682234,1.1400531688682234
TATASTEEL,Short-Term (Swing),BEARISH,2026-05-14,^CNXMETAL,71.9,stop_loss,-4.004484304932743,3,223.0,225.13,214.07,0.9551569506726532,4.004484304932743,2.1287899673285438,208.5,222.89999389648438,222.89999389648438,0.2533333333333333,1.0,1.0,1.0,0.5,1.0,1.0,0.06,,,-0.04484578632987668,-0.04484578632987668
TATASTEEL,Short-Term (Swing),BULLISH,2026-05-27,^CNXMETAL,63.4,stop_loss,-3.4233800897603417,1,214.6999969482422,224.5,207.35,4.5645101029602175,3.4233800897603417,2.281723802721811,203.0399932861328,224.39999389648438,224.39999389648438,0.8533333333333334,1.0,0.5,0.7466666666666666,0.5,0.5599999999999999,1.0,0.13,,,4.5179306409494595,4.5179306409494595
TECHM,Short-Term (Swing),STRONG_BULLISH,2024-07-09,^CNXIT,61.5,target1,2.776986963659933,5,1472.0999755859375,1512.98,1418.97,2.776986963659933,3.6091282159549154,2.127532460401024,1341.1500244140625,1498.0,1498.0,1.0,1.0,0.5,0.7466666666666666,0.0,0.93,1.0,0.1,,,1.7593930333266636,1.7593930333266636
TECHM,Short-Term (Swing),STRONG_BULLISH,2024-07-16,^CNXIT,61.7,target1,2.374253483742539,0,1507.0,1542.78,1466.97,2.374253483742539,2.6562707365627047,2.1647299436269885,1361.0,1527.5,1527.5,1.0,1.0,0.5,0.7466666666666666,0.0,1.0,1.0,0.05,,,1.360318513603185,1.360318513603185
TECHM,Short-Term (Swing),STRONG_BULLISH,2024-07-19,^CNXIT,60.5,target1,5.479242643571491,9,1479.949951171875,1561.04,1439.17,5.479242643571491,2.755495288174037,2.334559903578757,1381.0,1545.699951171875,1545.699951171875,1.0,1.0,0.5,0.7466666666666666,0.0,0.8,1.0,0.13,,,4.4427178059593775,4.4427178059593775
TECHM,Short-Term (Swing),BULLISH,2024-08-16,^CNXIT,79.6,target1,1.0731507809971008,1,1587.8499755859375,1604.89,1523.16,1.0731507809971008,4.07406093652305,2.61316409804644,1426.75,1589.0,1589.0,0.8533333333333334,1.0,1.0,1.0,0.5,0.9,1.0,0.03,,,0.07242651583869729,0.07242651583869729
TECHM,Short-Term (Swing),STRONG_BULLISH,2024-08-21,^CNXIT,62.0,target1,2.799909647969323,6,1605.050048828125,1649.99,1545.69,2.799909647969323,3.6983300845643274,2.4496782211038557,1426.75,1633.6500244140625,1633.6500244140625,1.0,1.0,0.5,0.7466666666666666,0.0,1.0,1.0,0.08,,,1.7818743787347218,1.7818743787347218
TECHM,Short-Term (Swing),STRONG_BULLISH,2024-08-29,^CNXIT,76.3,stop_loss,-3.3910139647844506,10,1647.0,1681.65,1591.15,2.1038251366120253,3.3910139647844506,2.274386568646283,1426.75,1665.0,1665.0,1.0,1.0,0.85,0.7466666666666666,0.5,1.0,1.0,0.06,,,1.092896174863388,1.092896174863388
TECHM,Short-Term (Swing),STRONG_BULLISH,2024-09-12,^CNXIT,67.0,stop_loss,-3.7687146793118464,6,1649.9000244140625,1681.65,1587.72,1.9243575438586458,3.7687146793118464,2.252932897490638,1531.300048828125,1665.0,1665.0,1.0,1.0,0.5,0.7466666666666666,0.5,0.76,1.0,0.06999999999999999,,,0.9152054889689473,0.9152054889689473
TECHM,Short-Term (Swing),STRONG_BULLISH,2024-09-20,^CNXIT,63.0,target1,3.924431566777531,21,1624.949951171875,1688.72,1566.88,3.924431566777531,3.573645522435709,2.3571112264841982,1574.75,1672.0,1672.0,1.0,0.6,0.5,0.5466666666666666,1.0,0.26,1.0,0.12,,,2.895476798789626,2.895476798789626
TECHM,Short-Term (Swing),BEARISH,2024-10-17,^CNXIT,76.2,target1,1.887905604719764,3,1695.0,1727.0,1634.77,1.887905604719764,3.553392330383487,2.5204692150624908,1567.8499755859375,1709.9000244140625,1709.9000244140625,0.2533333333333333,1.0,0.85,1.0,1.0,1.0,1.0,0.04,,,0.8790574875553098,0.8790574875553098
TECHM,Short-Term (Swing),BEARISH,2024-10-23,^CNXIT,72.4,stop_loss,-3.970493466436553,7,1735.050048828125,1779.47,1666.16,2.5601538815480662,3.970493466436553,2.6799924420159558,1567.8499755859375,1761.8499755859375,1761.8499755859375,0.2533333333333333,0.6,0.85,1.0,1.0,1.0,1.0,0.06,,,1.5446198094350947,1.5446198094350947
TECHM,Short-Term (Swing),HIGH_VOLATILITY,2024-11-21,^CNXIT,62.1,target1,3.0173494678524593,3,1714.75,1766.49,1636.34,3.0173494678524593,4.572678232978578,2.5814131727909624,1595.550048828125,1749.0,1761.8499755859375,0.3,0.6,0.85,0.7466666666666666,0.5,0.99,1.0,0.1,,,1.9973757107450065,2.746754663125091
TECHM,Short-Term (Swing),NEUTRAL,2024-12-04,^CNXIT,61.9,target1,1.8612198720426187,0,1759.5999755859375,1792.35,1699.32,1.8612198720426187,3.4257772460962177,2.2837852665518117,1623.800048828125,1774.5999755859375,1774.5999755859375,0.5466666666666666,1.0,0.85,0.7466666666666666,0.0,1.0,1.0,0.05,,,0.8524664814799785,0.8524664814799785
TECHM,Short-Term (Swing),BULLISH,2024-12-12,^CNXIT,80.0,stop_loss,-2.6041549691184773,7,1781.0,1825.78,1734.62,2.5143177989893406,2.6041549691184773,2.0481575551044258,1633.25,1807.699951171875,1807.699951171875,0.8533333333333334,1.0,0.85,0.7466666666666666,1.0,0.8300000000000001,1.0,0.06999999999999999,,,1.4991550349171814,1.4991550349171814
TECHM,Short-Term (Swing),STRONG_BULLISH,2025-05-16,^CNXIT,61.8,stop_loss,-3.7520098948670477,14,1617.0,1652.76,1556.33,2.2115027829313627,3.7520098948670477,2.501487392822679,1275.9000244140625,1636.4000244140625,1807.699951171875,1.0,1.0,0.5,0.7466666666666666,0.0,1.0,1.0,0.06,,,1.1997541381609462,11.793441630913728
TECHM,Short-Term (Swing),STRONG_BULLISH,2025-06-10,^CNXIT,72.3,target1,2.148331273176751,1,1618.0,1652.76,1561.26,2.148331273176751,3.5067985166872706,2.05436478034903,1533.9000244140625,1636.4000244140625,1807.699951171875,1.0,1.0,0.5,0.7466666666666666,1.0,0.53,1.0,0.08,,,1.1372079365922434,11.724348032872374
TECHM,Short-Term (Swing),NEUTRAL,2025-06-13,^CNXIT,72.0,target1,1.6700844390832303,0,1658.0,1685.69,1603.67,1.6700844390832303,3.2768395657418514,2.2235636967710573,1533.9000244140625,1669.0,1807.699951171875,0.5466666666666666,1.0,0.85,1.0,0.5,0.8800000000000001,1.0,0.05,,,0.6634499396863691,9.02894759782117
TECHM,Short-Term (Swing),BULLISH,2025-06-17,^CNXIT,67.7,stop_loss,-3.263058434720323,1,1717.0999755859375,1742.25,1661.07,1.4646802615835064,3.263058434720323,2.231832387726016,1533.9000244140625,1725.0,1807.699951171875,0.8533333333333334,1.0,0.35,1.0,0.5,1.0,1.0,0.04,,,0.4600794669143666,5.276336664964512
TECHM,Short-Term (Swing),STRONG_BULLISH,2025-06-20,^CNXIT,84.1,stop_loss,-2.464285714285719,14,1680.0,1750.13,1638.6,4.17440476190476,2.464285714285719,2.260268977406093,1533.9000244140625,1732.800048828125,1807.699951171875,1.0,1.0,0.85,0.7466666666666666,1.0,1.0,1.0,0.09,,,3.142860049293155,7.6011875697544635
TECHM,Short-Term (Swing),NEUTRAL,2025-09-09,^CNXIT,60.2,target1,3.4664005322687874,8,1503.0,1555.1,1451.79,3.4664005322687874,3.407185628742515,2.065259155918514,1459.0,1539.699951171875,1807.699951171875,0.5466666666666666,0.6,1.0,0.5466666666666666,0.5,0.41,1.0,0.12,,,2.441779851754824,20.272784509106785
TECHM,Short-Term (Swing),STRONG_BULLISH,2025-09-19,^CNXIT,80.1,stop_loss,0.8965977318212248,0,1499.0,1582.57,1512.44,5.575050033355566,-0.8965977318212248,1.7743782254345266,1459.0,1566.9000244140625,1807.699951171875,1.0,1.0,0.85,0.7466666666666666,1.0,0.62,1.0,0.06999999999999999,,,4.5296880863283855,20.593725895388594
TECHM,Short-Term (Swing),STRONG_BULLISH,2025-10-23,^CNXIT,60.4,stop_loss,-3.1151920058357874,10,1465.4000244140625,1502.38,1419.75,2.523541351838321,3.1151920058357874,1.9883564968971172,1391.9000244140625,1487.5,1807.699951171875,1.0,0.6,0.85,0.0,1.0,0.15,1.0,0.09,,,1.5081189584921793,23.358804493993407
TECHM,Short-Term (Swing),STRONG_BULLISH,2025-11-12,^CNXIT,65.0,target1,2.6917293233082784,11,1463.0,1502.38,1417.35,2.6917293233082784,3.120300751879701,1.7739772769760482,1383.5999755859375,1487.5,1807.699951171875,1.0,0.6,1.0,0.0,1.0,0.27999999999999997,1.0,0.12,,,1.674641148325359,23.561172328904647
TECHM,Short-Term (Swing),STRONG_BULLISH,2025-12-01,^CNXIT,68.6,target1,1.5901795550055775,1,1523.0999755859375,1547.32,1489.23,1.5901795550055775,2.223752618268393,1.7553587117289586,1383.5999755859375,1532.0,1807.699951171875,1.0,1.0,0.85,0.7466666666666666,0.0,1.0,1.0,0.04,,,0.5843361930748279,18.68557416767417
TECHM,Short-Term (Swing),STRONG_BULLISH,2025-12-04,^CNXIT,62.0,target1,1.6961281876176626,3,1567.0999755859375,1593.68,1522.32,1.6961281876176626,2.857505984530073,1.7061152443457888,1383.5999755859375,1577.9000244140625,1807.699951171875,1.0,1.0,0.5,0.7466666666666666,0.0,1.0,1.0,0.08,,,0.689174206903224,15.35319885995004
TECHM,Short-Term (Swing),NEUTRAL,2025-12-11,^CNXIT,62.5,target1,2.327619047619045,7,1575.0,1611.66,1527.55,2.327619047619045,3.0126984126984113,1.728095807180528,1417.800048828125,1595.699951171875,1807.699951171875,0.5466666666666666,1.0,0.85,0.7466666666666666,0.0,1.0,1.0,0.11000000000000001,,,1.3142826140873016,14.774600074404761
TECHM,Short-Term (Swing),STRONG_BULLISH,2025-12-22,^CNXIT,62.5,stop_loss,-2.4111752201639858,7,1646.5,1666.3,1606.8,1.2025508654722072,2.4111752201639858,1.6151800310031144,1483.5,1649.800048828125,1787.949951171875,1.0,1.0,0.35,1.0,0.0,1.0,1.0,0.05,,,0.20042810981627696,8.590947535491953
TECHM,Short-Term (Swing),BULLISH,2026-01-07,^CNXIT,61.4,stop_loss,-2.4215384615384528,0,1625.0,1666.3,1585.65,2.5415384615384617,2.4215384615384528,1.6221865394566561,1541.0,1649.800048828125,1736.4000244140625,0.8533333333333334,0.6,0.5,0.7466666666666666,0.5,0.79,1.0,0.1,,,1.5261568509615384,6.855386117788462
TECHM,Short-Term (Swing),HIGH_VOLATILITY,2026-01-13,^CNXIT,61.5,target1,3.310805057823507,2,1612.9000244140625,1666.3,1570.28,3.310805057823507,2.6424467585674183,1.8380504347979258,1562.800048828125,1649.800048828125,1736.4000244140625,0.3,0.6,0.5,0.7466666666666666,1.0,0.86,1.0,0.12,,,2.2878060546541077,7.657015198128311
TECHM,Short-Term (Swing),HIGH_VOLATILITY,2026-01-19,^CNXIT,70.2,stop_loss,-2.8402332361516014,1,1715.0,1753.36,1666.29,2.236734693877551,2.8402332361516014,2.017895252757506,1562.800048828125,1736.0,1736.4000244140625,0.3,1.0,0.5,1.0,1.0,1.0,1.0,0.06999999999999999,,,1.2244897959183674,1.2478148346392128
TECHM,Short-Term (Swing),HIGH_VOLATILITY,2026-01-22,^CNXIT,70.0,target1,3.1995291347851618,5,1699.0,1753.36,1635.15,3.1995291347851618,3.7580929958799247,2.0642664527728796,1562.800048828125,1736.0,1736.4000244140625,0.3,0.6,0.85,0.7466666666666666,1.0,1.0,1.0,0.13,,,2.177751618599176,2.2012963163073866
TECHM,Short-Term (Swing),BULLISH,2026-04-22,^CNXIT,66.8,stop_loss,-5.113586836399375,1,1470.199951171875,1546.61,1395.02,5.1972555683476696,5.113586836399375,3.0801612025535046,1355.5999755859375,1531.300048828125,1854.0,0.8533333333333334,0.6,0.5,0.7466666666666666,1.0,0.8099999999999999,0.5,0.12,,,4.1559039372534325,26.105295985230004
TECHM,Short-Term (Swing),BULLISH,2026-05-25,^CNXIT,64.4,target1,5.906112294641774,6,1433.5999755859375,1518.27,1373.42,5.906112294641774,4.197822029212917,2.882888363945663,1327.300048828125,1506.800048828125,1854.0,0.8533333333333334,0.6,1.0,0.7466666666666666,0.0,0.8099999999999999,1.0,0.13,,,5.1060319816390445,29.324778988102146
TECHM,Short-Term (Swing),BEARISH,2026-06-02,^CNXIT,76.4,stop_loss,-2.510488425463153,0,1549.0999755859375,1604.89,1510.21,3.601447633679067,2.510488425463153,2.5958301128962167,1327.300048828125,1589.0,1854.0,0.2533333333333333,1.0,0.85,1.0,1.0,1.0,1.0,0.06,,,2.575690726414902,19.682398116282712
TITAN,Short-Term (Swing),STRONG_BULLISH,2024-07-23,^CNXCONSUM,68.1,target1,1.5821325648414986,0,3470.0,3524.9,3352.05,1.5821325648414986,3.3991354466858748,2.2075598781769505,3126.10009765625,3490.0,3886.949951171875,1.0,1.0,1.0,0.0,1.0,0.26,1.0,0.05,,,0.5763688760806917,12.015848736941642
TITAN,Short-Term (Swing),BULLISH,2024-08-16,^CNXCONSUM,70.2,target1,4.418545223957215,3,3436.199951171875,3588.03,3328.45,4.418545223957215,3.1357299546881268,2.250704885649445,3223.199951171875,3552.5,3886.949951171875,0.8533333333333334,1.0,1.0,0.7466666666666666,0.0,1.0,1.0,0.12,,,3.384554172654076,13.11768833028116
TITAN,Short-Term (Swing),STRONG_BULLISH,2024-08-23,^CNXCONSUM,60.1,target1,1.9278953229398654,10,3592.0,3661.25,3454.52,1.9278953229398654,3.827394209354118,2.1565194794977014,3283.89990234375,3625.0,3886.949951171875,1.0,1.0,0.5,0.7466666666666666,0.0,0.8099999999999999,1.0,0.08,,,0.9187082405345212,8.21130153596534
TITAN,Short-Term (Swing),BULLISH,2024-09-06,^CNXCONSUM,67.3,target1,2.7476192965103285,4,3690.10009765625,3791.49,3578.58,2.7476192965103285,3.0221428878604573,2.109297132740069,3285.10009765625,3753.949951171875,3886.949951171875,0.8533333333333334,1.0,0.5,0.7466666666666666,0.5,1.0,1.0,0.08,,,1.7303013963274043,5.3345396684673485
TITAN,Short-Term (Swing),STRONG_BULLISH,2024-09-16,^CNXCONSUM,61.8,target1,2.073196087152729,7,3759.89990234375,3837.85,3632.54,2.073196087152729,3.3873216216304014,1.9266857346454083,3454.39990234375,3799.85009765625,3886.949951171875,1.0,1.0,0.5,0.7466666666666666,0.0,0.97,1.0,0.09,,,1.0625334809471092,3.3790806172506826
TITAN,Short-Term (Swing),STRONG_BULLISH,2024-09-26,^CNXCONSUM,74.4,stop_loss,-3.2617912029676677,6,3774.0,3878.3,3650.9,2.763645998940123,3.2617912029676677,1.8922448464054682,3542.5,3839.89990234375,3886.949951171875,1.0,1.0,0.5,0.7466666666666666,1.0,0.71,1.0,0.11000000000000001,,,1.7461553350225225,2.99284449316044
TITAN,Short-Term (Swing),HIGH_VOLATILITY,2024-12-05,^CNXCONSUM,61.5,target1,1.3347051775456142,4,3453.949951171875,3500.05,3322.64,1.3347051775456142,3.8017328863530153,2.2941088678567287,3106.0,3465.39990234375,3886.949951171875,0.3,1.0,0.85,0.0,1.0,0.95,1.0,0.05,,,0.3315031003269227,12.53637157808524
TITAN,Short-Term (Swing),BULLISH,2025-01-02,^CNXCONSUM,64.7,target1,4.035346097201775,4,3395.0,3532.0,3281.66,4.035346097201775,3.3384388807069287,2.1105768377373835,3230.800048828125,3518.0,3886.949951171875,0.8533333333333334,1.0,0.5,0.7466666666666666,0.5,0.6900000000000001,1.0,0.13,,,3.622974963181149,14.490425660438145
TITAN,Short-Term (Swing),NEUTRAL,2025-01-31,^CNXCONSUM,67.1,target1,2.4233059257158907,0,3527.0,3612.47,3369.09,2.4233059257158907,4.477176070314714,2.3143193765719308,3282.0,3576.699951171875,3886.949951171875,0.5466666666666666,0.6,1.0,0.7466666666666666,0.5,0.82,1.0,0.1,,,1.4091281874645591,10.205555746296428
TITAN,Short-Term (Swing),NEUTRAL,2025-02-03,^CNXCONSUM,79.5,stop_loss,-4.0807799442896915,2,3590.0,3678.98,3443.5,2.478551532033424,4.0807799442896915,2.5472745821060303,3282.0,3642.550048828125,3886.949951171875,0.5466666666666666,1.0,0.85,1.0,1.0,0.86,1.0,0.06999999999999999,,,1.463789660950557,8.271586383617688
TITAN,Short-Term (Swing),BULLISH,2025-04-02,^CNXCONSUM,65.3,stop_loss,-2.621295994789974,4,3071.0,3237.05,2990.5,5.407033539563666,2.621295994789974,2.3227253055317467,2971.14990234375,3205.0,3867.0,0.8533333333333334,0.6,0.85,0.5466666666666666,1.0,0.0,1.0,0.13,,,4.363399544122435,25.919895799413872
TITAN,Short-Term (Swing),STRONG_BULLISH,2025-05-05,^CNXCONSUM,62.4,target1,3.970737227799326,3,3321.800048828125,3453.7,3211.78,3.970737227799326,3.312061147898948,2.2079596030237907,2925.0,3419.5,3867.0,1.0,1.0,0.5,0.7466666666666666,0.0,1.0,1.0,0.12,,,2.941174957425324,16.41278653614965
TITAN,Short-Term (Swing),STRONG_BULLISH,2025-05-26,^CNXCONSUM,60.3,stop_loss,-3.1524204702627956,6,3615.0,3701.65,3501.04,2.396957123098198,3.1524204702627956,2.0175506860368406,3245.5,3665.0,3867.0,1.0,1.0,0.5,0.7466666666666666,0.0,0.8300000000000001,1.0,0.08,,,1.3831258644536653,6.970954356846473
TITAN,Short-Term (Swing),STRONG_BULLISH,2025-06-20,^CNXCONSUM,69.8,target1,4.8781693928522385,2,3480.199951171875,3649.97,3420.77,4.8781693928522385,1.7076591002152974,1.8608617623005121,3383.0,3640.0,3867.0,1.0,1.0,0.5,0.7466666666666666,1.0,0.22999999999999998,1.0,0.13,,,4.591691600200043,11.114305334608122
TITAN,Short-Term (Swing),STRONG_BULLISH,2025-06-26,^CNXCONSUM,82.5,stop_loss,-2.9359459459459503,11,3700.0,3737.51,3591.37,1.0137837837837838,2.9359459459459503,1.864548585124862,3383.0,3700.5,3867.0,1.0,1.0,0.85,1.0,1.0,0.51,1.0,0.04,,,0.013513513513513514,4.513513513513513
TITAN,Short-Term (Swing),NEUTRAL,2025-08-18,^CNXCONSUM,65.6,target1,1.5625879043600577,2,3555.0,3610.55,3463.08,1.5625879043600577,2.58565400843882,1.7201979034205264,3307.0,3574.800048828125,3867.0,0.5466666666666666,1.0,0.85,0.0,1.0,0.9800000000000001,1.0,0.06,,,0.5569633988220816,8.776371308016879
TITAN,Short-Term (Swing),NEUTRAL,2025-09-03,^CNXCONSUM,61.9,target1,-0.1368983957219183,0,3740.0,3734.88,3599.68,-0.1368983957219183,3.7518716577540134,1.6423579447541372,3348.0,3697.89990234375,3867.0,0.5466666666666666,1.0,0.85,0.7466666666666666,0.0,1.0,1.0,0.05,,,-1.1256710603275402,3.39572192513369
TITAN,Short-Term (Swing),BULLISH,2025-10-08,^CNXCONSUM,62.5,target1,3.52238747828415,8,3559.800048828125,3685.19,3462.45,3.52238747828415,2.7347055310079194,1.9286668888353276,3303.10009765625,3648.699951171875,3753.800048828125,0.8533333333333334,0.6,1.0,0.0,1.0,0.25,1.0,0.12,,,2.4973285331858897,5.44974429290949
TITAN,Short-Term (Swing),STRONG_BULLISH,2025-10-28,^CNXCONSUM,69.9,target1,2.779713196545619,14,3734.199951171875,3838.0,3619.8,2.779713196545619,3.063573259808261,1.7433997347145962,3327.0,3800.0,3800.0,1.0,1.0,0.5,0.7466666666666666,0.5,1.0,1.0,0.12,,,1.7620922738075522,1.7620922738075522
TITAN,Short-Term (Swing),STRONG_BULLISH,2025-11-17,^CNXCONSUM,64.3,target1,1.3135834411384106,1,3865.0,3915.77,3773.63,1.3135834411384106,2.3640362225097022,1.6366088318406191,3633.0,3877.0,3877.0,1.0,0.6,0.85,0.7466666666666666,0.0,0.96,1.0,0.05,,,0.31047865459249674,0.31047865459249674
TITAN,Short-Term (Swing),STRONG_BULLISH,2025-11-21,^CNXCONSUM,63.0,stop_loss,-2.6765419486655673,9,3915.5,3995.56,3810.7,2.0446941642191296,2.6765419486655673,1.5965341030567182,3667.300048828125,3956.0,3956.0,1.0,0.6,0.85,0.7466666666666666,0.0,0.78,1.0,0.1,,,1.0343506576427022,1.0343506576427022
TITAN,Short-Term (Swing),STRONG_BULLISH,2025-12-22,^CNXCONSUM,60.7,target1,1.7214894079847554,3,3933.800048828125,4001.52,3846.13,1.7214894079847554,2.2286351044772057,1.4857801356469202,3751.0,3961.89990234375,3961.89990234375,1.0,0.6,0.85,0.7466666666666666,0.0,0.5700000000000001,1.0,0.08,,,0.7143182969860382,0.7143182969860382
TITAN,Short-Term (Swing),NEUTRAL,2025-12-29,^CNXCONSUM,64.3,target1,2.2606730286288235,6,3982.0,4072.02,3895.47,2.2606730286288235,2.173028628829743,1.4764499029170797,3751.0,4031.699951171875,4031.699951171875,0.5466666666666666,0.6,0.5,0.7466666666666666,1.0,0.79,1.0,0.1,,,1.2481152981384982,1.2481152981384982
TITAN,Short-Term (Swing),BULLISH,2026-01-07,^CNXCONSUM,71.6,stop_loss,-2.3797198976085676,4,4273.2001953125,4355.22,4171.51,1.919400003245153,2.3797198976085676,1.586482781588488,3777.0,4312.10009765625,4312.10009765625,0.8533333333333334,0.6,0.35,1.0,1.0,1.0,1.0,0.08,,,0.9103224882003275,0.9103224882003275
TITAN,Short-Term (Swing),HIGH_VOLATILITY,2026-02-09,^CNXCONSUM,61.3,target1,0.6006976744185932,0,4300.0,4325.83,4120.96,0.6006976744185932,4.163720930232562,2.142628676011343,3843.10009765625,4283.0,4312.10009765625,0.3,1.0,0.85,0.7466666666666666,0.5,0.5599999999999999,1.0,0.05,,,-0.3953488372093023,0.2813976199127907
TITAN,Short-Term (Swing),HIGH_VOLATILITY,2026-02-11,^CNXCONSUM,61.3,stop_loss,-3.0361002104879464,20,4232.39990234375,4422.18,4103.9,4.483983130969182,3.0361002104879464,2.2781861712585028,3843.10009765625,4378.39990234375,4378.39990234375,0.3,1.0,0.5,0.7466666666666666,1.0,0.44000000000000006,1.0,0.12,,,3.449579514429874,3.449579514429874
TITAN,Short-Term (Swing),HIGH_VOLATILITY,2026-03-16,^CNXCONSUM,65.8,stop_loss,-2.647842562033975,6,4090.5,4289.21,3982.19,4.857841339689517,2.647842562033975,2.425055202678001,4002.199951171875,4352.2001953125,4378.39990234375,0.3,0.6,0.5,0.5466666666666666,1.0,1.0,1.0,0.71,,,6.3977556609827655,7.038256994102188
TITAN,Short-Term (Swing),HIGH_VOLATILITY,2026-04-06,^CNXCONSUM,61.0,target1,2.6024177837543405,1,4235.2998046875,4345.52,4059.87,2.6024177837543405,4.14208704879262,2.923902463398244,3825.0,4302.5,4378.39990234375,0.3,0.6,1.0,0.0,1.0,1.0,1.0,0.05,,,1.58666914767462,3.3787477688798133
TITAN,Short-Term (Swing),NEUTRAL,2026-04-17,^CNXCONSUM,76.8,stop_loss,-4.378325574911002,15,4532.10009765625,4599.54,4333.67,1.488049709639605,4.378325574911002,2.831513721992005,3825.0,4554.0,4554.0,0.5466666666666666,1.0,0.85,0.7466666666666666,1.0,1.0,1.0,0.04,,,0.48321753429663683,0.48321753429663683
TITAN,Short-Term (Swing),BULLISH,2026-05-08,^CNXCONSUM,69.7,stop_loss,-0.4608749263015577,0,4350.39990234375,4651.05,4330.35,6.910861171504634,0.4608749263015577,2.641349203585973,4213.39990234375,4605.0,4605.0,0.8533333333333334,1.0,0.5,0.7466666666666666,1.0,0.49000000000000005,1.0,0.08,,,5.8523377935689505,5.8523377935689505
TRENT,Short-Term (Swing),STRONG_BULLISH,2024-07-31,,69.8,stop_loss,-5.2287071598235535,1,5894.0,5978.49,5585.82,1.4334916864608083,5.2287071598235535,2.890628095317954,4955.64990234375,5919.2998046875,5919.2998046875,1.0,0.6,0.5,0.7466666666666666,1.0,0.7,1.0,0.06,,,0.42924677108076004,0.42924677108076004
TRENT,Short-Term (Swing),NEUTRAL,2024-08-08,,61.2,target1,4.175747724123657,0,5738.85009765625,5978.49,5339.6,4.175747724123657,6.956970313953725,3.5966977302436134,4955.64990234375,5919.2998046875,5919.2998046875,0.5466666666666666,0.6,0.5,0.7466666666666666,1.0,0.72,0.5,0.11000000000000001,,,3.144353031715287,3.144353031715287
TRENT,Short-Term (Swing),NEUTRAL,2024-08-12,,67.0,target1,1.9347450980392145,3,6375.0,6498.34,6028.45,1.9347450980392145,5.4360784313725485,3.6966226951954644,4955.64990234375,6434.0,6434.0,0.5466666666666666,0.6,0.5,1.0,1.0,1.0,0.5,0.03,,,0.9254901960784314,0.9254901960784314
TRENT,Short-Term (Swing),STRONG_BULLISH,2024-08-19,,67.1,target1,1.6020864381520061,0,6710.0,6817.5,6364.79,1.6020864381520061,5.14470938897168,3.239772629489485,4955.64990234375,6750.0,6750.0,1.0,0.6,0.35,0.7466666666666666,1.0,1.0,0.5,0.04,,,0.5961251862891207,0.5961251862891207
TRENT,Short-Term (Swing),STRONG_BULLISH,2024-08-28,,67.2,target1,1.7647961986070326,19,7269.9501953125,7398.25,6913.74,1.7647961986070326,4.899761150250748,3.0227128858744416,5194.5498046875,7325.0,7325.0,1.0,0.6,0.35,0.7466666666666666,1.0,1.0,0.5,0.05,,,0.7572239590168702,0.7572239590168702
TRENT,Short-Term (Swing),STRONG_BULLISH,2024-09-26,,73.6,stop_loss,-4.274586382998602,3,7899.9501953125,8019.3,7562.26,1.5107665458235164,4.274586382998602,2.4060309421473094,6950.0498046875,7939.89990234375,7939.89990234375,1.0,0.6,0.35,1.0,1.0,1.0,1.0,0.06,,,0.5056956821696734,0.5056956821696734
TRENT,Short-Term (Swing),BULLISH,2025-01-02,,66.1,target1,0.8076190476190348,0,7350.0,7409.36,6994.87,0.8076190476190348,4.83170068027211,2.969800543413757,6722.0,7336.0,8345.0,0.8533333333333334,0.6,0.85,1.0,0.0,1.0,1.0,0.03,,,-0.19047619047619047,13.537414965986393
TRENT,Short-Term (Swing),BULLISH,2025-04-01,,63.6,target1,0.7201818067347876,0,5630.5498046875,5671.1,5282.57,0.7201818067347876,6.180210046233903,3.5167199419101154,4722.9501953125,5614.9501953125,8345.0,0.8533333333333334,0.6,0.85,0.0,1.0,1.0,0.5,0.03,,,-0.2770530395098031,48.209327498580826
TRENT,Short-Term (Swing),HIGH_VOLATILITY,2025-05-15,,62.8,target1,1.6499821237039747,13,5594.0,5686.3,5256.6,1.6499821237039747,6.031462281015365,3.835700213962203,4852.0,5630.0,8345.0,0.3,0.6,0.85,1.0,0.5,1.0,0.5,0.03,,,0.6435466571326421,49.17769038255273
TRENT,Short-Term (Swing),STRONG_BULLISH,2025-05-30,,72.8,target1,1.8355923252948436,4,5681.0,5785.28,5396.09,1.8355923252948436,5.015138179897905,2.9226083185015144,5063.5,5728.0,8345.0,1.0,0.6,0.5,0.7466666666666666,1.0,1.0,1.0,0.06,,,0.8273191339552896,46.89315261397641
TRENT,Short-Term (Swing),STRONG_BULLISH,2025-06-09,,83.3,stop_loss,-4.306965761511206,2,5929.0,5983.74,5673.64,0.9232585596221865,4.306965761511206,2.704061323469616,5285.0,5924.5,8345.0,1.0,0.6,0.85,1.0,1.0,1.0,1.0,0.03,,,-0.07589812784617979,40.74886152808231
TRENT,Short-Term (Swing),STRONG_BULLISH,2025-06-20,,73.0,target1,4.107692307692301,0,5850.0,6090.3,5655.97,4.107692307692301,3.3167521367521324,2.730257411062971,5416.5,6030.0,8345.0,1.0,0.6,0.5,0.7466666666666666,1.0,1.0,1.0,0.08,,,3.076923076923077,42.64957264957265
TRENT,Short-Term (Swing),STRONG_BULLISH,2025-06-24,,61.8,stop_loss,-4.876683087027911,9,6090.0,6272.1,5793.01,2.99014778325124,4.876683087027911,2.9108678993107833,5481.0,6210.0,8345.0,1.0,0.6,0.5,1.0,0.0,1.0,1.0,0.08,,,1.9704433497536946,37.02791461412151
TRENT,Short-Term (Swing),NEUTRAL,2025-08-18,,60.0,stop_loss,-4.469549549549557,7,5550.0,5679.23,5301.94,2.3284684684684587,4.469549549549557,2.6219623327603405,4957.5,5623.0,8345.0,0.5466666666666666,0.6,0.85,0.0,1.0,0.8099999999999999,1.0,0.06999999999999999,,,1.3153153153153152,50.36036036036036
TRENT,Short-Term (Swing),STRONG_BULLISH,2025-12-22,,61.1,stop_loss,-3.7871988663202627,9,4234.0,4384.34,4073.65,3.5507794048181385,3.7871988663202627,2.1101376058611057,3930.10009765625,4352.60009765625,7493.0498046875,1.0,0.6,0.85,0.0,1.0,0.18,1.0,0.13,,,2.801135986212801,76.97330667660604
TRENT,Short-Term (Swing),NEUTRAL,2026-05-22,,61.7,stop_loss,-5.118866620594331,8,2894.0,2932.37,2745.86,1.3258465791292195,5.118866620594331,2.7574949169453333,2653.7333984375,2903.333251953125,6261.0,0.5466666666666666,0.6,0.5,0.7466666666666666,1.0,0.5700000000000001,1.0,0.06,,,0.32250352291378714,116.34416033172079
ULTRACEMCO,Short-Term (Swing),STRONG_BULLISH,2024-09-12,,65.0,target1,2.103292005130397,10,11695.0,11940.98,11390.21,2.103292005130397,2.6061564771269863,1.8219652316282369,10950.2001953125,11822.75,12078.0,1.0,0.6,0.85,0.0,1.0,0.63,1.0,0.06999999999999999,,,1.09234715690466,3.274903805044891
ULTRACEMCO,Short-Term (Swing),STRONG_BULLISH,2024-09-25,,61.6,target1,2.3910435149978815,1,11835.0,12117.98,11506.13,2.3910435149978815,2.778791719476137,1.749941629288156,11115.400390625,11998.0,12078.0,1.0,0.6,0.85,0.7466666666666666,0.0,0.64,1.0,0.1,,,1.3772708069286015,2.0532319391634983
ULTRACEMCO,Short-Term (Swing),STRONG_BULLISH,2024-09-30,,62.2,stop_loss,-2.6901372648703625,3,11802.0,12225.33,11484.51,3.5869344178952822,2.6901372648703625,1.7934474665064828,11308.0,12138.0,12138.0,1.0,0.6,0.5,0.7466666666666666,0.5,0.62,1.0,0.13,,,2.8469750889679712,2.8469750889679712
ULTRACEMCO,Short-Term (Swing),BULLISH,2024-12-11,,77.7,stop_loss,-3.6469356999330182,8,11944.0,12185.65,11508.41,2.023191560616211,3.6469356999330182,2.185645202086773,10542.5,12065.0,12138.0,0.8533333333333334,0.6,0.85,0.7466666666666666,1.0,1.0,1.0,0.06999999999999999,,,1.0130609511051576,1.6242464835900872
ULTRACEMCO,Short-Term (Swing),BULLISH,2025-01-02,,60.1,stop_loss,-3.420628866853126,5,11799.0,12266.8,11395.4,3.964742774811425,3.420628866853126,2.273347070835554,11194.0498046875,12145.349609375,12145.349609375,0.8533333333333334,0.6,0.5,0.7466666666666666,0.5,0.64,1.0,0.12,,,2.935414945122468,2.935414945122468
ULTRACEMCO,Short-Term (Swing),STRONG_BULLISH,2025-06-16,,60.7,target1,3.998608695652184,9,11500.0,11959.84,11146.37,3.998608695652184,3.0750434782608638,2.0219100823839002,10920.0,11980.0,12339.0,1.0,0.6,0.85,0.0,1.0,0.13999999999999999,1.0,0.13,,,4.173913043478262,7.2956521739130435
ULTRACEMCO,Short-Term (Swing),STRONG_BULLISH,2025-06-27,,61.4,target1,1.256324191567737,2,12215.0,12368.46,11867.07,1.256324191567737,2.848383135489152,1.8883119527988723,10920.0,12246.0,12339.0,1.0,0.6,0.5,0.0,1.0,1.0,1.0,0.04,,,0.2537863282848956,1.0151453131395825
ULTRACEMCO,Short-Term (Swing),STRONG_BULLISH,2025-07-08,,65.0,target1,2.3428686543110366,12,12410.0,12700.75,12105.17,2.3428686543110366,2.4563255439161935,1.8204507289875695,11018.0,12575.0,12575.0,1.0,0.6,0.85,0.7466666666666666,0.0,1.0,1.0,0.08,,,1.3295729250604351,1.3295729250604351
ULTRACEMCO,Short-Term (Swing),NEUTRAL,2025-08-18,,77.5,target1,1.9241417064205901,16,12787.0,13033.04,12443.4,1.9241417064205901,2.6871040900914966,1.6796006538542032,12075.0,12904.0,12904.0,0.5466666666666666,0.6,1.0,1.0,1.0,0.75,1.0,0.08,,,0.9149917885352311,0.9149917885352311
ULTRACEMCO,Short-Term (Swing),STRONG_BULLISH,2025-09-22,,67.7,stop_loss,-2.3149407114624543,1,12650.0,13040.45,12357.16,3.0865612648221408,2.3149407114624543,1.5432982057520217,12324.0,13097.0,13097.0,1.0,0.6,0.5,0.7466666666666666,1.0,0.42000000000000004,1.0,0.13,,,3.5335968379446645,3.5335968379446645
ULTRACEMCO,Short-Term (Swing),STRONG_BULLISH,2025-10-27,,69.2,stop_loss,-1.732889812889804,7,12025.0,12422.59,11816.62,3.306361746361741,1.732889812889804,1.6961587771784865,11876.0,12448.0,13097.0,1.0,0.6,0.5,0.5466666666666666,1.0,0.0,1.0,1.0,,,3.5176715176715176,8.914760914760915
ULTRACEMCO,Short-Term (Swing),STRONG_BULLISH,2025-12-01,,71.5,stop_loss,-1.8944624850453007,7,11702.0,12013.93,11480.31,2.6656127157750786,1.8944624850453007,1.5088642552293638,11538.0,12021.0,13097.0,1.0,0.6,1.0,0.5466666666666666,0.5,0.08,1.0,0.9,,,2.7260297385062384,11.921039138608785
ULTRACEMCO,Short-Term (Swing),BULLISH,2025-12-12,,71.5,stop_loss,-1.7016640933264604,3,11658.0,12074.17,11459.62,3.5698232973065736,1.7016640933264604,1.4977930716052241,11266.0,12021.0,13097.0,0.8533333333333334,0.6,1.0,0.5466666666666666,1.0,0.32,1.0,0.13,,,3.1137416366443644,12.343455138102591
ULTRACEMCO,Short-Term (Swing),STRONG_BULLISH,2026-01-05,,67.6,target1,1.1168595041322282,1,12100.0,12235.14,11851.97,1.1168595041322282,2.049834710743803,1.2963340409725184,11266.0,12114.0,13097.0,1.0,0.6,0.85,0.0,1.0,0.9,1.0,0.06,,,0.11570247933884298,8.239669421487603
ULTRACEMCO,Short-Term (Swing),BEARISH,2026-01-12,,60.8,stop_loss,-1.7702074688796587,3,12050.0,12372.5,11836.69,2.676348547717833,1.7702074688796587,1.4399626435485775,11412.0,12250.0,13097.0,0.2533333333333333,0.6,0.85,0.7466666666666666,0.5,0.9199999999999999,1.0,0.11000000000000001,,,1.6597510373443984,8.688796680497925
ULTRACEMCO,Short-Term (Swing),HIGH_VOLATILITY,2026-01-22,,61.7,target1,1.2448484848484709,0,12375.0,12529.05,12022.58,1.2448484848484709,2.847838383838386,1.8409322856204169,11651.0,12405.0,13097.0,0.3,0.6,0.85,0.7466666666666666,0.5,1.0,1.0,0.05,,,0.24242424242424243,5.834343434343435
ULTRACEMCO,Short-Term (Swing),HIGH_VOLATILITY,2026-01-27,,73.5,stop_loss,-3.332357594936697,5,12640.0,12953.25,12218.79,2.478243670886071,3.332357594936697,1.9604730505415446,11651.0,12825.0,13097.0,0.3,0.6,0.85,1.0,1.0,1.0,1.0,0.1,,,1.4636075949367089,3.615506329113924
ULTRACEMCO,Short-Term (Swing),NEUTRAL,2026-04-27,,62.0,stop_loss,-6.092004559517994,2,12282.0,12368.46,11533.78,0.7039570102589154,6.092004559517994,2.6434627595069204,10365.0,12246.0,13110.0,0.5466666666666666,0.6,0.85,0.0,1.0,1.0,1.0,0.08,,,-0.29311187103077674,6.741573033707865
ULTRACEMCO,Short-Term (Swing),STRONG_BULLISH,2026-05-06,,67.9,stop_loss,-5.029013854930719,5,12270.0,12404.82,11652.94,1.0987775061124694,5.029013854930719,2.4259947745142383,11282.0,12282.0,13110.0,1.0,0.6,1.0,0.7466666666666666,0.0,1.0,1.0,0.06999999999999999,,,0.09779951100244498,6.845965770171149
ULTRACEMCO,Short-Term (Swing),BULLISH,2026-05-28,,62.6,stop_loss,-2.1155172413793055,0,11600.0,12134.87,11354.6,4.610948275862081,2.1155172413793055,1.9072335794927933,11211.0,12275.0,13110.0,0.8533333333333334,0.6,1.0,0.7466666666666666,0.0,0.63,1.0,0.13,,,5.818965517241379,13.017241379310345
WIPRO,Short-Term (Swing),STRONG_BULLISH,2024-07-09,^CNXIT,62.0,target1,2.4547134935305026,2,270.5,277.14,261.78,2.4547134935305026,3.223659889094277,2.1481591862490395,237.1750030517578,274.3999938964844,274.3999938964844,1.0,1.0,0.5,0.7466666666666666,0.0,1.0,1.0,0.08,,,1.4417722352992144,1.4417722352992144
WIPRO,Short-Term (Swing),STRONG_BULLISH,2024-07-19,^CNXIT,70.0,stop_loss,3.047984644913626,0,260.5,292.14,268.44,12.145873320537426,-3.047984644913626,2.430738940607086,244.5500030517578,289.95001220703125,289.95001220703125,1.0,1.0,0.5,0.7466666666666666,0.5,1.0,1.0,0.13,,,11.305187027651153,11.305187027651153
WIPRO,Short-Term (Swing),STRONG_BULLISH,2024-08-28,^CNXIT,69.2,stop_loss,-3.5514018691588767,11,267.5,271.74,258.0,1.5850467289719727,3.5514018691588767,2.319947778847454,240.125,269.04998779296875,289.95001220703125,1.0,1.0,0.85,0.0,1.0,0.67,1.0,0.05,,,0.5794346889602804,8.39252792786215
WIPRO,Short-Term (Swing),STRONG_BULLISH,2024-09-13,^CNXIT,88.7,stop_loss,-3.931283905967453,3,276.5,279.01,265.63,0.9077757685352683,3.931283905967453,2.3422357799323064,255.6750030517578,276.25,289.95001220703125,1.0,1.0,1.0,1.0,1.0,0.8300000000000001,1.0,0.04,,,-0.09041591320072333,4.864380545038427
WIPRO,Short-Term (Swing),STRONG_BULLISH,2024-09-20,^CNXIT,61.7,target1,4.325732789862657,36,269.54998779296875,281.21,259.7,4.325732789862657,3.6542341825421154,2.43555047232033,256.625,278.42498779296875,289.95001220703125,1.0,0.6,0.85,0.7466666666666666,0.0,0.63,1.0,0.12,,,3.2925247271079665,7.568178570919096
WIPRO,Short-Term (Swing),HIGH_VOLATILITY,2024-11-25,^CNXIT,76.2,target1,1.439316239316235,1,292.5,296.71,280.14,1.439316239316235,4.225641025641025,2.5368740240836423,267.1000061035156,293.7749938964844,293.7749938964844,0.3,1.0,1.0,0.7466666666666666,1.0,1.0,1.0,0.05,,,0.43589534922542733,0.43589534922542733
WIPRO,Short-Term (Swing),NEUTRAL,2024-12-04,^CNXIT,62.1,target1,2.0271186440677935,4,295.0,300.98,283.88,2.0271186440677935,3.7694915254237293,2.294972092693975,270.1499938964844,298.0,298.0,0.5466666666666666,1.0,0.85,0.7466666666666666,0.0,1.0,1.0,0.06999999999999999,,,1.0169491525423728,1.0169491525423728
WIPRO,Short-Term (Swing),BULLISH,2024-12-10,^CNXIT,70.9,target1,1.9341250110547659,9,308.1499938964844,314.11,297.69,1.9341250110547659,3.3944488410401097,2.2523429470835543,270.1499938964844,311.0,311.0,0.8533333333333334,1.0,0.5,1.0,0.5,1.0,1.0,0.06,,,0.9248762485690707,0.9248762485690707
WIPRO,Short-Term (Swing),STRONG_BEARISH,2025-01-22,^CNXIT,61.8,target1,0.9353885693965891,0,311.1000061035156,314.01,295.77,0.9353885693965891,4.927677853665724,2.875518042570673,280.5,310.8999938964844,320.0,0.0,0.15,1.0,0.7466666666666666,1.0,0.8699999999999999,1.0,0.04,,,-0.06429193285348178,2.8608144396895274
WIPRO,Short-Term (Swing),STRONG_BEARISH,2025-01-24,^CNXIT,61.1,stop_loss,-3.5777181339527786,1,317.79998779296875,327.85,306.43,3.1623702306679657,3.5777181339527786,2.847021896398759,280.5,324.6000061035156,324.6000061035156,0.0,0.6,0.85,1.0,0.5,1.0,1.0,0.06,,,2.139716353600604,2.139716353600604
WIPRO,Short-Term (Swing),STRONG_BULLISH,2025-06-09,^CNXIT,64.9,target1,2.6769498880599762,1,252.89999389648438,259.67,244.28,2.6769498880599762,3.4084595114749816,1.8598350280639626,245.0,257.1000061035156,324.6000061035156,1.0,0.6,0.85,0.7466666666666666,0.5,0.2,1.0,0.12,,,1.6607403354665067,28.351132438690012
WIPRO,Short-Term (Swing),BULLISH,2025-06-12,^CNXIT,82.5,target1,4.168627450980389,6,255.0,265.63,252.12,4.168627450980389,1.1294117647058788,1.9237654345244297,245.0,263.0,324.6000061035156,0.8533333333333334,1.0,0.85,1.0,1.0,0.6900000000000001,1.0,0.08,,,3.1372549019607843,27.29412004059436
WIPRO,Short-Term (Swing),STRONG_BULLISH,2025-06-20,^CNXIT,69.1,target1,2.223484848484847,2,264.0,269.87,258.85,2.223484848484847,1.9507575757575668,1.9230830562024996,245.72999572753906,267.20001220703125,324.6000061035156,1.0,1.0,0.5,0.7466666666666666,0.5,1.0,1.0,0.04,,,1.2121258359966856,22.95454776648319
WIPRO,Short-Term (Swing),STRONG_BULLISH,2025-06-26,^CNXIT,61.4,stop_loss,-2.9888475836431283,14,269.0,274.01,260.96,1.862453531598507,2.9888475836431283,1.8766171470825128,245.72999572753906,271.29998779296875,324.6000061035156,1.0,1.0,0.5,0.7466666666666666,0.0,0.95,1.0,0.06999999999999999,,,0.8550140494307621,20.669147250377556
WIPRO,Short-Term (Swing),NEUTRAL,2025-09-09,^CNXIT,62.7,target1,4.003207712023249,8,249.3000030517578,259.28,241.55,4.003207712023249,3.1087055583183476,2.032587644439956,238.6199951171875,257.2900085449219,324.6000061035156,0.5466666666666666,0.6,1.0,0.0,1.0,0.72,1.0,0.13,,,3.204976091197735,30.204573658238015
WIPRO,Short-Term (Swing),STRONG_BULLISH,2025-11-19,^CNXIT,68.9,target1,1.123232323232326,6,247.5,250.28,240.18,1.123232323232326,2.957575757575759,1.5954937172220918,236.0,247.8000030517578,324.6000061035156,1.0,1.0,0.85,0.0,1.0,0.62,1.0,0.06999999999999999,,,0.12121335424558081,31.15151761758207
WIPRO,Short-Term (Swing),STRONG_BULLISH,2025-12-02,^CNXIT,60.0,target1,1.560252913509208,0,250.60000610351562,254.51,244.63,1.560252913509208,2.382284899486231,1.4772615187363338,236.0,251.99000549316406,324.6000061035156,1.0,1.0,0.5,0.7466666666666666,0.0,0.8,1.0,0.08,,,0.5546685378268782,29.529129368589373
WIPRO,Short-Term (Swing),STRONG_BULLISH,2025-12-04,^CNXIT,80.3,target1,1.2354715887507028,3,258.20001220703125,261.39,251.02,1.2354715887507028,2.780794681478993,1.5341812876752623,236.0,258.79998779296875,324.6000061035156,1.0,1.0,0.85,1.0,0.5,1.0,1.0,0.08,,,0.2323685350783115,25.716495258429035
WIPRO,Short-Term (Swing),NEUTRAL,2025-12-10,^CNXIT,62.7,target1,2.8609045376688957,8,258.30999755859375,265.7,252.11,2.8609045376688957,2.400215871314604,1.5176492372402681,240.3000030517578,263.07000732421875,324.6000061035156,0.5466666666666666,1.0,0.85,0.7466666666666666,0.0,1.0,1.0,0.13,,,1.8427508848337406,25.662966656908036
WIPRO,Short-Term (Swing),STRONG_BULLISH,2025-12-22,^CNXIT,77.5,stop_loss,-2.014705882352952,3,272.0,275.83,266.52,1.4080882352941027,2.014705882352952,1.5029304383664572,244.0,273.1000061035156,324.6000061035156,1.0,1.0,0.35,1.0,1.0,1.0,1.0,0.05,,,0.4044140086454504,19.338237538057214
WIPRO,Short-Term (Swing),STRONG_BULLISH,2026-01-02,^CNXIT,64.4,stop_loss,-2.3863469718794383,0,269.45001220703125,275.83,263.02,2.3677815935917224,2.3863469718794383,1.4810082330544732,257.04998779296875,273.1000061035156,324.6000061035156,1.0,0.6,0.5,0.7466666666666666,0.5,0.86,1.0,0.11000000000000001,,,1.3546089185848362,20.467616031915416
WIPRO,Short-Term (Swing),BULLISH,2026-01-07,^CNXIT,69.8,stop_loss,-2.506457751741009,0,270.8999938964844,275.83,264.11,1.8198620208900618,2.506457751741009,1.6468725282570758,257.25,273.1000061035156,324.6000061035156,0.8533333333333334,0.6,0.5,0.7466666666666666,1.0,0.9,1.0,0.08,,,0.8121123132516249,19.822817798789234
WIPRO,Short-Term (Swing),HIGH_VOLATILITY,2026-01-16,^CNXIT,63.7,stop_loss,3.317460317460319,0,252.0,275.83,260.36,9.456349206349191,-3.317460317460319,1.7670770630396928,259.04998779296875,273.1000061035156,324.6000061035156,0.3,1.0,0.5,0.7466666666666666,1.0,0.6799999999999999,1.0,0.12,,,8.373018295045883,28.809526231553818
WIPRO,Short-Term (Swing),BULLISH,2026-05-25,^CNXIT,62.6,stop_loss,-3.212718158695671,1,206.99000549316406,211.65,200.34,2.2513137751425605,3.212718158695671,2.0944226612741463,187.0,209.5500030517578,273.1000061035156,0.8533333333333334,0.6,0.85,0.0,1.0,0.61,1.0,0.06999999999999999,,,1.2367735111144267,31.938740449250762
WIPRO,Short-Term (Swing),BEARISH,2026-06-02,^CNXIT,61.3,stop_loss,-2.3221153846153864,0,208.0,213.11,203.17,2.456730769230786,2.3221153846153864,2.1205245301824,187.0,211.0,273.1000061035156,0.2533333333333333,1.0,0.85,0.0,1.0,1.0,1.0,0.05,,,1.4423076923076923,31.298079857459438
BAJAJHLDNG,Short-Term (Swing),STRONG_BULLISH,2024-08-20,,60.2,target1,3.4982916504182615,7,9749.0498046875,10090.1,9399.0,3.4982916504182615,3.5906043327339487,2.574183639782203,9078.849609375,9990.2001953125,10075.0,1.0,0.6,1.0,0.7466666666666666,0.0,0.22000000000000003,1.0,0.08,,,2.473578404626172,3.343404760900677
BAJAJHLDNG,Short-Term (Swing),STRONG_BULLISH,2024-08-29,,79.2,target1,2.963517947211214,3,10210.5,10513.09,9690.95,2.963517947211214,5.088389403065463,2.4431129235644367,9078.849609375,10409.0,10409.0,1.0,0.6,0.85,0.7466666666666666,1.0,0.8800000000000001,1.0,0.12,,,1.9440771754566377,1.9440771754566377
BAJAJHLDNG,Short-Term (Swing),STRONG_BULLISH,2024-09-03,,73.4,target1,4.3660235294117555,0,10625.0,11088.89,10464.87,4.3660235294117555,1.5071058823529326,2.6842455355875288,9117.2001953125,10979.099609375,10979.099609375,1.0,0.6,0.35,1.0,1.0,1.0,1.0,0.04,,,3.3327022058823528,3.3327022058823528
BAJAJHLDNG,Short-Term (Swing),STRONG_BULLISH,2024-09-10,,63.5,target1,5.414963078854784,9,10418.900390625,10983.08,9864.43,5.414963078854784,5.321774561967363,3.0899009842529606,9121.0,11185.0,11185.0,1.0,0.6,0.5,0.7466666666666666,0.5,1.0,0.5,0.13,,,7.352979495459443,7.352979495459443
BAJAJHLDNG,Short-Term (Swing),BULLISH,2024-12-09,,78.0,target1,2.5077980531773347,1,11079.0498046875,11356.89,10617.3,2.5077980531773347,4.167774428562787,3.025261959600953,10120.0498046875,11244.4501953125,11350.0,0.8533333333333334,0.6,0.85,1.0,1.0,0.9199999999999999,0.5,0.05,,,1.4929113375320309,2.445608604429796
BAJAJHLDNG,Short-Term (Swing),BEARISH,2024-12-19,,66.1,stop_loss,-4.922914000794243,0,11331.5,11661.36,10773.66,2.9110003088735015,4.922914000794243,3.2819656501377628,10120.0498046875,11545.900390625,11545.900390625,0.2533333333333333,0.6,0.85,0.7466666666666666,1.0,1.0,0.5,0.06,,,1.892074223403786,1.892074223403786
BAJAJHLDNG,Short-Term (Swing),HIGH_VOLATILITY,2024-12-23,,67.1,target1,4.91551956815115,6,11115.0,11661.36,10515.78,4.91551956815115,5.3910931174088965,3.5949211942716586,10120.0498046875,11545.900390625,11545.900390625,0.3,0.6,0.85,0.7466666666666666,1.0,1.0,0.5,0.09,,,3.8767466542959963,3.8767466542959963
BAJAJHLDNG,Short-Term (Swing),BULLISH,2025-01-02,,60.8,stop_loss,-6.393649995811335,3,11937.0,12912.49,11173.79,8.171986261204655,6.393649995811335,4.167909174816958,10481.0,13238.0,13238.0,0.8533333333333334,0.6,0.85,0.7466666666666666,0.0,1.0,0.5,0.13,,,10.898885817207002,10.898885817207002
BAJAJHLDNG,Short-Term (Swing),NEUTRAL,2025-02-03,,66.7,stop_loss,-5.6996312986480895,1,12205.0,12543.64,11509.36,2.774600573535424,5.6996312986480895,3.7997576403657094,10245.099609375,12419.4501953125,13238.0,0.5466666666666666,0.6,0.85,1.0,0.5,1.0,0.5,0.05,,,1.757068376177796,8.463744367062679
BAJAJHLDNG,Short-Term (Swing),NEUTRAL,2025-02-06,,63.5,target1,8.279720279720282,12,11440.0,12387.2,10702.3,8.279720279720282,6.44842657342658,4.213793358118377,10245.099609375,12419.4501953125,13238.0,0.5466666666666666,0.6,0.85,0.7466666666666666,0.5,0.9800000000000001,0.5,0.13,,,8.561627581402972,15.716783216783217
BAJAJHLDNG,Short-Term (Swing),BULLISH,2025-03-21,,73.0,target1,2.660806451612907,1,12400.0,12729.94,11603.14,2.660806451612907,6.426290322580652,3.641463464409902,11082.650390625,12603.900390625,13238.0,0.8533333333333334,0.6,0.85,0.7466666666666666,1.0,0.78,0.5,0.06999999999999999,,,1.6443579889112905,6.758064516129032
BAJAJHLDNG,Short-Term (Swing),HIGH_VOLATILITY,2025-05-15,,63.9,target1,1.9116389548693657,0,12630.0,12871.44,11920.8,1.9116389548693657,5.6152019002375315,3.7434720887369393,11151.0,12744.0,13238.0,0.3,0.6,1.0,0.7466666666666666,1.0,0.44000000000000006,0.5,0.03,,,0.9026128266033254,4.813935075217735
BAJAJHLDNG,Short-Term (Swing),STRONG_BULLISH,2025-05-19,,74.2,stop_loss,-6.2017857142857125,0,14000.0,14544.0,13131.75,3.8857142857142923,6.2017857142857125,4.01369144474195,11151.0,14400.0,14400.0,1.0,0.6,0.5,1.0,1.0,1.0,0.5,0.06999999999999999,,,2.857142857142857,2.857142857142857
BAJAJHLDNG,Short-Term (Swing),STRONG_BULLISH,2025-05-21,,69.5,target1,9.227058286409996,15,13142.0,14354.62,12232.53,9.227058286409996,6.920331760767007,4.613530495854192,11151.0,14400.0,14400.0,1.0,0.6,0.85,0.7466666666666666,0.5,0.9,0.5,0.13,,,9.572363415005327,9.572363415005327
BAJAJHLDNG,Short-Term (Swing),STRONG_BULLISH,2025-06-09,,62.5,stop_loss,-6.3130452990856405,9,14327.0,14887.4,13422.53,3.9114957772038883,6.3130452990856405,3.8756146904769895,11808.0,14740.0,14740.0,1.0,0.6,0.85,0.7466666666666666,0.0,1.0,0.5,0.08,,,2.882669086340476,2.882669086340476
BAJAJHLDNG,Short-Term (Swing),STRONG_BULLISH,2025-06-27,,60.2,stop_loss,-3.6844285714285663,51,14000.0,14887.4,13484.18,6.338571428571416,3.6844285714285663,3.065063630106486,13101.0,14740.0,14740.0,1.0,0.6,0.5,0.7466666666666666,0.5,0.6799999999999999,0.5,0.12,,,5.285714285714286,5.285714285714286
BAJAJHLDNG,Short-Term (Swing),NEUTRAL,2025-11-06,,64.6,stop_loss,-3.3901538461538427,0,13000.0,13382.5,12559.28,2.9423076923076996,3.3901538461538427,2.9414745740600825,11884.0,13250.0,14763.0,0.5466666666666666,0.6,1.0,0.0,1.0,1.0,1.0,0.04,,,1.9230769230769231,13.561538461538461
BAJAJHLDNG,Short-Term (Swing),STRONG_BULLISH,2025-11-28,,64.2,stop_loss,-4.119281187603086,1,11519.0,12340.81,11044.5,7.134386665509163,4.119281187603086,3.6603683916974794,11100.0,13250.0,14763.0,1.0,0.6,0.5,0.5466666666666666,1.0,0.0,0.5,0.75,,,15.027346123795468,28.1621668547617
BAJAJHLDNG,Short-Term (Swing),STRONG_BULLISH,2025-12-31,,74.0,target1,2.3348017621145356,7,11350.0,11615.0,10870.86,2.3348017621145356,4.221497797356822,2.690328627169671,10800.0,11500.0,14763.0,1.0,0.6,0.85,0.5466666666666666,1.0,0.72,1.0,0.06,,,1.3215859030837005,30.070484581497798
BAJAJHLDNG,Short-Term (Swing),HIGH_VOLATILITY,2026-02-23,,73.1,stop_loss,-3.83052759458522,2,11524.0,11748.32,11082.57,1.9465463380770487,3.83052759458522,2.425490495422525,10400.0,11632.0,14763.0,0.3,0.6,0.85,1.0,1.0,1.0,1.0,0.06,,,0.9371745921555016,28.106560222145088
BAJAJHLDNG,Short-Term (Swing),STRONG_BULLISH,2026-05-06,,72.4,stop_loss,-5.468148148148144,5,10800.0,10906.99,10209.44,0.9906481481481544,5.468148148148144,2.5289535852631926,9450.0,10799.0,14763.0,1.0,0.6,0.85,0.7466666666666666,0.5,1.0,1.0,0.06999999999999999,,,-0.009259259259259259,36.69444444444444
BAJAJHLDNG,Short-Term (Swing),BULLISH,2026-05-25,,63.9,stop_loss,-4.632618668663979,7,10681.0,10948.4,10186.19,2.5035109072184314,4.632618668663979,2.85538979504673,9940.0,10840.0,14763.0,0.8533333333333334,0.6,1.0,0.7466666666666666,0.0,0.82,1.0,0.06999999999999999,,,1.4886246606123021,38.217395374964894
ADANIENT,Long-Term,STRONG_BULLISH,2024-08-01,,73.7,stop_loss,-6.989999999999997,33,3200.0,3578.64,2976.32,11.832500000000001,6.989999999999997,2.496181903784648,2886.35009765625,3258.0,3743.89990234375,1.0,0.6,1.0,,,0.5466666666666666,,0.15,1.0,0.3,1.8124999999999998,16.996871948242188
ADANIENT,Long-Term,STRONG_BULLISH,2025-05-19,,66.1,stop_loss,-9.668762278978393,78,2545.0,2903.11,2298.93,14.071119842829072,9.668762278978393,3.1708246939405145,2233.0,2584.199951171875,3743.89990234375,1.0,0.6,1.0,,,0.9866666666666667,,0.15,0.152,1.0,1.5402731305255402,47.10805117264243
ADANIENT,Long-Term,STRONG_BULLISH,2025-09-19,,69.5,stop_loss,-7.0422090729783005,45,2535.0,2775.29,2356.48,9.478895463510838,7.0422090729783005,2.2124139946433194,2240.0,2579.0,3211.0,1.0,0.6,0.6,,,0.4533333333333333,,0.15,0.848,1.0,1.7357001972386588,26.666666666666668
ADANIENT,Long-Term,STRONG_BULLISH,2025-11-14,,65.6,stop_loss,-9.265853658536582,16,2460.0,2751.91,2232.06,11.866260162601616,9.265853658536582,2.840688589955683,2267.140869140625,2600.0,2995.0,1.0,0.6,0.5,,,0.5399999999999999,,0.15,0.7,1.0,5.691056910569105,21.747967479674795
ADANIENT,Long-Term,NEUTRAL,2026-04-23,,67.2,target1,14.754569129621009,20,2310.199951171875,2651.06,2065.96,14.754569129621009,10.572242937152755,3.3918856908130843,1753.0,2333.89990234375,2695.0,0.5466666666666666,0.6,0.6,,,1.0,,0.15,0.7,1.0,1.0258831128384767,16.656568996676278
ADANIENT,Long-Term,BEARISH,2026-05-15,,60.2,target1,4.856666666666665,7,2700.0,2831.13,2439.22,4.856666666666665,9.658518518518521,3.396896056651186,2202.199951171875,2803.10009765625,2803.10009765625,0.2533333333333333,0.6,0.5,,,1.0,,0.04,0.7,1.0,3.8185221354166665,3.8185221354166665
ADANIENT,Long-Term,BULLISH,2026-05-26,,68.9,target1,0.911804158283025,0,2982.0,3009.19,2691.49,0.911804158283025,9.742119382964464,3.118650462544891,2328.800048828125,2979.39990234375,2979.39990234375,0.8533333333333334,0.6,0.5,,,1.0,,0.01,0.7,1.0,-0.08719308035714286,-0.08719308035714286
ADANIENT,Long-Term,BULLISH,2026-05-28,,76.6,target1,2.342189906560943,7,2987.800048828125,3057.78,2716.95,2.342189906560943,9.065199959895509,2.8718826104697417,2375.0,3027.5,3027.5,0.8533333333333334,0.6,0.5,,,1.0,,0.03,1.0,1.0,1.3287352072788845,1.3287352072788845
ADANIPORTS,Long-Term,STRONG_BULLISH,2024-07-09,^CNXINFRA,70.9,stop_loss,-9.307640750670231,89,1492.0,1637.61,1353.13,9.759383378016073,9.307640750670231,2.8163054080085286,1384.050048828125,1520.0,1621.4000244140625,1.0,1.0,0.5,,,0.6066666666666667,,0.13,1.0,0.3,1.876675603217158,8.672923888341991
ADANIPORTS,Long-Term,STRONG_BULLISH,2025-05-05,^CNXINFRA,74.3,time_exit,0.5999981915509212,91,1350.0,1551.77,1210.65,14.945925925925918,10.32222222222221,3.3762809045047875,1041.5,1377.0,1621.4000244140625,1.0,1.0,0.6,,,1.0,,0.15,0.552,1.0,2.0,20.10370551215278
ADANIPORTS,Long-Term,BULLISH,2025-08-20,^CNXINFRA,62.1,target1,10.175043898928159,83,1371.0999755859375,1510.61,1277.26,10.175043898928159,6.844138083062479,2.270016190687646,1290.5,1438.5,1517.0,0.8533333333333334,0.6,1.0,,,0.17333333333333334,,0.15,0.848,0.3,4.915762935905472,10.641093064837401
ADANIPORTS,Long-Term,STRONG_BULLISH,2025-11-13,^CNXINFRA,84.3,target1,2.0100000000000007,14,1500.0,1530.15,1411.25,2.0100000000000007,5.91666666666667,1.9512281685321535,1410.0,1515.0,1515.0,1.0,1.0,0.6,,,1.0,,0.03,1.0,1.0,1.0,1.0
ADANIPORTS,Long-Term,STRONG_BULLISH,2025-12-01,^CNXINFRA,73.4,stop_loss,-5.069038467606546,28,1528.0999755859375,1564.49,1450.64,2.381390288296359,5.069038467606546,1.7392997403727808,1425.0,1549.0,1549.0,1.0,0.6,0.6,,,1.0,,0.04,1.0,0.3,1.3677131567290652,1.3677131567290652
ADANIPORTS,Long-Term,STRONG_BULLISH,2026-01-01,^CNXINFRA,63.6,stop_loss,-4.516585142126839,10,1480.0999755859375,1564.49,1413.25,5.701643524496003,4.516585142126839,1.5269846037323906,1447.300048828125,1527.4000244140625,1549.0,1.0,0.6,0.5,,,0.6466666666666666,,0.12,0.848,0.3,3.19573336992996,4.655092598510892
ADANIPORTS,Long-Term,HIGH_VOLATILITY,2026-01-30,^CNXINFRA,64.6,target1,16.060089020771517,2,1348.0,1564.49,1311.48,16.060089020771517,2.7091988130563793,2.5430352550979705,1292.0,1496.800048828125,1549.0,0.3,0.6,1.0,,,0.44,,0.13,0.848,1.0,11.038579289920254,14.910979228486648
ADANIPORTS,Long-Term,HIGH_VOLATILITY,2026-02-05,^CNXINFRA,73.7,stop_loss,-8.273832373640433,24,1563.0,1593.48,1433.68,1.9500959692898334,8.273832373640433,2.8981527121059267,1292.0,1577.699951171875,1577.699951171875,0.3,1.0,0.6,,,1.0,,0.02,1.0,1.0,0.9404959163067819,0.9404959163067819
ADANIPORTS,Long-Term,HIGH_VOLATILITY,2026-04-02,^CNXINFRA,63.2,target1,15.94723462712997,14,1379.800048828125,1599.84,1228.09,15.94723462712997,10.995074899219903,3.6177633959850755,1293.5,1505.5,1584.0,0.3,0.6,1.0,,,1.0,,0.15,0.44799999999999995,1.0,9.110012083173425,14.79924220507918
ADANIPORTS,Long-Term,BULLISH,2026-04-21,^CNXINFRA,82.0,target1,2.4620791103810102,5,1588.9000244140625,1628.02,1452.0,2.4620791103810102,8.616025068320265,2.9714767519151364,1293.5,1611.9000244140625,1611.9000244140625,0.8533333333333334,1.0,0.6,,,1.0,,0.02,1.0,1.0,1.4475423026368002,1.4475423026368002
ADANIPORTS,Long-Term,NEUTRAL,2026-04-28,^CNXINFRA,77.4,target1,1.3009118541033482,0,1645.0,1666.4,1498.96,1.3009118541033482,8.877811550151971,2.8220158144209866,1307.0999755859375,1649.9000244140625,1649.9000244140625,0.5466666666666666,1.0,0.6,,,1.0,,0.02,1.0,1.0,0.29787382456306993,0.29787382456306993
ADANIPORTS,Long-Term,NEUTRAL,2026-04-30,^CNXINFRA,77.4,target1,2.200564176514863,3,1657.300048828125,1693.77,1513.73,2.200564176514863,8.66288810705359,2.8876732674672208,1332.5999755859375,1677.0,1677.0,0.5466666666666666,1.0,0.6,,,1.0,,0.02,1.0,1.0,1.1886774024899602,1.1886774024899602
ADANIPORTS,Long-Term,NEUTRAL,2026-05-05,^CNXINFRA,77.5,target1,1.426857142857152,2,1750.0,1774.97,1583.59,1.426857142857152,9.50914285714286,2.732592466974765,1368.4000244140625,1757.4000244140625,1757.4000244140625,0.5466666666666666,1.0,0.6,,,1.0,,0.03,1.0,1.0,0.4228585379464285,0.4228585379464285
ADANIPORTS,Long-Term,BEARISH,2026-05-11,^CNXINFRA,67.6,target1,3.3059360730593568,3,1752.0,1809.92,1621.76,3.3059360730593568,7.433789954337899,2.7451340319925115,1421.0,1792.0,1792.0,0.2533333333333333,0.6,0.5,,,1.0,,0.03,1.0,1.0,2.28310502283105,2.28310502283105
ADANIPORTS,Long-Term,BEARISH,2026-05-18,^CNXINFRA,69.1,target1,2.8668723348243885,8,1790.800048828125,1842.14,1632.32,2.8668723348243885,8.849678607716827,2.89728554563972,1556.5,1823.9000244140625,1823.9000244140625,0.2533333333333333,0.6,0.6,,,1.0,,0.03,1.0,1.0,1.8483345255433554,1.8483345255433554
ADANIPORTS,Long-Term,BULLISH,2026-05-28,^CNXINFRA,66.1,target1,1.3521005911476092,33,1836.4000244140625,1861.23,1705.61,1.3521005911476092,7.122087926120213,2.1721157417767505,1657.300048828125,1842.800048828125,1842.800048828125,0.8533333333333334,1.0,0.0,,,1.0,,0.03,1.0,0.3,0.3485092751566776,0.3485092751566776
APOLLOHOSP,Long-Term,STRONG_BULLISH,2024-07-09,,65.5,target1,7.996617422130181,35,6320.2998046875,6825.71,5983.36,7.996617422130181,5.331073131018349,1.77704332273388,6055.0,6387.9501953125,6874.4501953125,1.0,0.6,1.0,,,0.0,,0.15,1.0,0.3,1.070366797708339,8.76778646187021
APOLLOHOSP,Long-Term,BULLISH,2024-08-16,,67.6,target1,2.8620740740740613,11,6750.0,6943.19,6227.91,2.8620740740740613,7.7346666666666675,2.287989872491619,6324.7998046875,6865.0,6874.4501953125,0.8533333333333334,0.6,0.5,,,0.8466666666666666,,0.06,1.0,0.3,1.7037037037037037,1.8437065972222222
APOLLOHOSP,Long-Term,STRONG_BULLISH,2024-09-02,,85.2,target1,2.5836756853736986,9,6890.9501953125,7068.99,6436.57,2.5836756853736986,6.59386851499214,2.148634835493333,6420.9501953125,6999.0,6999.0,1.0,0.6,1.0,,,0.92,,0.04,1.0,1.0,1.5679957280927643,1.5679957280927643
APOLLOHOSP,Long-Term,STRONG_BULLISH,2024-09-13,,79.4,target1,2.0775800711743786,7,7025.0,7170.95,6616.12,2.0775800711743786,5.820355871886118,1.9139557215628826,6565.0498046875,7099.9501953125,7099.9501953125,1.0,0.6,1.0,,,1.0,,0.04,1.0,0.3,1.0669066948398576,1.0669066948398576
APOLLOHOSP,Long-Term,STRONG_BULLISH,2024-09-24,,73.4,target1,2.5272285079835033,2,7092.75,7272.0,6750.65,2.5272285079835033,4.823234993479264,1.7380437121775953,6746.5498046875,7200.0,7200.0,1.0,0.6,0.6,,,1.0,,0.04,1.0,0.3,1.512107433647034,1.512107433647034
APOLLOHOSP,Long-Term,STRONG_BULLISH,2024-09-30,,73.5,stop_loss,-5.225439144622657,3,7201.5,7390.12,6825.19,2.619176560438796,5.225439144622657,1.7314956160002646,6790.0498046875,7316.9501953125,7316.9501953125,1.0,0.6,0.6,,,1.0,,0.05,1.0,0.3,1.6031409471985003,1.6031409471985003
APOLLOHOSP,Long-Term,BEARISH,2024-10-08,,61.4,target1,6.195142980313273,29,6959.0,7390.12,6483.33,6.195142980313273,6.835321166834318,2.1228161216063115,6727.35009765625,7316.9501953125,7316.9501953125,0.2533333333333333,0.6,0.5,,,1.0,,0.11000000000000001,1.0,0.3,5.143701613917229,5.143701613917229
APOLLOHOSP,Long-Term,HIGH_VOLATILITY,2024-11-11,,76.3,stop_loss,-7.914958980624897,9,7161.25,7620.45,6594.44,6.41228835747949,7.914958980624897,2.6134592965123193,6794.25,7545.0,7545.0,0.3,0.6,1.0,,,1.0,,0.08,1.0,1.0,5.358701344039099,5.358701344039099
APOLLOHOSP,Long-Term,HIGH_VOLATILITY,2024-11-22,,65.5,stop_loss,-8.38710601719198,78,6980.0,7620.45,6394.58,9.175501432664745,8.38710601719198,2.5980156043151803,6594.14990234375,7545.0,7545.0,0.3,0.6,0.5,,,1.0,,0.13,0.848,1.0,8.094555873925502,8.094555873925502
APOLLOHOSP,Long-Term,HIGH_VOLATILITY,2025-04-15,,60.0,target1,10.015283842794753,76,6870.0,7558.05,6469.64,10.015283842794753,5.827656477438136,2.1016881568267003,6002.0,6965.0,7545.35009765625,0.3,0.6,0.6,,,0.7666666666666667,,0.15,0.7,1.0,1.3828238719068413,9.830423546670305
APOLLOHOSP,Long-Term,STRONG_BULLISH,2025-07-02,,76.1,stop_loss,-5.862322718758362,39,7474.0,7660.35,7035.85,2.4933101418249892,5.862322718758362,1.8149294960061706,6808.0,7584.5,7584.5,1.0,0.6,0.6,,,0.7066666666666667,,0.05,1.0,1.0,1.4784586566764786,1.4784586566764786
APOLLOHOSP,Long-Term,NEUTRAL,2025-08-18,,66.6,target1,2.122214417980972,59,7830.5,7996.68,7335.53,2.122214417980972,6.321052295511143,2.0750934120169413,7020.5,7917.5,7917.5,0.5466666666666666,0.6,0.6,,,1.0,,0.04,1.0,0.3,1.1110401634633804,1.1110401634633804
APOLLOHOSP,Long-Term,STRONG_BULLISH,2025-10-20,,73.4,stop_loss,-5.014058223438667,17,8038.0,8145.65,7634.97,1.3392634983826701,5.014058223438667,1.5606597290946018,7359.0,8065.0,8065.0,1.0,0.6,0.6,,,1.0,,0.04,1.0,0.3,0.33590445384423984,0.33590445384423984
APOLLOHOSP,Long-Term,STRONG_BULLISH,2026-01-06,,65.5,stop_loss,-4.892366308341267,9,7349.0,7885.8,6989.46,7.3043951558035225,4.892366308341267,1.6264567488692971,6881.0,7360.0,8099.5,1.0,0.6,1.0,,,0.0,,0.15,1.0,0.3,0.14968022860253094,10.212273778745407
APOLLOHOSP,Long-Term,HIGH_VOLATILITY,2026-02-13,,60.9,time_exit,6.563475719125766,91,7526.5,8180.49,7069.43,8.6891649505082,6.072809406762769,2.090698528931457,6696.5,7640.0,8099.5,0.3,0.6,0.6,,,0.8333333333333334,,0.13999999999999999,0.7,1.0,1.508005048827476,7.61310037866206
APOLLOHOSP,Long-Term,BEARISH,2026-05-19,,68.4,target1,4.262998485613312,1,7924.0,8261.8,7604.31,4.262998485613312,4.034452296819779,1.7513387320923917,7561.5,8180.0,8180.0,0.2533333333333333,0.6,1.0,,,1.0,,0.06,1.0,0.3,3.2306915699141845,3.2306915699141845
APOLLOHOSP,Long-Term,NEUTRAL,2026-05-22,,66.5,stop_loss,-6.784934756820881,8,8430.0,8524.91,7858.03,1.1258600237247895,6.784934756820881,2.010860800302896,7561.5,8440.5,8440.5,0.5466666666666666,0.6,0.6,,,1.0,,0.03,1.0,0.3,0.12455516014234876,0.12455516014234876
APOLLOHOSP,Long-Term,BEARISH,2026-06-03,,67.8,target1,3.112817412333735,5,8270.0,8527.43,7781.93,3.112817412333735,5.901692865779928,2.0448007245539994,7744.0,8443.0,8443.0,0.2533333333333333,0.6,0.5,,,1.0,,0.05,1.0,1.0,2.0918984280532045,2.0918984280532045
ASIANPAINT,Long-Term,STRONG_BULLISH,2024-07-31,^CNXCONSUM,63.0,target1,8.627914507772005,41,3088.0,3354.43,2904.46,8.627914507772005,5.943652849740932,1.9451328743028704,2842.0,3098.0,3422.949951171875,1.0,1.0,0.6,,,0.0,,0.15,0.7,1.0,0.3238341968911917,10.846824843648802
ASIANPAINT,Long-Term,STRONG_BULLISH,2024-09-12,^CNXCONSUM,75.9,stop_loss,-4.310174091387331,12,3355.550048828125,3457.18,3210.92,3.0287121244806814,4.310174091387331,1.6978626179608145,3003.0,3393.0,3422.949951171875,1.0,1.0,0.5,,,1.0,,0.04,1.0,0.3,1.1160599790473644,2.008609657522122
ASIANPAINT,Long-Term,STRONG_BULLISH,2024-09-26,^CNXCONSUM,74.1,stop_loss,-5.582277272447056,7,3290.949951171875,3457.18,3107.24,5.051126613728418,5.582277272447056,1.7272501152386779,3110.699951171875,3394.89990234375,3422.949951171875,1.0,1.0,0.5,,,0.8333333333333334,,0.11000000000000001,1.0,0.3,3.158660955474556,4.01099992277294
ASIANPAINT,Long-Term,BULLISH,2025-04-03,^CNXCONSUM,60.2,stop_loss,-5.6848517874931055,3,2349.39990234375,2549.74,2215.84,8.527288072856031,5.6848517874931055,1.8949345875910857,2124.75,2364.0,3394.89990234375,0.8533333333333334,1.0,1.0,,,0.94,,0.15,0.152,0.3,0.6214394425438179,44.50072543873924
ASIANPAINT,Long-Term,NEUTRAL,2025-08-18,^CNXCONSUM,67.9,stop_loss,-5.628426522387741,35,2587.39990234375,2805.84,2441.77,8.44245597514246,5.628426522387741,1.8760987564500686,2320.0,2595.0,3394.89990234375,0.5466666666666666,1.0,0.6,,,1.0,,0.15,0.848,0.3,0.29373494407901873,31.208936788957153
ASIANPAINT,Long-Term,STRONG_BULLISH,2025-10-16,^CNXCONSUM,64.7,target1,7.068153655514253,20,2421.0,2592.12,2288.09,7.068153655514253,5.489880214787268,1.6822513069641036,2308.0,2509.5,3103.550048828125,1.0,0.6,1.0,,,0.44666666666666666,,0.15,0.7,0.3,3.6555142503097895,28.192897514585912
ASIANPAINT,Long-Term,STRONG_BULLISH,2025-11-11,^CNXCONSUM,65.9,target1,7.543984962406025,1,2660.0,2860.67,2521.55,7.543984962406025,5.204887218045107,1.701650665647101,2308.0,2666.800048828125,2918.800048828125,1.0,0.15,0.6,,,0.7266666666666667,,0.15,1.0,0.3,0.2556409333881579,9.729325143914473
ASIANPAINT,Long-Term,STRONG_BULLISH,2025-11-14,^CNXCONSUM,78.7,target1,1.121665935577587,15,2906.39990234375,2939.0,2725.87,1.121665935577587,6.211461203193991,2.070459552834244,2366.89990234375,2909.89990234375,2909.89990234375,1.0,0.6,0.5,,,1.0,,0.02,1.0,1.0,0.12042389614648571,0.12042389614648571
ASIANPAINT,Long-Term,BULLISH,2025-12-03,^CNXCONSUM,69.1,stop_loss,-5.135932203389837,5,2950.0,2998.89,2798.49,1.6572881355932267,5.135932203389837,1.7495010854300164,2560.10009765625,2969.199951171875,2969.199951171875,0.8533333333333334,0.6,0.0,,,1.0,,0.03,1.0,1.0,0.6508458024364407,0.6508458024364407
ASIANPAINT,Long-Term,NEUTRAL,2025-12-10,^CNXCONSUM,68.5,stop_loss,-5.756428571428563,47,2800.0,3015.56,2638.82,7.698571428571421,5.756428571428563,1.9691749501566214,2788.5,2985.699951171875,2985.699951171875,0.5466666666666666,0.15,0.5,,,1.0,,0.13,1.0,1.0,6.632141113281249,6.632141113281249
ASIANPAINT,Long-Term,BULLISH,2026-04-21,^CNXCONSUM,62.7,time_exit,7.712001953125003,91,2500.0,2856.91,2334.72,14.276399999999988,6.6112000000000055,2.7372828090904693,2115.0,2582.0,2985.699951171875,0.8533333333333334,1.0,0.6,,,0.12666666666666665,,0.15,0.7,1.0,3.2800000000000002,19.427998046875
AXISBANK,Long-Term,STRONG_BULLISH,2024-07-09,^NSEBANK,77.4,target1,3.0291271069296855,2,1284.199951171875,1323.1,1203.56,3.0291271069296855,6.279392169287068,2.219017173684004,1170.0,1310.0,1310.0,1.0,1.0,0.6,,,1.0,,0.04,1.0,0.3,2.0090367395343383,2.0090367395343383
AXISBANK,Long-Term,STRONG_BULLISH,2024-07-15,^NSEBANK,73.5,stop_loss,-6.488198733407846,9,1307.449951171875,1353.05,1222.62,3.487708939623535,6.488198733407846,2.1626904939758913,1181.1500244140625,1339.6500244140625,1339.6500244140625,1.0,0.6,0.6,,,1.0,,0.05,1.0,0.3,2.4628149791375487,2.4628149791375487
AXISBANK,Long-Term,STRONG_BULLISH,2024-08-20,^NSEBANK,61.2,target1,9.611694390593817,36,1166.5999755859375,1278.73,1094.18,9.611694390593817,6.207781339063012,2.106796922864411,1123.0999755859375,1291.0999755859375,1339.6500244140625,1.0,0.6,0.5,,,0.0,,0.15,0.848,1.0,10.672038625533876,14.833709279070467
AXISBANK,Long-Term,STRONG_BULLISH,2024-09-27,^NSEBANK,63.3,stop_loss,-4.176493866244558,3,1263.5,1353.05,1210.73,7.08745548080727,4.176493866244558,1.634385936746626,1145.0,1281.6500244140625,1339.6500244140625,1.0,1.0,0.6,,,0.0,,0.13,1.0,0.3,1.436487883978037,6.026911310966561
AXISBANK,Long-Term,BEARISH,2024-10-21,^NSEBANK,60.8,stop_loss,-7.4992673225873885,58,1194.25,1318.71,1104.69,10.421603516851574,7.4992673225873885,2.397414168333649,1124.0,1281.6500244140625,1339.6500244140625,0.2533333333333333,0.6,0.5,,,0.4666666666666667,,0.15,1.0,1.0,7.318402714177308,12.175007277710906
AXISBANK,Long-Term,HIGH_VOLATILITY,2025-04-16,^NSEBANK,60.5,time_exit,0.36345390541030476,91,1155.5999755859375,1286.51,1077.83,11.328316647608583,6.729835343454804,2.395881045983148,1011.0999755859375,1163.5,1339.6500244140625,0.3,1.0,0.6,,,1.0,,0.15,0.7,0.3,0.6836296799034508,15.92679583908817
AXISBANK,Long-Term,NEUTRAL,2025-10-03,^NSEBANK,62.4,target1,7.2616033755274145,17,1185.0,1271.05,1120.97,7.2616033755274145,5.4033755274261575,1.6943567013574408,1047.800048828125,1188.0,1275.0,0.5466666666666666,1.0,0.6,,,0.88,,0.15,0.7,0.3,0.25316455696202533,7.59493670886076
AXISBANK,Long-Term,STRONG_BULLISH,2025-10-24,^NSEBANK,84.6,target1,3.656102195056654,28,1243.4000244140625,1288.86,1168.58,3.656102195056654,6.017373568037421,1.9678700885845137,1125.4000244140625,1276.0999755859375,1276.0999755859375,1.0,1.0,0.6,,,1.0,,0.06,1.0,1.0,2.6298818183862,2.6298818183862
AXISBANK,Long-Term,BULLISH,2025-11-25,^NSEBANK,77.4,target1,2.508843067334454,1,1271.9000244140625,1303.81,1208.03,2.508843067334454,5.021623019740574,1.533759247619243,1209.4000244140625,1290.9000244140625,1290.9000244140625,0.8533333333333334,0.6,1.0,,,1.0,,0.06,1.0,0.3,1.4938281024684232,1.4938281024684232
AXISBANK,Long-Term,STRONG_BULLISH,2025-11-28,^NSEBANK,83.6,stop_loss,-5.234472049689442,15,1288.0,1317.04,1220.58,2.2546583850931556,5.234472049689442,1.5400447781821485,1209.4000244140625,1304.0,1304.0,1.0,1.0,1.0,,,1.0,,0.06,1.0,0.3,1.2422360248447204,1.2422360248447204
AXISBANK,Long-Term,STRONG_BULLISH,2025-12-31,^NSEBANK,68.6,target1,3.703937007874014,18,1270.0,1317.04,1213.68,3.703937007874014,4.434645669291337,1.4631835499933794,1216.9000244140625,1291.0,1304.0,1.0,0.6,0.5,,,0.7533333333333334,,0.08,1.0,0.3,1.6535433070866141,2.677165354330709
AXISBANK,Long-Term,HIGH_VOLATILITY,2026-01-20,^NSEBANK,69.2,target1,3.896899224806205,7,1290.0,1340.27,1230.28,3.896899224806205,4.629457364341083,1.629081532971682,1219.0,1327.0,1327.0,0.3,0.6,1.0,,,1.0,,0.06999999999999999,1.0,0.3,2.8682170542635657,2.8682170542635657
AXISBANK,Long-Term,HIGH_VOLATILITY,2026-01-29,^NSEBANK,69.7,target1,2.2995562130177394,4,1352.0,1383.09,1268.41,2.2995562130177394,6.182692307692306,2.3292235602939955,1248.0,1369.4000244140625,1369.4000244140625,0.3,0.6,0.6,,,1.0,,0.02,1.0,1.0,1.2869840542945636,1.2869840542945636
AXISBANK,Long-Term,HIGH_VOLATILITY,2026-02-04,^NSEBANK,80.3,stop_loss,-8.774626865671632,36,1340.0,1432.48,1222.42,6.901492537313425,8.774626865671632,2.895469340827501,1248.0,1418.300048828125,1418.300048828125,0.3,1.0,1.0,,,1.0,,0.08,1.0,1.0,5.843287225979477,5.843287225979477
AXISBANK,Long-Term,HIGH_VOLATILITY,2026-04-06,^NSEBANK,73.2,time_exit,8.337368484480079,91,1237.800048828125,1418.1,1130.1,14.566161258643673,8.700924590372171,3.083654153238013,1150.300048828125,1355.800048828125,1418.300048828125,0.3,0.6,1.0,,,1.0,,0.15,0.848,1.0,9.533042118693997,14.582322901900561
BAJAJ-AUTO,Long-Term,STRONG_BULLISH,2024-07-09,^CNXAUTO,66.5,stop_loss,-6.003874345549742,13,9550.0,10139.19,8976.63,6.169528795811519,6.003874345549742,1.949034302145019,9365.650390625,10038.7998046875,10038.7998046875,1.0,1.0,0.5,,,0.3266666666666667,,0.11000000000000001,1.0,0.3,5.118322562172775,5.118322562172775
BAJAJ-AUTO,Long-Term,STRONG_BULLISH,2024-07-26,^CNXAUTO,66.9,target1,6.1784211517223575,25,9549.2001953125,10139.19,8762.44,6.1784211517223575,8.239016663392428,2.5649443990610057,8744.599609375,9909.9501953125,10038.7998046875,1.0,1.0,0.5,,,0.36666666666666664,,0.09,1.0,0.3,3.7778032989305697,5.127126873047798
BAJAJ-AUTO,Long-Term,STRONG_BULLISH,2024-08-26,^CNXAUTO,77.1,target1,2.127872319969226,1,10401.0,10622.32,9803.21,2.127872319969226,5.747428131910404,2.0108142254430645,9369.2998046875,10517.150390625,10517.150390625,1.0,1.0,0.6,,,0.9866666666666667,,0.03,1.0,0.3,1.1167233018459763,1.1167233018459763
BAJAJ-AUTO,Long-Term,STRONG_BULLISH,2024-08-29,^CNXAUTO,75.7,target1,1.1398246423627079,3,10835.0,10958.5,10149.99,1.1398246423627079,6.322196585140749,2.028941644447392,9369.2998046875,10850.0,10850.0,1.0,1.0,0.5,,,1.0,,0.02,1.0,0.3,0.1384402399630826,0.1384402399630826
BAJAJ-AUTO,Long-Term,STRONG_BULLISH,2024-09-03,^CNXAUTO,72.9,target1,2.303305484925522,7,11012.0,11265.64,10400.91,2.303305484925522,5.5493098438067605,1.9399949348304208,9400.0,11154.099609375,11154.099609375,1.0,1.0,0.5,,,0.8066666666666666,,0.03,1.0,0.3,1.290406914048311,1.290406914048311
BAJAJ-AUTO,Long-Term,STRONG_BULLISH,2024-09-12,^CNXAUTO,78.7,target1,1.4802746620036666,4,11723.5,11897.04,11028.02,1.4802746620036666,5.93235808418987,1.9774606136454802,9693.9501953125,11779.25,11779.25,1.0,0.6,0.5,,,1.0,,0.02,1.0,1.0,0.4755405808845481,0.4755405808845481
BAJAJ-AUTO,Long-Term,STRONG_BULLISH,2024-09-18,^CNXAUTO,80.6,target1,3.076231023767595,4,11811.2001953125,12174.54,11058.77,3.076231023767595,6.3704804157931,2.0000053489740837,9841.099609375,12054.0,12054.0,1.0,0.6,0.6,,,1.0,,0.06,1.0,1.0,2.055674280957999,2.055674280957999
BAJAJ-AUTO,Long-Term,STRONG_BULLISH,2024-09-24,^CNXAUTO,82.7,target1,1.713236481033098,1,12390.0,12602.27,11704.28,1.713236481033098,5.534463276836155,1.9805934155955502,10461.2998046875,12477.5,12477.5,1.0,1.0,0.5,,,1.0,,0.02,1.0,1.0,0.7062146892655368,0.7062146892655368
BAJAJ-AUTO,Long-Term,STRONG_BULLISH,2024-09-27,^CNXAUTO,82.8,stop_loss,-4.845857987383162,3,12553.599609375,12901.74,11945.27,2.773231594585912,4.845857987383162,1.8977626341772569,10780.0,12774.0,12774.0,1.0,1.0,0.5,,,1.0,,0.03,1.0,1.0,1.7556748461246565,1.7556748461246565
BAJAJ-AUTO,Long-Term,BEARISH,2024-10-04,^CNXAUTO,64.2,stop_loss,-7.058706711611007,10,11774.400390625,12901.74,10943.28,9.574496976275837,7.058706711611007,2.352910716848497,10780.0,12774.0,12774.0,0.2533333333333333,0.15,0.5,,,1.0,,0.13999999999999999,1.0,1.0,8.48960096660973,8.48960096660973
BAJAJ-AUTO,Long-Term,BULLISH,2025-08-21,^CNXAUTO,65.8,target1,8.950083482065763,17,8684.5,9461.77,8166.32,8.950083482065763,5.966722321377171,1.9888987759941943,7858.5,8872.5,12774.0,0.8533333333333334,1.0,1.0,,,0.18000000000000002,,0.15,0.552,1.0,2.1647763256376304,47.08964246646324
BAJAJ-AUTO,Long-Term,NEUTRAL,2025-09-09,^CNXAUTO,74.9,stop_loss,-6.809336870026527,15,9425.0,10282.67,8783.22,9.099946949602122,6.809336870026527,2.130734940433306,8132.5,9490.0,12774.0,0.5466666666666666,1.0,0.6,,,1.0,,0.15,0.848,1.0,0.6896551724137931,35.53315649867374
BAJAJ-AUTO,Long-Term,NEUTRAL,2025-10-03,^CNXAUTO,61.9,target1,9.358933088066234,87,8698.0,9512.04,8124.47,9.358933088066234,6.593814670039089,2.1315559647835336,8491.5,9490.0,12651.150390625,0.5466666666666666,0.6,0.0,,,1.0,,0.15,0.848,1.0,9.105541503793976,45.44895827345366
BAJAJ-AUTO,Long-Term,STRONG_BULLISH,2026-01-02,^CNXAUTO,72.7,target1,2.1988445378151145,1,9520.0,9729.33,9003.28,2.1988445378151145,5.4277310924369715,1.7511994290968977,8735.0,9633.0,9633.0,1.0,1.0,0.6,,,0.6866666666666668,,0.04,1.0,0.3,1.1869747899159664,1.1869747899159664
BAJAJ-AUTO,Long-Term,BULLISH,2026-01-07,^CNXAUTO,75.0,stop_loss,-5.6096739629572845,12,9799.5,9905.07,9249.78,1.0772998622378571,5.6096739629572845,1.8377546086840908,8735.0,9807.0,9807.0,0.8533333333333334,1.0,0.6,,,1.0,,0.02,1.0,0.3,0.0765345170671973,0.0765345170671973
BAJAJ-AUTO,Long-Term,HIGH_VOLATILITY,2026-02-03,^CNXAUTO,61.7,target1,4.653012299353754,15,9594.0,10040.41,8939.51,4.653012299353754,6.821867834062956,2.2788154348482994,9072.0,9941.0,9941.0,0.3,0.6,0.5,,,1.0,,0.06999999999999999,1.0,0.3,3.6168438607463003,3.6168438607463003
BAJAJ-AUTO,Long-Term,HIGH_VOLATILITY,2026-02-20,^CNXAUTO,69.1,target1,3.137650999898489,3,9851.0,10160.09,9205.46,3.137650999898489,6.55304030047712,2.0445990104391214,9250.0,10059.5,10059.5,0.3,0.6,1.0,,,1.0,,0.06,1.0,0.3,2.1165363922444422,2.1165363922444422
BAJAJ-AUTO,Long-Term,HIGH_VOLATILITY,2026-02-27,^CNXAUTO,69.0,stop_loss,-3.6905043442496566,7,9725.5,10288.87,9366.58,5.792709886381164,3.6905043442496566,2.0253116715743937,9250.5,10187.0,10187.0,0.3,0.6,1.0,,,1.0,,0.05,1.0,0.3,4.745257313248676,4.745257313248676
BAJAJ-AUTO,Long-Term,HIGH_VOLATILITY,2026-04-07,^CNXAUTO,73.2,target1,9.353443673251483,26,9365.0,10240.95,8255.2,9.353443673251483,11.850507207688189,2.9257676713266476,8624.0,9884.5,10187.0,0.3,0.6,1.0,,,1.0,,0.15,0.848,1.0,5.547250400427122,8.777362520021356
BAJAJ-AUTO,Long-Term,NEUTRAL,2026-05-05,^CNXAUTO,79.9,target1,3.951571709233792,1,10180.0,10582.27,9320.52,3.951571709233792,8.442829076620818,2.4071820813907934,8800.5,10477.5,10477.5,0.5466666666666666,0.6,1.0,,,1.0,,0.06999999999999999,1.0,1.0,2.9223968565815324,2.9223968565815324
BAJAJ-AUTO,Long-Term,BULLISH,2026-05-08,^CNXAUTO,82.0,stop_loss,-6.304273988112086,32,10599.0,10892.85,9930.81,2.7724313614492013,6.304273988112086,2.4294365842488186,9355.0,10785.0,10785.0,0.8533333333333334,1.0,0.6,,,1.0,,0.02,1.0,1.0,1.7548825360883102,1.7548825360883102
BAJFINANCE,Long-Term,STRONG_BULLISH,2024-09-05,,65.0,stop_loss,-6.005746375623522,45,725.5549926757812,788.25,681.98,8.640972491003772,6.005746375623522,1.9558072941338698,642.5,746.0,819.2000122070312,1.0,0.6,1.0,,,0.0,,0.15,0.7,1.0,2.817843930591589,12.906674266811347
BAJFINANCE,Long-Term,BEARISH,2024-11-06,,65.5,stop_loss,-7.656075403359774,14,700.6199951171875,781.08,646.98,11.484114847358097,7.656075403359774,2.5520206669901473,660.0999755859375,736.7999877929688,783.0,0.2533333333333333,0.6,1.0,,,1.0,,0.15,0.848,0.3,5.163996592722092,11.758157839762111
BAJFINANCE,Long-Term,BEARISH,2024-12-18,,60.5,target1,11.608633093525178,41,695.0,775.68,661.96,11.608633093525178,4.753956834532369,2.1432421373854806,645.0999755859375,725.739990234375,783.0,0.2533333333333333,0.6,1.0,,,0.44666666666666666,,0.15,0.7,1.0,4.423020177607913,12.661870503597122
BAJFINANCE,Long-Term,BEARISH,2025-01-30,,69.5,target1,5.150788643533133,3,792.5,833.32,724.65,5.150788643533133,8.561514195583598,2.7639526185906425,710.52001953125,825.0650024414062,825.0650024414062,0.2533333333333333,0.6,0.6,,,1.0,,0.06999999999999999,1.0,1.0,4.109148573048108,4.109148573048108
BAJFINANCE,Long-Term,NEUTRAL,2025-02-04,,71.8,target1,0.8811764705882297,0,850.0,857.49,775.24,0.8811764705882297,8.795294117647057,2.8435243743005363,710.52001953125,849.0,849.0,0.5466666666666666,0.6,0.5,,,1.0,,0.01,1.0,1.0,-0.1176470588235294,-0.1176470588235294
BAJFINANCE,Long-Term,NEUTRAL,2025-02-06,,72.0,target1,1.9149679673849729,40,858.5,874.94,781.24,1.9149679673849729,8.999417588817703,2.7228460559317864,710.52001953125,866.280029296875,866.280029296875,0.5466666666666666,0.6,0.5,,,1.0,,0.03,1.0,1.0,0.9062352122160746,0.9062352122160746
BAJFINANCE,Long-Term,BULLISH,2025-03-20,,69.8,target1,-0.7981233476024086,0,903.9949951171875,896.78,807.42,-0.7981233476024086,10.683133826937642,2.325112098925574,821.125,887.9000244140625,887.9000244140625,0.8533333333333334,0.6,0.5,,,1.0,,0.05,1.0,0.3,-1.7804269702885425,-1.7804269702885425
BAJFINANCE,Long-Term,BULLISH,2025-03-24,,71.0,target1,0.8898630136986219,0,912.5,920.62,844.39,0.8898630136986219,7.464109589041101,2.369282204598941,821.125,911.5,911.5,0.8533333333333334,0.6,0.6,,,1.0,,0.02,1.0,0.3,-0.1095890410958904,-0.1095890410958904
BAJFINANCE,Long-Term,BULLISH,2025-03-26,,77.5,target1,5.549038005733897,26,886.0999755859375,935.27,819.33,5.549038005733897,7.535264352285475,2.529348709222638,821.125,926.0050048828125,926.0050048828125,0.8533333333333334,0.6,1.0,,,1.0,,0.06999999999999999,1.0,0.3,4.503445479782078,4.503445479782078
BAJFINANCE,Long-Term,HIGH_VOLATILITY,2025-04-23,,62.7,target1,-1.3835758835758827,0,962.0,948.69,862.49,-1.3835758835758827,10.344074844074846,2.4960216138697326,830.7150268554688,939.2999877929688,939.2999877929688,0.3,0.6,0.6,,,1.0,,0.02,1.0,0.3,-2.359668628589527,-2.359668628589527
BAJFINANCE,Long-Term,HIGH_VOLATILITY,2025-04-25,,69.3,target1,7.451541850220256,42,908.0,975.66,835.71,7.451541850220256,7.961453744493385,2.76160804912772,830.7150268554688,966.0,966.0,0.3,0.6,1.0,,,1.0,,0.08,1.0,0.3,6.387665198237885,6.387665198237885
BAJFINANCE,Long-Term,STRONG_BULLISH,2025-06-10,,75.2,stop_loss,-6.718651211801896,47,949.0,988.59,885.24,4.171759747102222,6.718651211801896,2.2640675022240386,886.9500122070312,978.7999877929688,978.7999877929688,1.0,0.6,1.0,,,0.7066666666666667,,0.06,1.0,0.3,3.140146237404505,3.140146237404505
BAJFINANCE,Long-Term,BULLISH,2025-08-20,,60.9,target1,10.859234234234227,22,888.0,984.43,823.38,10.859234234234227,7.277027027027028,2.418810642511221,849.0,970.9500122070312,978.7999877929688,0.8533333333333334,0.6,1.0,,,0.09333333333333332,,0.15,0.848,0.3,9.341217590881898,10.225223850559544
BAJFINANCE,Long-Term,BULLISH,2025-09-15,,69.7,target1,2.9934905945116164,8,1005.8499755859375,1035.96,947.89,2.9934905945116164,5.7622883126456355,2.0451978210857638,869.7000122070312,1025.699951171875,1025.699951171875,0.8533333333333334,0.6,0.5,,,1.0,,0.04,1.0,0.3,1.973452907266245,1.973452907266245
BAJFINANCE,Long-Term,NEUTRAL,2025-09-25,,73.8,target1,3.8004079828330095,19,1008.0499877929688,1046.36,953.47,3.8004079828330095,5.414412822172288,1.951047948372064,870.8499755859375,1036.0,1036.0,0.5466666666666666,0.6,0.6,,,1.0,,0.06,1.0,1.0,2.7726811711218002,2.7726811711218002
BAJFINANCE,Long-Term,STRONG_BULLISH,2025-10-16,,73.4,target1,3.390779778608999,6,1056.0999755859375,1091.91,999.96,3.390779778608999,5.31578230127222,2.0575718759658934,972.0,1081.0999755859375,1081.0999755859375,1.0,0.6,0.6,,,1.0,,0.04,1.0,0.3,2.3672001304734134,2.3672001304734134
BAJFINANCE,Long-Term,STRONG_BULLISH,2025-10-24,,73.4,stop_loss,-5.522705336496491,15,1090.949951171875,1113.53,1030.7,2.069760285874711,5.522705336496491,1.806250530904881,972.0,1102.5,1102.5,1.0,0.6,0.6,,,1.0,,0.04,1.0,0.3,1.0587148214927904,1.0587148214927904
BAJFINANCE,Long-Term,STRONG_BULLISH,2025-11-12,,61.5,stop_loss,-7.735308641975314,68,1012.5,1113.53,934.18,9.978271604938271,7.735308641975314,2.5998068914277344,997.0,1102.5,1102.5,1.0,0.6,0.0,,,1.0,,0.13,0.848,0.3,8.88888888888889,8.88888888888889
BAJFINANCE,Long-Term,HIGH_VOLATILITY,2026-02-05,,60.0,stop_loss,-8.567176052285374,33,973.9500122070312,1076.11,890.51,10.489243442942996,8.567176052285374,2.5651507308902644,887.0,983.0,1102.5,0.3,0.6,1.0,,,0.12000000000000001,,0.15,0.848,1.0,0.9292045463874389,13.198828089920806
BAJFINANCE,Long-Term,BULLISH,2026-04-21,,61.5,time_exit,13.038384736473873,91,938.0,1080.09,844.69,15.148187633262244,9.947761194029848,3.3431245056048255,787.9000244140625,945.9500122070312,1102.5,0.8533333333333334,0.6,1.0,,,0.58,,0.15,0.3,1.0,0.8475492758029051,17.537313432835823
BAJAJFINSV,Long-Term,STRONG_BULLISH,2024-07-19,,64.9,stop_loss,-4.116307692307696,3,1625.0,1758.41,1558.11,8.209846153846168,4.116307692307696,1.669338076504406,1561.0,1660.0,1741.0,1.0,0.6,1.0,,,0.0,,0.13999999999999999,0.7,1.0,2.1538461538461537,7.138461538461538
BAJAJFINSV,Long-Term,STRONG_BULLISH,2024-07-30,,64.6,stop_loss,-6.6872628736707185,8,1650.9000244140625,1758.41,1540.5,6.512203888548318,6.6872628736707185,2.0728734506457536,1558.0,1669.9000244140625,1741.0,1.0,0.6,1.0,,,0.0,,0.11000000000000001,0.7,1.0,1.1508873777346682,5.457627612424065
BAJAJFINSV,Long-Term,STRONG_BULLISH,2024-08-27,,60.7,target1,1.7598379629629735,1,1728.0,1758.41,1610.9,1.7598379629629735,6.776620370370368,2.0961311247593235,1523.25,1729.0,1741.0,1.0,0.6,0.6,,,0.6533333333333334,,0.04,0.7,0.3,0.057870370370370364,0.7523148148148148
BAJAJFINSV,Long-Term,STRONG_BULLISH,2024-08-30,,71.2,target1,0.8366719762676444,0,1796.4000244140625,1811.43,1668.7,0.8366719762676444,7.1086630304246885,2.137638536716337,1523.25,1793.5,1793.5,1.0,0.6,0.5,,,1.0,,0.02,0.7,1.0,-0.16143533593017012,-0.16143533593017012
BAJAJFINSV,Long-Term,STRONG_BULLISH,2024-09-03,,71.2,target1,2.6877540561083046,2,1840.199951171875,1889.66,1738.65,2.6877540561083046,5.518419403674368,2.2681908851765624,1523.25,1870.949951171875,1870.949951171875,1.0,0.6,0.5,,,1.0,,0.02,0.7,1.0,1.6710140645541156,1.6710140645541156
BAJAJFINSV,Long-Term,BULLISH,2024-09-09,,76.7,target1,2.249837319891279,6,1874.800048828125,1916.98,1733.73,2.249837319891279,7.524538358973432,2.2704184906821094,1523.25,1898.0,1898.0,0.8533333333333334,0.6,0.5,,,1.0,,0.04,1.0,1.0,1.2374626929616583,1.2374626929616583
BAJAJFINSV,Long-Term,STRONG_BULLISH,2024-09-17,,71.7,target1,4.949967612111283,8,1848.699951171875,1940.21,1709.07,4.949967612111283,7.5528725515119355,2.517596618881429,1599.949951171875,1921.0,1921.0,1.0,0.6,0.0,,,1.0,,0.06999999999999999,1.0,1.0,3.9108590218923642,3.9108590218923642
BAJAJFINSV,Long-Term,STRONG_BULLISH,2024-09-27,,78.8,stop_loss,-6.683739714299486,4,2010.699951171875,2050.2,1876.31,1.9644924547346454,6.683739714299486,2.227936525637911,1787.800048828125,2029.9000244140625,2029.9000244140625,1.0,0.6,0.5,,,1.0,,0.03,1.0,1.0,0.9548949971872892,0.9548949971872892
BAJAJFINSV,Long-Term,BEARISH,2024-10-07,,61.5,stop_loss,-7.299271553276343,14,1873.199951171875,2050.2,1736.47,9.449073961239085,7.299271553276343,2.5334579396445966,1814.25,2029.9000244140625,2029.9000244140625,0.2533333333333333,0.6,0.5,,,1.0,,0.12,1.0,0.3,8.36536821091394,8.36536821091394
BAJAJFINSV,Long-Term,BULLISH,2024-12-12,,62.8,stop_loss,-5.4369849986999235,7,1667.0999755859375,1833.56,1576.46,9.98500550967596,5.4369849986999235,2.041333680683724,1562.050048828125,1695.949951171875,2029.9000244140625,0.8533333333333334,0.6,1.0,,,0.0,,0.15,0.7,1.0,1.7305486178654381,21.762345038761772
BAJAJFINSV,Long-Term,BEARISH,2025-01-30,,68.8,target1,14.196430198411992,54,1713.5999755859375,1956.87,1604.09,14.196430198411992,6.390638255494396,2.695248447736621,1650.0,1856.0,2029.9000244140625,0.2533333333333333,0.6,1.0,,,1.0,,0.15,0.7,1.0,8.30999220604979,18.458219732406995
BAJAJFINSV,Long-Term,BULLISH,2025-03-27,,78.1,stop_loss,-7.011900288112239,10,1995.75,2050.2,1855.81,2.728297632468979,7.011900288112239,2.4918952123954,1733.0,2011.5,2029.9000244140625,0.8533333333333334,0.6,0.6,,,1.0,,0.03,1.0,1.0,0.7891770011273956,1.7111373876518854
BAJAJFINSV,Long-Term,HIGH_VOLATILITY,2025-04-08,,68.9,target1,7.962085308056865,12,1899.0,2050.2,1743.36,7.962085308056865,8.195892575039498,2.7995808428067317,1788.25,2022.0,2029.9000244140625,0.3,0.6,0.5,,,1.0,,0.09,1.0,1.0,6.477093206951026,6.893102918065429
BAJAJFINSV,Long-Term,HIGH_VOLATILITY,2025-04-22,,69.9,time_exit,-1.5998089780324687,91,2094.0,2139.89,1914.61,2.191499522445084,8.5668576886342,2.606086332618296,1814.0999755859375,2118.699951171875,2118.699951171875,0.3,0.6,0.6,,,1.0,,0.04,1.0,1.0,1.1795583176635627,1.1795583176635627
BAJAJFINSV,Long-Term,NEUTRAL,2025-07-24,,67.5,stop_loss,-3.8499249624812437,7,1999.0,2156.35,1922.04,7.871435717858932,3.8499249624812437,1.8085210931181372,1977.5999755859375,2068.5,2135.0,0.5466666666666666,0.6,1.0,,,0.6133333333333333,,0.11000000000000001,1.0,0.3,3.476738369184592,6.803401700850426
BAJAJFINSV,Long-Term,BULLISH,2025-08-20,,60.4,target1,7.615423387096776,60,1984.0,2135.09,1840.77,7.615423387096776,7.2192540322580605,2.0036810016042272,1890.5999755859375,2063.199951171875,2135.0,0.8533333333333334,0.6,1.0,,,0.060000000000000005,,0.15,0.848,0.3,3.991933022775958,7.610887096774194
BAJAJFINSV,Long-Term,STRONG_BULLISH,2025-10-21,,71.1,stop_loss,-5.141935483870963,14,2170.0,2205.84,2058.42,1.6516129032258187,5.141935483870963,1.7008100021250323,1968.0,2184.0,2184.0,1.0,0.6,0.6,,,0.8533333333333334,,0.03,1.0,0.3,0.6451612903225806,0.6451612903225806
BAJAJFINSV,Long-Term,NEUTRAL,2025-11-07,,65.5,stop_loss,-6.1431859919363285,1,2114.699951171875,2216.95,1984.79,4.835203631203666,6.1431859919363285,1.8601455221331824,1996.5999755859375,2195.0,2195.0,0.5466666666666666,0.6,0.5,,,0.9866666666666667,,0.1,1.0,0.3,3.797231318023448,3.797231318023448
BAJAJFINSV,Long-Term,STRONG_BULLISH,2025-11-12,,62.8,stop_loss,-7.466992665036676,81,2045.0,2216.95,1892.3,8.408312958435204,7.466992665036676,2.344988322039147,1952.4000244140625,2195.0,2195.0,1.0,0.6,0.0,,,0.62,,0.13,0.848,1.0,7.334963325183375,7.334963325183375
BAJAJFINSV,Long-Term,HIGH_VOLATILITY,2026-02-06,,62.2,stop_loss,-6.586907237946161,23,2026.9000244140625,2216.95,1893.39,9.37638626951407,6.586907237946161,2.1541384292975922,1876.5999755859375,2045.5,2195.0,0.3,0.6,1.0,,,0.5133333333333333,,0.15,0.7,1.0,0.9176562909813172,8.29345175199413
BEL,Long-Term,STRONG_BULLISH,2024-07-09,,73.2,stop_loss,-11.46176470588236,12,340.0,342.74,301.03,0.8058823529411896,11.46176470588236,3.361779583644663,285.3500061035156,339.3500061035156,339.3500061035156,1.0,0.6,0.6,,,1.0,,0.02,1.0,0.3,-0.19117467543658087,-0.19117467543658087
BEL,Long-Term,STRONG_BULLISH,2024-07-23,,65.1,time_exit,-11.190084662319212,91,302.5,343.91,262.08,13.68925619834711,13.36198347107439,4.353450861111916,281.1000061035156,340.5,340.5,1.0,0.6,0.0,,,1.0,,0.11000000000000001,1.0,0.3,12.561983471074381,12.561983471074381
BEL,Long-Term,BEARISH,2024-11-06,,61.2,stop_loss,-9.136212624584717,14,301.0,343.91,273.5,14.255813953488383,9.136212624584717,3.130721276532661,257.45001220703125,304.29998779296875,340.5,0.2533333333333333,0.6,1.0,,,0.46,,0.15,1.0,0.3,1.0963414594580565,13.122923588039868
BEL,Long-Term,HIGH_VOLATILITY,2024-11-26,,69.1,stop_loss,-10.185713729907642,47,298.8500061035156,342.14,268.41,14.485525518607334,10.185713729907642,3.3002816390533667,267.3999938964844,304.5,340.5,0.3,0.6,1.0,,,0.94,,0.15,1.0,0.3,1.890578477862681,13.936755243718368
BEL,Long-Term,NEUTRAL,2025-01-31,,73.7,stop_loss,-10.924146265760193,2,295.95001220703125,336.2,263.62,13.600265630268638,10.924146265760193,3.3066454433082337,252.6999969482422,294.20001220703125,340.5,0.5466666666666666,0.6,1.0,,,1.0,,0.15,1.0,0.3,-0.5913160763027071,15.05321370346959
BEL,Long-Term,NEUTRAL,2025-02-05,,63.1,stop_loss,-11.808275052981976,6,288.95001220703125,340.13,254.83,17.71240201793054,11.808275052981976,3.9363517448076166,252.6999969482422,299.6000061035156,340.5,0.5466666666666666,0.6,1.0,,,0.3266666666666667,,0.15,0.7,1.0,3.685756513778483,17.840451848132624
BEL,Long-Term,BULLISH,2025-03-20,,63.1,stop_loss,-10.441860465116282,17,301.0,338.27,269.57,12.382059800664447,10.441860465116282,3.083536492064108,240.25,297.7799987792969,340.5,0.8533333333333334,0.6,0.6,,,0.8866666666666667,,0.15,0.7,0.3,-1.0697678474096761,13.122923588039868
BEL,Long-Term,HIGH_VOLATILITY,2025-04-22,,60.7,target1,12.316751683484783,21,305.6000061035156,343.24,276.76,12.316751683484783,9.43717458361133,2.9218246579628833,256.20001220703125,306.5799865722656,340.5,0.3,0.6,1.0,,,0.88,,0.15,0.7,0.3,0.3206742307518319,11.420154842753089
BEL,Long-Term,HIGH_VOLATILITY,2025-05-15,,68.1,target1,0.8276433009013262,0,351.6000061035156,354.51,319.95,0.8276433009013262,9.001708064304603,2.896434651629373,291.1499938964844,351.0,351.0,0.3,0.6,0.5,,,1.0,,0.01,1.0,1.0,-0.17065019712740717,-0.17065019712740717
BEL,Long-Term,STRONG_BULLISH,2025-05-19,,78.9,target1,2.122362272077516,1,369.3999938964844,377.24,330.86,2.122362272077516,10.433133333316801,3.013744398055619,293.70001220703125,373.5,373.5,1.0,0.6,0.5,,,1.0,,0.04,1.0,1.0,1.109909629469175,1.109909629469175
BEL,Long-Term,STRONG_BULLISH,2025-05-22,,78.7,target1,0.37774794464127126,5,389.1499938964844,390.62,349.1,0.37774794464127126,10.29165990611266,2.9822076516162066,293.70001220703125,386.75,386.75,1.0,0.6,0.5,,,1.0,,0.02,1.0,1.0,-0.6167272090778405,-0.6167272090778405
BEL,Long-Term,STRONG_BULLISH,2025-05-29,,78.8,target1,2.7507788373370534,11,386.79998779296875,397.44,356.2,2.7507788373370534,7.91106224371112,2.636783035935519,304.79998779296875,393.5,393.5,1.0,0.6,0.5,,,1.0,,0.03,1.0,1.0,1.7321645342495129,1.7321645342495129
BEL,Long-Term,STRONG_BULLISH,2025-06-11,,71.5,target1,3.3273962864581286,5,392.79998779296875,405.87,367.31,3.3273962864581286,6.48930462961308,2.170961810536323,340.79998779296875,401.8500061035156,401.8500061035156,1.0,0.6,0.0,,,1.0,,0.05,1.0,1.0,2.3039762199068154,2.3039762199068154
BEL,Long-Term,STRONG_BULLISH,2025-06-20,,64.2,target1,0.754257907542577,0,411.0,414.1,380.2,0.754257907542577,7.493917274939177,2.2905594843467267,378.5,410.0,410.0,1.0,0.6,0.0,,,1.0,,0.02,1.0,0.3,-0.24330900243309003,-0.24330900243309003
BEL,Long-Term,STRONG_BULLISH,2025-06-24,,64.4,target1,2.488701525298076,6,420.29998779296875,430.76,389.03,2.488701525298076,7.4399211756274735,2.347187791289577,379.5,426.5,426.5,1.0,0.6,0.0,,,1.0,,0.04,1.0,0.3,1.4751397542474474,1.4751397542474474
BEL,Long-Term,STRONG_BULLISH,2025-07-02,,73.4,stop_loss,-7.271454598878302,15,427.70001220703125,440.36,396.6,2.9600157661067827,7.271454598878302,2.3694608121603027,379.5,436.0,436.0,1.0,0.6,0.6,,,1.0,,0.04,1.0,0.3,1.9406096694126538,1.9406096694126538
BEL,Long-Term,NEUTRAL,2025-07-21,,66.2,stop_loss,-7.2382133995037234,29,403.0,439.13,373.83,8.965260545905696,7.2382133995037234,2.17687129663335,391.1000061035156,436.0,436.0,0.5466666666666666,0.6,0.5,,,1.0,,0.15,1.0,0.3,8.188585607940446,8.188585607940446
BEL,Long-Term,BULLISH,2025-09-10,,61.0,target1,8.662729303838134,43,389.6000061035156,423.35,364.52,8.662729303838134,6.437373129006563,2.0214361103904426,361.20001220703125,389.8999938964844,436.0,0.8533333333333334,0.6,1.0,,,0.1,,0.15,0.848,0.3,0.07699891896024358,11.909649170836005
BEL,Long-Term,STRONG_BULLISH,2025-10-27,,76.1,stop_loss,-5.866120083744686,41,416.79998779296875,440.36,392.35,5.65259426512601,5.866120083744686,1.830780244879467,394.3999938964844,425.0,436.0,1.0,0.6,1.0,,,0.7333333333333333,,0.11000000000000001,1.0,0.3,1.9673734278284882,4.606528975372284
BEL,Long-Term,STRONG_BULLISH,2025-12-22,,63.8,target1,8.689223057644124,36,399.0,433.67,375.81,8.689223057644124,5.812030075187968,1.9337032379944843,380.45001220703125,419.20001220703125,436.0,1.0,0.6,1.0,,,0.14,,0.15,0.848,0.3,5.062659701010339,9.273182957393484
BEL,Long-Term,HIGH_VOLATILITY,2026-01-29,,70.0,target1,3.406063262525394,34,446.8500061035156,462.07,408.76,3.406063262525394,8.524114486571555,2.680094955358054,394.6000061035156,457.5,457.5,0.3,0.6,0.6,,,1.0,,0.05,1.0,1.0,2.3833487190368836,2.3833487190368836
BEL,Long-Term,HIGH_VOLATILITY,2026-03-06,,62.8,stop_loss,-8.217021276595748,7,470.0,478.18,431.38,1.740425531914891,8.217021276595748,2.63744203726858,425.54998779296875,473.45001220703125,473.45001220703125,0.3,0.6,0.6,,,1.0,,0.03,1.0,0.3,0.7340451504321809,0.7340451504321809
BEL,Long-Term,HIGH_VOLATILITY,2026-03-17,,62.0,stop_loss,-10.335618126694147,12,445.45001220703125,478.18,399.41,7.347623054448782,10.335618126694147,3.0301785971695505,422.25,473.45001220703125,473.45001220703125,0.3,0.6,0.5,,,1.0,,0.1,1.0,0.3,6.285778254056142,6.285778254056142
BEL,Long-Term,HIGH_VOLATILITY,2026-04-02,,65.5,time_exit,0.8412293348267097,91,422.0,478.18,378.18,13.31279620853081,10.383886255924168,3.4326186839956043,399.3500061035156,473.45001220703125,473.45001220703125,0.3,0.6,0.5,,,1.0,,0.13,0.848,1.0,12.191946020623519,12.191946020623519
BHARTIARTL,Long-Term,STRONG_BULLISH,2024-07-09,,79.6,target1,7.675919500346984,49,1441.0,1551.61,1326.67,7.675919500346984,7.9340735600277545,2.528114618410365,1372.8499755859375,1536.25,1536.25,1.0,0.6,0.5,,,1.0,,0.11000000000000001,1.0,1.0,6.60999306037474,6.60999306037474
BHARTIARTL,Long-Term,STRONG_BULLISH,2024-08-29,,72.4,target1,0.7246192893401115,0,1576.0,1587.42,1473.13,0.7246192893401115,6.5272842639593875,1.9747293849743337,1422.5999755859375,1571.699951171875,1571.699951171875,1.0,0.6,0.6,,,0.9466666666666667,,0.02,1.0,0.3,-0.27284573782519034,-0.27284573782519034
BHARTIARTL,Long-Term,STRONG_BULLISH,2024-09-02,,73.5,target1,2.8803039898670058,9,1579.0,1624.48,1473.59,2.8803039898670058,6.675744141861939,2.073891809111681,1422.5999755859375,1608.4000244140625,1608.4000244140625,1.0,0.6,0.6,,,1.0,,0.05,1.0,0.3,1.8619394815745725,1.8619394815745725
BHARTIARTL,Long-Term,STRONG_BULLISH,2024-09-13,,73.4,target1,2.263761505918027,3,1634.449951171875,1671.45,1536.35,2.263761505918027,6.002016219679229,2.000678387663791,1446.5,1654.9000244140625,1654.9000244140625,1.0,0.6,0.6,,,1.0,,0.04,1.0,0.3,1.251189932584055,1.251189932584055
BHARTIARTL,Long-Term,STRONG_BULLISH,2024-09-20,,78.8,target1,1.2582897033158957,0,1719.0,1740.63,1605.59,1.2582897033158957,6.597440372309482,2.067362734226127,1502.0,1723.4000244140625,1723.4000244140625,1.0,0.6,0.5,,,1.0,,0.03,1.0,1.0,0.25596418929973824,0.25596418929973824
BHARTIARTL,Long-Term,STRONG_BULLISH,2024-09-24,,78.8,stop_loss,-5.895021272518397,9,1755.550048828125,1785.23,1652.06,1.6906354331331697,5.895021272518397,1.9846991697863654,1521.6500244140625,1767.550048828125,1767.550048828125,1.0,0.6,0.5,,,1.0,,0.03,1.0,1.0,0.6835464479073273,0.6835464479073273
BHARTIARTL,Long-Term,BEARISH,2024-10-07,,68.6,stop_loss,-6.376757917885434,34,1662.5999755859375,1796.79,1556.58,8.071095055006893,6.376757917885434,2.1153152093864693,1523.25,1779.0,1779.0,0.2533333333333333,0.6,0.5,,,1.0,,0.13,1.0,1.0,7.001084212878117,7.001084212878117
BHARTIARTL,Long-Term,HIGH_VOLATILITY,2024-11-25,,65.8,time_exit,3.2327059379913425,91,1590.0,1744.49,1468.26,9.71635220125786,7.656603773584902,2.332860205126938,1511.0,1684.75,1779.0,0.3,0.6,1.0,,,0.9733333333333333,,0.15,0.848,0.3,5.959119496855346,11.88679245283019
BHARTIARTL,Long-Term,STRONG_BEARISH,2025-02-27,,64.9,target1,9.430253870869464,46,1641.949951171875,1796.79,1543.46,9.430253870869464,5.99835281834149,2.1598733885655563,1574.25,1728.4000244140625,1779.0,0.0,0.6,0.5,,,1.0,,0.13999999999999999,1.0,1.0,5.265085770762213,8.346786010761845
BHARTIARTL,Long-Term,HIGH_VOLATILITY,2025-04-16,,69.7,target1,0.5872410032715436,0,1834.0,1844.77,1690.2,0.5872410032715436,7.840785169029441,2.4214864467223935,1612.199951171875,1826.5,1826.5,0.3,0.6,0.6,,,1.0,,0.02,1.0,1.0,-0.4089422028353326,-0.4089422028353326
BHARTIARTL,Long-Term,HIGH_VOLATILITY,2025-04-21,,69.8,target1,1.8718220338983071,59,1888.0,1923.34,1746.64,1.8718220338983071,7.487288135593218,2.420380780241791,1627.5,1904.300048828125,1904.300048828125,0.3,0.6,0.6,,,1.0,,0.03,1.0,1.0,0.8633500438625529,0.8633500438625529
BHARTIARTL,Long-Term,STRONG_BULLISH,2025-06-23,,73.3,target1,0.9016338800457158,1,1950.9000244140625,1968.49,1839.64,0.9016338800457158,5.703010047758772,1.6639263772527644,1815.0,1949.0,1949.0,1.0,0.6,0.6,,,1.0,,0.03,1.0,0.3,-0.09739219797453011,-0.09739219797453011
BHARTIARTL,Long-Term,STRONG_BULLISH,2025-06-26,,71.7,target1,1.4218905472636711,0,2010.0,2038.58,1912.09,1.4218905472636711,4.871144278606964,1.6913868322027614,1815.0,2018.4000244140625,2018.4000244140625,1.0,0.6,0.5,,,1.0,,0.02,1.0,0.3,0.41791166239116917,0.41791166239116917
BHARTIARTL,Long-Term,STRONG_BULLISH,2025-06-30,,73.5,stop_loss,-4.944748631159779,13,2009.0,2059.39,1909.66,2.508213041314078,4.944748631159779,1.6577479416396055,1815.0,2039.0,2039.0,1.0,0.6,0.6,,,1.0,,0.05,1.0,0.3,1.4932802389248383,1.4932802389248383
BHARTIARTL,Long-Term,NEUTRAL,2025-07-23,,62.9,stop_loss,-4.956273608811069,18,1943.800048828125,2066.26,1847.46,6.300028197123653,4.956273608811069,1.652163501636992,1883.0,2045.800048828125,2045.800048828125,0.5466666666666666,0.6,0.5,,,0.7933333333333333,,0.13,1.0,0.3,5.247453309896437,5.247453309896437
BHARTIARTL,Long-Term,NEUTRAL,2025-08-18,,66.7,target1,7.256326662754531,62,1901.0999755859375,2039.05,1794.47,7.256326662754531,5.608856817384,1.7233716132183108,1845.699951171875,1970.4000244140625,2045.800048828125,0.5466666666666666,0.6,0.5,,,0.8200000000000001,,0.15,0.848,1.0,3.6452606237484195,7.611386833961192
BHARTIARTL,Long-Term,STRONG_BULLISH,2025-10-21,,69.4,target1,0.7359900370652817,4,2063.89990234375,2079.09,1950.65,0.7359900370652817,5.487179984607982,1.5146201821898417,1848.0999755859375,2058.5,2058.5,1.0,0.6,0.6,,,0.7333333333333333,,0.04,1.0,0.3,-0.26163586410454837,-0.26163586410454837
BHARTIARTL,Long-Term,STRONG_BULLISH,2025-10-28,,71.5,target1,1.9505520883341454,6,2083.0,2123.63,1985.97,1.9505520883341454,4.658185309649543,1.662185251510679,1848.0999755859375,2102.60009765625,2102.60009765625,1.0,0.6,0.6,,,0.88,,0.03,1.0,0.3,0.9409552403384541,0.9409552403384541
BHARTIARTL,Long-Term,NEUTRAL,2025-11-06,,72.8,target1,5.320312500000002,11,2048.0,2156.96,1985.67,5.320312500000002,3.0434570312499964,1.7380798101148855,1927.5999755859375,2135.60009765625,2135.60009765625,0.5466666666666666,0.6,1.0,,,1.0,,0.06,1.0,0.3,4.277348518371582,4.277348518371582
BHARTIARTL,Long-Term,STRONG_BULLISH,2025-11-19,,80.2,stop_loss,-4.845111370800048,21,2153.10009765625,2187.86,2048.78,1.6144118139973074,4.845111370800048,1.7134786301885232,1992.199951171875,2166.199951171875,2166.199951171875,1.0,0.6,0.6,,,1.0,,0.02,1.0,1.0,0.6084182305265232,0.6084182305265232
BHARTIARTL,Long-Term,BULLISH,2025-12-12,,69.2,stop_loss,-4.170817524911163,36,2070.10009765625,2196.24,1983.76,6.0934204334642805,4.170817524911163,1.5941123333918308,2038.0,2174.5,2174.5,0.8533333333333334,0.6,0.5,,,0.92,,0.11000000000000001,1.0,0.3,5.043229670968602,5.043229670968602
BHARTIARTL,Long-Term,HIGH_VOLATILITY,2026-02-09,,61.7,stop_loss,-6.511695906432746,15,2052.0,2196.24,1918.38,7.029239766081852,6.511695906432746,1.9596044270555828,1925.5999755859375,2055.199951171875,2174.5,0.3,0.6,1.0,,,0.24666666666666667,,0.13,0.848,1.0,0.15594303956505848,5.969785575048733
CIPLA,Long-Term,STRONG_BULLISH,2024-07-09,^CNXPHARMA,63.5,target1,5.668938945709989,16,1512.0999755859375,1597.82,1424.23,5.668938945709989,5.81112208218163,1.935926668859424,1465.300048828125,1582.0,1582.0,1.0,1.0,0.5,,,0.13333333333333333,,0.1,1.0,0.3,4.622711827435636,4.622711827435636
CIPLA,Long-Term,STRONG_BULLISH,2024-07-29,^CNXPHARMA,77.8,target1,3.9897039897039965,28,1554.0,1616.0,1452.06,3.9897039897039965,6.559845559845567,2.185691534035363,1467.0,1600.0,1600.0,1.0,1.0,1.0,,,0.6133333333333333,,0.06,1.0,0.3,2.9601029601029603,2.9601029601029603
CIPLA,Long-Term,STRONG_BULLISH,2024-08-28,^CNXPHARMA,70.7,target1,1.4981504315659588,1,1622.0,1646.3,1529.62,1.4981504315659588,5.695437731196062,1.8245663385811781,1472.0,1630.0,1630.0,1.0,1.0,0.6,,,0.56,,0.03,1.0,0.3,0.4932182490752158,0.4932182490752158
CIPLA,Long-Term,STRONG_BULLISH,2024-09-02,^CNXPHARMA,67.4,target1,3.3542231810424594,36,1643.300048828125,1698.42,1551.4,3.3542231810424594,5.592408330643018,1.9280997892630107,1472.0,1681.5999755859375,1681.5999755859375,1.0,1.0,0.6,,,0.3266666666666667,,0.05,1.0,0.3,2.3306715523513226,2.3306715523513226
CIPLA,Long-Term,BEARISH,2024-10-10,^CNXPHARMA,61.1,stop_loss,-6.608200312044666,12,1602.0999755859375,1719.07,1496.23,7.30104401701166,6.608200312044666,2.5258744549441237,1577.300048828125,1702.050048828125,1702.050048828125,0.2533333333333333,0.6,0.5,,,1.0,,0.08,1.0,0.3,6.238691390381719,6.238691390381719
CIPLA,Long-Term,STRONG_BEARISH,2024-11-01,^CNXPHARMA,61.3,stop_loss,-10.318813131313131,79,1584.0,1719.07,1420.55,8.527146464646451,10.318813131313131,2.9710290102997705,1403.0,1702.050048828125,1702.050048828125,0.0,0.6,1.0,,,0.5333333333333333,,0.11000000000000001,0.848,1.0,7.452654597735164,7.452654597735164
CIPLA,Long-Term,NEUTRAL,2025-03-19,^CNXPHARMA,60.2,stop_loss,-5.7133346460310985,15,1499.6500244140625,1626.93,1413.97,8.48731194037542,5.7133346460310985,1.8940728284933372,1389.300048828125,1515.0,1702.050048828125,0.5466666666666666,1.0,1.0,,,1.0,,0.15,0.3,0.3,1.023570522191335,13.496483920849697
CIPLA,Long-Term,HIGH_VOLATILITY,2025-04-22,^CNXPHARMA,62.1,time_exit,-3.8812785388127824,91,1533.0,1705.97,1409.69,11.283105022831052,8.043705153294189,2.5849779404975397,1335.0,1535.0,1702.050048828125,0.3,1.0,1.0,,,0.7066666666666667,,0.15,0.7,0.3,0.1304631441617743,11.027400445409329
CIPLA,Long-Term,BEARISH,2025-07-25,^CNXPHARMA,64.6,target1,6.877760977576353,85,1541.199951171875,1647.2,1456.04,6.877760977576353,5.52556150207002,1.6631814376658338,1454.5,1553.699951171875,1702.050048828125,0.2533333333333333,1.0,1.0,,,0.42,,0.15,1.0,0.3,0.8110563454466394,10.436679389585054
CIPLA,Long-Term,STRONG_BULLISH,2025-10-23,^CNXPHARMA,74.6,stop_loss,-4.256352016804255,6,1625.0999755859375,1689.73,1555.93,3.9769875936869648,4.256352016804255,1.8067099755833296,1475.199951171875,1673.0,1673.0,1.0,1.0,0.6,,,0.8066666666666666,,0.05,1.0,0.3,2.947512468996987,2.947512468996987
CIPLA,Long-Term,STRONG_BULLISH,2025-11-13,^CNXPHARMA,61.2,stop_loss,-5.363810537987979,59,1526.9000244140625,1647.01,1445.0,7.866263256628669,5.363810537987979,1.7652822655441263,1490.300048828125,1673.0,1673.0,1.0,0.6,0.5,,,0.0,,0.15,0.848,1.0,9.568404823492118,9.568404823492118
CIPLA,Long-Term,NEUTRAL,2026-04-27,^CNXPHARMA,62.0,target1,10.119300911854111,56,1316.0,1449.17,1229.22,10.119300911854111,6.59422492401216,2.226524567810288,1165.699951171875,1320.699951171875,1673.0,0.5466666666666666,1.0,1.0,,,0.9,,0.15,0.152,1.0,0.35713914679901215,27.127659574468083
COALINDIA,Long-Term,STRONG_BULLISH,2024-07-09,^CNXMETAL,79.1,target1,7.87161060508732,22,493.79998779296875,532.67,458.37,7.87161060508732,7.174967328638971,2.391761905557346,461.5,496.95001220703125,527.4000244140625,1.0,0.6,1.0,,,0.9333333333333333,,0.11000000000000001,1.0,0.3,0.6379150449439022,6.804381824970994
COALINDIA,Long-Term,STRONG_BULLISH,2024-08-02,^CNXMETAL,73.8,stop_loss,-7.114563106796112,35,515.0,547.67,478.36,6.343689320388335,7.114563106796112,2.9320868900239843,464.54998779296875,542.25,542.25,1.0,0.15,1.0,,,0.92,,0.05,1.0,0.3,5.29126213592233,5.29126213592233
COALINDIA,Long-Term,STRONG_BULLISH,2024-09-23,^CNXMETAL,60.5,stop_loss,-8.33465346534653,29,505.0,548.99,462.91,8.71089108910892,8.33465346534653,2.5093276101845445,476.25,541.7000122070312,543.5499877929688,1.0,0.6,0.5,,,0.43333333333333335,,0.13,0.848,0.3,7.267329149907178,7.633660949102723
COALINDIA,Long-Term,BULLISH,2025-03-25,^CNXMETAL,61.1,stop_loss,-7.55332496863238,12,398.5,443.16,368.4,11.207026348808036,7.55332496863238,2.502597132357635,352.3999938964844,411.79998779296875,543.5499877929688,0.8533333333333334,1.0,1.0,,,1.0,,0.15,0.152,0.3,3.3375126205693224,36.398993172639585
COALINDIA,Long-Term,STRONG_BULLISH,2025-05-16,^CNXMETAL,68.5,stop_loss,-7.372831951478598,73,405.95001220703125,447.97,376.02,10.351025133493263,7.372831951478598,2.3697926456304046,370.29998779296875,409.0,543.5499877929688,1.0,1.0,1.0,,,0.88,,0.15,0.152,1.0,0.7513210250658351,33.895792942053816
COALINDIA,Long-Term,BULLISH,2025-09-10,^CNXMETAL,62.5,stop_loss,-5.07811360508772,56,393.6499938964844,419.25,373.66,6.503240569145663,5.07811360508772,1.551041903891489,368.6499938964844,395.8999938964844,517.8499755859375,0.8533333333333334,1.0,1.0,,,0.4266666666666667,,0.15,0.552,0.3,0.5715737418737692,31.550865899953045
COALINDIA,Long-Term,STRONG_BULLISH,2025-11-12,^CNXMETAL,61.2,target1,7.190168175937917,50,386.5,414.29,367.97,7.190168175937917,4.794307891332461,1.5976939187733203,371.5,399.29998779296875,440.3500061035156,1.0,0.6,0.5,,,0.0,,0.15,0.848,1.0,3.3117691573010997,13.932731204014392
COALINDIA,Long-Term,STRONG_BULLISH,2026-01-05,^CNXMETAL,75.6,target1,3.2950819672131093,8,427.0,441.07,403.36,3.2950819672131093,5.536299765807962,1.8782159867944188,373.3500061035156,436.70001220703125,436.70001220703125,1.0,1.0,0.5,,,1.0,,0.06,0.7,1.0,2.2716656222555622,2.2716656222555622
COALINDIA,Long-Term,HIGH_VOLATILITY,2026-01-15,^CNXMETAL,74.0,target1,3.290140534784891,13,432.20001220703125,446.42,405.71,3.290140534784891,6.129109546239919,2.0432598202694665,382.8500061035156,442.0,442.0,0.3,1.0,0.6,,,1.0,,0.05,1.0,1.0,2.2674658760246373,2.2674658760246373
COALINDIA,Long-Term,HIGH_VOLATILITY,2026-01-30,^CNXMETAL,80.2,target1,11.257756563245835,38,419.0,466.17,406.33,11.257756563245835,3.0238663484486894,2.6033244536695648,401.0,461.54998779296875,461.54998779296875,0.3,1.0,1.0,,,1.0,,0.06999999999999999,1.0,1.0,10.155128351543855,10.155128351543855
COALINDIA,Long-Term,HIGH_VOLATILITY,2026-03-13,^CNXMETAL,65.3,stop_loss,-8.306209850107072,25,467.0,480.76,428.21,2.9464668094218327,8.306209850107072,2.768514075069346,406.6000061035156,476.0,476.0,0.3,0.15,0.6,,,1.0,,0.03,1.0,1.0,1.9271948608137044,1.9271948608137044
COALINDIA,Long-Term,NEUTRAL,2026-04-17,^CNXMETAL,69.0,target1,9.612401575419494,9,438.6000061035156,480.76,400.19,9.612401575419494,8.75741121044361,2.9298395547785367,427.5,472.3999938964844,476.0,0.5466666666666666,0.6,0.5,,,1.0,,0.11000000000000001,0.848,1.0,7.70633545887172,8.527130272692578
COALINDIA,Long-Term,NEUTRAL,2026-04-30,^CNXMETAL,77.6,stop_loss,-7.903211391065279,26,481.45001220703125,496.16,443.4,3.055351006335272,7.903211391065279,2.6342534195479996,427.5,491.25,491.25,0.5466666666666666,1.0,0.6,,,1.0,,0.04,1.0,1.0,2.0355151198447987,2.0355151198447987
COALINDIA,Long-Term,BULLISH,2026-05-28,^CNXMETAL,74.2,stop_loss,-7.3131388849080325,39,458.8999938964844,496.16,425.34,8.119417432792675,7.3131388849080325,2.714921510828292,428.3999938964844,487.0,491.25,0.8533333333333334,1.0,0.5,,,1.0,,0.09,1.0,0.3,6.123339829430078,7.04946753841381
DRREDDY,Long-Term,STRONG_BULLISH,2024-07-09,^CNXPHARMA,73.4,target1,1.3149270107924993,2,1314.9000244140625,1332.19,1238.62,1.3149270107924993,5.8012033613014875,1.973450769939452,1177.5999755859375,1319.0,1319.0,1.0,1.0,0.5,,,0.38,,0.02,1.0,1.0,0.31180892157671874,0.31180892157671874
DRREDDY,Long-Term,STRONG_BULLISH,2024-07-15,^CNXPHARMA,70.3,target1,2.86762550356634,10,1351.989990234375,1390.76,1278.62,2.86762550356634,5.426814603979135,1.9703528972523445,1177.5999755859375,1376.989990234375,1376.989990234375,1.0,1.0,0.5,,,0.6266666666666667,,0.04,1.0,0.3,1.8491261163602335,1.8491261163602335
DRREDDY,Long-Term,STRONG_BULLISH,2024-07-29,^CNXPHARMA,70.5,target1,2.7844931711566767,22,1369.010009765625,1407.13,1280.82,2.7844931711566767,6.44188202690521,2.1245716709401075,1256.8499755859375,1393.199951171875,1393.199951171875,1.0,1.0,0.6,,,0.5399999999999999,,0.04,1.0,0.3,1.766965999787783,1.766965999787783
DRREDDY,Long-Term,STRONG_BULLISH,2024-08-22,^CNXPHARMA,76.0,stop_loss,-5.724333071640208,26,1395.969970703125,1435.7,1316.06,2.8460518586129524,5.724333071640208,1.859491279515797,1347.0,1421.489990234375,1421.489990234375,1.0,1.0,0.5,,,1.0,,0.05,1.0,0.3,1.8281209529454292,1.8281209529454292
DRREDDY,Long-Term,STRONG_BULLISH,2024-09-24,^CNXPHARMA,62.5,stop_loss,-5.068920187793424,34,1331.25,1429.52,1263.77,7.381784037558692,5.068920187793424,1.66160586394937,1296.5,1414.989990234375,1421.489990234375,1.0,0.6,0.5,,,0.08666666666666667,,0.15,0.848,1.0,6.290327904929577,6.778590815727699
DRREDDY,Long-Term,BEARISH,2024-12-19,^CNXPHARMA,66.5,stop_loss,-6.753393665158369,35,1326.0,1435.7,1236.45,8.273001508295618,6.753393665158369,2.2417513402797007,1188.449951171875,1331.3499755859375,1421.489990234375,0.2533333333333333,1.0,0.6,,,1.0,,0.12,0.7,1.0,0.4034672387584841,7.2013567295908745
DRREDDY,Long-Term,STRONG_BULLISH,2025-06-05,^CNXPHARMA,63.7,stop_loss,-6.352403454313748,60,1295.0999755859375,1407.25,1212.83,8.659565016463144,6.352403454313748,2.0085042563377007,1138.5,1303.4000244140625,1421.489990234375,1.0,0.6,0.5,,,0.88,,0.15,0.7,0.3,0.6408809346452067,9.759093277046455
DRREDDY,Long-Term,NEUTRAL,2025-08-18,^CNXPHARMA,66.2,stop_loss,-6.155186064924778,72,1263.0,1378.86,1185.26,9.173396674584321,6.155186064924778,2.0442360826006847,1183.4000244140625,1302.0,1421.489990234375,0.5466666666666666,0.6,1.0,,,0.7533333333333334,,0.15,0.848,0.3,3.0878859857482186,12.548692813489707
DRREDDY,Long-Term,STRONG_BULLISH,2025-11-13,^CNXPHARMA,68.7,stop_loss,-5.572373210229964,66,1235.199951171875,1337.69,1166.37,8.297445990901252,5.572373210229964,1.8497732128378124,1180.9000244140625,1303.5999755859375,1405.9000244140625,1.0,0.6,1.0,,,0.0,,0.15,0.848,1.0,5.53756696226948,13.81963082821034
DRREDDY,Long-Term,HIGH_VOLATILITY,2026-02-09,^CNXPHARMA,70.8,stop_loss,-7.204847537138392,51,1279.0,1393.5,1186.85,8.952306489444872,7.204847537138392,2.316782188928471,1148.4000244140625,1278.800048828125,1379.699951171875,0.3,1.0,1.0,,,0.8333333333333334,,0.13,0.7,1.0,-0.015633398895621577,7.873334728059031
DRREDDY,Long-Term,NEUTRAL,2026-04-20,^CNXPHARMA,66.9,target1,11.956841419212495,69,1232.5999755859375,1379.98,1134.35,11.956841419212495,7.970953880575305,2.656996815434716,1167.5,1309.0,1379.699951171875,0.5466666666666666,0.6,1.0,,,1.0,,0.15,0.44799999999999995,1.0,6.198282161878548,11.934121247731731
EICHERMOT,Long-Term,STRONG_BULLISH,2024-07-09,^CNXAUTO,76.2,target1,3.7951259809995808,16,4842.0,5025.76,4534.5,3.7951259809995808,6.350681536555147,2.0309363865259935,4592.89990234375,4976.0,4976.0,1.0,1.0,0.5,,,1.0,,0.06999999999999999,1.0,0.3,2.7674514663362246,2.7674514663362246
EICHERMOT,Long-Term,STRONG_BULLISH,2024-07-29,^CNXAUTO,73.0,stop_loss,-6.409628533172496,6,4950.0498046875,5109.49,4632.77,3.2209816386395973,6.409628533172496,2.213266156982175,4592.89990234375,5058.89990234375,5058.89990234375,1.0,1.0,1.0,,,0.30666666666666664,,0.04,1.0,0.3,2.198969746792715,2.198969746792715
EICHERMOT,Long-Term,BULLISH,2024-08-16,^CNXAUTO,62.1,time_exit,0.5703362694667868,91,4848.0,5109.49,4471.35,5.3937706270626995,7.769183168316829,2.3983068538485925,4548.0,5058.89990234375,5058.89990234375,0.8533333333333334,0.6,0.5,,,0.0,,0.08,1.0,1.0,4.350245510390883,4.350245510390883
EICHERMOT,Long-Term,HIGH_VOLATILITY,2024-11-19,^CNXAUTO,71.5,target1,5.434231149954671,42,4890.2998046875,5156.05,4558.16,5.434231149954671,6.7918086406304585,2.734147387098131,4508.75,5015.0,5105.0,0.3,0.15,1.0,,,1.0,,0.05,1.0,1.0,2.549949906812893,4.390327871242237
EICHERMOT,Long-Term,BEARISH,2025-01-03,^CNXAUTO,64.6,stop_loss,-7.021230522995814,7,5310.75,5439.56,4937.87,2.425457797862829,7.021230522995814,2.3404150724718265,4673.60009765625,5385.7001953125,5385.7001953125,0.2533333333333333,1.0,0.5,,,1.0,,0.03,1.0,0.3,1.4112921021042226,1.4112921021042226
EICHERMOT,Long-Term,STRONG_BEARISH,2025-01-27,^CNXAUTO,67.4,target1,5.417829457364354,6,5160.0,5439.56,4800.54,5.417829457364354,6.966279069767445,2.228644749216418,4742.4501953125,5385.7001953125,5385.7001953125,0.0,0.15,1.0,,,1.0,,0.09,1.0,1.0,4.374034792877906,4.374034792877906
EICHERMOT,Long-Term,NEUTRAL,2025-02-04,^CNXAUTO,70.7,stop_loss,-7.232844036697239,6,5450.0,5631.26,5055.81,3.3258715596330424,7.232844036697239,2.411511721633721,4925.60009765625,5575.5,5575.5,0.5466666666666666,1.0,0.6,,,1.0,,0.05,1.0,0.3,2.302752293577982,2.302752293577982
EICHERMOT,Long-Term,STRONG_BEARISH,2025-02-21,^CNXAUTO,61.2,target1,13.062601296596444,51,4936.0,5580.77,4550.24,13.062601296596444,7.815235008103727,2.768874229326269,4646.0,5575.5,5575.5,0.0,0.6,0.5,,,1.0,,0.15,0.848,1.0,12.95583468395462,12.95583468395462
EICHERMOT,Long-Term,HIGH_VOLATILITY,2025-04-17,^CNXAUTO,66.7,target1,1.3545781757527742,0,5695.5,5772.65,5253.77,1.3545781757527742,7.755772100781311,2.4931919449167084,4999.9501953125,5715.5,5715.5,0.3,1.0,0.6,,,1.0,,0.02,1.0,0.3,0.35115442015626375,0.35115442015626375
EICHERMOT,Long-Term,HIGH_VOLATILITY,2025-04-22,^CNXAUTO,66.9,stop_loss,-7.666263603385737,15,5789.0,5965.56,5345.2,3.0499222663672443,7.666263603385737,2.5288205214299926,4999.9501953125,5906.5,5906.5,0.3,1.0,0.6,,,1.0,,0.04,1.0,0.3,2.029711521851788,2.029711521851788
EICHERMOT,Long-Term,HIGH_VOLATILITY,2025-05-15,^CNXAUTO,67.5,time_exit,7.412790697674421,94,5504.0,5965.56,5019.97,8.385901162790699,8.794149709302324,2.7200376036493723,5260.5,5906.5,5906.5,0.3,1.0,0.5,,,0.6266666666666667,,0.11000000000000001,1.0,1.0,7.312863372093023,7.312863372093023
EICHERMOT,Long-Term,NEUTRAL,2025-08-19,^CNXAUTO,77.7,target1,2.0244802146210494,6,5964.0,6084.74,5625.76,2.0244802146210494,5.671361502347416,1.755410362348318,5353.0,6024.5,6024.5,0.5466666666666666,1.0,0.6,,,1.0,,0.05,1.0,1.0,1.0144198524480215,1.0144198524480215
EICHERMOT,Long-Term,STRONG_BEARISH,2025-08-28,^CNXAUTO,68.1,target1,2.979183607090574,4,6149.0,6332.19,5791.97,2.979183607090574,5.806309969100665,1.8535168778948945,5386.5,6269.5,6269.5,0.0,1.0,0.5,,,1.0,,0.06,1.0,1.0,1.9596682387380062,1.9596682387380062
EICHERMOT,Long-Term,NEUTRAL,2025-09-03,^CNXAUTO,75.9,target1,-3.5593423019432024,0,6690.0,6451.88,6025.08,-3.5593423019432024,9.939013452914802,1.8123571832931717,5584.5,6388.0,6388.0,0.5466666666666666,1.0,0.5,,,1.0,,0.02,1.0,1.0,-4.514200298953662,-4.514200298953662
EICHERMOT,Long-Term,NEUTRAL,2025-09-05,^CNXAUTO,76.2,target1,3.190472566775737,0,6570.5,6780.13,6176.67,3.190472566775737,5.993912183243289,2.045597235397536,5588.0,6713.0,6713.0,0.5466666666666666,1.0,0.5,,,1.0,,0.05,1.0,1.0,2.1687847195799406,2.1687847195799406
EICHERMOT,Long-Term,NEUTRAL,2025-09-09,^CNXAUTO,76.0,target1,1.541594202898544,9,6900.0,7006.37,6436.93,1.541594202898544,6.711159420289848,2.121726025843185,5643.0,6937.0,6937.0,0.5466666666666666,1.0,0.5,,,1.0,,0.03,1.0,1.0,0.5362318840579711,0.5362318840579711
EICHERMOT,Long-Term,STRONG_BULLISH,2025-09-22,^CNXAUTO,82.9,target1,1.0431931575195952,0,7015.0,7088.18,6577.13,1.0431931575195952,6.241910192444755,1.7701872589315635,5880.0,7018.0,7018.0,1.0,1.0,0.5,,,1.0,,0.04,1.0,1.0,0.042765502494654314,0.042765502494654314
EICHERMOT,Long-Term,BULLISH,2025-09-24,^CNXAUTO,73.3,target1,2.628290177616077,57,7009.5,7193.73,6629.82,2.628290177616077,5.416648833725657,1.81453122813616,6070.0,7122.5,7122.5,0.8533333333333334,1.0,0.0,,,1.0,,0.05,1.0,1.0,1.6120978671802553,1.6120978671802553
EICHERMOT,Long-Term,STRONG_BULLISH,2025-11-24,^CNXAUTO,84.2,target1,1.36185162223601,31,7258.5,7357.35,6833.64,1.36185162223601,5.853275470138453,1.9510696850160707,6670.0,7284.5,7284.5,1.0,1.0,0.6,,,1.0,,0.02,1.0,1.0,0.35820073017841153,0.35820073017841153
EICHERMOT,Long-Term,NEUTRAL,2025-12-29,^CNXAUTO,62.8,target1,2.4235423542354306,6,7272.0,7448.24,6907.69,2.4235423542354306,5.00976347634764,1.6699322225604027,7013.5,7374.5,7374.5,0.5466666666666666,0.6,1.0,,,0.33999999999999997,,0.05,1.0,0.3,1.4095159515951594,1.4095159515951594
EICHERMOT,Long-Term,STRONG_BULLISH,2026-01-06,^CNXAUTO,77.3,stop_loss,-5.006380433337765,13,7523.0,7644.69,7146.37,1.617572776817755,5.006380433337765,1.6666815137806306,7013.5,7569.0,7569.0,1.0,1.0,0.6,,,1.0,,0.03,1.0,0.3,0.6114581948690682,0.6114581948690682
EICHERMOT,Long-Term,HIGH_VOLATILITY,2026-02-04,^CNXAUTO,65.7,target1,5.482030178326469,6,7290.0,7689.64,6723.83,5.482030178326469,7.766392318244176,2.53599642330672,6738.0,7613.5,7613.5,0.3,1.0,0.5,,,1.0,,0.06999999999999999,1.0,0.3,4.43758573388203,4.43758573388203
EICHERMOT,Long-Term,HIGH_VOLATILITY,2026-02-12,^CNXAUTO,73.7,target1,1.8693670886076097,0,7900.0,8047.68,7356.08,1.8693670886076097,6.885063291139238,2.463060098869487,6738.0,7968.0,7968.0,0.3,1.0,0.6,,,1.0,,0.02,1.0,1.0,0.8607594936708861,0.8607594936708861
EICHERMOT,Long-Term,HIGH_VOLATILITY,2026-02-16,^CNXAUTO,73.8,target1,2.746397694524494,9,7981.0,8200.19,7433.31,2.746397694524494,6.862423255231165,2.4018097393466586,6738.0,8119.0,8119.0,0.3,1.0,0.6,,,1.0,,0.03,1.0,1.0,1.729106628242075,1.729106628242075
EICHERMOT,Long-Term,HIGH_VOLATILITY,2026-02-27,^CNXAUTO,76.0,stop_loss,-4.627820512820513,7,7800.0,8312.3,7439.03,6.567948717948702,4.627820512820513,2.3780196282856645,6738.0,8230.0,8230.0,0.3,0.6,1.0,,,1.0,,0.05,1.0,1.0,5.512820512820513,5.512820512820513
EICHERMOT,Long-Term,HIGH_VOLATILITY,2026-03-10,^CNXAUTO,64.7,stop_loss,-9.094401901241088,2,7574.0,8312.3,6885.19,9.747821494586727,9.094401901241088,2.8807057426186073,7201.0,8230.0,8230.0,0.3,0.15,0.5,,,1.0,,0.12,1.0,1.0,8.661209400580935,8.661209400580935
EICHERMOT,Long-Term,HIGH_VOLATILITY,2026-04-08,^CNXAUTO,69.1,time_exit,2.9942633272701746,91,7147.0,8266.86,6373.76,15.668952007835468,10.819084930740164,3.5396697688264087,6442.0,7574.0,8230.0,0.3,0.6,1.0,,,0.7266666666666667,,0.15,0.848,1.0,5.974534769833497,15.153211137540227
ETERNAL,Long-Term,STRONG_BULLISH,2024-07-09,,68.4,target1,1.4741784037558547,1,213.0,216.14,191.78,1.4741784037558547,9.962441314553994,3.2589036818665824,179.3300018310547,214.0,214.0,1.0,0.6,0.6,,,0.6799999999999999,,0.02,1.0,0.3,0.4694835680751174,0.4694835680751174
ETERNAL,Long-Term,STRONG_BULLISH,2024-07-12,,71.6,target1,0.21333333333333204,0,225.0,225.48,201.58,0.21333333333333204,10.408888888888878,3.129865367991233,184.0500030517578,223.25,223.25,1.0,0.6,0.5,,,1.0,,0.01,1.0,0.3,-0.7777777777777778,-0.7777777777777778
ETERNAL,Long-Term,STRONG_BULLISH,2024-07-16,,79.7,target1,7.609644087256018,14,217.75,234.32,194.36,7.609644087256018,10.741676234213537,3.5454103354624564,189.55999755859375,232.0,232.0,1.0,0.6,1.0,,,1.0,,0.06999999999999999,1.0,0.3,6.544202066590127,6.544202066590127
ETERNAL,Long-Term,STRONG_BULLISH,2024-08-02,,79.1,target1,10.822834645669289,37,254.0,281.49,230.31,10.822834645669289,9.32677165354331,4.069864064266233,204.77000427246094,278.70001220703125,278.70001220703125,1.0,0.6,0.5,,,1.0,,0.06,1.0,1.0,9.724414254736713,9.724414254736713
ETERNAL,Long-Term,STRONG_BULLISH,2024-09-12,,80.2,target1,1.2123357314333338,7,285.3999938964844,288.86,252.49,1.2123357314333338,11.531182410753992,3.688449067277795,240.39999389648438,286.0,286.0,1.0,0.6,0.6,,,1.0,,0.02,1.0,1.0,0.21023339745874325,0.21023339745874325
ETERNAL,Long-Term,STRONG_BULLISH,2024-09-23,,73.1,stop_loss,-10.87919463087249,10,298.0,301.23,265.58,1.0838926174496777,10.87919463087249,3.5268491395298667,240.39999389648438,298.25,298.25,1.0,0.6,0.6,,,1.0,,0.01,1.0,0.3,0.08389261744966443,0.08389261744966443
ETERNAL,Long-Term,BEARISH,2024-10-07,,61.4,target1,13.244360902255647,58,266.0,301.23,235.54,13.244360902255647,11.451127819548878,3.8282131425290813,256.29998779296875,298.25,298.25,0.2533333333333333,0.6,0.5,,,1.0,,0.11000000000000001,1.0,0.3,12.12406015037594,12.12406015037594
ETERNAL,Long-Term,BULLISH,2024-12-06,,71.0,stop_loss,-10.544801745921895,14,304.70001220703125,307.7,272.57,0.984570946104979,10.544801745921895,3.3428196339903993,244.0,304.6499938964844,304.6499938964844,0.8533333333333334,0.6,0.6,,,1.0,,0.02,1.0,0.3,-0.016415591907784233,-0.016415591907784233
ETERNAL,Long-Term,BEARISH,2024-12-24,,60.9,stop_loss,-11.438902894193925,13,276.6000061035156,307.75,244.96,11.261747364107677,11.438902894193925,3.625226673880814,269.1000061035156,304.70001220703125,304.70001220703125,0.2533333333333333,0.6,0.0,,,1.0,,0.11000000000000001,1.0,1.0,10.159076458226611,10.159076458226611
ETERNAL,Long-Term,STRONG_BULLISH,2025-06-05,,66.1,target1,16.269099952682065,46,256.55999755859375,298.3,228.73,16.269099952682065,10.847364290388995,3.615435769474995,221.10000610351562,260.2200012207031,304.70001220703125,1.0,0.6,0.6,,,0.7200000000000001,,0.15,0.552,1.0,1.4265683259033768,18.763647921162445
ETERNAL,Long-Term,NEUTRAL,2025-07-23,,65.1,target1,4.006617038875104,0,302.25,314.36,274.18,4.006617038875104,9.28701406120761,3.0759270227447235,256.20001220703125,311.25,311.25,0.5466666666666666,0.6,0.5,,,1.0,,0.04,1.0,0.3,2.977667493796526,2.977667493796526
ETERNAL,Long-Term,BEARISH,2025-07-25,,60.5,target1,2.448387096774196,17,310.0,317.59,282.36,2.448387096774196,8.916129032258057,3.0260692891603718,256.20001220703125,314.45001220703125,314.45001220703125,0.2533333333333333,0.6,0.5,,,1.0,,0.02,1.0,0.3,1.435487808719758,1.435487808719758
ETERNAL,Long-Term,NEUTRAL,2025-08-18,,64.7,target1,3.298578199052127,1,316.5,326.94,289.06,3.298578199052127,8.669826224328592,2.73562705903521,256.6499938964844,323.70001220703125,323.70001220703125,0.5466666666666666,0.6,0.0,,,1.0,,0.05,1.0,1.0,2.2748853734695893,2.2748853734695893
ETERNAL,Long-Term,BULLISH,2025-08-21,,71.3,target1,3.996274920714038,27,321.79998779296875,334.66,295.85,3.996274920714038,8.064011428634288,2.688461215497301,288.3999938964844,331.3500061035156,331.3500061035156,0.8533333333333334,0.6,0.6,,,1.0,,0.05,1.0,0.3,2.967687592546124,2.967687592546124
ETERNAL,Long-Term,STRONG_BULLISH,2025-09-19,,71.3,target1,1.0000000000000009,0,340.0,343.4,315.33,1.0000000000000009,7.255882352941178,2.101971847001269,307.75,340.0,340.0,1.0,0.6,0.0,,,1.0,,0.03,1.0,1.0,0.0,0.0
ETERNAL,Long-Term,STRONG_BULLISH,2025-09-23,,80.4,target1,3.31350011555287,15,336.20001220703125,347.34,317.48,3.31350011555287,5.56811764643943,2.0555749275074744,307.75,343.8999938964844,343.8999938964844,1.0,0.6,0.6,,,1.0,,0.04,1.0,1.0,2.290297861355071,2.290297861355071
ETERNAL,Long-Term,STRONG_BULLISH,2025-10-10,,73.2,target1,1.6978417266187096,2,347.5,353.4,325.94,1.6978417266187096,6.204316546762589,2.1397530283920485,320.0,349.8999938964844,349.8999938964844,1.0,0.6,0.6,,,1.0,,0.02,1.0,0.3,0.6906457256070144,0.6906457256070144
ETERNAL,Long-Term,STRONG_BULLISH,2025-10-16,,79.9,stop_loss,-5.785294117647066,14,340.0,372.13,320.33,9.450000000000003,5.785294117647066,2.637540973014497,320.0,368.45001220703125,368.45001220703125,1.0,0.6,1.0,,,1.0,,0.09,1.0,0.3,8.367650649126839,8.367650649126839
GRASIM,Long-Term,STRONG_BULLISH,2024-07-09,,78.8,target1,1.1797914419273692,1,2781.0,2813.81,2579.99,1.1797914419273692,7.227975548363908,2.194351969820143,2412.0,2785.949951171875,2785.949951171875,1.0,0.6,0.5,,,1.0,,0.03,1.0,1.0,0.17799177173229055,0.17799177173229055
GRASIM,Long-Term,STRONG_BULLISH,2024-07-12,,78.7,stop_loss,-6.472280701754385,21,2850.0,2878.5,2665.54,1.0000000000000009,6.472280701754385,2.088876690106701,2412.0,2850.0,2850.0,1.0,0.6,0.5,,,1.0,,0.02,1.0,1.0,0.0,0.0
GRASIM,Long-Term,STRONG_BULLISH,2024-08-20,,61.4,time_exit,-3.9847710924484803,92,2640.050048828125,2906.53,2435.59,10.09374618826493,7.744551998886584,2.5424557038345688,2505.050048828125,2877.75,2877.75,1.0,0.6,0.5,,,0.49333333333333335,,0.13,0.848,0.3,9.003615339693507,9.003615339693507
GRASIM,Long-Term,HIGH_VOLATILITY,2024-11-26,,61.1,stop_loss,-7.116193806909732,34,2619.800048828125,2892.95,2433.37,10.42636636693166,7.116193806909732,2.3413659775102733,2472.050048828125,2719.0,2877.75,0.3,0.6,1.0,,,0.66,,0.15,0.848,0.3,3.786546657110286,9.84616941614532
GRASIM,Long-Term,BULLISH,2025-03-27,,71.8,target1,9.31184356775172,90,2614.949951171875,2858.45,2458.87,9.31184356775172,5.968754816968058,2.0344905500554016,2301.64990234375,2628.949951171875,2877.75,0.8533333333333334,0.6,0.6,,,1.0,,0.15,0.7,1.0,0.5353830957156935,10.049907406845499
GRASIM,Long-Term,STRONG_BULLISH,2025-06-27,,73.8,stop_loss,-6.098908457030083,24,2863.300048828125,2924.96,2688.67,2.1534575531862554,6.098908457030083,2.0088564635821626,2511.0,2896.0,2896.0,1.0,0.6,0.6,,,0.56,,0.04,1.0,1.0,1.1420371813725303,1.1420371813725303
GRASIM,Long-Term,STRONG_BEARISH,2025-08-05,,61.8,target1,4.462857142857146,82,2800.0,2924.96,2647.41,4.462857142857146,5.449642857142867,1.7850053637733843,2667.300048828125,2830.0,2896.0,0.0,0.6,1.0,,,0.8,,0.08,1.0,0.3,1.0714285714285714,3.428571428571429
GRASIM,Long-Term,STRONG_BULLISH,2025-10-28,,68.9,stop_loss,-5.586744553432055,8,2945.89990234375,2989.2,2781.32,1.4698428015765375,5.586744553432055,1.722750228226304,2700.5,2959.60009765625,2959.60009765625,1.0,0.6,0.6,,,0.7,,0.04,1.0,0.3,0.46505977007569616,0.46505977007569616
GRASIM,Long-Term,STRONG_BULLISH,2025-11-14,,61.1,time_exit,4.3978477122535775,91,2790.0,3007.58,2619.83,7.798566308243715,6.099283154121871,1.958906487095114,2675.699951171875,2977.800048828125,2977.800048828125,1.0,0.6,0.5,,,0.0,,0.13999999999999999,0.848,1.0,6.731184545810932,6.731184545810932
GRASIM,Long-Term,HIGH_VOLATILITY,2026-02-17,,76.1,stop_loss,-5.897241379310348,12,2900.0,3008.79,2728.98,3.7513793103448156,5.897241379310348,1.970075048818738,2706.0,2979.0,2979.0,0.3,0.6,1.0,,,1.0,,0.06,1.0,1.0,2.724137931034483,2.724137931034483
GRASIM,Long-Term,NEUTRAL,2026-04-20,,60.4,target1,8.542207792207801,30,2772.0,3008.79,2539.11,8.542207792207801,8.401515151515149,2.668851931471257,2502.5,2794.89990234375,2979.0,0.5466666666666666,0.6,1.0,,,0.84,,0.11000000000000001,0.3,1.0,0.8261148031655844,7.467532467532467
GRASIM,Long-Term,BULLISH,2026-05-25,,62.0,target1,1.761775639967622,45,3168.39990234375,3224.22,2952.83,1.761775639967622,6.803746654085153,2.2992843208308655,2727.0,3192.300048828125,3192.300048828125,0.8533333333333334,0.6,0.5,,,1.0,,0.02,0.7,0.3,0.7543285955379377,0.7543285955379377
HCLTECH,Long-Term,STRONG_BULLISH,2024-07-19,^CNXIT,60.1,target1,7.9138880993430805,35,1588.5999755859375,1714.32,1491.21,7.9138880993430805,6.13055376322893,2.1601727470881196,1423.5,1636.4000244140625,1697.3499755859375,1.0,1.0,0.5,,,0.39333333333333337,,0.12,0.7,0.3,3.0089418080529984,6.84565036329481
HCLTECH,Long-Term,STRONG_BULLISH,2024-08-27,^CNXIT,77.6,target1,3.612738279632288,5,1712.550048828125,1774.42,1603.25,3.612738279632288,6.382298076655779,2.110134676860781,1537.0,1756.8499755859375,1756.8499755859375,1.0,1.0,0.6,,,1.0,,0.06,1.0,0.3,2.5867814367309347,2.5867814367309347
HCLTECH,Long-Term,STRONG_BULLISH,2024-09-03,^CNXIT,77.4,target1,3.9782462968281695,36,1765.0999755859375,1835.32,1675.85,3.9782462968281695,5.056369430649976,2.133457432641981,1554.550048828125,1817.1500244140625,1817.1500244140625,1.0,1.0,0.6,,,1.0,,0.04,1.0,0.3,2.9488442325113406,2.9488442325113406
HCLTECH,Long-Term,NEUTRAL,2024-10-14,^CNXIT,70.4,target1,2.959016393442626,1,1830.0,1884.15,1738.36,2.959016393442626,5.007650273224051,2.1111737739089076,1721.4000244140625,1865.5,1865.5,0.5466666666666666,1.0,0.6,,,1.0,,0.02,1.0,0.3,1.9398907103825136,1.9398907103825136
HCLTECH,Long-Term,BEARISH,2024-10-17,^CNXIT,73.1,stop_loss,-6.144081414033209,14,1867.0,1903.85,1752.29,1.9737546866630984,6.144081414033209,2.061462683525777,1721.4000244140625,1885.0,1885.0,0.2533333333333333,1.0,0.6,,,1.0,,0.03,1.0,1.0,0.96411355115158,0.96411355115158
HCLTECH,Long-Term,BEARISH,2024-11-06,^CNXIT,60.9,target1,3.098832445543276,18,1850.050048828125,1907.38,1713.63,3.098832445543276,7.373857205351674,2.262349448027733,1745.0,1888.5,1888.5,0.2533333333333333,0.6,0.5,,,1.0,,0.06,1.0,0.3,2.0783195133683168,2.0783195133683168
HCLTECH,Long-Term,HIGH_VOLATILITY,2024-11-26,^CNXIT,72.8,target1,2.2354026624489265,9,1896.75,1939.15,1779.45,2.2354026624489265,6.1842625543693135,2.107565179729928,1745.0,1919.949951171875,1919.949951171875,0.3,1.0,1.0,,,1.0,,0.03,1.0,0.3,1.2231422787333597,1.2231422787333597
HCLTECH,Long-Term,BULLISH,2024-12-09,^CNXIT,81.2,target1,2.20668683793519,3,1916.449951171875,1958.74,1794.88,2.20668683793519,6.3434973137460275,2.007349161309825,1815.0,1939.3499755859375,1939.3499755859375,0.8533333333333334,1.0,1.0,,,1.0,,0.04,1.0,0.3,1.1949189907129871,1.1949189907129871
HCLTECH,Long-Term,BULLISH,2024-12-16,^CNXIT,81.2,target1,2.801621847730207,24,1945.300048828125,1999.8,1842.34,2.801621847730207,5.292759278454218,1.9111921955852065,1815.0,1980.0,1980.0,0.8533333333333334,1.0,1.0,,,1.0,,0.04,1.0,0.3,1.7837840076536635,1.7837840076536635
HCLTECH,Long-Term,HIGH_VOLATILITY,2025-01-13,^CNXIT,75.8,stop_loss,-4.281285916593836,0,1936.0999755859375,2032.32,1853.21,4.969785942223504,4.281285916593836,2.2819941458441155,1865.6500244140625,2012.199951171875,2012.199951171875,0.3,0.6,1.0,,,1.0,,0.03,1.0,1.0,3.9305808866046164,3.9305808866046164
HCLTECH,Long-Term,STRONG_BULLISH,2025-06-20,^CNXIT,68.8,stop_loss,-5.412326729968353,18,1729.199951171875,1896.34,1635.61,9.665744479974947,5.412326729968353,1.9980461548330848,1605.699951171875,1745.0,2012.199951171875,1.0,1.0,0.6,,,0.8533333333333334,,0.15,0.7,0.3,0.9137201754729025,16.365950034188444
HCLTECH,Long-Term,STRONG_BULLISH,2025-11-12,^CNXIT,61.4,target1,7.552830670375443,71,1599.4000244140625,1720.2,1509.87,7.552830670375443,5.597725587559732,1.7593992571265007,1479.199951171875,1600.0,2012.199951171875,1.0,1.0,0.6,,,0.6066666666666667,,0.15,0.552,0.3,0.037512540751479605,25.809673656159976
HCLTECH,Long-Term,HIGH_VOLATILITY,2026-01-27,^CNXIT,77.0,stop_loss,-4.335814711423724,7,1705.0999755859375,1849.76,1631.17,8.483961438352129,4.335814711423724,1.725138016601616,1580.0999755859375,1725.5,1831.449951171875,0.3,0.6,1.0,,,1.0,,0.15,1.0,1.0,1.1964122166532947,7.410121247730288
HDFCBANK,Long-Term,STRONG_BULLISH,2024-07-09,^NSEBANK,73.2,time_exit,0.1963295400503995,91,814.9749755859375,900.12,763.67,10.447563049754539,6.295282324350038,2.223485957289358,776.0999755859375,897.0,897.0,1.0,1.0,0.5,,,0.28,,0.15,1.0,1.0,10.06472920902749,10.06472920902749
HDFCBANK,Long-Term,BEARISH,2024-10-21,^NSEBANK,68.7,target1,4.733386252458094,36,865.0250244140625,905.97,815.77,4.733386252458094,5.694057746760118,1.873291385426162,806.5,894.0,897.0,0.2533333333333333,0.6,1.0,,,1.0,,0.09,1.0,0.3,3.349611256109513,3.696422032136726
HDFCBANK,Long-Term,HIGH_VOLATILITY,2024-11-28,^NSEBANK,76.1,target1,2.951199119017378,5,900.6500244140625,927.23,841.68,2.951199119017378,6.5474960101651885,2.040928558781907,836.0499877929688,918.0499877929688,918.0499877929688,0.3,0.6,1.0,,,1.0,,0.06,1.0,1.0,1.9319339263024142,1.9319339263024142
HDFCBANK,Long-Term,HIGH_VOLATILITY,2024-12-05,^NSEBANK,73.8,stop_loss,-5.35918147549811,28,928.5,949.37,878.74,2.2477113624124856,5.35918147549811,1.9343713927534096,836.0499877929688,939.9749755859375,939.9749755859375,0.3,1.0,0.6,,,1.0,,0.03,1.0,1.0,1.235861667844642,1.235861667844642
HDFCBANK,Long-Term,BEARISH,2025-01-30,^NSEBANK,60.7,target1,8.312342569269514,53,843.625,913.75,800.41,8.312342569269514,5.122536672099576,1.7868157718956414,812.1500244140625,897.625,940.0,0.2533333333333333,0.6,1.0,,,0.6799999999999999,,0.15,0.848,0.3,6.4009482886353535,11.423914654022818
HDFCBANK,Long-Term,BULLISH,2025-03-26,^NSEBANK,79.3,target1,5.4888888888888765,21,900.0,949.4,861.57,5.4888888888888765,4.269999999999996,1.5390393808442866,835.0250244140625,921.8499755859375,940.0,0.8533333333333334,1.0,0.6,,,0.76,,0.11000000000000001,1.0,1.0,2.4277750651041665,4.444444444444445
HDFCBANK,Long-Term,HIGH_VOLATILITY,2025-04-21,^NSEBANK,73.9,target1,1.8191214470284267,0,967.5,985.1,906.54,1.8191214470284267,6.300775193798458,1.9723639143435754,866.0999755859375,975.3499755859375,975.3499755859375,0.3,1.0,0.6,,,1.0,,0.04,1.0,1.0,0.811366985626615,0.811366985626615
HDFCBANK,Long-Term,HIGH_VOLATILITY,2025-04-23,^NSEBANK,74.1,target1,4.642931937172778,63,955.0,999.34,902.2,4.642931937172778,5.528795811518316,2.0702773663460587,869.0999755859375,989.4500122070312,989.4500122070312,0.3,1.0,0.6,,,1.0,,0.06,1.0,1.0,3.6073311211551045,3.6073311211551045
HDFCBANK,Long-Term,STRONG_BULLISH,2025-06-27,^NSEBANK,71.7,stop_loss,-4.07059408401691,59,1005.75,1023.69,964.81,1.7837434750186398,4.07059408401691,1.4107919318985374,954.0,1013.5499877929688,1013.5499877929688,1.0,1.0,0.6,,,0.62,,0.04,1.0,0.3,0.7755394275882426,0.7755394275882426
HDFCBANK,Long-Term,BULLISH,2025-09-18,^NSEBANK,64.2,stop_loss,-3.379836248733936,7,974.9000244140625,1029.04,941.95,5.553387447956704,3.379836248733936,1.1927179539495358,940.0,998.75,1018.8499755859375,0.8533333333333334,0.6,1.0,,,0.31333333333333335,,0.15,0.848,0.3,2.4464021939349,4.508149561109094
HDFCBANK,Long-Term,BEARISH,2025-10-01,^NSEBANK,64.4,time_exit,5.210081469111083,91,952.0,1024.05,926.05,7.568277310924354,2.725840336134455,1.3538058260060626,939.0999755859375,979.6500244140625,1018.8499755859375,0.2533333333333333,0.6,1.0,,,0.46,,0.15,0.848,1.0,2.9044143292082456,7.022056259027049
HDFCLIFE,Long-Term,STRONG_BULLISH,2024-07-24,,64.9,target1,7.7642642642642645,6,666.0,717.71,624.99,7.7642642642642645,6.157657657657656,2.3685191618936456,586.5,675.0,710.5999755859375,1.0,0.6,0.5,,,1.0,,0.09,0.7,0.3,1.3513513513513513,6.696693030921547
HDFCLIFE,Long-Term,STRONG_BULLISH,2024-08-01,,64.3,target1,3.1420494699646584,20,707.5,729.73,660.44,3.1420494699646584,6.651590106007054,2.483192668198206,594.2999877929688,722.5,722.5,1.0,0.6,0.5,,,1.0,,0.03,0.7,0.3,2.1201413427561837,2.1201413427561837
HDFCLIFE,Long-Term,STRONG_BULLISH,2024-08-23,,64.2,target1,0.5177111716621274,1,734.0,737.8,673.37,0.5177111716621274,8.26021798365123,2.5437442406779986,664.6500244140625,730.5,730.5,1.0,0.6,0.0,,,1.0,,0.02,1.0,0.3,-0.4768392370572207,-0.4768392370572207
HDFCLIFE,Long-Term,STRONG_BULLISH,2024-08-28,,73.2,target1,1.8945945945946008,5,740.0,754.02,687.55,1.8945945945946008,7.08783783783784,2.450348458100324,664.6500244140625,746.5499877929688,746.5499877929688,1.0,0.6,0.6,,,1.0,,0.02,1.0,0.3,0.8851334855363175,0.8851334855363175
HDFCLIFE,Long-Term,STRONG_BULLISH,2024-09-04,,73.2,stop_loss,-6.620052770448536,5,758.0,768.81,707.82,1.4261213720316634,6.620052770448536,2.2393486208784217,664.6500244140625,761.2000122070312,761.2000122070312,1.0,0.6,0.6,,,1.0,,0.02,1.0,0.3,0.42216519881678766,0.42216519881678766
HDFCLIFE,Long-Term,STRONG_BULLISH,2024-09-12,,72.6,stop_loss,-6.898876404494381,76,712.0,768.81,662.88,7.978932584269649,6.898876404494381,2.4103153277018055,664.6500244140625,761.2000122070312,761.2000122070312,1.0,0.6,0.5,,,1.0,,0.11000000000000001,1.0,0.3,6.910114074021243,6.910114074021243
HDFCLIFE,Long-Term,NEUTRAL,2025-03-19,,60.2,target1,10.045112781954879,36,665.0,731.8,619.72,10.045112781954879,6.809022556390976,2.248695480512524,600.3499755859375,665.9000244140625,761.2000122070312,0.5466666666666666,0.6,0.6,,,1.0,,0.15,0.7,0.3,0.13534201715225563,14.46616724917763
HDFCLIFE,Long-Term,HIGH_VOLATILITY,2025-04-28,,61.6,target1,7.390693362420575,24,715.9000244140625,768.81,657.94,7.390693362420575,8.096105941817866,2.480964453576638,651.7000122070312,733.5,761.2000122070312,0.3,0.6,0.5,,,1.0,,0.11000000000000001,0.7,1.0,2.4584404226473415,6.327697478435638
HDFCLIFE,Long-Term,STRONG_BULLISH,2025-05-26,,73.3,target1,1.7961538461538362,30,780.0,794.01,732.43,1.7961538461538362,6.098717948717958,2.0328929713228856,698.0999755859375,786.1500244140625,786.1500244140625,1.0,0.6,0.6,,,1.0,,0.03,1.0,0.3,0.7884646684695512,0.7884646684695512
HDFCLIFE,Long-Term,STRONG_BULLISH,2025-06-27,,73.3,target1,1.274412855376994,0,809.0,819.31,761.14,1.274412855376994,5.915945611866502,1.8924664978313503,740.25,811.2000122070312,811.2000122070312,1.0,0.6,0.6,,,1.0,,0.03,1.0,0.3,0.2719421763944685,0.2719421763944685
HDFCLIFE,Long-Term,STRONG_BULLISH,2025-07-01,,73.4,stop_loss,-5.526283240568953,8,808.5,828.96,763.82,2.5306122448979673,5.526283240568953,1.8963939173650395,740.25,820.75,820.75,1.0,0.6,0.6,,,1.0,,0.04,1.0,0.3,1.5151515151515151,1.5151515151515151
HDFCLIFE,Long-Term,NEUTRAL,2025-07-22,,68.3,time_exit,-2.790846481821896,92,765.0,828.96,712.73,8.360784313725489,6.832679738562087,2.2085888849753843,732.8499755859375,820.75,820.75,0.5466666666666666,0.6,0.5,,,0.94,,0.13,0.848,1.0,7.287581699346406,7.287581699346406
HDFCLIFE,Long-Term,STRONG_BULLISH,2025-10-28,,61.2,time_exit,-2.8792370394060796,91,750.2000122070312,810.35,704.76,8.017860145857924,6.057052981557575,1.884649870357259,726.0,770.0,820.75,1.0,0.6,0.5,,,0.0,,0.15,0.848,1.0,2.6392945175672144,9.404157110770509
HEROMOTOCO,Long-Term,STRONG_BULLISH,2024-07-09,^CNXAUTO,76.3,stop_loss,-7.756925826630923,26,5595.0,5953.5,5161.0,6.40750670241288,7.756925826630923,2.5534604474978213,5382.60009765625,5894.5498046875,5894.5498046875,1.0,1.0,0.5,,,1.0,,0.08,1.0,0.3,5.353883908623771,5.353883908623771
HEROMOTOCO,Long-Term,STRONG_BULLISH,2024-08-21,^CNXAUTO,62.2,target1,12.12166508987702,26,5285.0,5925.63,4857.42,12.12166508987702,8.09044465468306,2.695105057767118,4991.0,5548.0,5894.5498046875,1.0,0.6,1.0,,,0.03333333333333333,,0.15,0.848,0.3,4.976348155156103,11.533581924077579
HEROMOTOCO,Long-Term,STRONG_BULLISH,2024-09-18,^CNXAUTO,73.3,target1,3.456833333333331,4,6000.0,6207.41,5545.11,3.456833333333331,7.581500000000007,2.345102058953049,5263.4501953125,6145.9501953125,6145.9501953125,1.0,0.6,0.6,,,0.5133333333333333,,0.06,1.0,1.0,2.432503255208333,2.432503255208333
HEROMOTOCO,Long-Term,STRONG_BULLISH,2024-09-24,^CNXAUTO,79.5,stop_loss,-7.091796875,5,6144.0,6308.71,5708.28,2.68082682291666,7.091796875,2.2744711609895956,5266.0,6246.25,6246.25,1.0,1.0,0.6,,,0.6733333333333333,,0.04,1.0,1.0,1.6642252604166667,1.6642252604166667
HEROMOTOCO,Long-Term,STRONG_BULLISH,2024-10-01,^CNXAUTO,72.3,stop_loss,-7.554223800728699,14,5733.35009765625,6308.71,5300.24,10.035317790534947,7.554223800728699,2.6078349248175132,5602.35009765625,6246.25,6246.25,1.0,1.0,0.5,,,0.24000000000000002,,0.12,1.0,1.0,8.94590237134515,8.94590237134515
HEROMOTOCO,Long-Term,STRONG_BULLISH,2025-05-20,^CNXAUTO,66.1,target1,14.29002593727895,89,4241.0,4847.04,3837.97,14.29002593727895,9.503183211506727,3.1719626092524975,3725.0,4454.60009765625,6246.25,1.0,1.0,1.0,,,0.7200000000000001,,0.15,0.152,1.0,5.036550286636406,47.2824805470408
HEROMOTOCO,Long-Term,NEUTRAL,2025-08-19,^CNXAUTO,73.4,target1,11.67890625000001,89,5120.0,5717.96,4718.36,11.67890625000001,7.844531250000008,2.604060301213948,4195.0,5139.0,6246.25,0.5466666666666666,1.0,0.5,,,1.0,,0.15,0.848,1.0,0.37109375,21.9970703125
HEROMOTOCO,Long-Term,STRONG_BULLISH,2025-11-18,^CNXAUTO,77.4,target1,1.5351222013330945,1,5851.0,5940.82,5415.68,1.5351222013330945,7.44009571013502,2.206075434211153,5252.5,5882.0,5882.0,1.0,1.0,0.6,,,1.0,,0.04,1.0,0.3,0.5298239617159459,0.5298239617159459
HEROMOTOCO,Long-Term,STRONG_BULLISH,2025-11-21,^CNXAUTO,77.3,target1,1.6561719140429698,2,6003.0,6102.42,5623.39,1.6561719140429698,6.323671497584538,2.105288579595392,5252.5,6042.0,6042.0,1.0,1.0,0.6,,,1.0,,0.03,1.0,0.3,0.6496751624187905,0.6496751624187905
HEROMOTOCO,Long-Term,STRONG_BULLISH,2025-11-27,^CNXAUTO,75.8,target1,1.788036410923266,3,6152.0,6262.0,5793.36,1.788036410923266,5.829648894668404,1.9381357453362744,5252.5,6200.0,6200.0,1.0,1.0,0.5,,,1.0,,0.03,1.0,0.3,0.7802340702210664,0.7802340702210664
HEROMOTOCO,Long-Term,STRONG_BULLISH,2025-12-02,^CNXAUTO,75.9,stop_loss,-6.122497616777888,8,6294.0,6403.4,5908.65,1.7381633301557065,6.122497616777888,1.92357848264287,5252.5,6340.0,6340.0,1.0,1.0,0.5,,,1.0,,0.04,1.0,0.3,0.73085478233238,0.73085478233238
HEROMOTOCO,Long-Term,BULLISH,2025-12-12,^CNXAUTO,70.6,stop_loss,-6.005724387574707,3,5939.5,6452.39,5582.79,8.635238656452572,6.005724387574707,2.1096798009540425,5571.0,6388.5,6388.5,0.8533333333333334,0.6,0.5,,,1.0,,0.13,1.0,0.3,7.559558885428067,7.559558885428067
HEROMOTOCO,Long-Term,STRONG_BULLISH,2025-12-31,^CNXAUTO,67.2,stop_loss,-6.299601455553638,22,5771.0,6316.33,5407.45,9.449488823427487,6.299601455553638,2.0998902483901043,5513.0,6388.5,6388.5,1.0,0.6,0.5,,,0.4,,0.15,0.848,1.0,10.700051984058222,10.700051984058222
HEROMOTOCO,Long-Term,HIGH_VOLATILITY,2026-02-03,^CNXAUTO,66.2,stop_loss,-7.467026274578048,37,5747.0,6430.69,5317.87,11.896467722289895,7.467026274578048,2.574642069430084,5298.5,6049.0,6388.5,0.3,0.6,1.0,,,1.0,,0.15,0.848,0.3,5.254915608143379,11.162345571602575
HEROMOTOCO,Long-Term,HIGH_VOLATILITY,2026-04-10,^CNXAUTO,75.1,stop_loss,-7.734272300469492,31,5325.0,6296.53,4913.15,18.24469483568074,7.734272300469492,3.374211805928632,4904.0,5766.0,6388.5,0.3,1.0,1.0,,,0.6066666666666667,,0.15,1.0,1.0,8.28169014084507,19.971830985915492
HINDALCO,Long-Term,STRONG_BULLISH,2024-07-09,^CNXMETAL,79.3,stop_loss,-7.59180790960452,12,708.0,722.4,654.25,2.033898305084736,7.59180790960452,2.4868925979442804,660.4000244140625,710.6500244140625,715.25,1.0,0.6,1.0,,,1.0,,0.03,1.0,0.3,0.3742972336246469,1.024011299435028
HINDALCO,Long-Term,STRONG_BULLISH,2024-08-19,^CNXMETAL,61.3,target1,8.959276018099537,36,663.0,722.4,599.26,8.959276018099537,9.613876319758674,3.0146528931370096,608.0,690.9000244140625,715.25,1.0,0.6,1.0,,,0.0,,0.11000000000000001,0.848,0.3,4.208148478742459,7.880844645550527
HINDALCO,Long-Term,STRONG_BULLISH,2024-09-26,^CNXMETAL,65.3,target1,-0.4605411541351967,0,746.9500122070312,743.51,681.71,-0.4605411541351967,8.73418717997808,2.4018287674896044,645.4000244140625,736.1500244140625,736.1500244140625,1.0,1.0,0.6,,,0.20666666666666667,,0.02,1.0,0.3,-1.445878253761288,-1.445878253761288
HINDALCO,Long-Term,STRONG_BULLISH,2024-09-30,^CNXMETAL,72.9,target1,2.2635761589403947,2,755.0,772.09,702.26,2.2635761589403947,6.985430463576159,2.377529858237233,645.4000244140625,764.4500122070312,764.4500122070312,1.0,1.0,0.5,,,0.8066666666666666,,0.03,1.0,0.3,1.251657245964404,1.251657245964404
HINDALCO,Long-Term,BEARISH,2024-10-04,^CNXMETAL,64.0,stop_loss,-8.147410358565743,17,753.0,780.38,691.65,3.636122177954837,8.147410358565743,2.506883228731193,645.4000244140625,772.6500244140625,772.6500244140625,0.2533333333333333,1.0,0.6,,,0.84,,0.06,1.0,0.3,2.609564995227424,2.609564995227424
HINDALCO,Long-Term,BEARISH,2024-11-06,^CNXMETAL,65.4,stop_loss,-5.712609970674487,4,682.0,780.38,643.04,14.425219941348978,5.712609970674487,3.0667209534536144,661.5999755859375,765.4500122070312,772.6500244140625,0.2533333333333333,1.0,0.5,,,1.0,,0.11000000000000001,1.0,0.3,12.236072171118952,13.291792436079545
HINDALCO,Long-Term,HIGH_VOLATILITY,2024-11-25,^CNXMETAL,61.1,stop_loss,-10.185551655959502,36,662.9000244140625,756.56,595.38,14.12882367423709,10.185551655959502,3.2568441298758284,622.5499877929688,714.25,772.6500244140625,0.3,0.6,1.0,,,0.19333333333333333,,0.15,0.848,1.0,7.746262436982976,16.55604102549371
HINDALCO,Long-Term,STRONG_BEARISH,2025-03-11,^CNXMETAL,62.9,stop_loss,-9.132857142857132,23,700.0,780.38,636.07,11.48285714285715,9.132857142857132,2.848405574675319,586.3499755859375,709.2999877929688,772.6500244140625,0.0,1.0,0.6,,,1.0,,0.13999999999999999,0.7,1.0,1.3285696847098214,10.378574916294642
HINDALCO,Long-Term,HIGH_VOLATILITY,2025-05-15,^CNXMETAL,62.6,time_exit,8.286584444891965,94,659.5,747.14,604.15,13.288855193328274,8.392721758908273,2.882815622568287,602.0,663.6500244140625,772.6500244140625,0.3,1.0,1.0,,,0.74,,0.15,0.7,0.3,0.6292682962945414,17.156940775445413
HINDALCO,Long-Term,NEUTRAL,2025-08-19,^CNXMETAL,77.7,target1,10.701854493580587,44,701.0,776.02,660.49,10.701854493580587,5.7788873038516435,2.1798096784953396,657.5,719.0,772.6500244140625,0.5466666666666666,1.0,1.0,,,1.0,,0.15,1.0,0.3,2.5677603423680457,10.221116178896219
HINDALCO,Long-Term,STRONG_BULLISH,2025-10-06,^CNXMETAL,77.5,target1,3.5680933852139995,16,771.0,798.51,731.61,3.5680933852139995,5.108949416342412,1.9350779087236063,731.9500122070312,790.5999755859375,790.5999755859375,1.0,1.0,0.6,,,1.0,,0.05,1.0,0.3,2.5421498814445527,2.5421498814445527
HINDALCO,Long-Term,STRONG_BULLISH,2025-10-24,^CNXMETAL,82.7,target1,-0.016771398966097806,0,834.9000244140625,834.76,776.1,-0.016771398966097806,7.042762330175833,1.9548864779025514,731.9500122070312,826.5,826.5,1.0,1.0,0.5,,,1.0,,0.02,1.0,1.0,-1.0061114107593523,-1.0061114107593523
HINDALCO,Long-Term,STRONG_BULLISH,2025-10-28,^CNXMETAL,82.9,stop_loss,-6.529274004683838,8,854.0,868.5,798.24,1.697892271662771,6.529274004683838,1.9909547708099256,744.8499755859375,859.9000244140625,859.9000244140625,1.0,1.0,0.5,,,1.0,,0.04,1.0,1.0,0.6908693693281616,0.6908693693281616
HINDALCO,Long-Term,NEUTRAL,2025-11-07,^CNXMETAL,73.1,target1,10.18181818181818,44,792.0,872.64,732.01,10.18181818181818,7.574494949494948,2.46255555004025,754.4500122070312,864.0,864.0,0.5466666666666666,0.6,0.5,,,1.0,,0.13999999999999999,1.0,1.0,9.090909090909092,9.090909090909092
HINDALCO,Long-Term,BULLISH,2025-12-26,^CNXMETAL,75.2,target1,0.5778781038374703,3,886.0,891.12,823.56,0.5778781038374703,7.04740406320542,1.8842990067749608,800.9500122070312,882.2999877929688,882.2999877929688,0.8533333333333334,1.0,0.6,,,1.0,,0.04,1.0,0.3,-0.4176086012450621,-0.4176086012450621
HINDALCO,Long-Term,STRONG_BULLISH,2026-01-02,^CNXMETAL,75.7,target1,0.4364611260053719,0,932.5,936.57,871.64,0.4364611260053719,6.5265415549597865,1.946548620407948,803.0999755859375,927.2999877929688,927.2999877929688,1.0,1.0,0.5,,,1.0,,0.02,1.0,0.3,-0.5576420597352547,-0.5576420597352547
HINDALCO,Long-Term,STRONG_BULLISH,2026-01-06,^CNXMETAL,76.2,target1,3.0976302597297556,20,951.0499877929688,980.51,884.83,3.0976302597297556,6.962829361539713,2.031202319091985,803.0999755859375,970.7999877929688,970.7999877929688,1.0,1.0,0.5,,,1.0,,0.06999999999999999,1.0,0.3,2.0766521479940674,2.0766521479940674
HINDALCO,Long-Term,HIGH_VOLATILITY,2026-01-28,^CNXMETAL,66.8,target1,0.7651571393219481,0,1010.25,1017.98,929.72,0.7651571393219481,7.971294234100467,2.2868318970956625,879.4500122070312,1007.9000244140625,1007.9000244140625,0.3,1.0,0.6,,,1.0,,0.03,1.0,0.3,-0.23261327255011136,-0.23261327255011136
HINDALCO,Long-Term,HIGH_VOLATILITY,2026-01-30,^CNXMETAL,80.5,stop_loss,-2.551618846809578,15,905.7000122070312,1040.1,882.59,14.839349230597843,2.551618846809578,2.7707648046053044,894.0,1029.800048828125,1029.800048828125,0.3,1.0,1.0,,,1.0,,0.1,1.0,1.0,13.702112724795471,13.702112724795471
HINDALCO,Long-Term,HIGH_VOLATILITY,2026-02-20,^CNXMETAL,69.2,stop_loss,-10.287255454908173,28,946.9000244140625,1040.1,849.49,9.842641586540157,10.287255454908173,3.0710791653886935,881.0,1029.800048828125,1029.800048828125,0.3,0.6,0.5,,,1.0,,0.12,1.0,1.0,8.754886712075086,8.754886712075086
HINDALCO,Long-Term,HIGH_VOLATILITY,2026-04-01,^CNXMETAL,65.6,target1,15.701650356111374,14,898.9500122070312,1040.1,807.26,15.701650356111374,10.199678620830221,3.5869004582813107,835.9500122070312,983.5,1029.800048828125,0.3,0.6,0.5,,,1.0,,0.13999999999999999,0.848,1.0,9.405415945808631,14.555874614189173
HINDALCO,Long-Term,NEUTRAL,2026-04-17,^CNXMETAL,70.4,target1,2.7342386032977783,7,1031.0,1059.19,942.78,2.7342386032977783,8.556741028128034,3.0870388063547805,835.9500122070312,1048.699951171875,1048.699951171875,0.5466666666666666,1.0,0.6,,,1.0,,0.02,1.0,0.3,1.7167750894156157,1.7167750894156157
HINDALCO,Long-Term,NEUTRAL,2026-04-28,^CNXMETAL,70.4,target1,1.1595547309833032,15,1078.0,1090.5,990.47,1.1595547309833032,8.119666048237473,2.601210966559311,854.75,1079.699951171875,1079.699951171875,0.5466666666666666,1.0,0.6,,,1.0,,0.02,1.0,0.3,0.15769491390306123,0.15769491390306123
HINDALCO,Long-Term,BEARISH,2026-05-15,^CNXMETAL,64.9,target1,6.29047619047618,7,1050.0,1116.05,981.41,6.29047619047618,6.532380952380956,2.688347007904294,1011.4000244140625,1105.0,1105.0,0.2533333333333333,1.0,0.5,,,1.0,,0.06,1.0,0.3,5.238095238095238,5.238095238095238
HINDALCO,Long-Term,BULLISH,2026-05-26,^CNXMETAL,81.1,target1,1.1356479135615993,0,1118.300048828125,1131.0,1017.54,1.1356479135615993,9.01010859596333,2.605038615637346,1022.0999755859375,1119.800048828125,1119.800048828125,0.8533333333333334,1.0,1.0,,,1.0,,0.03,1.0,0.3,0.13413215903655384,0.13413215903655384
HINDALCO,Long-Term,BULLISH,2026-05-28,^CNXMETAL,75.0,target1,-0.8894557823129312,0,1176.0,1165.54,1065.33,-0.8894557823129312,9.410714285714295,2.446111123381285,1022.0999755859375,1154.0,1154.0,0.8533333333333334,1.0,0.6,,,1.0,,0.02,1.0,0.3,-1.870748299319728,-1.870748299319728
HINDALCO,Long-Term,BEARISH,2026-06-01,^CNXMETAL,72.3,stop_loss,-7.72830850131464,6,1141.0,1187.76,1052.82,4.098159509202448,7.72830850131464,2.584314442877891,1022.0999755859375,1176.0,1176.0,0.2533333333333333,1.0,1.0,,,1.0,,0.05,1.0,0.3,3.067484662576687,3.067484662576687
HINDUNILVR,Long-Term,STRONG_BULLISH,2024-07-09,^CNXFMCG,70.6,target1,6.593955831073228,8,2581.0,2751.19,2440.66,6.593955831073228,5.437427353738866,1.923877483286336,2426.550048828125,2614.0,2723.949951171875,1.0,1.0,0.6,,,1.0,,0.11000000000000001,0.7,0.3,1.2785741960480435,5.538549057414762
HINDUNILVR,Long-Term,STRONG_BULLISH,2024-07-19,^CNXFMCG,75.8,target1,2.698379352688507,1,2705.699951171875,2778.71,2573.64,2.698379352688507,4.880805468273675,1.8745388587986263,2426.550048828125,2751.199951171875,2751.199951171875,1.0,1.0,0.5,,,1.0,,0.03,1.0,0.3,1.6816350970584653,1.6816350970584653
HINDUNILVR,Long-Term,STRONG_BULLISH,2024-07-24,^CNXFMCG,77.7,target1,4.503411750720199,41,2717.050048828125,2839.41,2550.75,4.503411750720199,6.120610435565988,2.0402428326590885,2432.39990234375,2811.300048828125,2811.300048828125,1.0,1.0,0.6,,,1.0,,0.06999999999999999,1.0,0.3,3.468835623423662,3.468835623423662
HINDUNILVR,Long-Term,STRONG_BULLISH,2024-09-05,^CNXFMCG,73.6,target1,1.960676794633387,3,2828.10009765625,2883.55,2698.53,1.960676794633387,4.581524457483999,1.6431840253767989,2706.60009765625,2855.0,2855.0,1.0,1.0,0.6,,,0.7533333333333334,,0.03,1.0,0.3,0.9511651432013645,0.9511651432013645
HINDUNILVR,Long-Term,STRONG_BULLISH,2024-09-10,^CNXFMCG,77.5,target1,1.9226507922160074,9,2911.60009765625,2967.58,2749.0,1.9226507922160074,5.584561485182604,1.720374363789325,2706.60009765625,2938.199951171875,2938.199951171875,1.0,1.0,0.6,,,1.0,,0.05,1.0,0.3,0.9135819694825906,0.9135819694825906
HINDUNILVR,Long-Term,STRONG_BULLISH,2024-09-23,^CNXFMCG,77.2,stop_loss,-5.460927152317884,10,3020.0,3065.35,2855.08,1.5016556291390648,5.460927152317884,1.9092530367753762,2745.0,3035.0,3035.0,1.0,1.0,0.6,,,1.0,,0.02,1.0,0.3,0.49668874172185434,0.49668874172185434
HINDUNILVR,Long-Term,NEUTRAL,2025-07-21,^CNXFMCG,61.0,target1,6.519028340080979,10,2470.0,2631.02,2354.16,6.519028340080979,4.689878542510129,1.4976220810196414,2260.300048828125,2532.89990234375,3035.0,0.5466666666666666,1.0,1.0,,,0.6333333333333333,,0.15,0.552,0.3,2.546554750759109,22.874493927125506
HINDUNILVR,Long-Term,NEUTRAL,2025-08-18,^CNXFMCG,62.4,stop_loss,-6.443120842777795,80,2572.199951171875,2810.54,2406.47,9.266000052582957,6.443120842777795,2.0979035870094407,2398.5,2727.5,3035.0,0.5466666666666666,0.6,0.5,,,1.0,,0.15,0.848,0.3,6.037635167412684,17.992382303610448
HINDUNILVR,Long-Term,STRONG_BULLISH,2025-11-20,^CNXFMCG,61.2,stop_loss,-4.726211045053574,14,2436.199951171875,2589.4,2321.06,6.2884841925406,4.726211045053574,1.473349862790181,2392.0,2667.199951171875,2750.0,1.0,0.6,0.5,,,0.0,,0.15,0.848,1.0,9.48198032303888,12.880718131415241
HINDUNILVR,Long-Term,HIGH_VOLATILITY,2026-02-10,^CNXFMCG,60.5,stop_loss,-6.310975609756097,2,2460.0,2676.87,2304.75,8.815853658536588,6.310975609756097,2.022164096938412,2303.0,2458.10009765625,2750.0,0.3,1.0,1.0,,,0.6,,0.15,0.7,0.3,-0.07723180259146342,11.788617886178862
HINDUNILVR,Long-Term,BULLISH,2026-04-22,^CNXFMCG,62.7,stop_loss,-6.390410958904114,28,2336.0,2641.92,2186.72,13.09589041095891,6.390410958904114,2.562221432314666,2022.5,2408.0,2750.0,0.8533333333333334,1.0,0.6,,,0.7933333333333333,,0.15,0.3,1.0,3.0821917808219177,17.722602739726025
ICICIBANK,Long-Term,STRONG_BULLISH,2024-07-09,^NSEBANK,84.0,stop_loss,-6.95749351426862,27,1252.75,1262.7,1165.59,0.7942526441828024,6.95749351426862,2.2074350065464237,1099.449951171875,1250.199951171875,1250.199951171875,1.0,1.0,0.6,,,0.9866666666666667,,0.02,1.0,1.0,-0.2035560828676911,-0.2035560828676911
ICICIBANK,Long-Term,STRONG_BULLISH,2024-08-22,^NSEBANK,64.7,target1,6.486169321039403,25,1193.0,1270.38,1123.85,6.486169321039403,5.7963118189438445,1.8820548775586512,1153.0,1242.75,1257.800048828125,1.0,0.6,1.0,,,0.22,,0.12,0.848,0.3,4.170159262363788,5.431688921049874
ICICIBANK,Long-Term,STRONG_BULLISH,2024-09-18,^NSEBANK,73.2,target1,1.5484941818692644,1,1288.3499755859375,1308.3,1224.43,1.5484941818692644,4.961382915916679,1.653908254486836,1176.5999755859375,1295.3499755859375,1295.3499755859375,1.0,1.0,0.6,,,0.7266666666666667,,0.03,1.0,0.3,0.5433306269762936,0.5433306269762936
ICICIBANK,Long-Term,STRONG_BULLISH,2024-09-23,^NSEBANK,77.9,stop_loss,-5.563209689629067,10,1321.0,1375.97,1247.51,4.161241483724454,5.563209689629067,1.8759326262822464,1200.449951171875,1362.3499755859375,1362.3499755859375,1.0,1.0,0.6,,,0.5466666666666666,,0.06999999999999999,1.0,1.0,3.130202542463096,3.130202542463096
ICICIBANK,Long-Term,BEARISH,2024-10-18,^NSEBANK,63.6,time_exit,-2.4950611963720837,91,1264.5,1375.97,1187.86,8.815342032423889,6.060893633847375,2.0204108569919255,1217.4000244140625,1362.3499755859375,1362.3499755859375,0.2533333333333333,0.6,0.5,,,0.66,,0.13999999999999999,1.0,1.0,7.738234526369118,7.738234526369118
ICICIBANK,Long-Term,BEARISH,2025-01-30,^NSEBANK,60.1,target1,8.695894778796331,52,1254.5,1363.59,1183.61,8.695894778796331,5.650856915105629,1.9112949628956564,1186.0,1288.949951171875,1362.3499755859375,0.2533333333333333,0.6,1.0,,,0.64,,0.15,0.848,0.3,2.746110097399362,8.597048671657035
ICICIBANK,Long-Term,BULLISH,2025-03-25,^NSEBANK,80.4,stop_loss,-5.095796015024989,12,1344.050048828125,1386.73,1275.56,3.175473354514402,5.095796015024989,1.6903852850729606,1200.0999755859375,1373.0,1373.0,0.8533333333333334,1.0,0.6,,,0.8666666666666667,,0.06,1.0,1.0,2.1539340143707006,2.1539340143707006
ICICIBANK,Long-Term,HIGH_VOLATILITY,2025-04-08,^NSEBANK,69.1,target1,6.2669107542925095,8,1304.949951171875,1386.73,1222.74,6.2669107542925095,6.299854726079612,1.9785722501289276,1208.0,1373.0,1373.0,0.3,0.6,0.5,,,1.0,,0.11000000000000001,1.0,1.0,5.214763123061885,5.214763123061885
ICICIBANK,Long-Term,HIGH_VOLATILITY,2025-04-21,^NSEBANK,74.0,target1,2.6585468483689256,20,1412.800048828125,1450.36,1325.86,2.6585468483689256,6.153740502786597,1.984685805923256,1265.0,1436.0,1436.0,0.3,1.0,0.6,,,1.0,,0.05,1.0,1.0,1.6421255924444977,1.6421255924444977
ICICIBANK,Long-Term,HIGH_VOLATILITY,2025-05-13,^NSEBANK,68.4,target1,2.6316508107870895,12,1429.9000244140625,1467.53,1345.16,2.6316508107870895,5.926290157858183,1.9907423821034425,1305.0999755859375,1453.0,1453.0,0.3,0.6,0.5,,,1.0,,0.04,1.0,1.0,1.6154958522644474,1.6154958522644474
ICICIBANK,Long-Term,STRONG_BULLISH,2025-05-27,^NSEBANK,72.0,target1,2.674773768104677,56,1447.5999755859375,1486.32,1372.6,2.674773768104677,5.1809876244008795,1.700659916132451,1387.0,1471.5999755859375,1471.5999755859375,1.0,0.6,0.5,,,1.0,,0.05,1.0,0.3,1.6579165794946664,1.6579165794946664
ICICIBANK,Long-Term,NEUTRAL,2025-07-24,^NSEBANK,60.5,stop_loss,-4.842000000000002,17,1500.0,1504.9,1427.37,0.3266666666666751,4.842000000000002,1.259102806150346,1408.5,1490.0,1490.0,0.5466666666666666,0.6,0.6,,,0.5933333333333334,,0.04,1.0,0.3,-0.6666666666666667,-0.6666666666666667
ICICIBANK,Long-Term,BULLISH,2025-08-21,^NSEBANK,60.3,stop_loss,-3.5304332274652572,7,1444.300048828125,1515.0,1393.31,4.895101348867192,3.5304332274652572,1.2145474160754197,1412.0,1500.0,1500.0,0.8533333333333334,0.6,0.5,,,0.31333333333333335,,0.13,1.0,0.3,3.856535988977414,3.856535988977414
ICICIBANK,Long-Term,BULLISH,2025-09-12,^NSEBANK,65.7,stop_loss,-3.817862165963426,11,1422.0,1492.69,1367.71,4.971167369901552,3.817862165963426,1.1754710959108825,1384.199951171875,1452.4000244140625,1500.0,0.8533333333333334,0.6,1.0,,,0.41333333333333333,,0.15,0.848,0.3,2.137835753450246,5.485232067510549
ICICIBANK,Long-Term,STRONG_BULLISH,2025-10-09,^NSEBANK,63.2,stop_loss,-3.2270340255728613,27,1370.300048828125,1451.38,1326.08,5.916948717998971,3.2270340255728613,1.2138949913644967,1342.5999755859375,1432.800048828125,1500.0,1.0,0.6,0.5,,,0.13333333333333333,,0.15,0.848,1.0,4.561044864112042,9.46507673868901
ICICIBANK,Long-Term,STRONG_BULLISH,2025-11-13,^NSEBANK,72.5,stop_loss,-3.2503639010189267,74,1374.0,1470.74,1329.34,7.0407569141193616,3.2503639010189267,1.360413982987255,1317.4000244140625,1445.0,1500.0,1.0,0.6,1.0,,,0.0,,0.15,1.0,1.0,5.167394468704512,9.170305676855897
ICICIBANK,Long-Term,HIGH_VOLATILITY,2026-02-04,^NSEBANK,71.3,stop_loss,-6.286421499292794,29,1414.0,1515.0,1325.11,7.14285714285714,6.286421499292794,1.9711669166547758,1328.5999755859375,1443.9000244140625,1500.0,0.3,1.0,1.0,,,0.8666666666666667,,0.13,0.7,1.0,2.1145703263127653,6.082036775106082
ICICIBANK,Long-Term,HIGH_VOLATILITY,2026-04-13,^NSEBANK,60.7,stop_loss,-8.627393225331382,27,1358.0,1515.0,1240.84,11.56111929307806,8.627393225331382,2.7201916662221124,1187.5999755859375,1357.0,1500.0,0.3,1.0,1.0,,,0.8133333333333332,,0.15,0.3,1.0,-0.07363770250368189,10.456553755522828
ITC,Long-Term,STRONG_BULLISH,2024-07-09,^CNXFMCG,60.9,target1,6.817829168199974,13,436.8746337890625,466.66,415.26,6.817829168199974,4.947559807168567,1.5725613370939207,403.0281677246094,438.1264343261719,463.5955505371094,1.0,1.0,0.6,,,0.3266666666666667,,0.15,0.7,0.3,0.286535413203639,6.116380920607218
ITC,Long-Term,STRONG_BULLISH,2024-07-24,^CNXFMCG,82.8,target1,5.256473776548876,40,471.8284606933594,496.63,445.46,5.256473776548876,5.588569340351057,2.120702755706093,405.4836120605469,491.7126770019531,491.7126770019531,1.0,1.0,0.5,,,0.9733333333333333,,0.06999999999999999,1.0,1.0,4.214289294752076,4.214289294752076
ITC,Long-Term,STRONG_BULLISH,2024-09-04,^CNXFMCG,76.1,target1,2.5091105170497174,21,489.4979553222656,501.78,461.63,2.5091105170497174,5.6931709354982925,1.7733165277608678,469.9989318847656,496.8161315917969,496.8161315917969,1.0,1.0,0.5,,,1.0,,0.06,1.0,0.3,1.495037147747279,1.495037147747279
ITC,Long-Term,STRONG_BULLISH,2024-09-27,^CNXFMCG,83.5,stop_loss,-4.221810865210751,9,501.2936706542969,513.99,480.13,2.53271287649246,4.221810865210751,1.5356486028560432,478.71331787109375,508.90069580078125,508.90069580078125,1.0,1.0,1.0,,,1.0,,0.05,1.0,0.3,1.5174787937289451,1.5174787937289451
ITC,Long-Term,BULLISH,2024-12-13,^CNXFMCG,66.7,stop_loss,-6.208084578028128,57,452.8108825683594,494.37,424.7,9.17802973195252,6.208084578028128,2.0523933526011375,434.9006652832031,465.8583984375,508.90069580078125,0.8533333333333334,0.6,1.0,,,0.013333333333333334,,0.15,0.848,1.0,2.8814492697557648,12.387028534799885
ITC,Long-Term,STRONG_BULLISH,2025-10-17,^CNXFMCG,61.2,stop_loss,-3.761965398665146,73,412.54998779296875,434.83,397.03,5.400560626900819,3.761965398665146,1.2226843929151414,396.20001220703125,413.8500061035156,480.8798828125,1.0,1.0,1.0,,,0.14666666666666667,,0.15,0.3,1.0,0.3151177673041811,16.562815911128194
ITC,Long-Term,STRONG_BULLISH,2026-05-06,^CNXFMCG,62.7,stop_loss,-5.326701414929891,20,311.45001220703125,334.46,294.86,7.388019550846314,5.326701414929891,1.6991270784753303,298.1000061035156,317.8999938964844,444.20001220703125,1.0,1.0,1.0,,,0.9600000000000001,,0.15,0.152,0.3,2.0709524599939995,42.62321232845437
INDUSINDBK,Long-Term,STRONG_BULLISH,2025-06-11,^NSEBANK,63.3,stop_loss,-9.043010752688174,71,837.0,948.78,761.31,13.35483870967742,9.043010752688174,2.988806130223153,725.7999877929688,857.3499755859375,1550.0,1.0,1.0,1.0,,,1.0,,0.15,0.152,0.3,2.4312993531586025,85.18518518518519
INDUSINDBK,Long-Term,STRONG_BULLISH,2025-11-12,^NSEBANK,61.8,target1,11.150812064965198,64,862.0,958.12,801.92,11.150812064965198,6.969837587006966,2.409290419081037,726.2999877929688,873.0,1098.5999755859375,1.0,0.6,0.5,,,1.0,,0.15,0.552,0.3,1.2761020881670533,27.447792991408065
INDUSINDBK,Long-Term,HIGH_VOLATILITY,2026-01-19,^NSEBANK,71.0,stop_loss,-6.4334038054968286,7,946.0,1046.79,885.14,10.654334038054959,6.4334038054968286,2.2692663087423974,833.25,961.9000244140625,1086.550048828125,0.3,0.6,0.6,,,1.0,,0.15,1.0,1.0,1.6807636801334565,14.857299030457188
INDUSINDBK,Long-Term,HIGH_VOLATILITY,2026-01-28,^NSEBANK,65.7,stop_loss,-8.333150614468487,43,899.9000244140625,1016.89,824.91,13.000330304703711,8.333150614468487,2.8388151072614947,836.5499877929688,961.9000244140625,1086.550048828125,0.3,0.6,0.5,,,1.0,,0.15,0.848,1.0,6.889654219130516,20.74119561621225
INDUSINDBK,Long-Term,HIGH_VOLATILITY,2026-04-08,^NSEBANK,67.7,target1,17.634192308623575,88,831.8499755859375,978.54,740.08,17.634192308623575,11.032034414774927,3.8229635825666892,750.5,907.5,968.8499755859375,0.3,0.6,1.0,,,0.6333333333333333,,0.15,0.848,1.0,9.094190855842273,16.469315864738725
INFY,Long-Term,STRONG_BULLISH,2024-07-09,^CNXIT,66.0,target1,5.632468316234163,8,1657.0,1750.33,1571.12,5.632468316234163,5.182860591430305,1.7305302712529418,1482.75,1666.75,1733.0,1.0,1.0,0.5,,,0.7933333333333333,,0.11000000000000001,0.7,0.3,0.5884127942063971,4.586602293301147
INFY,Long-Term,STRONG_BULLISH,2024-07-19,^CNXIT,83.1,target1,3.4602657968028305,4,1800.1500244140625,1862.44,1683.65,3.4602657968028305,6.471684183765869,2.0320022065215984,1515.4000244140625,1844.0,1844.0,1.0,1.0,0.5,,,1.0,,0.06,1.0,1.0,2.4359067295077472,2.4359067295077472
INFY,Long-Term,STRONG_BULLISH,2024-07-29,^CNXIT,76.0,stop_loss,-5.955319172672368,6,1871.0999755859375,1922.03,1759.67,2.7219296177968033,5.955319172672368,1.9851225926627345,1559.5,1903.0,1903.0,1.0,1.0,0.5,,,1.0,,0.05,1.0,0.3,1.7048808096998114,1.7048808096998114
INFY,Long-Term,NEUTRAL,2024-08-06,^CNXIT,61.6,target1,7.017260579064577,21,1796.0,1922.03,1629.94,7.017260579064577,9.246102449888639,2.3063074674662136,1637.550048828125,1903.0,1903.0,0.5466666666666666,0.15,0.5,,,1.0,,0.13999999999999999,1.0,0.3,5.957683741648108,5.957683741648108
INFY,Long-Term,STRONG_BULLISH,2024-08-29,^CNXIT,77.4,target1,1.677502579979362,3,1938.0,1970.51,1831.89,1.677502579979362,5.47523219814241,1.7493209007531214,1718.550048828125,1951.0,1951.0,1.0,1.0,0.6,,,1.0,,0.04,1.0,0.3,0.6707946336429308,0.6707946336429308
INFY,Long-Term,STRONG_BULLISH,2024-09-03,^CNXIT,77.6,stop_loss,-4.073186017405018,47,1921.0999755859375,1995.51,1842.85,3.8733030742643892,4.073186017405018,1.689691702784552,1727.0999755859375,1975.75,1975.75,1.0,1.0,0.6,,,1.0,,0.06,1.0,0.3,2.8447256836487225,2.8447256836487225
INFY,Long-Term,HIGH_VOLATILITY,2024-11-11,^CNXIT,60.9,time_exit,0.24317507816224992,91,1871.0999755859375,2011.36,1735.41,7.496126676509607,7.251882708375634,2.234402097359452,1718.0,1991.449951171875,1991.449951171875,0.3,0.6,1.0,,,0.6666666666666666,,0.12,0.848,0.3,6.432044100062037,6.432044100062037
INFY,Long-Term,STRONG_BEARISH,2025-02-12,^CNXIT,67.2,stop_loss,-6.900722504682899,15,1868.5,2026.51,1739.56,8.45651592186245,6.900722504682899,2.211133024349116,1793.050048828125,1924.0,2006.449951171875,0.0,0.6,1.0,,,0.9133333333333333,,0.13,0.848,1.0,2.9702970297029703,7.382924868711534
INFY,Long-Term,STRONG_BULLISH,2025-11-12,^CNXIT,68.3,target1,7.583971887843943,39,1557.0999755859375,1675.19,1469.37,7.583971887843943,5.634190287166674,1.768559401240706,1434.0,1559.199951171875,2006.449951171875,1.0,1.0,1.0,,,0.8666666666666667,,0.15,0.152,1.0,0.13486453142787302,28.85813259465545
INFY,Long-Term,STRONG_BULLISH,2025-12-23,^CNXIT,74.7,stop_loss,-4.7844671884407,42,1661.0,1798.46,1581.53,8.275737507525594,4.7844671884407,1.7337708507407723,1532.0999755859375,1693.199951171875,1982.800048828125,1.0,1.0,0.6,,,1.0,,0.15,0.848,0.3,1.9385882704319686,19.373874101633053
JSWSTEEL,Long-Term,STRONG_BULLISH,2024-07-09,^CNXMETAL,63.1,stop_loss,-6.000000000000005,12,931.0,968.99,875.14,4.080558539205148,6.000000000000005,2.144126469885194,903.5999755859375,959.4000244140625,959.4000244140625,1.0,0.6,0.5,,,0.4,,0.06,1.0,0.3,3.0504859735835126,3.0504859735835126
JSWSTEEL,Long-Term,STRONG_BULLISH,2024-08-01,^CNXMETAL,64.5,stop_loss,-5.6180044616240155,3,919.9000244140625,968.99,868.22,5.336446818468743,5.6180044616240155,2.3659010129864337,862.4000244140625,959.4000244140625,959.4000244140625,1.0,0.6,1.0,,,0.0,,0.05,1.0,0.3,4.293944880060182,4.293944880060182
JSWSTEEL,Long-Term,STRONG_BULLISH,2024-08-19,^CNXMETAL,64.7,target1,4.880395540040561,24,923.9000244140625,968.99,843.12,4.880395540040561,8.743372906099145,2.7107487012379194,854.1500244140625,957.9500122070312,959.4000244140625,1.0,0.6,1.0,,,0.0,,0.06999999999999999,1.0,0.3,3.6854623761443515,3.842407085389364
JSWSTEEL,Long-Term,STRONG_BULLISH,2024-09-16,^CNXMETAL,70.9,target1,1.7857878475798117,7,971.0,988.34,906.16,1.7857878475798117,6.677651905252324,2.225943745929854,908.0999755859375,978.5499877929688,978.5499877929688,1.0,1.0,1.0,,,0.17333333333333334,,0.03,1.0,0.3,0.7775476614797888,0.7775476614797888
JSWSTEEL,Long-Term,STRONG_BULLISH,2024-09-25,^CNXMETAL,77.7,target1,3.6483739837398277,4,984.0,1019.9,915.65,3.6483739837398277,6.946138211382113,2.2726535563477808,911.7000122070312,1009.7999877929688,1009.7999877929688,1.0,1.0,1.0,,,0.14,,0.06,1.0,1.0,2.6219499789602385,2.6219499789602385
JSWSTEEL,Long-Term,STRONG_BULLISH,2024-10-01,^CNXMETAL,79.1,target1,1.4815175097276256,0,1028.0,1043.23,958.37,1.4815175097276256,6.773346303501948,2.2366521156048718,911.7000122070312,1032.9000244140625,1032.9000244140625,1.0,1.0,0.6,,,0.66,,0.02,1.0,1.0,0.476656071406858,0.476656071406858
JSWSTEEL,Long-Term,BEARISH,2024-10-04,^CNXMETAL,73.3,stop_loss,-7.708058554312758,16,1039.949951171875,1073.63,959.79,3.2386220885122885,7.708058554312758,2.3848602668949757,911.7000122070312,1063.0,1063.0,0.2533333333333333,1.0,0.6,,,1.0,,0.05,1.0,1.0,2.2164575133784936,2.2164575133784936
JSWSTEEL,Long-Term,BEARISH,2024-11-06,^CNXMETAL,72.6,stop_loss,-8.44280078895464,6,1014.0,1073.63,928.39,5.880670611439842,8.44280078895464,2.6525036086782814,909.0,1032.0,1063.0,0.2533333333333333,1.0,1.0,,,1.0,,0.08,1.0,0.3,1.7751479289940828,4.832347140039447
JSWSTEEL,Long-Term,HIGH_VOLATILITY,2024-11-27,^CNXMETAL,66.1,stop_loss,-7.842284925484632,34,968.8499755859375,1073.63,892.87,10.814886417341762,7.842284925484632,2.614193245575361,928.0499877929688,1018.9500122070312,1063.0,0.3,0.6,1.0,,,1.0,,0.13999999999999999,0.848,0.3,5.171083024571935,9.71770932410075
JSWSTEEL,Long-Term,BEARISH,2025-01-30,^CNXMETAL,61.3,target1,10.683864174782842,48,949.75,1051.22,883.94,10.683864174782842,6.929191892603315,2.3456400148293217,880.0,956.0,1063.0,0.2533333333333333,0.15,1.0,,,0.7666666666666667,,0.15,1.0,0.3,0.6580679126085812,11.924190576467492
JSWSTEEL,Long-Term,BULLISH,2025-03-21,^CNXMETAL,75.0,target1,1.0000000000000009,1,1063.0,1073.63,992.83,1.0000000000000009,6.601128880526808,2.073961374145533,940.5499877929688,1062.550048828125,1063.0,0.8533333333333334,1.0,0.6,,,1.0,,0.02,1.0,0.3,-0.04232842632878646,0.0
JSWSTEEL,Long-Term,BULLISH,2025-03-26,^CNXMETAL,75.3,stop_loss,-5.614330901016928,11,1051.949951171875,1085.65,992.89,3.203579104745735,5.614330901016928,2.0053655170225224,940.5499877929688,1074.9000244140625,1074.9000244140625,0.8533333333333334,1.0,0.6,,,1.0,,0.05,1.0,0.3,2.1816696903328014,2.1816696903328014
JSWSTEEL,Long-Term,HIGH_VOLATILITY,2025-04-11,^CNXMETAL,65.3,time_exit,2.4752475247524774,91,1010.0,1085.65,902.77,7.490099009901008,10.616831683168314,2.94477911208385,905.2000122070312,1074.9000244140625,1074.9000244140625,0.3,0.6,0.5,,,1.0,,0.11000000000000001,0.848,1.0,6.425744991491336,6.425744991491336
JSWSTEEL,Long-Term,BEARISH,2025-07-25,^CNXMETAL,60.0,target1,5.505344995140926,22,1029.0,1085.65,969.55,5.505344995140926,5.777453838678337,1.8615846747485378,1014.5,1067.800048828125,1074.9000244140625,0.2533333333333333,0.6,0.5,,,0.9133333333333333,,0.1,1.0,0.3,3.770655862791545,4.460643772017735
JSWSTEEL,Long-Term,BULLISH,2025-08-20,^CNXMETAL,81.1,target1,1.8036299143440404,18,1080.5999755859375,1100.09,1017.18,1.8036299143440404,5.868959561242737,2.014340878193773,1017.4000244140625,1089.199951171875,1089.199951171875,0.8533333333333334,1.0,1.0,,,1.0,,0.03,1.0,0.3,0.795851913773578,0.795851913773578
JSWSTEEL,Long-Term,NEUTRAL,2025-09-09,^CNXMETAL,70.5,target1,1.391696750902538,9,1108.0,1123.42,1042.88,1.391696750902538,5.8772563176895165,1.8597653619937462,1022.2999877929688,1112.300048828125,1112.300048828125,0.5466666666666666,1.0,0.6,,,1.0,,0.03,1.0,0.3,0.38809104946976536,0.38809104946976536
JSWSTEEL,Long-Term,STRONG_BULLISH,2025-09-22,^CNXMETAL,77.4,target1,1.1617777777777727,0,1125.0,1138.07,1062.87,1.1617777777777727,5.522666666666676,1.6154002309867947,1022.2999877929688,1126.800048828125,1126.800048828125,1.0,1.0,0.6,,,1.0,,0.04,1.0,0.3,0.16000434027777777,0.16000434027777777
JSWSTEEL,Long-Term,BULLISH,2025-09-24,^CNXMETAL,75.2,target1,2.0459511716614864,8,1149.0999755859375,1172.61,1090.26,2.0459511716614864,5.120527093905336,1.7069434818201181,1022.2999877929688,1161.0,1161.0,0.8533333333333334,1.0,0.6,,,1.0,,0.04,1.0,0.3,1.0355952194668319,1.0355952194668319
JSWSTEEL,Long-Term,STRONG_BULLISH,2025-10-06,^CNXMETAL,77.4,target1,2.3846861801654073,22,1159.9000244140625,1187.56,1095.6,2.3846861801654073,5.543583331377588,1.847871645015561,1080.0999755859375,1175.800048828125,1175.800048828125,1.0,1.0,0.6,,,1.0,,0.04,1.0,0.3,1.3708099042496864,1.3708099042496864
JSWSTEEL,Long-Term,STRONG_BULLISH,2025-10-30,^CNXMETAL,77.4,stop_loss,-5.76363636363636,21,1210.0,1236.14,1140.26,2.160330578512415,5.76363636363636,1.9212513672481815,1131.5,1223.9000244140625,1223.9000244140625,1.0,1.0,0.6,,,1.0,,0.04,1.0,0.3,1.148762348269628,1.148762348269628
JSWSTEEL,Long-Term,STRONG_BULLISH,2025-11-26,^CNXMETAL,68.8,stop_loss,-6.962899050905957,20,1159.0,1236.14,1078.3,6.655737704918052,6.962899050905957,2.197277117652464,1104.300048828125,1223.9000244140625,1223.9000244140625,1.0,0.6,0.5,,,1.0,,0.11000000000000001,0.848,0.3,5.5996569813686365,5.5996569813686365
JSWSTEEL,Long-Term,NEUTRAL,2025-12-30,^CNXMETAL,61.9,target1,4.984429065743945,27,1156.0,1213.62,1043.59,4.984429065743945,9.724048442906586,2.0394782697054326,1073.199951171875,1172.800048828125,1223.9000244140625,0.5466666666666666,0.6,1.0,,,0.0,,0.15,0.848,1.0,1.4532914211180796,5.873704534088452
JSWSTEEL,Long-Term,HIGH_VOLATILITY,2026-01-28,^CNXMETAL,76.1,target1,1.3702647657841016,0,1227.5,1244.32,1140.1,1.3702647657841016,7.1201629327902305,2.149828672977498,1132.5999755859375,1232.0,1232.0,0.3,1.0,1.0,,,0.7533333333333334,,0.03,1.0,1.0,0.3665987780040733,0.3665987780040733
JSWSTEEL,Long-Term,HIGH_VOLATILITY,2026-01-30,^CNXMETAL,71.3,target1,4.787500000000011,8,1200.0,1257.45,1132.02,4.787500000000011,5.664999999999997,2.261170789540922,1146.4000244140625,1245.0,1245.0,0.3,1.0,1.0,,,0.8866666666666667,,0.05,1.0,0.3,3.75,3.75
JSWSTEEL,Long-Term,HIGH_VOLATILITY,2026-02-11,^CNXMETAL,72.8,target1,1.6201602311608054,13,1254.199951171875,1274.52,1170.25,1.6201602311608054,6.693506174468866,2.10674806650015,1156.5,1261.9000244140625,1261.9000244140625,0.3,1.0,1.0,,,1.0,,0.03,1.0,0.3,0.6139430347603549,0.6139430347603549
JSWSTEEL,Long-Term,BEARISH,2026-02-26,^CNXMETAL,66.0,stop_loss,-5.080974842767305,5,1272.0,1297.55,1207.37,2.0086477987421247,5.080974842767305,1.9062447033069911,1174.0,1284.699951171875,1284.699951171875,0.2533333333333333,1.0,0.6,,,1.0,,0.02,1.0,0.3,0.9984238342669025,0.9984238342669025
JSWSTEEL,Long-Term,HIGH_VOLATILITY,2026-03-05,^CNXMETAL,61.6,stop_loss,-6.253724044930387,6,1240.699951171875,1297.55,1163.11,4.582094871078901,6.253724044930387,2.269803475820268,1200.0,1284.699951171875,1284.699951171875,0.3,0.6,0.5,,,1.0,,0.06,1.0,0.3,3.5463852447516255,3.5463852447516255
JSWSTEEL,Long-Term,HIGH_VOLATILITY,2026-03-25,^CNXMETAL,65.5,target1,12.830434782608702,32,1150.0,1297.55,1043.98,12.830434782608702,9.219130434782608,3.2302247703441993,1102.5,1284.699951171875,1284.699951171875,0.3,0.6,0.5,,,1.0,,0.13,0.848,1.0,11.713039232336957,11.713039232336957
JSWSTEEL,Long-Term,BULLISH,2026-04-29,^CNXMETAL,88.2,target1,3.7225933202357453,27,1272.5,1319.87,1181.78,3.7225933202357453,7.129273084479371,2.5505402232658354,1106.4000244140625,1306.800048828125,1306.800048828125,0.8533333333333334,1.0,1.0,,,1.0,,0.04,1.0,1.0,2.695485173133595,2.695485173133595
JSWSTEEL,Long-Term,BULLISH,2026-05-28,^CNXMETAL,81.2,stop_loss,-5.586101565483014,25,1309.5,1341.28,1236.35,2.4268804887361606,5.586101565483014,1.857342686319951,1245.800048828125,1328.0,1328.0,0.8533333333333334,1.0,1.0,,,1.0,,0.04,1.0,0.3,1.4127529591447117,1.4127529591447117
JIOFIN,Long-Term,STRONG_BULLISH,2024-09-02,,72.5,stop_loss,-10.333333333333329,49,351.0,390.16,314.73,11.156695156695173,10.333333333333329,2.915827687469427,310.0,349.3500061035156,394.70001220703125,1.0,0.6,1.0,,,0.0,,0.15,1.0,1.0,-0.47008373119212965,12.45014592792913
JIOFIN,Long-Term,BULLISH,2024-12-11,,63.7,stop_loss,-7.108780878632881,7,343.79998779296875,378.46,319.36,10.08144660781749,7.108780878632881,2.297351695096703,298.0,347.3500061035156,394.70001220703125,0.8533333333333334,0.6,1.0,,,0.5266666666666667,,0.15,0.7,0.3,1.032582442290441,14.805126882294639
JIOFIN,Long-Term,STRONG_BULLISH,2025-05-27,,63.3,target1,10.143561373166342,30,296.04998779296875,326.08,268.28,10.143561373166342,9.380168531669952,2.644446352661679,242.0,292.8999938964844,376.0,1.0,0.6,0.6,,,1.0,,0.15,0.552,0.3,-1.064007440083802,27.005578619696223
JIOFIN,Long-Term,STRONG_BULLISH,2025-06-30,,65.5,stop_loss,-8.171849850545698,86,328.20001220703125,364.81,301.38,11.15477953421735,8.171849850545698,2.5881728316995964,282.5,331.8999938964844,363.0,1.0,0.6,0.5,,,1.0,,0.15,0.7,0.3,1.1273557440086708,10.603286562651506
JIOFIN,Long-Term,STRONG_BULLISH,2025-10-07,,61.7,stop_loss,-5.682476361185929,62,309.8999938964844,336.31,292.29,8.522106041840495,5.682476361185929,1.8938947133561166,292.20001220703125,321.6000061035156,350.5,1.0,0.6,1.0,,,0.0,,0.15,0.848,0.3,3.7754154364195935,13.101002550221802
JIOFIN,Long-Term,STRONG_BULLISH,2025-12-23,,61.7,stop_loss,-4.934720992517017,19,298.70001220703125,320.81,283.96,7.402071271977095,4.934720992517017,1.6450334926230405,288.75,309.79998779296875,338.6000061035156,1.0,0.6,1.0,,,0.0,,0.15,0.848,0.3,3.7160947881863566,13.357881575454837
JIOFIN,Long-Term,BULLISH,2026-04-29,,60.9,stop_loss,-9.104000000000001,18,250.0,285.91,227.24,14.363999999999999,9.104000000000001,3.1202641890890086,223.3000030517578,257.0,338.6000061035156,0.8533333333333334,0.6,1.0,,,0.7866666666666667,,0.15,0.152,1.0,2.8000000000000003,35.44000244140625
KOTAKBANK,Long-Term,STRONG_BULLISH,2024-07-09,^NSEBANK,62.6,time_exit,-2.2897456054398413,91,368.6000061035156,389.15,345.15,5.575147465058161,6.361911479982474,2.2023476807268407,340.6499938964844,374.0,385.29998779296875,1.0,1.0,1.0,,,0.08666666666666667,,0.08,0.7,0.3,1.4650010328453087,4.5306514956386605
KOTAKBANK,Long-Term,BEARISH,2024-10-11,^NSEBANK,60.3,stop_loss,-6.424235202848272,7,377.010009765625,392.28,352.79,4.050287748027648,6.424235202848272,2.0971807640326254,353.8800048828125,388.3999938964844,388.3999938964844,0.2533333333333333,0.15,0.5,,,0.7866666666666667,,0.06999999999999999,1.0,1.0,3.021135735345638,3.021135735345638
KOTAKBANK,Long-Term,HIGH_VOLATILITY,2024-11-25,^NSEBANK,63.6,target1,8.264623955431748,73,359.0,388.67,337.8,8.264623955431748,5.9052924791086365,1.8936932174565664,335.80999755859375,358.9200134277344,388.3999938964844,0.3,0.6,1.0,,,0.8266666666666667,,0.15,0.848,0.3,-0.0222803822466922,8.189413341639101
KOTAKBANK,Long-Term,NEUTRAL,2025-02-10,^NSEBANK,70.4,target1,1.0205605301912613,2,392.9200134277344,396.93,367.18,1.0205605301912613,6.550955041252548,2.1129009687728204,349.6600036621094,393.0,393.0,0.5466666666666666,1.0,0.6,,,1.0,,0.02,1.0,0.3,0.020356960585398147,0.020356960585398147
KOTAKBANK,Long-Term,STRONG_BEARISH,2025-02-14,^NSEBANK,64.5,target1,2.953964194373415,30,391.0,402.55,364.5,2.953964194373415,6.7774936061381075,2.217908303404014,372.54998779296875,398.55999755859375,398.55999755859375,0.0,0.6,1.0,,,1.0,,0.05,1.0,0.3,1.93350321191656,1.93350321191656
KOTAKBANK,Long-Term,BULLISH,2025-03-20,^NSEBANK,75.1,target1,1.544117647058818,0,408.0,414.3,386.19,1.544117647058818,5.345588235294119,1.7140423807495104,378.7799987792969,410.20001220703125,410.20001220703125,0.8533333333333334,1.0,0.6,,,1.0,,0.03,1.0,0.3,0.5392186781939338,0.5392186781939338
KOTAKBANK,Long-Term,BULLISH,2025-03-24,^NSEBANK,80.5,stop_loss,-5.917705017704855,13,435.9800109863281,441.22,410.18,1.201887444751737,5.917705017704855,1.9187678297873438,378.7799987792969,436.8500061035156,436.8500061035156,0.8533333333333334,1.0,0.5,,,1.0,,0.02,1.0,1.0,0.19954931310251794,0.19954931310251794
KOTAKBANK,Long-Term,HIGH_VOLATILITY,2025-04-08,^NSEBANK,69.2,target1,8.303313831698977,12,410.79998779296875,444.91,383.71,8.303313831698977,6.594447078372689,2.215352646729493,380.8900146484375,440.5,440.5,0.3,0.6,0.5,,,1.0,,0.12,1.0,1.0,7.229798707296747,7.229798707296747
KOTAKBANK,Long-Term,HIGH_VOLATILITY,2025-04-22,^NSEBANK,73.8,stop_loss,-7.6761487964989055,12,457.0,464.98,421.92,1.746170678336978,7.6761487964989055,2.339340246019527,400.1600036621094,460.3800048828125,460.3800048828125,0.3,1.0,0.6,,,1.0,,0.03,1.0,1.0,0.7396071953637856,0.7396071953637856
KOTAKBANK,Long-Term,STRONG_BULLISH,2025-05-06,^NSEBANK,69.5,time_exit,-2.970388025905857,91,412.739990234375,463.38,382.41,12.269227834421613,7.348449617676267,2.6025667886837436,400.1600036621094,460.3800048828125,460.3800048828125,1.0,1.0,0.0,,,1.0,,0.15,1.0,0.3,11.542379167423308,11.542379167423308
KOTAKBANK,Long-Term,BULLISH,2025-08-20,^NSEBANK,61.3,target1,7.555177324495865,56,407.79998779296875,438.61,380.09,7.555177324495865,6.7949947578312635,1.9336672349907473,387.0,435.9599914550781,460.3800048828125,0.8533333333333334,0.6,1.0,,,0.12000000000000001,,0.15,0.848,0.3,6.905346862444145,12.893579858697175
KOTAKBANK,Long-Term,STRONG_BULLISH,2025-10-17,^NSEBANK,62.5,stop_loss,-4.988705601161159,11,442.79998779296875,464.98,420.71,5.009036318537907,4.988705601161159,1.5452852276044637,394.05999755859375,442.9200134277344,460.3800048828125,1.0,1.0,0.6,,,0.4533333333333333,,0.12,0.7,0.3,0.027106060992427808,3.9701936708415833
KOTAKBANK,Long-Term,STRONG_BULLISH,2025-11-03,^NSEBANK,71.0,time_exit,-1.7810763476512559,91,423.3399963378906,457.18,399.71,7.993575838532352,5.581801044621892,1.8126816269062533,417.5799865722656,453.20001220703125,460.3800048828125,1.0,1.0,0.5,,,0.6,,0.15,1.0,0.3,7.053436038986434,8.749470606448021
KOTAKBANK,Long-Term,HIGH_VOLATILITY,2026-02-06,^NSEBANK,68.7,stop_loss,-8.358139534883724,28,430.0,464.79,394.06,8.090697674418612,8.358139534883724,2.232978844076403,400.5,431.0,460.3800048828125,0.3,0.6,1.0,,,0.7,,0.15,0.848,1.0,0.23255813953488372,7.065117414607558
LT,Long-Term,STRONG_BULLISH,2024-07-09,^CNXINFRA,69.3,stop_loss,-6.831387511498798,89,3685.050048828125,3959.1,3433.31,7.436804047180434,6.831387511498798,2.1166417961217165,3505.0,3720.0,3919.89990234375,1.0,1.0,1.0,,,0.0,,0.13,1.0,0.3,0.9484254137332371,6.373043795980711
LT,Long-Term,BEARISH,2024-10-18,^CNXINFRA,64.8,stop_loss,-6.164804469273733,4,3580.0,3905.56,3359.3,9.09385474860336,6.164804469273733,2.0357406980152537,3429.0,3838.800048828125,3919.89990234375,0.2533333333333333,0.6,1.0,,,0.48666666666666664,,0.15,0.848,1.0,7.229051643243715,9.494410679993017
LT,Long-Term,STRONG_BEARISH,2024-10-31,^CNXINFRA,60.8,target1,9.218059651281552,39,3624.949951171875,3959.1,3352.4,9.218059651281552,7.518723150474527,2.483647639658281,3262.550048828125,3654.949951171875,3919.89990234375,0.0,0.15,1.0,,,0.5399999999999999,,0.12,1.0,1.0,0.8275976331839172,8.13666271658519
LT,Long-Term,BULLISH,2024-12-11,^CNXINFRA,67.7,stop_loss,-6.523664122137407,8,3930.0,4003.14,3673.62,1.8610687022900807,6.523664122137407,2.069131714231583,3452.449951171875,3963.5,3963.5,0.8533333333333334,1.0,0.6,,,1.0,,0.04,0.7,0.3,0.8524173027989822,0.8524173027989822
LT,Long-Term,BULLISH,2025-01-02,^CNXINFRA,66.1,stop_loss,-5.945253505933112,6,3708.0,4003.14,3487.55,7.95954692556633,5.945253505933112,2.0281884343125265,3550.0,3963.5,3963.5,0.8533333333333334,0.15,0.5,,,1.0,,0.13,1.0,0.3,6.8905070118662355,6.8905070118662355
LT,Long-Term,NEUTRAL,2025-01-31,^CNXINFRA,63.5,stop_loss,-7.40162101732812,2,3578.0,3948.74,3313.17,10.361654555617662,7.40162101732812,2.375452652416888,3395.0,3692.25,3963.5,0.5466666666666666,0.6,1.0,,,0.7733333333333333,,0.15,0.44799999999999995,1.0,3.1931246506428175,10.77417551704863
LT,Long-Term,BULLISH,2025-05-09,^CNXINFRA,61.0,time_exit,4.423566818780245,91,3513.0,3804.06,3203.79,8.285226302305727,8.80187873612297,2.3239680791944157,3048.0,3477.0,3963.5,0.8533333333333334,0.6,1.0,,,0.5466666666666666,,0.15,0.3,1.0,-1.0247651579846286,12.823797324224309
LT,Long-Term,NEUTRAL,2025-08-18,^CNXINFRA,74.5,target1,7.056376018724619,65,3648.89990234375,3906.38,3454.25,7.056376018724619,5.334481831598703,1.6584072674396062,3405.10009765625,3727.89990234375,3963.5,0.5466666666666666,0.6,1.0,,,0.5866666666666667,,0.15,1.0,1.0,2.165036096201405,8.62177933283884
LT,Long-Term,STRONG_BULLISH,2025-10-24,^CNXINFRA,84.6,target1,2.3992842535787373,2,3912.0,4005.86,3737.32,2.3992842535787373,4.465235173824123,1.4304688735325457,3615.0,3966.199951171875,3966.199951171875,1.0,1.0,0.6,,,1.0,,0.06,1.0,1.0,1.3854793244344326,1.3854793244344326
LT,Long-Term,STRONG_BULLISH,2025-10-30,^CNXINFRA,84.6,target1,2.5525455462505064,27,4001.10009765625,4103.23,3801.19,2.5525455462505064,4.996378315387629,1.5574398849918965,3615.0,4062.60009765625,4062.60009765625,1.0,1.0,0.6,,,1.0,,0.06,1.0,1.0,1.5370772662254875,1.5370772662254875
LT,Long-Term,STRONG_BULLISH,2025-11-28,^CNXINFRA,64.6,target1,2.309762662099324,35,4087.0,4181.4,3891.63,2.309762662099324,4.780278933202831,1.4577352041581353,3831.10009765625,4140.0,4140.0,1.0,0.6,0.0,,,1.0,,0.06,1.0,0.3,1.2967947149498409,1.2967947149498409
LT,Long-Term,STRONG_BULLISH,2026-01-06,^CNXINFRA,79.6,stop_loss,-2.959327812956658,5,4106.0,4236.95,3984.49,3.1892352654651734,2.959327812956658,1.2567560605686434,3949.10009765625,4195.0,4195.0,1.0,0.6,1.0,,,1.0,,0.06,1.0,0.3,2.167559668777399,2.167559668777399
LT,Long-Term,HIGH_VOLATILITY,2026-01-30,^CNXINFRA,67.5,target1,10.605112747184652,15,3830.699951171875,4236.95,3707.71,10.605112747184652,3.2106391192098016,1.9037730674419062,3720.10009765625,4195.0,4195.0,0.3,0.6,1.0,,,0.6266666666666667,,0.13999999999999999,0.848,1.0,9.510012620974909,9.510012620974909
LT,Long-Term,HIGH_VOLATILITY,2026-02-18,^CNXINFRA,72.2,target1,1.2077830185218685,1,4326.10009765625,4378.35,4103.56,1.2077830185218685,5.144127334844029,1.7132516484454599,3720.10009765625,4335.0,4335.0,0.3,1.0,0.5,,,1.0,,0.02,1.0,1.0,0.2057257609127375,0.2057257609127375
LT,Long-Term,HIGH_VOLATILITY,2026-02-23,^CNXINFRA,72.2,stop_loss,-5.119012569357939,6,4415.5,4475.92,4189.47,1.3683614539689692,5.119012569357939,1.7249521743146767,3739.0,4431.60009765625,4431.60009765625,0.3,1.0,0.5,,,1.0,,0.02,1.0,1.0,0.3646268294926962,0.3646268294926962
LT,Long-Term,HIGH_VOLATILITY,2026-04-08,^CNXINFRA,79.9,time_exit,-2.5576730190571717,91,3988.0,4484.4,3570.73,12.447342026078223,10.463139418254762,3.621062567225407,3288.10009765625,4032.0,4440.0,0.3,1.0,1.0,,,0.9533333333333334,,0.11000000000000001,1.0,1.0,1.103309929789368,11.334002006018054
M&M,Long-Term,STRONG_BULLISH,2024-07-09,^CNXAUTO,76.0,stop_loss,-7.81262798634812,0,2930.0,3043.64,2701.09,3.8784982935153645,7.81262798634812,2.55698756398492,2782.050048828125,3013.5,3013.5,1.0,1.0,0.5,,,1.0,,0.05,1.0,0.3,2.849829351535836,2.849829351535836
M&M,Long-Term,STRONG_BULLISH,2024-07-11,^CNXAUTO,65.4,target1,13.161196085326354,73,2689.64990234375,3043.64,2444.02,13.161196085326354,9.132411698998787,3.1384325027901347,2691.0,3013.5,3013.5,1.0,0.6,0.0,,,1.0,,0.13999999999999999,1.0,0.3,12.040604146065565,12.040604146065565
M&M,Long-Term,STRONG_BULLISH,2024-09-24,^CNXAUTO,68.6,target1,2.7763546798029504,0,3045.0,3129.54,2860.17,2.7763546798029504,6.069950738916252,2.3217248334253457,2635.60009765625,3098.550048828125,3098.550048828125,1.0,1.0,0.6,,,0.42,,0.03,1.0,0.3,1.7586222932060758,1.7586222932060758
M&M,Long-Term,STRONG_BULLISH,2024-09-26,^CNXAUTO,78.7,stop_loss,-7.246294544307796,21,3171.0,3229.17,2941.22,1.8344370860927217,7.246294544307796,2.513606621589788,2635.60009765625,3197.199951171875,3197.199951171875,1.0,1.0,0.5,,,0.7333333333333333,,0.02,1.0,1.0,0.8262362400465153,0.8262362400465153
M&M,Long-Term,BEARISH,2024-10-21,^CNXAUTO,63.8,stop_loss,-9.139434276206316,3,3005.0,3254.32,2730.36,8.296838602329458,9.139434276206316,2.977824670964798,2892.89990234375,3222.10009765625,3222.10009765625,0.2533333333333333,0.15,0.5,,,1.0,,0.1,1.0,1.0,7.22462887375208,7.22462887375208
M&M,Long-Term,STRONG_BEARISH,2024-11-04,^CNXAUTO,60.9,time_exit,10.904192273626334,91,2875.5,3254.32,2573.56,13.17405668579379,10.500434707007479,3.5875797935209945,2669.050048828125,3220.300048828125,3222.10009765625,0.0,0.6,0.5,,,1.0,,0.12,0.848,1.0,11.990959792318726,12.053559299469658
M&M,Long-Term,NEUTRAL,2025-02-05,^CNXAUTO,76.6,stop_loss,-8.60063091482649,11,3170.0,3303.26,2897.36,4.203785488958989,8.60063091482649,2.950741051736429,2754.14990234375,3270.550048828125,3270.550048828125,0.5466666666666666,1.0,1.0,,,1.0,,0.04,1.0,0.3,3.171925830540221,3.171925830540221
M&M,Long-Term,STRONG_BULLISH,2025-05-08,^CNXAUTO,61.5,time_exit,6.165581020210342,91,2961.60009765625,3303.66,2751.73,11.549834247184453,7.08637529497439,3.0921857975626437,2425.0,3159.699951171875,3270.949951171875,1.0,1.0,1.0,,,0.0,,0.1,0.7,0.3,6.688946751197003,10.4453620784399
M&M,Long-Term,STRONG_BEARISH,2025-08-13,^CNXAUTO,68.3,target1,1.9195298107477665,4,3273.199951171875,3336.03,3073.69,1.9195298107477665,6.095257061837788,2.1175780450590684,3116.699951171875,3303.0,3303.0,0.0,1.0,1.0,,,1.0,,0.03,1.0,0.3,0.9104255551957939,0.9104255551957939
M&M,Long-Term,NEUTRAL,2025-08-19,^CNXAUTO,76.7,target1,3.345752931528967,15,3354.10009765625,3466.32,3130.29,3.345752931528967,6.672731616228211,2.2233133829325875,3116.699951171875,3432.0,3432.0,0.5466666666666666,1.0,1.0,,,1.0,,0.05,1.0,0.3,2.3225276549791776,2.3225276549791776
M&M,Long-Term,NEUTRAL,2025-09-05,^CNXAUTO,77.4,target1,1.4680018660342409,1,3561.300048828125,3613.58,3283.8,1.4680018660342409,7.7920996552772515,2.5973915486718018,3130.300048828125,3577.800048828125,3577.800048828125,0.5466666666666666,1.0,0.6,,,1.0,,0.02,1.0,1.0,0.4633139520335968,0.4633139520335968
M&M,Long-Term,BULLISH,2025-09-10,^CNXAUTO,88.4,target1,3.896132596685087,62,3620.0,3761.04,3324.7,3.896132596685087,8.157458563535913,2.586625361320499,3185.10009765625,3723.800048828125,3723.800048828125,0.8533333333333334,1.0,1.0,,,1.0,,0.06,1.0,1.0,2.867404663760359,2.867404663760359
M&M,Long-Term,STRONG_BULLISH,2025-11-13,^CNXAUTO,83.5,target1,3.2110810810810797,52,3700.0,3818.81,3480.55,3.2110810810810797,5.93108108108108,1.972767226472235,3460.0,3781.0,3781.0,1.0,1.0,1.0,,,1.0,,0.05,1.0,0.3,2.189189189189189,2.189189189189189
M&M,Long-Term,STRONG_BULLISH,2026-01-06,^CNXAUTO,83.5,stop_loss,-5.211578947368423,5,3800.0,3878.3,3601.96,2.0605263157894793,5.211578947368423,1.617037014512512,3540.10009765625,3839.89990234375,3839.89990234375,1.0,1.0,1.0,,,1.0,,0.05,1.0,0.3,1.049997430098684,1.049997430098684
M&M,Long-Term,HIGH_VOLATILITY,2026-02-09,^CNXAUTO,61.6,stop_loss,-7.91029629637131,20,3616.300048828125,3878.3,3330.24,7.24497269679758,7.91029629637131,2.579833565206444,3282.800048828125,3729.89990234375,3839.89990234375,0.3,0.6,1.0,,,0.26,,0.1,0.848,1.0,3.1413282078857767,6.1831112047265915
MARUTI,Long-Term,STRONG_BULLISH,2024-07-09,^CNXAUTO,75.4,target1,1.966325992200657,0,12950.0498046875,13204.69,11981.36,1.966325992200657,7.480201383757345,2.1992510141176234,11960.0,12959.9501953125,13073.9501953125,1.0,1.0,1.0,,,0.0,,0.04,1.0,1.0,0.07645059883411706,0.9567560935568917
MARUTI,Long-Term,STRONG_BULLISH,2024-07-11,^CNXAUTO,72.8,target1,6.442155309033271,20,12620.0,13433.0,11823.54,6.442155309033271,6.311093502377174,2.337520360818514,11960.0,13300.0,13300.0,1.0,0.6,1.0,,,0.06666666666666667,,0.08,1.0,1.0,5.388272583201268,5.388272583201268
MARUTI,Long-Term,STRONG_BULLISH,2024-08-02,^CNXAUTO,72.1,stop_loss,-5.988470776621291,80,12490.0,13816.8,11742.04,10.622898318654928,5.988470776621291,2.5782676602559897,11966.0,13680.0,13680.0,1.0,0.6,1.0,,,0.0,,0.11000000000000001,1.0,1.0,9.527622097678142,9.527622097678142
MARUTI,Long-Term,NEUTRAL,2025-01-31,^CNXAUTO,60.2,target1,9.135633116883124,2,12320.0,13445.51,11554.08,9.135633116883124,6.216883116883121,2.0485659717018523,11468.0,12390.0,13680.0,0.5466666666666666,0.6,0.6,,,1.0,,0.15,0.7,0.3,0.5681818181818182,11.03896103896104
MARUTI,Long-Term,NEUTRAL,2025-02-04,^CNXAUTO,69.0,stop_loss,-7.217696414950414,23,13110.0,13816.8,12163.76,5.391304347826087,7.217696414950414,2.4057715795918293,11468.0,13461.2001953125,13680.0,0.5466666666666666,1.0,0.5,,,1.0,,0.08,0.7,1.0,2.6788725805682687,4.3478260869565215
MARUTI,Long-Term,BULLISH,2025-03-24,^CNXAUTO,64.5,stop_loss,-5.636162864674765,13,11951.400390625,12888.92,11277.8,7.84443311020202,5.636162864674765,1.8018002278785492,11456.349609375,12550.0,13680.0,0.8533333333333334,0.6,1.0,,,1.0,,0.15,0.44799999999999995,0.3,5.008614805044584,14.46357374765019
MARUTI,Long-Term,HIGH_VOLATILITY,2025-04-30,^CNXAUTO,61.9,time_exit,0.36713714612057746,91,12257.0,13548.41,11396.06,10.536101819368525,7.024067879579022,2.341354364146197,11059.4501953125,12325.0,13680.0,0.3,1.0,1.0,,,0.22666666666666666,,0.15,0.7,1.0,0.5547850208044383,11.609692420657582
MARUTI,Long-Term,STRONG_BEARISH,2025-08-12,^CNXAUTO,61.3,target1,6.519236760124603,5,12840.0,13677.07,12160.65,6.519236760124603,5.290887850467296,1.76361960645092,12225.0,12959.0,13541.650390625,0.0,0.6,1.0,,,0.74,,0.12,1.0,0.3,0.926791277258567,5.464566905179128
MARUTI,Long-Term,NEUTRAL,2025-08-19,^CNXAUTO,75.9,target1,0.3530149004316918,5,14362.0,14412.7,13392.1,0.3530149004316918,6.7532377106252595,2.006785542948491,12225.0,14270.0,14270.0,0.5466666666666666,1.0,0.5,,,1.0,,0.02,1.0,1.0,-0.6405793065032725,-0.6405793065032725
MARUTI,Long-Term,BEARISH,2025-08-26,^CNXAUTO,71.6,target1,0.5253440751930238,6,14895.0,14973.25,13895.63,0.5253440751930238,6.709432695535423,1.8539494549462323,12225.0,14825.0,14825.0,0.2533333333333333,1.0,0.5,,,1.0,,0.03,1.0,1.0,-0.46995636119503187,-0.46995636119503187
MARUTI,Long-Term,NEUTRAL,2025-09-04,^CNXAUTO,78.1,target1,4.426051560379918,11,14740.0,15392.4,13816.98,4.426051560379918,6.262008141112618,1.9211205656213992,12429.0,15240.0,15240.0,0.5466666666666666,1.0,0.6,,,1.0,,0.09,1.0,1.0,3.3921302578018993,3.3921302578018993
MARUTI,Long-Term,BULLISH,2025-09-17,^CNXAUTO,80.5,target1,0.37811007790902185,1,15916.0,15976.18,14986.71,0.37811007790902185,5.838715757728075,1.7178019482010694,14156.0,15818.0,15818.0,0.8533333333333334,1.0,0.5,,,1.0,,0.02,1.0,1.0,-0.6157325961296809,-0.6157325961296809
MARUTI,Long-Term,STRONG_BULLISH,2025-09-22,^CNXAUTO,83.0,target1,0.6240694789081846,0,16120.0,16220.6,15023.53,0.6240694789081846,6.801923076923078,1.6701945256290234,14280.0,16060.0,16060.0,1.0,1.0,0.5,,,1.0,,0.05,1.0,1.0,-0.37220843672456577,-0.37220843672456577
MARUTI,Long-Term,BULLISH,2025-09-24,^CNXAUTO,80.6,target1,1.7831866576404787,22,16249.0,16538.75,15397.56,1.7831866576404787,5.239953227890948,1.7466599603403914,14625.0,16375.0,16375.0,0.8533333333333334,1.0,0.5,,,1.0,,0.03,1.0,1.0,0.7754323342974953,0.7754323342974953
MARUTI,Long-Term,STRONG_BULLISH,2025-10-20,^CNXAUTO,68.4,stop_loss,-4.682185619643842,13,16453.0,16714.49,15682.64,1.5893150185376514,4.682185619643842,1.5046365980088388,15708.0,16549.0,16549.0,1.0,1.0,0.0,,,1.0,,0.04,1.0,0.3,0.5834802163739136,0.5834802163739136
MARUTI,Long-Term,STRONG_BULLISH,2025-11-11,^CNXAUTO,61.6,target1,7.353579175704983,51,15674.0,16826.6,14816.94,7.353579175704983,5.468036238356511,1.7642788366306612,15260.0,16660.0,16660.0,1.0,0.6,0.0,,,1.0,,0.13999999999999999,0.848,0.3,6.29067245119306,6.29067245119306
MARUTI,Long-Term,STRONG_BULLISH,2026-01-05,^CNXAUTO,73.5,stop_loss,-4.293709959231218,3,17170.0,17543.7,16432.77,2.176470588235291,4.293709959231218,1.4033347506573253,15925.0,17370.0,17370.0,1.0,1.0,0.6,,,0.7333333333333333,,0.05,1.0,0.3,1.1648223645894,1.1648223645894
MARUTI,Long-Term,HIGH_VOLATILITY,2026-02-11,^CNXAUTO,61.6,stop_loss,-7.5886538585936965,18,15459.0,17101.19,14285.87,10.62287340707677,7.5886538585936965,2.4356086072387693,14058.0,16412.0,17370.0,0.3,0.6,1.0,,,0.22666666666666666,,0.15,0.848,1.0,6.164693705931819,12.36173103046769
NESTLEIND,Long-Term,STRONG_BULLISH,2024-07-09,^CNXFMCG,66.6,stop_loss,-5.551382075325884,15,1318.949951171875,1398.5,1245.73,6.031316712013646,5.551382075325884,1.7930342327791726,1242.25,1320.050048828125,1384.6500244140625,1.0,1.0,0.6,,,0.22666666666666666,,0.12,1.0,0.3,0.08340708116123537,4.981240810829371
NESTLEIND,Long-Term,BULLISH,2024-08-16,^CNXFMCG,66.5,target1,7.304347826086954,35,1265.0,1357.4,1199.61,7.304347826086954,5.169169960474318,1.666094243253764,1225.5,1322.75,1384.6500244140625,0.8533333333333334,0.6,1.0,,,0.0,,0.15,0.848,1.0,4.565217391304348,9.45849995368083
NESTLEIND,Long-Term,STRONG_BULLISH,2024-09-24,^CNXFMCG,73.7,stop_loss,-4.937715296527334,13,1342.625,1398.5,1276.33,4.161623684945526,4.937715296527334,1.7769765727892854,1244.0,1383.4000244140625,1384.6500244140625,1.0,1.0,0.6,,,0.26666666666666666,,0.06999999999999999,1.0,1.0,3.0369629951820127,3.1300641961875058
NESTLEIND,Long-Term,BULLISH,2025-03-21,^CNXFMCG,61.1,target1,9.62121741005808,31,1136.550048828125,1245.9,1060.11,9.62121741005808,6.725621006038496,2.1836811161306158,1055.0,1140.9000244140625,1389.0,0.8533333333333334,1.0,1.0,,,1.0,,0.15,0.152,0.3,0.3827350665659358,22.211951988579063
NESTLEIND,Long-Term,HIGH_VOLATILITY,2025-04-25,^CNXFMCG,67.5,time_exit,-7.112497965494791,91,1200.0,1334.41,1121.64,11.20083333333335,6.529999999999991,2.350890422626579,1074.0,1257.5,1389.0,0.3,1.0,0.6,,,1.0,,0.15,0.7,1.0,4.791666666666667,15.75
NESTLEIND,Long-Term,BULLISH,2025-08-20,^CNXFMCG,68.5,time_exit,7.495794216123941,91,1190.0,1314.11,1107.76,10.429411764705865,6.910924369747895,2.311548329775463,1084.699951171875,1237.5,1389.0,0.8533333333333334,1.0,1.0,,,0.08,,0.15,1.0,0.3,3.9915966386554618,16.72268907563025
NESTLEIND,Long-Term,STRONG_BULLISH,2025-11-21,^CNXFMCG,72.3,stop_loss,-4.785214007782102,14,1285.0,1324.72,1223.51,3.091050583657595,4.785214007782102,1.488442929671372,1250.699951171875,1292.199951171875,1311.5999755859375,1.0,0.6,0.5,,,1.0,,0.08,1.0,0.3,0.560307484192607,2.0700370105787935
NESTLEIND,Long-Term,NEUTRAL,2025-12-19,^CNXFMCG,67.3,target1,6.317817014446225,16,1246.0,1324.72,1186.8,6.317817014446225,4.751203852327457,1.5428832603071532,1205.0,1285.800048828125,1311.5999755859375,0.5466666666666666,0.6,1.0,,,0.8333333333333334,,0.13999999999999999,0.848,0.3,3.194225427618379,5.264845552643459
NESTLEIND,Long-Term,BEARISH,2026-01-08,^CNXFMCG,63.9,stop_loss,-4.862653854685995,54,1306.9000244140625,1346.03,1243.35,2.994106270943031,4.862653854685995,1.621002598987352,1205.800048828125,1332.699951171875,1332.699951171875,0.2533333333333333,0.15,1.0,,,1.0,,0.06,1.0,0.3,1.97413163025838,1.97413163025838
NESTLEIND,Long-Term,HIGH_VOLATILITY,2026-04-06,^CNXFMCG,63.2,target1,11.723677575864455,14,1204.4000244140625,1345.6,1129.6,11.723677575864455,6.210563176503802,2.3683411857503276,1159.4000244140625,1264.0999755859375,1340.4000244140625,0.3,0.6,1.0,,,1.0,,0.15,0.44799999999999995,1.0,4.956820820467757,11.291929362602234
NESTLEIND,Long-Term,BULLISH,2026-04-22,^CNXFMCG,80.7,target1,3.63956906165821,5,1388.9000244140625,1439.45,1290.95,3.63956906165821,7.052345215083767,2.5040013896031486,1159.4000244140625,1425.199951171875,1425.199951171875,0.8533333333333334,1.0,0.5,,,1.0,,0.04,1.0,1.0,2.6135737720305974,2.6135737720305974
NESTLEIND,Long-Term,BULLISH,2026-04-29,^CNXFMCG,80.5,target1,1.2755798090041015,6,1466.0,1484.7,1363.04,1.2755798090041015,7.02319236016371,2.3326536120357617,1159.4000244140625,1470.0,1470.0,0.8533333333333334,1.0,0.5,,,1.0,,0.02,1.0,1.0,0.2728512960436562,0.2728512960436562
NESTLEIND,Long-Term,STRONG_BULLISH,2026-05-07,^CNXFMCG,82.8,stop_loss,-6.1648365902089,25,1476.5999755859375,1507.93,1385.57,2.1217679081723118,6.1648365902089,2.0421272626346654,1206.4000244140625,1493.0,1493.0,1.0,1.0,0.5,,,1.0,,0.03,1.0,1.0,1.1106612952201032,1.1106612952201032
NTPC,Long-Term,STRONG_BULLISH,2024-07-09,^CNXENERGY,70.2,target1,4.838968531606569,16,378.79998779296875,397.13,346.67,4.838968531606569,8.482045625230917,2.686118186581669,355.54998779296875,389.5,393.20001220703125,1.0,1.0,1.0,,,0.1,,0.06999999999999999,1.0,0.3,2.8247129228735055,3.8014849203038414
NTPC,Long-Term,STRONG_BULLISH,2024-07-29,^CNXENERGY,73.9,target1,3.874055415617117,0,397.0,412.38,358.48,3.874055415617117,9.702770780856419,2.997550142808531,361.54998779296875,408.29998779296875,408.29998779296875,1.0,1.0,1.0,,,0.36000000000000004,,0.05,1.0,0.3,2.846344532233942,2.846344532233942
NTPC,Long-Term,STRONG_BULLISH,2024-07-31,^CNXENERGY,81.1,target1,0.3977152007121232,0,419.8999938964844,421.57,379.48,0.3977152007121232,9.626100139084281,2.926489039057905,361.54998779296875,417.3999938964844,417.3999938964844,1.0,1.0,0.6,,,0.8,,0.01,1.0,1.0,-0.5953798610000245,-0.5953798610000245
NTPC,Long-Term,STRONG_BULLISH,2024-08-02,^CNXENERGY,84.3,target1,5.620018752982792,45,407.6499938964844,430.56,383.69,5.620018752982792,5.877589661529248,2.8597790079030774,361.54998779296875,426.29998779296875,426.29998779296875,1.0,1.0,0.6,,,1.0,,0.03,1.0,1.0,4.5750016376107725,4.5750016376107725
NTPC,Long-Term,STRONG_BULLISH,2024-09-20,^CNXENERGY,79.4,target1,2.028070175438601,2,427.5,436.17,393.05,2.028070175438601,8.058479532163743,2.4297107940506417,385.29998779296875,431.8500061035156,431.8500061035156,1.0,0.6,1.0,,,1.0,,0.04,1.0,0.3,1.017545287372076,1.017545287372076
NTPC,Long-Term,STRONG_BULLISH,2024-09-26,^CNXENERGY,77.3,target1,1.451834862385315,0,436.0,442.33,405.84,1.451834862385315,6.917431192660562,2.2062378972427372,385.29998779296875,437.95001220703125,437.95001220703125,1.0,1.0,0.6,,,1.0,,0.03,1.0,0.3,0.447250506199828,0.447250506199828
NTPC,Long-Term,STRONG_BULLISH,2024-09-30,^CNXENERGY,77.3,stop_loss,-7.304932735426006,6,446.0,452.93,413.42,1.5538116591928164,7.304932735426006,2.239423427905977,385.29998779296875,448.45001220703125,448.45001220703125,1.0,1.0,0.6,,,1.0,,0.03,1.0,0.3,0.5493300912626121,0.5493300912626121
NTPC,Long-Term,BEARISH,2024-10-08,^CNXENERGY,63.7,stop_loss,-8.945697046772816,34,424.45001220703125,452.93,386.48,6.7098567496511885,8.945697046772816,2.7298710457841415,387.5,448.45001220703125,448.45001220703125,0.2533333333333333,0.15,0.5,,,1.0,,0.09,1.0,1.0,5.654376089001896,5.654376089001896
NTPC,Long-Term,BULLISH,2025-03-25,^CNXENERGY,60.6,stop_loss,-7.336152421720909,12,366.95001220703125,407.33,340.03,11.004220316032187,7.336152421720909,2.4453314924586325,306.54998779296875,371.45001220703125,448.45001220703125,0.8533333333333334,1.0,0.5,,,1.0,,0.15,0.152,1.0,1.226325071617963,22.21010963041422
NTPC,Long-Term,BULLISH,2025-09-18,^CNXENERGY,64.5,stop_loss,-4.362668548591464,49,336.95001220703125,359.0,322.25,6.543993765882594,4.362668548591464,1.4542527834197587,323.6499938964844,344.3500061035156,448.45001220703125,0.8533333333333334,1.0,1.0,,,0.56,,0.15,0.552,0.3,2.1961696478401125,33.09096185207774
NTPC,Long-Term,STRONG_BULLISH,2026-01-02,^CNXENERGY,61.0,stop_loss,-3.9988599570271455,4,350.3500061035156,375.16,336.34,7.081488073145326,3.9988599570271455,1.4915876068053544,315.54998779296875,353.0,371.45001220703125,1.0,1.0,0.5,,,0.43333333333333335,,0.15,0.7,0.3,0.7563847153755717,6.022550516891198
NTPC,Long-Term,HIGH_VOLATILITY,2026-01-16,^CNXENERGY,60.4,target1,8.870451237263467,35,343.5,373.97,327.94,8.870451237263467,4.529839883551679,1.7722683750760333,317.5,354.79998779296875,371.45001220703125,0.3,0.15,1.0,,,0.6933333333333334,,0.15,0.7,1.0,3.2896616573417035,8.13683033683588
NTPC,Long-Term,HIGH_VOLATILITY,2026-02-24,^CNXENERGY,73.8,target1,1.5937295885042557,15,382.75,388.85,360.36,1.5937295885042557,5.849771391247549,1.949594514028945,337.75,385.0,385.0,0.3,1.0,0.6,,,1.0,,0.03,1.0,1.0,0.5878510777269758,0.5878510777269758
NTPC,Long-Term,HIGH_VOLATILITY,2026-03-13,^CNXENERGY,68.5,stop_loss,-7.490247074122236,17,384.5,398.44,355.7,3.62548764629389,7.490247074122236,2.492950381049082,362.20001220703125,394.5,394.5,0.3,0.6,0.5,,,1.0,,0.05,1.0,1.0,2.600780234070221,2.600780234070221
NTPC,Long-Term,HIGH_VOLATILITY,2026-04-07,^CNXENERGY,65.2,target1,6.677376171352067,12,373.5,398.44,339.52,6.677376171352067,9.097724230254356,2.6503516708574435,352.0,394.5,394.5,0.3,0.6,0.5,,,1.0,,0.1,0.848,1.0,5.622489959839357,5.622489959839357
NTPC,Long-Term,BULLISH,2026-04-21,^CNXENERGY,88.2,target1,2.193467336683419,0,398.0,406.73,367.46,2.193467336683419,7.673366834170858,2.4180304060137714,352.0,402.70001220703125,402.70001220703125,0.8533333333333334,1.0,1.0,,,1.0,,0.04,1.0,1.0,1.1809075897063441,1.1809075897063441
NTPC,Long-Term,NEUTRAL,2026-04-23,^CNXENERGY,77.5,target1,1.623224212476826,3,404.75,411.32,373.49,1.623224212476826,7.7232859789993835,2.382909722593786,352.0,407.25,407.25,0.5466666666666666,1.0,0.6,,,1.0,,0.03,1.0,1.0,0.6176652254478072,0.6176652254478072
NTPC,Long-Term,NEUTRAL,2026-04-28,^CNXENERGY,70.6,stop_loss,-7.584859584859583,33,409.5,418.54,378.44,2.2075702075702086,7.584859584859583,2.3273408220023115,352.0,414.3999938964844,414.3999938964844,0.5466666666666666,1.0,0.6,,,1.0,,0.04,1.0,0.3,1.1965797061011905,1.1965797061011905
ONGC,Long-Term,STRONG_BULLISH,2024-07-09,^CNXENERGY,73.8,target1,2.1121079530006748,1,299.70001220703125,306.03,272.11,2.1121079530006748,9.205876237326338,2.839879799527889,263.5,303.0,303.0,1.0,1.0,0.6,,,0.7666666666666667,,0.03,1.0,0.3,1.1010969831690014,1.1010969831690014
ONGC,Long-Term,STRONG_BULLISH,2024-07-12,^CNXENERGY,69.4,target1,0.984609469923936,0,311.79998779296875,314.87,280.77,0.984609469923936,9.951888713213252,2.857778432443756,263.5,311.75,311.75,1.0,1.0,0.6,,,0.47333333333333333,,0.03,1.0,0.3,-0.016032006069846692,-0.016032006069846692
ONGC,Long-Term,STRONG_BULLISH,2024-07-16,^CNXENERGY,82.8,target1,1.7779125770437387,0,325.1000061035156,330.88,294.97,1.7779125770437387,9.267919267255209,2.859347399092286,263.5,327.6000061035156,327.6000061035156,1.0,1.0,0.5,,,1.0,,0.03,1.0,1.0,0.7689941412071124,0.7689941412071124
ONGC,Long-Term,STRONG_BULLISH,2024-07-19,^CNXENERGY,80.6,target1,5.19687499999999,3,320.0,336.63,290.22,5.19687499999999,9.306249999999993,3.068871454469792,263.5,333.29998779296875,333.29998779296875,1.0,0.6,0.6,,,1.0,,0.06,1.0,1.0,4.156246185302734,4.156246185302734
ONGC,Long-Term,STRONG_BULLISH,2024-07-26,^CNXENERGY,84.3,target1,2.4206148899090563,3,333.79998779296875,341.88,297.17,2.4206148899090563,10.97363365264339,3.4614367138998716,268.3500061035156,338.5,338.5,1.0,1.0,0.6,,,1.0,,0.03,1.0,1.0,1.4080324682175593,1.4080324682175593
ONGC,Long-Term,STRONG_BULLISH,2024-08-02,^CNXENERGY,90.6,stop_loss,-7.17652744357582,35,320.3500061035156,348.15,297.36,8.678006357677814,7.17652744357582,3.3057802055004353,276.5,344.70001220703125,344.70001220703125,1.0,1.0,1.0,,,1.0,,0.06,1.0,1.0,7.6010630996046675,7.6010630996046675
ONGC,Long-Term,STRONG_BULLISH,2024-09-24,^CNXENERGY,63.5,stop_loss,-8.331945630304904,27,299.45001220703125,336.87,274.5,12.496238526481562,8.331945630304904,2.7771879688636694,282.5,334.3999938964844,345.0,1.0,0.6,0.5,,,0.62,,0.15,0.848,0.3,11.671390971689023,15.211215874480171
ONGC,Long-Term,BEARISH,2025-10-01,^CNXENERGY,62.2,stop_loss,-4.119587628865984,73,242.5,258.84,232.51,6.7381443298969,4.119587628865984,1.4443496704649874,230.75999450683594,246.2899932861328,301.79998779296875,0.2533333333333333,0.6,1.0,,,0.8066666666666666,,0.15,0.552,1.0,1.5628838293331184,24.45360321359536
ONGC,Long-Term,STRONG_BULLISH,2026-01-06,^CNXENERGY,62.3,target1,8.896379288473288,21,240.2100067138672,261.58,228.76,8.896379288473288,4.766665165413442,1.809295458596519,228.61000061035156,246.8000030517578,273.5,1.0,0.6,1.0,,,0.04,,0.15,0.848,0.3,2.743431228383621,13.858703782389512
ONGC,Long-Term,HIGH_VOLATILITY,2026-01-29,^CNXENERGY,64.8,stop_loss,-6.290851702116173,3,273.8900146484375,280.55,256.66,2.4316276590481856,6.290851702116173,2.267409140015354,231.0,277.7699890136719,277.7699890136719,0.3,1.0,0.5,,,1.0,,0.03,0.7,1.0,1.4166176777983934,1.4166176777983934
ONGC,Long-Term,HIGH_VOLATILITY,2026-02-03,^CNXENERGY,67.0,target1,8.71924560022952,16,258.04998779296875,280.55,233.47,8.71924560022952,9.525281517427953,3.0516205474751352,231.0,277.7699890136719,277.7699890136719,0.3,1.0,1.0,,,0.6,,0.1,0.7,1.0,7.641930693104435,7.641930693104435
ONGC,Long-Term,HIGH_VOLATILITY,2026-02-23,^CNXENERGY,72.3,target1,2.8877222128671276,6,275.6499938964844,283.61,252.33,2.8877222128671276,8.460001600885859,2.8205958238522735,245.88999938964844,280.79998779296875,280.79998779296875,0.3,1.0,0.5,,,1.0,,0.03,1.0,1.0,1.8683090914264147,1.8683090914264147
ONGC,Long-Term,HIGH_VOLATILITY,2026-03-04,^CNXENERGY,64.3,target1,6.449640287769776,54,278.0,295.93,252.65,6.449640287769776,9.11870503597122,2.925126932549749,258.04998779296875,293.0,293.0,0.3,0.15,0.5,,,1.0,,0.08,1.0,1.0,5.39568345323741,5.39568345323741
ONGC,Long-Term,BULLISH,2026-04-29,^CNXENERGY,75.2,stop_loss,-7.982943385937869,6,304.8999938964844,310.57,280.56,1.8596281459555053,7.982943385937869,2.3046165716571467,274.75,307.5,307.5,0.8533333333333334,1.0,0.6,,,1.0,,0.04,1.0,0.3,0.8527406216998301,0.8527406216998301
ONGC,Long-Term,STRONG_BULLISH,2026-05-07,^CNXENERGY,76.8,stop_loss,-7.327223433109098,21,283.6000061035156,310.57,262.82,9.509870703825074,7.327223433109098,2.4746991826677847,279.70001220703125,307.5,307.5,1.0,1.0,0.5,,,1.0,,0.13,1.0,0.3,8.427360148843135,8.427360148843135
POWERGRID,Long-Term,STRONG_BULLISH,2024-07-09,^CNXENERGY,83.4,target1,2.6793002915451947,20,343.0,352.19,315.34,2.6793002915451947,8.064139941690973,2.522241383984746,315.1499938964844,342.3500061035156,348.70001220703125,1.0,1.0,1.0,,,1.0,,0.04,1.0,0.3,-0.18950259372722303,1.661811139076166
POWERGRID,Long-Term,STRONG_BULLISH,2024-07-31,^CNXENERGY,77.4,target1,2.668377122705512,0,351.1499938964844,360.52,320.05,2.668377122705512,8.856612398419216,2.6946912099873024,321.1000061035156,356.95001220703125,356.95001220703125,1.0,1.0,1.0,,,0.6,,0.04,1.0,0.3,1.6517210341335402,1.6517210341335402
POWERGRID,Long-Term,STRONG_BULLISH,2024-08-02,^CNXENERGY,77.3,stop_loss,-6.559886605244502,24,352.75,366.12,329.61,3.7902197023387707,6.559886605244502,2.6646148117915667,321.1000061035156,362.5,362.5,1.0,1.0,0.6,,,1.0,,0.03,1.0,0.3,2.7639971651311126,2.7639971651311126
POWERGRID,Long-Term,STRONG_BULLISH,2024-09-02,^CNXENERGY,62.4,target1,8.964285714285714,22,336.0,366.12,313.33,8.964285714285714,6.747023809523811,2.207182870683071,328.79998779296875,355.0,362.5,1.0,0.6,0.5,,,0.5533333333333333,,0.13999999999999999,0.848,0.3,5.654761904761905,7.886904761904762
POWERGRID,Long-Term,STRONG_BULLISH,2024-09-26,^CNXENERGY,77.9,stop_loss,-5.07454764980112,6,362.20001220703125,369.91,343.82,2.128654757902604,5.07454764980112,1.9725045148983638,323.54998779296875,366.25,366.25,1.0,1.0,0.5,,,0.6799999999999999,,0.02,1.0,1.0,1.1181633507659305,1.1181633507659305
POWERGRID,Long-Term,HIGH_VOLATILITY,2024-11-21,^CNXENERGY,63.2,stop_loss,-7.805398632834926,49,325.79998779296875,364.2,300.37,11.786376195763616,7.805398632834926,2.6112621653446455,308.70001220703125,332.5,366.25,0.3,0.6,1.0,,,0.8,,0.15,0.848,0.3,2.0564801897073144,12.415596599940763
POWERGRID,Long-Term,HIGH_VOLATILITY,2025-04-21,^CNXENERGY,60.2,stop_loss,-8.05003909304144,23,319.75,358.98,294.01,12.268960125097728,8.05003909304144,2.7068671641705406,269.79998779296875,322.0,366.25,0.3,1.0,0.5,,,0.6133333333333333,,0.15,0.7,1.0,0.7036747458952306,14.5426114151681
POWERGRID,Long-Term,STRONG_BULLISH,2025-06-09,^CNXENERGY,60.0,stop_loss,-6.6611174866389895,77,300.54998779296875,330.46,280.53,9.95175958138268,6.6611174866389895,2.215384709043531,286.54998779296875,308.75,366.25,1.0,1.0,1.0,,,0.7799999999999999,,0.15,0.152,0.3,2.728335564824497,21.85992842305092
POWERGRID,Long-Term,BULLISH,2025-09-18,^CNXENERGY,60.0,stop_loss,-4.8413793103448395,48,290.0,308.8,275.96,6.482758620689655,4.8413793103448395,1.5146193941052437,272.25,289.8500061035156,366.25,0.8533333333333334,1.0,1.0,,,0.46,,0.15,0.152,1.0,-0.05172203327047414,26.29310344827586
POWERGRID,Long-Term,HIGH_VOLATILITY,2026-02-04,^CNXENERGY,67.5,target1,10.364261168384893,74,291.0,321.16,268.23,10.364261168384893,7.824742268041229,2.4389496691940264,250.0,292.0,322.0,0.3,1.0,0.6,,,1.0,,0.15,0.7,1.0,0.3436426116838488,10.652920962199312
POWERGRID,Long-Term,BULLISH,2026-04-21,^CNXENERGY,75.1,stop_loss,-7.4558248631743425,21,319.75,326.28,295.91,2.0422204847537095,7.4558248631743425,2.446720192301643,283.5,323.04998779296875,323.04998779296875,0.8533333333333334,1.0,0.6,,,1.0,,0.03,1.0,0.3,1.0320524762998435,1.0320524762998435
POWERGRID,Long-Term,BULLISH,2026-05-27,^CNXENERGY,65.2,stop_loss,-6.69998144441738,5,300.1499938964844,328.2,280.04,9.345329559856497,6.69998144441738,2.233601497681713,290.20001220703125,323.8999938964844,324.95001220703125,0.8533333333333334,0.6,0.5,,,0.8866666666666667,,0.13999999999999999,0.848,0.3,7.912710472414966,8.262541667450407
RELIANCE,Long-Term,STRONG_BULLISH,2024-07-09,^CNXENERGY,71.0,stop_loss,-6.102194357366764,13,1595.0,1624.89,1497.67,1.8739811912225735,6.102194357366764,1.9411103389840774,1437.5,1608.800048828125,1608.800048828125,1.0,1.0,0.6,,,0.5733333333333334,,0.04,1.0,0.3,0.8652068230799373,0.8652068230799373
RELIANCE,Long-Term,STRONG_BULLISH,2024-07-26,^CNXENERGY,61.7,stop_loss,-6.587516411814931,66,1511.949951171875,1624.89,1412.35,7.469827208274182,6.587516411814931,2.1354616893805285,1463.0,1608.800048828125,1608.800048828125,1.0,1.0,0.5,,,0.0,,0.12,1.0,0.3,6.405641772810262,6.405641772810262
RELIANCE,Long-Term,BULLISH,2025-03-20,^CNXENERGY,61.1,stop_loss,-5.712941176470587,14,1275.0,1369.64,1202.16,7.4227450980392184,5.712941176470587,1.7595753298671029,1156.0,1273.0,1608.800048828125,0.8533333333333334,1.0,1.0,,,1.0,,0.15,0.152,0.3,-0.1568627450980392,26.180395986519606
RELIANCE,Long-Term,HIGH_VOLATILITY,2025-04-28,^CNXENERGY,67.2,target1,10.212983223924144,59,1371.0,1511.02,1273.99,10.212983223924144,7.075857038657918,2.3089161956955087,1114.8499755859375,1374.5999755859375,1608.800048828125,0.3,1.0,0.6,,,0.98,,0.15,0.7,1.0,0.2625802761442378,17.345007208470093
RELIANCE,Long-Term,STRONG_BULLISH,2025-06-30,^CNXENERGY,78.5,stop_loss,-5.048645662969287,20,1500.5999755859375,1614.25,1424.84,7.573638961954909,5.048645662969287,1.6829874425134184,1403.4000244140625,1524.800048828125,1608.800048828125,1.0,1.0,0.6,,,1.0,,0.15,1.0,0.3,1.6126931651280434,7.2104541518427485
RELIANCE,Long-Term,NEUTRAL,2025-08-19,^CNXENERGY,61.0,stop_loss,-4.600849256900208,12,1413.0,1528.27,1347.99,8.157820240622794,4.600849256900208,1.6926084708171467,1361.199951171875,1431.9000244140625,1551.0,0.5466666666666666,0.6,1.0,,,0.4066666666666666,,0.15,0.848,0.3,1.3375813456519816,9.766454352441615
RELIANCE,Long-Term,BULLISH,2025-09-10,^CNXENERGY,60.5,target1,7.211482558139526,42,1376.0,1475.23,1311.52,7.211482558139526,4.6860465116279055,1.5851752711420388,1340.5999755859375,1431.9000244140625,1551.0,0.8533333333333334,0.6,1.0,,,0.06666666666666667,,0.15,0.848,0.3,4.062501774277798,12.718023255813954
RELIANCE,Long-Term,STRONG_BULLISH,2025-10-24,^CNXENERGY,74.2,target1,5.803827751196189,24,1463.0,1547.91,1387.4,5.803827751196189,5.167464114832532,1.4743140319387915,1356.9000244140625,1482.9000244140625,1551.0,1.0,0.6,0.6,,,0.5133333333333333,,0.15,1.0,1.0,1.3602203974068694,6.015037593984962
RELIANCE,Long-Term,STRONG_BULLISH,2025-11-21,^CNXENERGY,73.4,target1,1.5083870967742108,3,1550.0,1573.38,1485.52,1.5083870967742108,4.159999999999997,1.3165272903154541,1441.0,1557.800048828125,1557.800048828125,1.0,0.6,0.6,,,1.0,,0.04,1.0,0.3,0.5032289566532259,0.5032289566532259
RELIANCE,Long-Term,STRONG_BULLISH,2025-11-28,^CNXENERGY,69.0,target1,1.4038095238095183,35,1575.0,1597.11,1502.82,1.4038095238095183,4.582857142857144,1.3755333408152501,1470.0999755859375,1581.300048828125,1581.300048828125,1.0,0.15,0.6,,,1.0,,0.05,1.0,0.3,0.4000031001984127,0.4000031001984127
RELIANCE,Long-Term,STRONG_BULLISH,2026-01-06,^CNXENERGY,61.7,stop_loss,-5.192715231788081,12,1510.0,1621.62,1431.59,7.392052980132435,5.192715231788081,1.6806426040217888,1496.300048828125,1611.800048828125,1611.800048828125,1.0,0.6,0.0,,,1.0,,0.15,0.848,0.3,6.741725087955299,6.741725087955299
RELIANCE,Long-Term,HIGH_VOLATILITY,2026-02-04,^CNXENERGY,61.2,stop_loss,-6.851750171585447,25,1457.0,1606.25,1357.17,10.243651338366512,6.851750171585447,2.279715931099604,1335.5,1520.0,1611.800048828125,0.3,0.6,1.0,,,0.2,,0.15,0.848,1.0,4.323953328757722,10.624574387654427
RELIANCE,Long-Term,NEUTRAL,2026-04-28,^CNXENERGY,67.2,stop_loss,-7.10129310344827,36,1392.0,1532.53,1293.15,10.0955459770115,7.10129310344827,2.298005850601491,1290.0,1404.699951171875,1611.800048828125,0.5466666666666666,1.0,1.0,,,1.0,,0.15,0.3,1.0,0.9123528140714798,15.790233392825073
SBILIFE,Long-Term,STRONG_BULLISH,2024-07-09,,64.6,target1,3.95409083456304,5,1524.75,1585.04,1429.6,3.95409083456304,6.2403672733235,2.0802144246111762,1422.0,1531.949951171875,1569.3499755859375,1.0,0.6,1.0,,,0.0,,0.06,1.0,0.3,0.472205356410887,2.9250680823700606
SBILIFE,Long-Term,STRONG_BULLISH,2024-07-16,,63.4,target1,2.2222222222222143,0,1620.0,1656.0,1517.76,2.2222222222222143,6.311111111111112,2.1297974436495535,1430.0,1639.5999755859375,1639.5999755859375,1.0,0.6,0.5,,,0.44,,0.03,1.0,0.3,1.2098750361689816,1.2098750361689816
SBILIFE,Long-Term,STRONG_BULLISH,2024-07-19,,67.1,target1,2.467858449611038,3,1641.0999755859375,1681.6,1542.49,2.467858449611038,6.008773204126694,2.1284208488441894,1430.0,1664.949951171875,1664.949951171875,1.0,0.6,0.5,,,0.6866666666666668,,0.03,1.0,0.3,1.453292056592842,1.453292056592842
SBILIFE,Long-Term,STRONG_BULLISH,2024-07-26,,71.8,target1,2.4524964336661847,23,1752.5,1795.48,1617.2,2.4524964336661847,7.7203994293865925,2.5462655481455485,1450.0,1777.699951171875,1777.699951171875,1.0,0.6,0.5,,,1.0,,0.03,1.0,0.3,1.4379430055278175,1.4379430055278175
SBILIFE,Long-Term,STRONG_BULLISH,2024-08-22,,80.3,target1,2.292260407935176,4,1789.5,1830.52,1658.74,2.292260407935176,7.30706901369097,2.5346227479088204,1645.0,1812.4000244140625,1812.4000244140625,1.0,0.6,0.6,,,1.0,,0.03,1.0,1.0,1.279688427720732,1.279688427720732
SBILIFE,Long-Term,STRONG_BULLISH,2024-08-28,,73.2,target1,1.7820652173913043,4,1840.0,1872.79,1714.58,1.7820652173913043,6.816304347826085,2.334471055172855,1666.0,1854.25,1854.25,1.0,0.6,0.6,,,1.0,,0.02,1.0,0.3,0.7744565217391305,0.7744565217391305
SBILIFE,Long-Term,STRONG_BULLISH,2024-09-03,,78.7,stop_loss,-5.740314136125657,29,1910.0,1955.36,1800.36,2.3748691099476416,5.740314136125657,2.217262882490715,1666.0,1936.0,1936.0,1.0,0.6,0.5,,,1.0,,0.02,1.0,1.0,1.3612565445026177,1.3612565445026177
SBILIFE,Long-Term,HIGH_VOLATILITY,2025-04-25,,63.5,time_exit,9.497041420118336,91,1690.0,1899.99,1558.51,12.42544378698225,7.78047337278106,2.6860483812423737,1430.550048828125,1762.0,1936.0,0.3,0.6,0.6,,,1.0,,0.15,0.7,1.0,4.260355029585798,14.55621301775148
SBILIFE,Long-Term,BEARISH,2025-07-29,,68.1,time_exit,7.967124625428079,91,1825.0,1955.36,1735.61,7.14301369863013,4.898082191780828,1.7778662142125936,1754.0999755859375,1875.0,1936.0,0.2533333333333333,0.6,1.0,,,0.94,,0.12,1.0,0.3,2.73972602739726,6.082191780821917
SBILIFE,Long-Term,STRONG_BULLISH,2025-10-30,,77.6,target1,1.5139949109414852,4,1965.0,1994.75,1863.42,1.5139949109414852,5.169465648854954,1.7777656887236328,1757.699951171875,1975.0,1975.0,1.0,0.6,0.5,,,0.9266666666666666,,0.02,1.0,1.0,0.5089058524173028,0.5089058524173028
SBILIFE,Long-Term,NEUTRAL,2025-11-06,,69.4,target1,2.8117845726789215,3,1962.0999755859375,2017.27,1867.48,2.8117845726789215,4.822382995936858,1.7475086761811438,1757.699951171875,1997.300048828125,1997.300048828125,0.5466666666666666,0.6,0.6,,,0.7200000000000001,,0.04,1.0,1.0,1.793999983699902,1.793999983699902
SBILIFE,Long-Term,STRONG_BULLISH,2025-11-11,,77.0,target1,2.0417538764794907,12,1997.300048828125,2038.08,1895.25,2.0417538764794907,5.109400006674047,1.7031185341749502,1798.0999755859375,2017.9000244140625,2017.9000244140625,1.0,0.6,0.5,,,0.8733333333333333,,0.04,1.0,1.0,1.031391132144823,1.031391132144823
SBILIFE,Long-Term,BULLISH,2025-11-25,,69.5,target1,3.7651403249630677,42,2031.0,2107.47,1922.95,3.7651403249630677,5.320039389463316,1.7732858658097472,1894.800048828125,2086.60009765625,2086.60009765625,0.8533333333333334,0.6,0.0,,,1.0,,0.06999999999999999,1.0,1.0,2.7375725089241754,2.7375725089241754
SBILIFE,Long-Term,BEARISH,2026-01-08,,68.3,stop_loss,-5.252175291985206,20,2093.800048828125,2130.7,1983.83,1.7623436006951598,5.252175291985206,1.585456368413753,1968.199951171875,2109.60009765625,2109.60009765625,0.2533333333333333,0.6,1.0,,,1.0,,0.05,1.0,0.3,0.7546111595979806,0.7546111595979806
SBILIFE,Long-Term,HIGH_VOLATILITY,2026-02-04,,64.0,target1,4.908911866075827,18,2031.0,2130.7,1906.17,4.908911866075827,6.146233382570154,2.212682423644231,1951.5,2109.60009765625,2109.60009765625,0.3,0.6,0.5,,,0.6866666666666668,,0.06999999999999999,1.0,1.0,3.870019579332841,3.870019579332841
SBILIFE,Long-Term,HIGH_VOLATILITY,2026-02-24,,76.1,stop_loss,-6.0348353408897,7,2089.699951171875,2153.32,1963.59,3.0444585497763965,6.0348353408897,1.9092830482892902,1951.5,2132.0,2132.0,0.3,0.6,1.0,,,1.0,,0.06,1.0,1.0,2.0242163859172084,2.0242163859172084
SBILIFE,Long-Term,HIGH_VOLATILITY,2026-04-10,,64.5,stop_loss,-7.743321110529067,14,1909.0,2153.32,1761.18,12.798323729701423,7.743321110529067,2.8080950164150265,1728.0999755859375,1985.0,2132.0,0.3,0.6,1.0,,,0.4266666666666667,,0.13999999999999999,0.848,1.0,3.9811419591409116,11.681508643268728
SHRIRAMFIN,Long-Term,STRONG_BULLISH,2024-07-09,,74.6,target1,10.59790338075075,41,558.7899780273438,618.01,509.82,10.59790338075075,8.763574858700752,2.8999494205484786,498.0,611.8900146484375,611.8900146484375,1.0,0.6,0.5,,,0.66,,0.12,1.0,1.0,9.502682350987934,9.502682350987934
SHRIRAMFIN,Long-Term,STRONG_BULLISH,2024-08-21,,73.2,target1,1.797788309636661,5,633.0,644.38,570.81,1.797788309636661,9.82464454976304,3.218501443651555,527.0999755859375,638.0,638.0,1.0,0.6,0.6,,,1.0,,0.02,1.0,0.3,0.7898894154818324,0.7898894154818324
SHRIRAMFIN,Long-Term,STRONG_BULLISH,2024-08-28,,73.4,target1,3.2072542354707467,11,639.7999877929688,660.32,584.3,3.2072542354707467,8.674584065626444,2.9187501291760776,561.6199951171875,653.780029296875,653.780029296875,1.0,0.6,0.6,,,1.0,,0.04,1.0,0.3,2.18506435927442,2.18506435927442
SHRIRAMFIN,Long-Term,STRONG_BULLISH,2024-09-10,,71.9,target1,3.2541599541486166,1,653.010009765625,674.26,601.1,3.2541599541486166,7.949343653132701,2.6026459642032345,572.0999755859375,667.5800170898438,667.5800170898438,1.0,0.6,0.5,,,1.0,,0.04,1.0,0.3,2.231207348482781,2.231207348482781
SHRIRAMFIN,Long-Term,STRONG_BULLISH,2024-09-13,,73.4,target1,2.405273090776694,1,675.5999755859375,691.85,623.42,2.405273090776694,7.7235016979807725,2.485309204222986,602.6099853515625,685.0,685.0,1.0,0.6,0.6,,,1.0,,0.04,1.0,0.3,1.3913594958185136,1.3913594958185136
SHRIRAMFIN,Long-Term,STRONG_BULLISH,2024-09-18,,71.7,target1,1.5203486551391032,7,714.3099975585938,725.17,662.42,1.5203486551391032,7.264352695040833,2.4484757079655415,622.2000122070312,717.989990234375,717.989990234375,1.0,0.6,0.5,,,1.0,,0.02,1.0,0.3,0.5151814602006023,0.5151814602006023
SHRIRAMFIN,Long-Term,STRONG_BULLISH,2024-09-27,,73.3,stop_loss,-6.985428625496759,4,722.7899780273438,737.75,672.3,2.069760570489021,6.985428625496759,2.3892601475172937,638.010009765625,730.4500122070312,730.4500122070312,1.0,0.6,0.6,,,1.0,,0.03,1.0,0.3,1.0597869938088316,1.0597869938088316
SHRIRAMFIN,Long-Term,BEARISH,2024-10-08,,61.5,stop_loss,-9.360563739569027,16,670.9000244140625,737.75,608.1,9.964223155949604,9.360563739569027,2.8916772743697736,646.030029296875,730.4500122070312,730.4500122070312,0.2533333333333333,0.6,0.5,,,1.0,,0.12,1.0,0.3,8.876134390511812,8.876134390511812
SHRIRAMFIN,Long-Term,STRONG_BEARISH,2024-10-28,,60.9,stop_loss,-10.888002339671631,15,648.4199829101562,737.75,577.82,13.77656757105543,10.888002339671631,3.7861993634351068,605.5999755859375,728.989990234375,730.4500122070312,0.0,0.6,0.5,,,1.0,,0.12,0.848,1.0,12.4255898102669,12.650755908033284
SHRIRAMFIN,Long-Term,HIGH_VOLATILITY,2024-11-26,,60.5,stop_loss,-9.807195091233334,44,605.780029296875,703.62,546.37,16.151072331764915,9.807195091233334,3.441099380654989,549.1099853515625,668.8300170898438,730.4500122070312,0.3,0.6,1.0,,,0.4,,0.15,0.7,1.0,10.408066417466827,20.58007475995204
SHRIRAMFIN,Long-Term,NEUTRAL,2025-03-18,,65.7,target1,10.236950060916982,33,645.7000122070312,711.8,564.22,10.236950060916982,12.618864901137128,3.157281077023398,525.0999755859375,650.7999877929688,730.4500122070312,0.5466666666666666,0.6,0.5,,,1.0,,0.15,0.7,1.0,0.7898366872420456,13.125290134395499
SHRIRAMFIN,Long-Term,HIGH_VOLATILITY,2025-04-22,,63.0,stop_loss,-11.165609584214241,5,709.5,737.75,630.28,3.981677237491188,11.165609584214241,3.469502808855212,589.25,717.5,730.4500122070312,0.3,0.6,0.6,,,1.0,,0.05,1.0,0.3,1.127554615926709,2.952785370969873
SHRIRAMFIN,Long-Term,STRONG_BULLISH,2025-05-05,,76.1,time_exit,0.20674106523628222,91,628.7999877929688,737.75,547.9,17.32665622170826,12.865774389869255,4.2908778978779925,589.25,717.5,730.4500122070312,1.0,0.6,0.5,,,1.0,,0.13999999999999999,0.848,1.0,14.106236311861311,16.16571666466549
SHRIRAMFIN,Long-Term,BULLISH,2025-09-12,,70.3,target1,10.664238032469587,35,630.7999877929688,698.07,589.37,10.664238032469587,6.567848540695631,2.290040191935559,566.5,637.5,730.4500122070312,0.8533333333333334,0.6,1.0,,,0.0,,0.15,1.0,1.0,1.0621452658033694,15.797404302862489
SHRIRAMFIN,Long-Term,STRONG_BULLISH,2025-10-21,,73.7,target1,4.231571377202448,4,695.25,724.67,652.75,4.231571377202448,6.112909025530389,2.037762529584813,603.1500244140625,698.6500244140625,717.5,1.0,0.6,0.6,,,1.0,,0.06999999999999999,1.0,0.3,0.4890362335940309,3.200287666307084
SHRIRAMFIN,Long-Term,STRONG_BULLISH,2025-10-28,,71.8,target1,1.9206836477145606,0,723.7000122070312,737.6,679.2,1.9206836477145606,6.148958333069777,2.0497836671273966,603.1500244140625,730.2999877929688,730.2999877929688,1.0,0.6,0.5,,,1.0,,0.03,1.0,0.3,0.9119767133635786,0.9119767133635786
SHRIRAMFIN,Long-Term,STRONG_BULLISH,2025-10-30,,71.9,target1,2.983160055738421,0,733.4500122070312,755.33,691.85,2.983160055738421,5.6718265068743,2.0949248582377042,616.0499877929688,747.8499755859375,747.8499755859375,1.0,0.6,0.5,,,1.0,,0.04,1.0,0.3,1.9633189909664308,1.9633189909664308
SHRIRAMFIN,Long-Term,STRONG_BULLISH,2025-11-03,,78.7,target1,1.9496482497286305,0,792.4500122070312,807.9,737.0,1.9496482497286305,6.997288327701446,2.4881566730564177,646.5,799.9000244140625,799.9000244140625,1.0,0.6,0.5,,,1.0,,0.02,1.0,1.0,0.9401239311338291,0.9401239311338291
SHRIRAMFIN,Long-Term,NEUTRAL,2025-11-06,,72.2,target1,3.7589905362775955,3,792.5,822.29,733.54,3.7589905362775955,7.439747634069405,2.479984647478654,658.75,814.1500244140625,814.1500244140625,0.5466666666666666,0.6,0.5,,,1.0,,0.05,1.0,1.0,2.7318642793769716,2.7318642793769716
SHRIRAMFIN,Long-Term,STRONG_BULLISH,2025-11-11,,78.6,target1,1.1209915107378343,13,832.2999877929688,841.63,768.73,1.1209915107378343,7.637869605349734,2.5461198828825258,658.75,833.2999877929688,833.2999877929688,1.0,0.6,0.5,,,1.0,,0.01,1.0,1.0,0.12014898650325896,0.12014898650325896
SHRIRAMFIN,Long-Term,STRONG_BULLISH,2025-11-26,,71.2,target1,0.8651162790697775,0,860.0,867.44,800.31,0.8651162790697775,6.9406976744186055,2.19060199379741,717.4000244140625,858.8499755859375,858.8499755859375,1.0,0.6,0.0,,,1.0,,0.02,1.0,1.0,-0.1337237690770349,-0.1337237690770349
SHRIRAMFIN,Long-Term,STRONG_BULLISH,2025-11-28,,71.5,target1,2.6659701655224355,18,857.8499755859375,880.72,795.56,2.6659701655224355,7.261173556995393,2.195278709084746,727.0,872.0,872.0,1.0,0.6,0.0,,,1.0,,0.05,1.0,1.0,1.6494754114083416,1.6494754114083416
SHRIRAMFIN,Long-Term,STRONG_BULLISH,2025-12-22,,78.8,target1,2.1945230132185634,0,938.7000122070312,959.3,860.39,2.1945230132185634,8.342389601435297,2.654964108474358,817.7999877929688,949.7999877929688,949.7999877929688,1.0,0.6,0.5,,,1.0,,0.03,1.0,1.0,1.1824838011709102,1.1824838011709102
SHRIRAMFIN,Long-Term,STRONG_BULLISH,2025-12-24,,78.8,target1,1.7397995411816192,5,976.5499877929688,993.54,898.33,1.7397995411816192,8.009829375938871,2.5803209476170963,817.7999877929688,983.7000122070312,983.7000122070312,1.0,0.6,0.5,,,1.0,,0.03,1.0,1.0,0.7321718809522246,0.7321718809522246
SHRIRAMFIN,Long-Term,STRONG_BULLISH,2026-01-01,,78.7,stop_loss,-7.74237618931447,31,1024.75,1035.86,945.41,1.0841668699682838,7.74237618931447,2.4284498603544575,817.7999877929688,1025.5999755859375,1025.5999755859375,1.0,0.6,0.5,,,1.0,,0.02,1.0,1.0,0.08294467781776044,0.08294467781776044
SHRIRAMFIN,Long-Term,HIGH_VOLATILITY,2026-02-03,,61.5,target1,4.108271435366362,5,1010.4000244140625,1051.91,903.34,4.108271435366362,10.59580580237488,3.2339029908927426,939.0,1041.5,1041.5,0.3,0.6,0.5,,,1.0,,0.05,1.0,0.3,3.07798642463143,3.07798642463143
SHRIRAMFIN,Long-Term,HIGH_VOLATILITY,2026-02-10,,68.8,target1,2.4197530864197514,1,1053.0,1078.48,949.15,2.4197530864197514,9.862298195631535,3.1614078579466196,939.0,1067.800048828125,1067.800048828125,0.3,0.6,1.0,,,1.0,,0.03,1.0,0.3,1.4055127092236468,1.4055127092236468
SHRIRAMFIN,Long-Term,HIGH_VOLATILITY,2026-02-13,,68.8,target1,3.0183852221856045,10,1065.800048828125,1097.97,969.87,3.0183852221856045,9.0007547788727,3.00020685429171,939.0,1087.0999755859375,1087.0999755859375,0.3,0.6,1.0,,,1.0,,0.03,1.0,0.3,1.9984918166622647,1.9984918166622647
SHRIRAMFIN,Long-Term,HIGH_VOLATILITY,2026-02-27,,61.5,stop_loss,-4.877394636015319,2,1044.0,1119.08,993.08,7.191570881226039,4.877394636015319,2.66562156872395,939.0,1108.0,1108.0,0.3,0.6,0.5,,,1.0,,0.05,1.0,0.3,6.130268199233716,6.130268199233716
SHRIRAMFIN,Long-Term,HIGH_VOLATILITY,2026-03-05,,61.8,stop_loss,-9.76243146188872,3,1043.9000244140625,1119.08,941.99,7.201836749466084,9.76243146188872,3.1269543276751586,972.4000244140625,1108.0,1108.0,0.3,0.6,0.5,,,1.0,,0.08,1.0,0.3,6.140432425213956,6.140432425213956
SHRIRAMFIN,Long-Term,HIGH_VOLATILITY,2026-03-10,,61.5,stop_loss,-11.256940602670618,9,1062.9000244140625,1119.08,943.25,5.285537143242358,11.256940602670618,3.7522148030039713,934.2000122070312,1108.0,1108.0,0.3,0.6,0.5,,,1.0,,0.05,1.0,0.3,4.243106082418189,4.243106082418189
SHRIRAMFIN,Long-Term,HIGH_VOLATILITY,2026-04-07,,61.1,time_exit,4.041028145032044,91,975.0,1119.08,800.01,14.777435897435897,17.947692307692307,4.679212431871034,863.4500122070312,1077.9000244140625,1108.0,0.3,0.6,0.5,,,0.9466666666666667,,0.13999999999999999,0.7,1.0,10.553848657852564,13.641025641025642
SBIN,Long-Term,STRONG_BULLISH,2024-07-09,^NSEBANK,83.7,stop_loss,-6.537609252648934,26,860.0999755859375,921.12,803.87,7.094526932464218,6.537609252648934,2.222549162778651,821.0499877929688,869.9500122070312,912.0,1.0,1.0,1.0,,,0.98,,0.1,1.0,0.3,1.1452199628750688,6.034185081647741
SBIN,Long-Term,STRONG_BULLISH,2024-08-30,^NSEBANK,61.7,stop_loss,-5.279577687195458,7,817.2999877929688,877.78,774.15,7.399977133286284,5.279577687195458,1.6941325120574273,795.0499877929688,858.2999877929688,912.0,1.0,0.6,1.0,,,0.0,,0.15,0.848,0.3,5.016517877446214,11.586934249535291
SBIN,Long-Term,STRONG_BULLISH,2024-09-23,^NSEBANK,61.7,target1,8.897091022833914,72,799.25,870.36,756.18,8.897091022833914,5.388802001876769,1.8986762187713027,765.4000244140625,825.9500122070312,912.0,1.0,0.6,1.0,,,0.0,,0.15,0.848,0.3,3.3406333696629655,14.10697528933375
SBIN,Long-Term,BULLISH,2024-12-06,^NSEBANK,81.8,stop_loss,-6.079161816065193,18,859.0,921.12,806.78,7.231664726426068,6.079161816065193,2.1949337025839366,761.5499877929688,875.4500122070312,912.0,0.8533333333333334,1.0,1.0,,,1.0,,0.1,1.0,0.3,1.9150188832399593,6.169965075669383
SBIN,Long-Term,HIGH_VOLATILITY,2025-04-17,^NSEBANK,61.4,time_exit,2.6401011465792434,91,803.0,882.05,741.05,9.844333748443335,7.714819427148201,2.3575332221144656,723.1500244140625,801.0,912.0,0.3,1.0,1.0,,,0.66,,0.15,0.7,0.3,-0.24906600249066002,13.57409713574097
SBIN,Long-Term,NEUTRAL,2025-07-22,^NSEBANK,61.3,target1,6.728615384615377,61,812.5,867.17,780.22,6.728615384615377,3.972923076923074,1.4224338042367644,791.4000244140625,842.5,899.0,0.5466666666666666,0.6,1.0,,,0.17333333333333334,,0.15,1.0,0.3,3.6923076923076925,10.646153846153846
SBIN,Long-Term,STRONG_BULLISH,2025-09-23,^NSEBANK,75.9,target1,0.9360730593607425,19,876.0,884.2,835.11,0.9360730593607425,4.667808219178083,1.3588000163705847,798.5,874.25,875.4500122070312,1.0,1.0,0.5,,,1.0,,0.04,1.0,0.3,-0.1997716894977169,-0.06278399463113585
SBIN,Long-Term,STRONG_BULLISH,2025-10-14,^NSEBANK,83.0,target1,2.1500996400170003,5,878.0999755859375,896.98,839.48,2.1500996400170003,4.398129673123741,1.424150030610223,821.6500244140625,888.0999755859375,888.0999755859375,1.0,1.0,0.5,,,1.0,,0.05,1.0,1.0,1.138822489241867,1.138822489241867
SBIN,Long-Term,STRONG_BULLISH,2025-10-21,^NSEBANK,84.4,target1,1.1831140350877067,4,912.0,922.79,870.87,1.1831140350877067,4.509868421052632,1.357672503036743,851.2000122070312,913.6500244140625,913.6500244140625,1.0,1.0,0.6,,,1.0,,0.04,1.0,1.0,0.18092372961211622,0.18092372961211622
SBIN,Long-Term,STRONG_BULLISH,2025-10-28,^NSEBANK,82.9,target1,1.2110477878007897,2,933.9000244140625,945.21,889.5,1.2110477878007897,4.754258834281488,1.4602081264442104,856.0,935.8499755859375,935.8499755859375,1.0,1.0,0.5,,,1.0,,0.04,1.0,1.0,0.2087965650390059,0.2087965650390059
SBIN,Long-Term,STRONG_BULLISH,2025-11-03,^NSEBANK,82.8,target1,1.2544689800210174,2,951.0,962.93,908.4,1.2544689800210174,4.4794952681388,1.4495218771704683,857.25,953.4000244140625,953.4000244140625,1.0,1.0,0.5,,,1.0,,0.03,1.0,1.0,0.2523684977983701,0.2523684977983701
SBIN,Long-Term,NEUTRAL,2025-11-07,^NSEBANK,72.3,target1,2.6265690376569006,9,956.0,981.11,911.82,2.6265690376569006,4.621338912133888,1.5353186971121282,858.0999755859375,971.4000244140625,971.4000244140625,0.5466666666666666,0.6,0.5,,,1.0,,0.06,1.0,1.0,1.6108812148600942,1.6108812148600942
SBIN,Long-Term,STRONG_BULLISH,2025-11-20,^NSEBANK,82.9,target1,1.7117472271118928,5,979.7000122070312,996.47,942.69,1.7117472271118928,3.7776882459822025,1.3196088398689554,900.9500122070312,986.5999755859375,986.5999755859375,1.0,1.0,0.5,,,1.0,,0.04,1.0,1.0,0.7042934870810375,0.7042934870810375
SBIN,Long-Term,STRONG_BULLISH,2025-11-27,^NSEBANK,83.4,target1,3.295455836333794,35,976.7999877929688,1008.99,931.74,3.295455836333794,4.613020920974775,1.4085214795136494,930.25,999.0,999.0,1.0,1.0,0.5,,,1.0,,0.09,1.0,1.0,2.2727285508255464,2.2727285508255464
SBIN,Long-Term,STRONG_BULLISH,2026-01-05,^NSEBANK,77.5,target1,1.7560382537436192,7,1007.9500122070312,1025.65,967.12,1.7560382537436192,4.050797332461842,1.2738971320467158,950.4500122070312,1015.5,1015.5,1.0,1.0,0.6,,,1.0,,0.05,1.0,0.3,0.7490438713758352,0.7490438713758352
SBIN,Long-Term,HIGH_VOLATILITY,2026-01-14,^NSEBANK,62.8,target1,1.2009553855462096,1,1028.3499755859375,1040.7,986.28,1.2009553855462096,4.091017317520407,1.3637628733198557,959.5,1030.4000244140625,1030.4000244140625,0.3,0.6,0.6,,,1.0,,0.03,1.0,0.3,0.1993532237852113,0.1993532237852113
SBIN,Long-Term,HIGH_VOLATILITY,2026-01-19,^NSEBANK,63.0,target1,1.7475354652560782,8,1039.75,1057.92,998.86,1.7475354652560782,3.9326761240682795,1.2693712511082065,959.5,1047.449951171875,1047.449951171875,0.3,0.6,0.6,,,1.0,,0.05,1.0,0.3,0.7405579391079586,0.7405579391079586
SBIN,Long-Term,HIGH_VOLATILITY,2026-01-29,^NSEBANK,62.9,stop_loss,-4.4924812030075145,3,1064.0,1085.75,1016.2,2.0441729323308344,4.4924812030075145,1.5632334967969286,980.3499755859375,1075.0,1075.0,0.3,0.6,0.6,,,1.0,,0.04,1.0,0.3,1.0338345864661653,1.0338345864661653
SBIN,Long-Term,HIGH_VOLATILITY,2026-02-03,^NSEBANK,76.0,target1,3.4298111729785363,5,1064.199951171875,1100.7,989.65,3.4298111729785363,7.005257901936767,2.335130178864956,990.0,1089.800048828125,1089.800048828125,0.3,0.6,1.0,,,1.0,,0.05,1.0,1.0,2.4055721509909582,2.4055721509909582
SBIN,Long-Term,HIGH_VOLATILITY,2026-02-10,^NSEBANK,73.8,target1,1.8205686832422963,0,1144.699951171875,1165.54,1063.29,1.8205686832422963,7.111903087663485,2.3542541569985316,990.0,1154.0,1154.0,0.3,1.0,0.6,,,1.0,,0.03,1.0,1.0,0.8124442408339556,0.8124442408339556
SBIN,Long-Term,HIGH_VOLATILITY,2026-02-12,^NSEBANK,72.3,target1,2.2489486963835237,4,1189.0,1215.74,1107.64,2.2489486963835237,6.842724978973925,2.369477983630549,990.0,1203.699951171875,1203.699951171875,0.3,1.0,0.5,,,1.0,,0.03,1.0,1.0,1.2363289463309504,1.2363289463309504
SBIN,Long-Term,HIGH_VOLATILITY,2026-02-18,^NSEBANK,72.2,stop_loss,-6.655492909410931,15,1222.9000244140625,1237.76,1141.51,1.2151423083875956,6.655492909410931,2.1163214644776858,990.0,1225.5,1225.5,0.3,1.0,0.5,,,1.0,,0.02,1.0,1.0,0.21260737051528364,0.21260737051528364
SBIN,Long-Term,HIGH_VOLATILITY,2026-04-08,^NSEBANK,73.2,stop_loss,-9.793413638044301,39,1060.0999755859375,1219.2,956.28,15.008020760129238,9.793413638044301,3.3025861136647343,975.7999877929688,1119.9000244140625,1234.699951171875,0.3,0.6,1.0,,,1.0,,0.15,0.848,1.0,5.640982002199592,16.47014240231755
SUNPHARMA,Long-Term,STRONG_BULLISH,2024-07-09,^CNXPHARMA,62.8,target1,3.9201374471211414,15,1592.800048828125,1655.24,1493.34,3.9201374471211414,6.244352447207735,1.9355505107657398,1460.9000244140625,1589.9000244140625,1638.8499755859375,1.0,1.0,0.6,,,0.0,,0.08,1.0,0.3,-0.1820708390984884,2.891130421027607
SUNPHARMA,Long-Term,STRONG_BULLISH,2024-07-26,^CNXPHARMA,72.7,target1,1.5035709080309045,3,1715.25,1741.04,1608.21,1.5035709080309045,6.240489724529952,2.061976455722954,1498.300048828125,1723.800048828125,1723.800048828125,1.0,1.0,0.5,,,0.8,,0.02,1.0,0.3,0.4984724575499198,0.4984724575499198
SUNPHARMA,Long-Term,STRONG_BULLISH,2024-08-02,^CNXPHARMA,75.0,target1,2.2556521739130586,15,1725.0,1763.91,1615.84,2.2556521739130586,6.3281159420289885,2.2292947826742022,1549.800048828125,1746.449951171875,1746.449951171875,1.0,1.0,0.6,,,0.8466666666666666,,0.03,1.0,0.3,1.243475430253623,1.243475430253623
SUNPHARMA,Long-Term,STRONG_BULLISH,2024-08-21,^CNXPHARMA,75.3,target1,1.1398700197795986,5,1769.5,1789.67,1677.74,1.1398700197795986,5.185645662616556,1.641687821692182,1592.0,1771.949951171875,1771.949951171875,1.0,1.0,0.0,,,1.0,,0.03,1.0,1.0,0.13845443186634643,0.13845443186634643
SUNPHARMA,Long-Term,STRONG_BULLISH,2024-08-28,^CNXPHARMA,68.3,target1,1.7310334915366488,7,1809.9000244140625,1841.23,1727.42,1.7310334915366488,4.557159141470512,1.5532326819372104,1681.300048828125,1823.0,1823.0,1.0,1.0,0.0,,,1.0,,0.03,1.0,0.3,0.723795536174905,0.723795536174905
SUNPHARMA,Long-Term,BULLISH,2024-09-06,^CNXPHARMA,66.3,target1,2.4088103913676218,3,1824.550048828125,1868.5,1732.21,2.4088103913676218,5.06097647951248,1.6869335490941384,1725.5999755859375,1850.0,1850.0,0.8533333333333334,1.0,0.0,,,1.0,,0.05,1.0,0.3,1.3948617736313147,1.3948617736313147
SUNPHARMA,Long-Term,STRONG_BULLISH,2024-09-13,^CNXPHARMA,68.4,target1,1.5150375939849692,10,1862.0,1890.21,1768.85,1.5150375939849692,5.002685284640174,1.5267155368688625,1740.6500244140625,1871.5,1871.5,1.0,1.0,0.0,,,1.0,,0.04,1.0,0.3,0.5102040816326531,0.5102040816326531
SUNPHARMA,Long-Term,STRONG_BULLISH,2024-09-27,^CNXPHARMA,75.8,stop_loss,-4.48435094920473,23,1949.0,1978.89,1861.6,1.5336069779374073,4.48435094920473,1.4898266135537288,1801.300048828125,1959.300048828125,1959.300048828125,1.0,1.0,0.5,,,1.0,,0.03,1.0,0.3,0.5284786469022575,0.5284786469022575
SUNPHARMA,Long-Term,HIGH_VOLATILITY,2024-11-25,^CNXPHARMA,62.0,stop_loss,-7.564411235644119,85,1806.75,1979.95,1670.08,9.586273695862735,7.564411235644119,2.3870565451977503,1730.0,1922.699951171875,1960.3499755859375,0.3,0.6,0.5,,,0.76,,0.13999999999999999,0.848,1.0,6.417597961636917,8.501451533744984
SUNPHARMA,Long-Term,BULLISH,2025-03-20,^CNXPHARMA,65.0,stop_loss,-6.8249005116543415,17,1759.0,1917.2,1638.95,8.993746446844808,6.8249005116543415,2.1196970332200826,1553.050048828125,1757.1500244140625,1960.3499755859375,0.8533333333333334,1.0,1.0,,,0.3466666666666667,,0.15,0.7,0.3,-0.10517200602259806,11.446843410229533
SUNPHARMA,Long-Term,HIGH_VOLATILITY,2025-04-29,^CNXPHARMA,65.5,stop_loss,-8.33812154696133,12,1810.0,1979.95,1659.08,9.389502762430935,8.33812154696133,2.7031918995418143,1620.0999755859375,1846.0,1960.3499755859375,0.3,1.0,1.0,,,0.48666666666666664,,0.12,0.7,1.0,1.9889502762430937,8.306628485410911
SUNPHARMA,Long-Term,STRONG_BULLISH,2025-09-19,^CNXPHARMA,61.1,stop_loss,-4.31636363636364,4,1650.0,1771.83,1578.78,7.38363636363637,4.31636363636364,1.5543400566589807,1556.199951171875,1668.0999755859375,1960.3499755859375,1.0,1.0,1.0,,,0.38666666666666666,,0.15,0.152,1.0,1.0969682173295454,18.809089429450758
SUNPHARMA,Long-Term,STRONG_BULLISH,2025-10-23,^CNXPHARMA,62.3,target1,7.052662721893488,34,1690.0,1809.19,1610.37,7.052662721893488,4.711834319526631,1.5686677354096845,1548.0,1712.0,1922.699951171875,1.0,1.0,1.0,,,0.02,,0.15,0.7,0.3,1.301775147928994,13.769227879992604
SUNPHARMA,Long-Term,STRONG_BULLISH,2025-11-28,^CNXPHARMA,76.8,stop_loss,-4.512221618685497,17,1841.0,1929.1,1757.93,4.785442694187947,4.512221618685497,1.3407819393254963,1667.0,1833.0,1910.0,1.0,1.0,0.5,,,1.0,,0.13,1.0,0.3,-0.43454644215100485,3.7479630635524175
SUNPHARMA,Long-Term,STRONG_BULLISH,2025-12-22,^CNXPHARMA,72.0,stop_loss,-4.7725733634311425,24,1772.0,1893.35,1687.43,6.8481941309255,4.7725733634311425,1.5513348196108032,1736.0,1849.0,1910.0,1.0,0.6,0.5,,,0.9333333333333333,,0.15,1.0,0.3,4.3453724604966135,7.7878103837471775
SUNPHARMA,Long-Term,HIGH_VOLATILITY,2026-02-03,^CNXPHARMA,65.2,time_exit,7.889668483971302,91,1714.9000244140625,1869.71,1582.03,9.027346981281447,7.747974956117975,2.35139629080515,1583.699951171875,1806.5999755859375,1851.199951171875,0.3,0.6,1.0,,,0.47333333333333333,,0.13999999999999999,0.848,1.0,5.347247645133513,7.947980921184178
SUNPHARMA,Long-Term,STRONG_BULLISH,2026-05-07,^CNXPHARMA,90.3,target1,2.984632272228316,3,1822.0,1876.38,1705.53,2.984632272228316,6.392425905598243,2.341676783509577,1613.5999755859375,1857.800048828125,1857.800048828125,1.0,1.0,1.0,,,1.0,,0.03,1.0,1.0,1.964876445012349,1.964876445012349
SUNPHARMA,Long-Term,BEARISH,2026-05-12,^CNXPHARMA,79.2,target1,3.194454699459137,5,1845.699951171875,1904.66,1714.9,3.194454699459137,7.086739699420108,2.362169211930315,1613.5999755859375,1885.800048828125,1885.800048828125,0.2533333333333333,1.0,1.0,,,1.0,,0.04,1.0,1.0,2.1726227836106067,2.1726227836106067
SUNPHARMA,Long-Term,BEARISH,2026-05-19,^CNXPHARMA,79.2,target1,2.966489361702118,50,1880.0,1935.77,1756.75,2.966489361702118,6.555851063829787,2.2234238581167514,1613.5999755859375,1916.5999755859375,1916.5999755859375,0.2533333333333333,1.0,1.0,,,1.0,,0.04,1.0,1.0,1.9468072120179523,1.9468072120179523
TCS,Long-Term,STRONG_BULLISH,2024-07-09,^CNXIT,69.5,target1,7.31405608854685,8,3983.699951171875,4275.07,3792.45,7.31405608854685,4.800812147401201,1.6145711058008085,3780.050048828125,4047.35009765625,4254.75,1.0,1.0,1.0,,,0.0,,0.15,1.0,0.3,1.5977645722452365,6.803977512121386
TCS,Long-Term,STRONG_BULLISH,2024-07-19,^CNXIT,79.2,target1,2.3811858285967658,4,4299.9501953125,4402.34,4045.09,2.3811858285967658,5.9270499363069495,1.9935495067158022,3791.300048828125,4358.75,4358.75,1.0,1.0,0.6,,,0.6533333333333334,,0.04,1.0,1.0,1.3674531568202666,1.3674531568202666
TCS,Long-Term,STRONG_BULLISH,2024-07-29,^CNXIT,82.6,stop_loss,-5.828154493513981,6,4391.10009765625,4475.31,4135.18,1.9177404402304088,5.828154493513981,1.8710344187185823,3884.0,4431.0,4431.0,1.0,1.0,0.5,,,0.98,,0.04,1.0,1.0,0.9086539012182068,0.9086539012182068
TCS,Long-Term,NEUTRAL,2024-08-07,^CNXIT,61.8,target1,7.0392250657737465,11,4181.0,4475.31,3935.32,7.0392250657737465,5.8761061946902675,2.10395525482384,3895.60009765625,4431.0,4431.0,0.5466666666666666,0.6,0.5,,,0.2733333333333333,,0.1,1.0,1.0,5.97943075819182,5.97943075819182
TCS,Long-Term,STRONG_BULLISH,2024-08-20,^CNXIT,77.3,stop_loss,-5.728862328463924,30,4518.0,4610.65,4259.17,2.050686144311631,5.728862328463924,1.9464201831626733,4110.5,4565.0,4565.0,1.0,1.0,0.6,,,1.0,,0.03,1.0,0.3,1.040283311199646,1.040283311199646
TCS,Long-Term,HIGH_VOLATILITY,2024-11-22,^CNXIT,64.6,stop_loss,-7.5170560747663595,78,4280.0,4638.17,3958.27,8.368457943925245,7.5170560747663595,2.2485873783286627,3913.25,4254.9501953125,4592.25,0.3,1.0,1.0,,,0.38,,0.13999999999999999,1.0,0.3,-0.5852758104556075,7.295560747663552
TCS,Long-Term,STRONG_BULLISH,2025-12-22,^CNXIT,67.3,stop_loss,-4.068794431072675,16,3319.89990234375,3535.02,3184.82,6.479716376520317,4.068794431072675,1.4043400454608175,3115.0,3328.60009765625,4382.0,1.0,1.0,0.6,,,1.0,,0.15,0.552,0.3,0.26206197681917826,31.991931350292795
TCS,Long-Term,HIGH_VOLATILITY,2026-02-03,^CNXIT,65.8,stop_loss,-2.774999999999994,0,3120.0,3513.11,3033.42,12.599679487179483,2.774999999999994,1.9830331107539678,3082.0,3350.0,4150.0,0.3,0.6,1.0,,,1.0,,0.15,0.552,1.0,7.371794871794872,33.01282051282051
TATACONSUM,Long-Term,STRONG_BULLISH,2024-07-09,^CNXFMCG,69.5,time_exit,-2.1362198727741255,91,1142.199951171875,1252.14,1068.91,9.625289225002053,6.4165605239853925,2.1389981167626084,1077.1500244140625,1168.5,1269.0,1.0,1.0,1.0,,,0.0,,0.15,1.0,0.3,2.302578353390898,11.101388044889218
TATACONSUM,Long-Term,NEUTRAL,2025-02-03,^CNXFMCG,63.5,stop_loss,-8.961538461538465,28,1040.0,1170.55,946.8,12.552884615384619,8.961538461538465,2.878917477893159,926.0499877929688,1075.0,1269.0,0.5466666666666666,1.0,1.0,,,1.0,,0.15,0.152,1.0,3.3653846153846154,22.01923076923077
TATACONSUM,Long-Term,BULLISH,2025-03-24,^CNXFMCG,60.3,target1,8.247191011235966,8,979.0,1059.74,910.92,8.247191011235966,6.954034729315628,2.0446815236747695,930.0999755859375,1013.6500244140625,1247.0989990234375,0.8533333333333334,0.6,1.0,,,1.0,,0.15,0.0,1.0,3.5393283364721655,27.384984578492084
TATACONSUM,Long-Term,BULLISH,2025-04-03,^CNXFMCG,75.8,time_exit,2.2760337051334734,91,1065.449951171875,1189.97,991.69,11.68708569474961,6.922892163141714,2.46854748387424,930.0999755859375,1075.25,1247.0989990234375,0.8533333333333334,1.0,0.6,,,1.0,,0.15,0.7,1.0,0.9198037709181974,17.04904558414677
TATACONSUM,Long-Term,NEUTRAL,2025-08-18,^CNXFMCG,61.9,target1,8.677445255424821,59,1076.699951171875,1170.13,1005.41,8.677445255424821,6.621153005002311,2.050017768566004,1037.699951171875,1104.5,1234.300048828125,0.5466666666666666,0.6,1.0,,,0.0,,0.15,0.848,1.0,2.581968058776966,14.637327463860178
TATACONSUM,Long-Term,STRONG_BULLISH,2025-10-20,^CNXFMCG,77.3,target1,1.9534150891728608,13,1176.4000244140625,1199.38,1108.79,1.9534150891728608,5.747196787737019,1.9156439335717947,1103.0,1187.5,1187.5,1.0,1.0,0.6,,,1.0,,0.03,1.0,0.3,0.9435545184951981,0.9435545184951981
TATACONSUM,Long-Term,BULLISH,2025-11-04,^CNXFMCG,84.2,target1,3.6455955382732164,61,1172.0999755859375,1214.83,1100.02,3.6455955382732164,6.149643979806796,2.240759495494927,1108.4000244140625,1202.800048828125,1202.800048828125,0.8533333333333334,0.6,1.0,,,1.0,,0.04,1.0,1.0,2.619236744445832,2.619236744445832
TATACONSUM,Long-Term,BULLISH,2026-01-07,^CNXFMCG,71.5,stop_loss,-5.335808580858092,20,1212.0,1233.11,1147.33,1.741749174917473,5.335808580858092,1.7942520993532038,1135.0,1220.9000244140625,1220.9000244140625,0.8533333333333334,0.15,1.0,,,0.9266666666666666,,0.03,1.0,0.3,0.7343254467048268,0.7343254467048268
TATACONSUM,Long-Term,HIGH_VOLATILITY,2026-02-09,^CNXFMCG,66.6,stop_loss,-7.680770641042778,29,1167.199951171875,1233.11,1077.55,5.646851575169354,7.680770641042778,2.5603680532293938,1084.0,1203.9000244140625,1220.9000244140625,0.3,0.6,1.0,,,0.6133333333333333,,0.06999999999999999,0.848,1.0,3.144283308557409,4.600760408554878
TATACONSUM,Long-Term,BULLISH,2026-04-21,^CNXFMCG,69.0,target1,7.7893356643356615,19,1144.0,1233.11,1061.77,7.7893356643356615,7.187937062937067,2.3417427986212727,1007.2000122070312,1145.5999755859375,1220.9000244140625,0.8533333333333334,1.0,0.6,,,0.5733333333333334,,0.11000000000000001,0.7,1.0,0.13985800576376747,6.722030106124345
TATACONSUM,Long-Term,BEARISH,2026-05-12,^CNXFMCG,61.7,stop_loss,-7.507803812256619,19,1249.0999755859375,1295.53,1155.32,3.7170783221160963,7.507803812256619,2.598451884676986,1081.699951171875,1282.699951171875,1282.699951171875,0.2533333333333333,0.6,0.6,,,1.0,,0.04,0.7,1.0,2.6899348525065947,2.6899348525065947
TMPV,Long-Term,STRONG_BULLISH,2024-07-09,^CNXAUTO,68.9,target1,6.035467980295572,15,1015.0,1076.26,948.63,6.035467980295572,6.538916256157634,2.17804066685676,948.0499877929688,1017.0,1065.5999755859375,1.0,1.0,1.0,,,0.0,,0.09,1.0,0.3,0.19704433497536944,4.985219269550493
TMPV,Long-Term,STRONG_BULLISH,2024-07-26,^CNXAUTO,72.8,target1,0.6850533807829295,0,1124.0,1131.7,1032.4,0.6850533807829295,8.149466192170806,2.5604723691475404,967.2000122070312,1120.5,1120.5,1.0,1.0,0.6,,,0.7066666666666667,,0.02,1.0,0.3,-0.3113879003558719,-0.3113879003558719
TMPV,Long-Term,STRONG_BULLISH,2024-07-30,^CNXAUTO,73.2,stop_loss,-8.029209621993127,5,1164.0,1190.79,1070.54,2.3015463917525736,8.029209621993127,2.6196373237714154,967.2000122070312,1179.0,1179.0,1.0,1.0,0.5,,,0.8266666666666667,,0.03,1.0,0.3,1.2886597938144329,1.2886597938144329
TMPV,Long-Term,NEUTRAL,2024-08-08,^CNXAUTO,60.3,stop_loss,-11.465402843601902,55,1055.0,1190.79,934.04,12.871090047393352,11.465402843601902,3.446512531579736,967.2000122070312,1179.0,1179.0,0.5466666666666666,0.15,0.5,,,0.44666666666666666,,0.13999999999999999,1.0,1.0,11.753554502369669,11.753554502369669
TMPV,Long-Term,BULLISH,2025-09-10,^CNXAUTO,68.3,stop_loss,-6.715011459775799,14,710.2000122070312,778.98,662.51,9.68459400320576,6.715011459775799,2.1898829393767656,650.7999877929688,722.25,1072.949951171875,0.8533333333333334,1.0,1.0,,,0.8133333333333332,,0.15,0.552,0.3,1.6967034054986811,51.07715189099407
TMPV,Long-Term,NEUTRAL,2025-10-03,^CNXAUTO,62.0,stop_loss,-7.805013927576598,7,718.0,797.31,661.96,11.045961002785498,7.805013927576598,2.5201141542175347,655.2999877929688,739.7000122070312,996.9500122070312,0.5466666666666666,0.6,0.5,,,1.0,,0.15,0.552,1.0,3.0222858227063023,38.85097663050575
TMPV,Long-Term,BULLISH,2026-04-21,^CNXAUTO,61.1,target1,14.22703222851891,37,355.45001220703125,406.02,322.49,14.22703222851891,9.272755964299629,3.12950636227813,294.29998779296875,362.1000061035156,744.0,0.8533333333333334,1.0,1.0,,,1.0,,0.15,0.152,0.3,1.8708661325382365,109.31213235313058
TATASTEEL,Long-Term,STRONG_BULLISH,2024-07-31,^CNXMETAL,61.7,stop_loss,-8.88228134322706,4,168.1999969482422,183.43,153.26,9.054698768183878,8.88228134322706,2.432640629961343,155.0,178.19000244140625,184.60000610351562,1.0,0.6,1.0,,,0.0,,0.15,0.848,0.3,5.93936128086741,9.750302885154023
TATASTEEL,Long-Term,STRONG_BULLISH,2024-08-22,^CNXMETAL,65.0,stop_loss,-8.201298701298699,82,154.0,173.29,141.37,12.525974025974019,8.201298701298699,2.761359236155615,142.35000610351562,168.9499969482422,184.60000610351562,1.0,0.6,1.0,,,0.0,,0.15,0.7,1.0,9.70779022613129,19.870133833451707
TATASTEEL,Long-Term,NEUTRAL,2025-03-18,^CNXMETAL,67.5,stop_loss,-10.42092011080138,16,156.8000030517578,168.84,140.46,7.678569332851315,10.42092011080138,2.492575389284597,130.72999572753906,154.24000549316406,184.60000610351562,0.5466666666666666,1.0,0.6,,,1.0,,0.15,0.552,1.0,-1.6326514724293246,17.72959343794232
TATASTEEL,Long-Term,STRONG_BULLISH,2025-05-06,^CNXMETAL,66.0,target1,14.697611462934823,15,142.1999969482422,163.1,132.0,14.697611462934823,7.172993788427984,2.870738482634464,125.30000305175781,155.97000122070312,184.60000610351562,1.0,0.6,1.0,,,0.98,,0.15,0.152,1.0,9.683547516159884,29.81716600929756
TATASTEEL,Long-Term,STRONG_BULLISH,2025-05-23,^CNXMETAL,78.5,stop_loss,-7.320665638686485,18,163.10000610351562,180.68,151.16,10.7786592511387,7.320665638686485,2.4147158382500487,138.0,163.60000610351562,184.60000610351562,1.0,1.0,0.6,,,1.0,,0.15,1.0,0.3,0.30656038092522336,13.182096379784603
TATASTEEL,Long-Term,STRONG_BULLISH,2025-06-26,^CNXMETAL,69.5,time_exit,3.9751514884996064,91,161.0,175.02,150.89,8.708074534161492,6.279503105590067,2.0046169274153343,149.8000030517578,163.88999938964844,179.0,1.0,1.0,1.0,,,0.0,,0.15,1.0,0.3,1.7950306768002715,11.180124223602485
TATASTEEL,Long-Term,BEARISH,2025-09-29,^CNXMETAL,67.9,target1,3.9410029498525123,9,169.5,176.18,159.97,3.9410029498525123,5.622418879056045,1.7779107171035484,155.5,174.44000244140625,174.44000244140625,0.2533333333333333,0.6,0.5,,,0.9866666666666667,,0.08,1.0,1.0,2.9144557176438055,2.9144557176438055
TATASTEEL,Long-Term,STRONG_BULLISH,2025-10-10,^CNXMETAL,83.6,target1,3.8150289017341077,15,173.0,179.6,163.47,3.8150289017341077,5.5086705202312185,1.991303470858825,166.1300048828125,177.82000732421875,177.82000732421875,1.0,1.0,1.0,,,1.0,,0.06,1.0,0.3,2.7861314012825145,2.7861314012825145
TATASTEEL,Long-Term,STRONG_BULLISH,2025-10-29,^CNXMETAL,84.3,stop_loss,-5.482643292363543,15,184.39999389648438,188.81,174.29,2.391543519242867,5.482643292363543,1.9615959679696382,166.1300048828125,186.94000244140625,186.94000244140625,1.0,1.0,0.6,,,1.0,,0.03,1.0,1.0,1.377445026569657,1.377445026569657
TATASTEEL,Long-Term,STRONG_BULLISH,2025-11-17,^CNXMETAL,67.9,stop_loss,-6.635727553072524,21,172.39999389648438,188.81,160.96,9.51856536222897,6.635727553072524,2.350560331988226,170.82000732421875,186.94000244140625,186.94000244140625,1.0,0.6,0.0,,,0.9600000000000001,,0.13,0.848,1.0,8.433879965014533,8.433879965014533
TATASTEEL,Long-Term,BULLISH,2025-12-12,^CNXMETAL,62.1,target1,9.862534865597251,22,170.9499969482422,187.81,161.28,9.862534865597251,5.656623059882204,2.057598984327221,160.05999755859375,175.25,186.94000244140625,0.8533333333333334,0.6,1.0,,,0.17333333333333334,,0.15,0.848,0.3,2.5153571971456112,9.35361554759506
TATASTEEL,Long-Term,BULLISH,2026-01-07,^CNXMETAL,78.4,target1,2.3079013869988563,6,185.4499969482422,189.73,173.7,2.3079013869988563,6.335938065030833,1.8309241297901329,160.80999755859375,187.85000610351562,187.85000610351562,0.8533333333333334,1.0,0.6,,,0.7333333333333333,,0.06,1.0,1.0,1.2941543244906408,1.2941543244906408
TATASTEEL,Long-Term,HIGH_VOLATILITY,2026-01-15,^CNXMETAL,73.8,target1,1.3207034506379944,11,190.0500030517578,192.56,177.75,1.3207034506379944,6.47198255945729,2.025359689372284,167.55999755859375,190.64999389648438,190.64999389648438,0.3,1.0,0.6,,,1.0,,0.03,1.0,1.0,0.3157015706877743,0.3157015706877743
TATASTEEL,Long-Term,HIGH_VOLATILITY,2026-01-28,^CNXMETAL,73.8,target1,1.3885333474582096,0,194.4499969482422,197.15,181.19,1.3885333474582096,6.819232273771481,2.1768966989387217,177.3300018310547,195.1999969482422,195.1999969482422,0.3,1.0,0.6,,,1.0,,0.03,1.0,1.0,0.38570327167432744,0.38570327167432744
TATASTEEL,Long-Term,HIGH_VOLATILITY,2026-01-30,^CNXMETAL,80.3,target1,10.59445172072515,7,185.3800048828125,205.02,177.89,10.59445172072515,4.040352079798093,2.6302615556829183,177.3300018310547,202.99000549316406,202.99000549316406,0.3,1.0,1.0,,,1.0,,0.08,1.0,1.0,9.499406703265372,9.499406703265372
TATASTEEL,Long-Term,HIGH_VOLATILITY,2026-02-10,^CNXMETAL,73.8,target1,1.8194872084853486,14,209.39999389648438,213.21,189.62,1.8194872084853486,9.446033654739495,2.9470043422860597,180.8800048828125,211.10000610351562,211.10000610351562,0.3,1.0,0.6,,,1.0,,0.03,1.0,1.0,0.8118492151779338,0.8118492151779338
TATASTEEL,Long-Term,BEARISH,2026-02-26,^CNXMETAL,73.0,stop_loss,-7.573085846867745,5,215.5,218.61,199.18,1.4431554524362067,7.573085846867745,2.5270893960300507,182.5500030517578,216.4499969482422,216.4499969482422,0.2533333333333333,1.0,0.6,,,1.0,,0.02,1.0,1.0,0.4408338506924304,0.4408338506924304
TATASTEEL,Long-Term,HIGH_VOLATILITY,2026-03-05,^CNXMETAL,68.9,target1,9.578947368421066,62,199.5,218.61,181.23,9.578947368421066,9.15789473684211,3.2149018342546154,191.52000427246094,216.4499969482422,216.4499969482422,0.3,0.6,0.5,,,1.0,,0.09,1.0,1.0,8.496239071800597,8.496239071800597
TATASTEEL,Long-Term,BULLISH,2026-05-08,^CNXMETAL,73.8,target1,3.695550351288057,3,213.5,221.39,201.0,3.695550351288057,5.854800936768145,2.0962370114861018,201.5,219.1999969482422,219.1999969482422,0.8533333333333334,1.0,0.5,,,1.0,,0.05,1.0,0.3,2.6697877977715163,2.6697877977715163
TATASTEEL,Long-Term,BEARISH,2026-05-15,^CNXMETAL,72.5,stop_loss,-4.298578199052128,21,211.0,226.64,201.93,7.412322274881511,4.298578199052128,2.2925431765007813,208.60000610351562,224.39999389648438,224.39999389648438,0.2533333333333333,1.0,1.0,,,1.0,,0.06999999999999999,1.0,0.3,6.3507080078125,6.3507080078125
TECHM,Long-Term,STRONG_BULLISH,2024-07-09,^CNXIT,77.5,target1,2.776986963659933,5,1472.0999755859375,1512.98,1372.2,2.776986963659933,6.786222216067516,2.127532460401024,1341.1500244140625,1498.0,1498.0,1.0,1.0,0.6,,,1.0,,0.05,1.0,0.3,1.7593930333266636,1.7593930333266636
TECHM,Long-Term,STRONG_BULLISH,2024-07-16,^CNXIT,77.3,target1,2.374253483742539,0,1507.0,1542.78,1417.74,2.374253483742539,5.923025879230259,2.1647299436269885,1361.0,1527.5,1527.5,1.0,1.0,0.6,,,1.0,,0.03,1.0,0.3,1.360318513603185,1.360318513603185
TECHM,Long-Term,STRONG_BULLISH,2024-07-19,^CNXIT,83.7,target1,5.4873510258789615,9,1479.949951171875,1561.16,1386.95,5.4873510258789615,6.283992988967935,2.334559903578757,1381.0,1545.699951171875,1545.699951171875,1.0,1.0,1.0,,,1.0,,0.06999999999999999,1.0,0.3,4.4427178059593775,4.4427178059593775
TECHM,Long-Term,STRONG_BULLISH,2024-08-01,^CNXIT,68.3,target1,3.880039331366758,14,1525.5,1584.69,1424.8,3.880039331366758,6.601114388725016,2.5823708090796917,1441.25,1569.0,1569.0,1.0,1.0,0.0,,,1.0,,0.03,1.0,0.3,2.8515240904621435,2.8515240904621435
TECHM,Long-Term,STRONG_BULLISH,2024-08-19,^CNXIT,77.2,target1,1.1074328544659506,0,1601.0,1618.73,1473.49,1.1074328544659506,7.964397251717681,2.5325501758985194,1426.75,1602.699951171875,1602.699951171875,1.0,1.0,0.6,,,1.0,,0.02,1.0,0.3,0.10618058537632731,0.10618058537632731
TECHM,Long-Term,STRONG_BULLISH,2024-08-21,^CNXIT,77.4,target1,2.799909647969323,6,1605.050048828125,1649.99,1486.72,2.799909647969323,7.372358819248026,2.4496782211038557,1426.75,1633.6500244140625,1633.6500244140625,1.0,1.0,0.6,,,1.0,,0.04,1.0,0.3,1.7818743787347218,1.7818743787347218
TECHM,Long-Term,STRONG_BULLISH,2024-08-29,^CNXIT,77.3,target1,2.1038251366120253,45,1647.0,1681.65,1534.95,2.1038251366120253,6.803278688524584,2.274386568646283,1426.75,1665.0,1665.0,1.0,1.0,0.6,,,1.0,,0.03,1.0,0.3,1.092896174863388,1.092896174863388
TECHM,Long-Term,BEARISH,2024-10-15,^CNXIT,79.1,target1,3.022754491017965,5,1670.0,1720.48,1545.44,3.022754491017965,7.45868263473054,2.5847162340911045,1567.8499755859375,1703.449951171875,1703.449951171875,0.2533333333333333,1.0,1.0,,,1.0,,0.03,1.0,1.0,2.002991088136228,2.002991088136228
TECHM,Long-Term,BEARISH,2024-10-22,^CNXIT,70.9,target1,4.8875629238967155,43,1696.550048828125,1779.47,1560.87,4.8875629238967155,7.997409149340728,2.665710926949596,1567.8499755859375,1761.8499755859375,1761.8499755859375,0.2533333333333333,0.15,1.0,,,1.0,,0.06,1.0,1.0,3.84898322350807,3.84898322350807
TECHM,Long-Term,BULLISH,2024-12-06,^CNXIT,81.1,stop_loss,-6.327355243139898,29,1779.0999755859375,1814.97,1666.53,2.016189360142562,6.327355243139898,2.1738324889461245,1633.25,1797.0,1797.0,0.8533333333333334,1.0,1.0,,,1.0,,0.03,1.0,0.3,1.0061280793490663,1.0061280793490663
TECHM,Long-Term,STRONG_BEARISH,2025-01-23,^CNXIT,68.0,stop_loss,-8.71844095404304,35,1719.0,1825.78,1569.13,6.211751018033729,8.71844095404304,2.806758608346188,1621.300048828125,1773.5999755859375,1807.699951171875,0.0,0.6,1.0,,,1.0,,0.08,0.848,1.0,3.1762638502581444,5.159973890161431
TECHM,Long-Term,STRONG_BULLISH,2025-05-16,^CNXIT,63.0,stop_loss,-7.504638218923931,66,1617.0,1799.02,1495.65,11.256648113790968,7.504638218923931,2.501487392822679,1275.9000244140625,1636.4000244140625,1807.699951171875,1.0,1.0,0.6,,,0.0,,0.15,0.7,1.0,1.1997541381609462,11.793441630913728
TECHM,Long-Term,STRONG_BULLISH,2025-11-28,^CNXIT,65.3,target1,8.208932037458428,21,1515.300048828125,1639.69,1435.71,8.208932037458428,5.252428315413626,1.7925307643436867,1383.5999755859375,1532.0,1807.699951171875,1.0,1.0,1.0,,,0.0,,0.15,0.552,1.0,1.1020887371309795,19.296501875643763
TECHM,Long-Term,STRONG_BULLISH,2025-12-23,^CNXIT,71.0,target1,7.355214723926395,35,1630.0,1749.89,1555.07,7.355214723926395,4.596932515337427,1.5906880260170155,1496.199951171875,1649.800048828125,1773.5999755859375,1.0,1.0,0.6,,,1.0,,0.15,0.7,0.3,1.214726921970859,8.809814453125
TECHM,Long-Term,HIGH_VOLATILITY,2026-01-29,^CNXIT,69.7,target1,2.1211100638501845,4,1757.0999755859375,1794.37,1664.02,2.1211100638501845,5.297363660533794,1.967541189434687,1562.800048828125,1776.5999755859375,1776.5999755859375,0.3,0.6,0.6,,,1.0,,0.02,1.0,1.0,1.109783180862965,1.109783180862965
TECHM,Long-Term,HIGH_VOLATILITY,2026-02-04,^CNXIT,65.0,stop_loss,-7.888471720252377,8,1630.0999755859375,1860.99,1501.51,14.164163417711206,7.888471720252377,2.9132166318569714,1562.800048828125,1854.0,1854.0,0.3,0.15,0.5,,,1.0,,0.15,1.0,1.0,13.735355362702947,13.735355362702947
TITAN,Long-Term,STRONG_BULLISH,2024-07-26,^CNXCONSUM,69.0,target1,10.38369098712446,60,3495.0,3857.91,3251.64,10.38369098712446,6.963090128755367,2.3134857121475267,3126.10009765625,3552.5,3886.949951171875,1.0,1.0,1.0,,,0.0,,0.15,0.7,1.0,1.6452074391988556,11.214590877592991
TITAN,Long-Term,STRONG_BULLISH,2024-09-30,^CNXCONSUM,76.0,stop_loss,-5.846832569117632,6,3823.949951171875,3925.82,3600.37,2.6640005786923604,5.846832569117632,1.9489607088674639,3560.14990234375,3867.0,3886.949951171875,1.0,1.0,0.5,,,1.0,,0.05,1.0,0.3,1.1258005302849747,1.6475111025104614
TITAN,Long-Term,BULLISH,2024-12-13,^CNXCONSUM,61.9,stop_loss,-6.449072753209695,14,3505.0,3853.68,3278.96,9.948074179743216,6.449072753209695,2.183897815780255,3136.0,3518.0,3886.949951171875,0.8533333333333334,1.0,0.6,,,0.07333333333333333,,0.15,0.7,1.0,0.37089871611982883,10.897288193206133
TITAN,Long-Term,HIGH_VOLATILITY,2025-01-06,^CNXCONSUM,62.2,stop_loss,-6.991977077363898,36,3490.0,3807.03,3245.98,9.083954154727802,6.991977077363898,2.1555712957428943,3230.800048828125,3528.5,3886.949951171875,0.3,0.6,1.0,,,0.98,,0.15,0.7,0.3,1.1031518624641834,11.373924102345988
TITAN,Long-Term,BULLISH,2025-05-09,^CNXCONSUM,63.2,time_exit,-1.9591781574339828,91,3537.199951171875,3892.32,3255.62,10.039580847287798,7.960532484983995,2.4184028481638054,3090.699951171875,3530.0,3867.0,0.8533333333333334,0.6,0.6,,,0.4266666666666667,,0.15,0.7,1.0,-0.2035494535583055,9.323760414473096
TITAN,Long-Term,NEUTRAL,2025-08-18,^CNXCONSUM,69.0,stop_loss,-5.165963431786224,37,3555.0,3829.97,3371.35,7.734739803094226,5.165963431786224,1.7201979034205264,3307.0,3574.800048828125,3867.0,0.5466666666666666,1.0,1.0,,,0.42,,0.15,1.0,0.3,0.5569633988220816,8.776371308016879
TITAN,Long-Term,NEUTRAL,2025-10-03,^CNXCONSUM,66.1,target1,8.350272119265444,14,3453.300048828125,3741.66,3261.06,8.350272119265444,5.566850436102754,1.855614191718543,3303.10009765625,3700.0,3863.550048828125,0.5466666666666666,0.6,0.5,,,0.7799999999999999,,0.15,0.848,1.0,7.1438898353356945,11.87994075809364
TITAN,Long-Term,STRONG_BULLISH,2025-10-21,^CNXCONSUM,82.5,target1,0.5949535192563138,0,3765.0,3787.4,3537.87,0.5949535192563138,6.032669322709161,1.7085275376850098,3303.10009765625,3749.89990234375,3749.89990234375,1.0,1.0,0.6,,,0.88,,0.03,1.0,1.0,-0.40106501079017265,-0.40106501079017265
TITAN,Long-Term,STRONG_BULLISH,2025-10-24,^CNXCONSUM,90.6,target1,3.3387183629509876,16,3714.0,3838.0,3519.92,3.3387183629509876,5.2256327409800685,1.7495398556957988,3303.10009765625,3800.0,3800.0,1.0,1.0,1.0,,,1.0,,0.06,1.0,1.0,2.3155627355950457,2.3155627355950457
TITAN,Long-Term,STRONG_BULLISH,2025-11-13,^CNXCONSUM,73.3,target1,1.9944272192635504,5,3839.199951171875,3915.77,3644.66,1.9944272192635504,5.067200292928053,1.6890869246142546,3511.0,3877.0,3877.0,1.0,0.6,0.6,,,0.9933333333333334,,0.04,1.0,0.3,0.984581405211441,0.984581405211441
TITAN,Long-Term,STRONG_BULLISH,2025-11-20,^CNXCONSUM,69.7,target1,2.423993847731354,35,3901.0,3995.56,3710.92,2.423993847731354,4.872596770058957,1.6355743405007874,3667.300048828125,3956.0,3956.0,1.0,0.6,0.6,,,0.7466666666666666,,0.05,1.0,0.3,1.409894898743912,1.409894898743912
TITAN,Long-Term,NEUTRAL,2025-12-29,^CNXCONSUM,66.7,target1,2.2606730286288235,6,3982.0,4072.02,3807.25,2.2606730286288235,4.3884982420894,1.4764499029170797,3751.0,4031.699951171875,4031.699951171875,0.5466666666666666,0.6,0.6,,,1.0,,0.05,1.0,0.3,1.2481152981384982,1.2481152981384982
TITAN,Long-Term,STRONG_BULLISH,2026-01-06,^CNXCONSUM,71.8,target1,-1.4982248520710062,0,4225.0,4161.7,3939.0,-1.4982248520710062,6.769230769230772,1.4008649348782762,3751.0,4120.5,4120.5,1.0,0.6,0.5,,,1.0,,0.03,1.0,0.3,-2.4733727810650885,-2.4733727810650885
TITAN,Long-Term,BEARISH,2026-01-08,^CNXCONSUM,67.8,stop_loss,-4.363271094303956,13,4231.0,4355.22,4046.39,2.9359489482391865,4.363271094303956,1.5894778678868977,3777.0,4312.10009765625,4312.10009765625,0.2533333333333333,0.6,0.5,,,1.0,,0.05,1.0,1.0,1.916806846047034,1.916806846047034
TITAN,Long-Term,HIGH_VOLATILITY,2026-02-03,^CNXCONSUM,64.6,target1,6.562759970638621,7,4087.0,4355.22,3805.04,6.562759970638621,6.8989478835331575,2.159306449967626,3843.10009765625,4312.10009765625,4312.10009765625,0.3,0.15,0.5,,,1.0,,0.11000000000000001,1.0,1.0,5.507709754251285,5.507709754251285
TITAN,Long-Term,HIGH_VOLATILITY,2026-02-12,^CNXCONSUM,74.0,stop_loss,-6.642837805211554,38,4267.2998046875,4422.18,3983.83,3.6294659949218655,6.642837805211554,2.2761513311716666,3843.10009765625,4378.39990234375,4378.39990234375,0.3,1.0,0.6,,,1.0,,0.05,1.0,1.0,2.6035221976719307,2.6035221976719307
TITAN,Long-Term,HIGH_VOLATILITY,2026-04-06,^CNXCONSUM,76.0,target1,4.412443131078159,1,4235.2998046875,4422.18,3873.64,4.412443131078159,8.539178366717415,2.923902463398244,3825.0,4302.5,4378.39990234375,0.3,0.6,1.0,,,1.0,,0.05,1.0,1.0,1.58666914767462,3.3787477688798133
TITAN,Long-Term,HIGH_VOLATILITY,2026-04-09,^CNXCONSUM,79.8,target1,2.7076115595494166,6,4430.10009765625,4550.05,4054.86,2.7076115595494166,8.470239709815386,2.890079009417673,3825.0,4505.0,4505.0,0.3,1.0,1.0,,,1.0,,0.03,1.0,1.0,1.690704514405349,1.690704514405349
TITAN,Long-Term,NEUTRAL,2026-04-17,^CNXCONSUM,83.4,target1,1.488049709639605,18,4532.10009765625,4599.54,4141.45,1.488049709639605,8.619626425688887,2.831513721992005,3825.0,4554.0,4554.0,0.5466666666666666,1.0,1.0,,,1.0,,0.02,1.0,1.0,0.48321753429663683,0.48321753429663683
TITAN,Long-Term,BULLISH,2026-05-25,^CNXCONSUM,72.3,target1,12.02220933540521,42,4151.89990234375,4651.05,3828.39,12.02220933540521,7.791852162936985,2.6512521807938088,3985.10009765625,4605.0,4605.0,0.8533333333333334,0.6,0.5,,,0.8866666666666667,,0.15,0.848,1.0,10.913078549906146,10.913078549906146
TRENT,Long-Term,STRONG_BULLISH,2024-07-09,,64.3,target1,1.990196078431361,5,5610.0,5721.65,5154.5,1.990196078431361,8.119429590017823,2.6125834957094383,4884.7001953125,5665.0,5665.0,1.0,0.6,0.0,,,1.0,,0.03,1.0,0.3,0.9803921568627451,0.9803921568627451
TRENT,Long-Term,STRONG_BULLISH,2024-07-16,,64.4,stop_loss,-7.235878677676377,1,5649.89990234375,5812.5,5241.08,2.8779288211601584,7.235878677676377,2.397731083351052,5200.0,5754.9501953125,5754.9501953125,1.0,0.6,0.0,,,1.0,,0.04,1.0,0.3,1.8593301613214768,1.8593301613214768
TRENT,Long-Term,STRONG_BULLISH,2024-07-22,,65.3,target1,11.560012707944999,8,5210.2001953125,5812.5,4741.66,11.560012707944999,8.99274841174117,2.997577889515242,5083.5498046875,5754.9501953125,5754.9501953125,1.0,0.6,0.0,,,1.0,,0.13,1.0,0.3,10.45545237378977,10.45545237378977
TRENT,Long-Term,STRONG_BULLISH,2024-08-01,,73.4,stop_loss,-8.053100436681227,3,5725.0,5978.49,5263.96,4.427772925764195,8.053100436681227,2.9275947789510726,4955.64990234375,5919.2998046875,5919.2998046875,1.0,0.6,0.6,,,1.0,,0.04,1.0,0.3,3.3938830513100435,3.3938830513100435
TRENT,Long-Term,NEUTRAL,2024-08-07,,65.5,target1,8.404170444242975,1,5515.0,5978.49,4875.43,8.404170444242975,11.59691749773345,3.6364914352200266,4955.64990234375,5919.2998046875,5919.2998046875,0.5466666666666666,0.6,0.5,,,1.0,,0.08,1.0,0.3,7.330912143019039,7.330912143019039
TRENT,Long-Term,NEUTRAL,2024-08-12,,73.4,target1,1.9347450980392145,3,6375.0,6498.34,5674.56,1.9347450980392145,10.98729411764705,3.6966226951954644,4955.64990234375,6434.0,6434.0,0.5466666666666666,0.6,0.6,,,1.0,,0.02,1.0,1.0,0.9254901960784314,0.9254901960784314
TRENT,Long-Term,STRONG_BULLISH,2024-08-19,,78.7,target1,1.6020864381520061,0,6710.0,6817.5,6039.69,1.6020864381520061,9.989716840536522,3.239772629489485,4955.64990234375,6750.0,6750.0,1.0,0.6,0.5,,,1.0,,0.02,1.0,1.0,0.5961251862891207,0.5961251862891207
TRENT,Long-Term,STRONG_BULLISH,2024-08-21,,78.7,target1,1.0000000000000009,0,6825.0,6893.25,6161.63,1.0000000000000009,9.719706959706953,3.0544474809051034,5194.5498046875,6825.0,6825.0,1.0,0.6,0.5,,,1.0,,0.02,1.0,1.0,0.0,0.0
TRENT,Long-Term,STRONG_BULLISH,2024-08-23,,78.7,target1,1.4328571428571468,2,7000.0,7100.3,6342.33,1.4328571428571468,9.395285714285716,2.9090193514297384,5194.5498046875,7030.0,7030.0,1.0,0.6,0.5,,,1.0,,0.02,1.0,1.0,0.4285714285714286,0.4285714285714286
TRENT,Long-Term,STRONG_BULLISH,2024-08-29,,78.8,target1,2.6109570041608965,18,7210.0,7398.25,6518.19,2.6109570041608965,9.59514563106797,3.033001240815952,5194.5498046875,7325.0,7325.0,1.0,0.6,0.5,,,1.0,,0.03,1.0,1.0,1.59500693481276,1.59500693481276
TRENT,Long-Term,STRONG_BULLISH,2024-09-18,,64.5,target1,1.715262875536494,4,7456.0,7583.89,6811.49,1.715262875536494,8.644179184549362,2.3832474416818314,6779.25,7508.7998046875,7508.7998046875,1.0,0.6,0.0,,,1.0,,0.05,1.0,0.3,0.7081518869031652,0.7081518869031652
TRENT,Long-Term,STRONG_BULLISH,2024-09-24,,64.3,target1,1.8451744166967377,1,7618.25,7758.82,7085.16,1.8451744166967377,6.997538804843639,2.345144005049337,6950.0498046875,7682.0,7682.0,1.0,0.6,0.0,,,1.0,,0.03,1.0,0.3,0.836806353165097,0.836806353165097
TRENT,Long-Term,STRONG_BULLISH,2024-09-27,,78.8,target1,2.6174861639847835,8,7814.75,8019.3,7264.67,2.6174861639847835,7.03899676893055,2.4212842008377455,6950.0498046875,7939.89990234375,7939.89990234375,1.0,0.6,0.5,,,1.0,,0.03,1.0,1.0,1.6014575302312934,1.6014575302312934
TRENT,Long-Term,BEARISH,2024-10-09,,69.1,stop_loss,-8.296097560975602,12,8200.0,8405.42,7519.72,2.505121951219502,8.296097560975602,2.8428797302999644,7107.7001953125,8322.2001953125,8322.2001953125,0.2533333333333333,0.6,0.6,,,1.0,,0.03,1.0,1.0,1.4902462842987805,1.4902462842987805
TRENT,Long-Term,BEARISH,2024-10-23,,68.6,stop_loss,-10.006475925706837,12,7569.2001953125,8428.45,6811.79,11.35192335406352,10.006475925706837,3.104251101759831,7272.0,8345.0,8345.0,0.2533333333333333,0.6,0.5,,,1.0,,0.13,1.0,1.0,10.249429063429211,10.249429063429211
TRENT,Long-Term,HIGH_VOLATILITY,2024-11-27,,61.1,stop_loss,-11.076934306569353,50,6850.0,7975.91,6091.23,16.43664233576643,11.076934306569353,3.6711164449530895,6212.0498046875,7446.10009765625,8345.0,0.3,0.6,1.0,,,0.44,,0.15,0.7,1.0,8.702191206660585,21.824817518248175
TRENT,Long-Term,STRONG_BULLISH,2025-06-27,,64.8,stop_loss,-8.833553719008268,4,6050.0,6775.4,5515.57,11.990082644628085,8.833553719008268,2.7905561367528886,5481.0,6210.0,8345.0,1.0,0.6,1.0,,,0.9,,0.15,0.152,1.0,2.644628099173554,37.933884297520656
TRENT,Long-Term,BULLISH,2026-04-29,,64.1,target1,15.214349081362322,53,2810.066650390625,3237.6,2539.71,15.214349081362322,9.621004909369068,3.301062035754989,2183.666748046875,2998.666748046875,6261.0,0.8533333333333334,0.6,1.0,,,1.0,,0.15,0.152,1.0,6.7115880553948015,122.80610316234541
ULTRACEMCO,Long-Term,STRONG_BULLISH,2024-07-09,,79.1,time_exit,-2.8988759464026015,91,11689.0,12198.78,10829.14,4.361194285225434,7.356146804688168,2.427710028070766,10594.650390625,12078.0,12078.0,1.0,0.6,0.5,,,1.0,,0.06,1.0,1.0,3.32791513388656,3.32791513388656
ULTRACEMCO,Long-Term,HIGH_VOLATILITY,2024-11-22,,69.6,stop_loss,-7.3982532751091785,49,11450.0,12259.38,10602.9,7.068820960698674,7.3982532751091785,2.263380598715938,10542.5,11409.900390625,12138.0,0.3,0.6,1.0,,,1.0,,0.11000000000000001,1.0,0.3,-0.3502149290393013,6.008733624454148
ULTRACEMCO,Long-Term,STRONG_BEARISH,2025-01-23,,71.9,stop_loss,-6.579859568038393,34,11251.0,12266.8,10510.7,9.02853079726247,6.579859568038393,2.6565426798481226,10462.0,11861.650390625,12145.349609375,0.0,0.6,1.0,,,1.0,,0.09,1.0,1.0,5.427521025908808,7.949067721758066
ULTRACEMCO,Long-Term,BULLISH,2025-03-25,,65.5,target1,7.783147350847908,30,11381.0,12266.8,10617.51,7.783147350847908,6.708461470872507,2.345620037367834,10047.849609375,11478.849609375,12145.349609375,0.8533333333333334,0.6,0.6,,,0.6066666666666667,,0.11000000000000001,0.7,1.0,0.8597628448730341,6.71601449235568
ULTRACEMCO,Long-Term,STRONG_BULLISH,2025-06-11,,66.3,target1,8.495250544662314,20,11475.0,12449.83,10806.78,8.495250544662314,5.823267973856206,1.9109733294789815,10920.0,11991.0,12339.0,1.0,0.6,1.0,,,0.30666666666666664,,0.15,0.848,0.3,4.496732026143791,7.529411764705881
ULTRACEMCO,Long-Term,STRONG_BULLISH,2025-07-03,,61.3,target1,2.425403225806444,17,12400.0,12700.75,11696.05,2.425403225806444,5.677016129032264,1.8872549876910867,11018.0,12575.0,12575.0,1.0,0.6,0.6,,,0.19333333333333333,,0.04,1.0,0.3,1.411290322580645,1.411290322580645
ULTRACEMCO,Long-Term,NEUTRAL,2025-07-24,,62.2,target1,4.868436096365869,24,12245.0,12841.14,11680.85,4.868436096365869,4.607186606778269,1.688211283816162,11917.0,12714.0,12714.0,0.5466666666666666,0.6,0.5,,,0.7733333333333333,,0.09,1.0,0.3,3.8301347488770925,3.8301347488770925
ULTRACEMCO,Long-Term,NEUTRAL,2025-08-19,,66.5,target1,1.4244357976653799,15,12850.0,13033.04,12211.95,1.4244357976653799,4.9653696498054405,1.6871277001801168,12075.0,12904.0,12904.0,0.5466666666666666,0.6,0.6,,,1.0,,0.03,1.0,0.3,0.4202334630350194,0.4202334630350194
ULTRACEMCO,Long-Term,NEUTRAL,2025-09-05,,65.6,stop_loss,-5.246250297595423,46,12601.0,13227.97,11939.92,4.975557495436855,5.246250297595423,1.7487552776087039,12125.0,13097.0,13097.0,0.5466666666666666,0.6,0.5,,,1.0,,0.09,1.0,0.3,3.936195540036505,3.936195540036505
ULTRACEMCO,Long-Term,STRONG_BULLISH,2025-11-13,,61.7,stop_loss,-4.320073695670379,25,11941.0,12697.29,11425.14,6.3335566535466015,4.320073695670379,1.4213154718774714,11701.0,12448.0,13097.0,1.0,0.6,1.0,,,0.0,,0.15,0.848,0.3,4.245875554811155,9.68093124528934
ULTRACEMCO,Long-Term,HIGH_VOLATILITY,2026-01-20,,60.0,target1,8.27456671365785,19,12059.0,13056.83,11393.78,8.27456671365785,5.516377809105222,1.838795649577214,11530.0,12405.0,13097.0,0.3,0.6,1.0,,,0.8333333333333334,,0.15,0.7,0.3,2.869226304005307,8.607678912015922
ULTRACEMCO,Long-Term,HIGH_VOLATILITY,2026-02-10,,62.3,stop_loss,-6.176358218079003,21,13087.0,13241.1,12278.7,1.1775043936731233,6.176358218079003,1.9050786652461813,11800.0,13110.0,13110.0,0.3,0.6,0.6,,,1.0,,0.03,0.7,1.0,0.17574692442882248,0.17574692442882248
ULTRACEMCO,Long-Term,BULLISH,2026-04-21,,62.8,stop_loss,-7.909431449263293,42,12013.0,13241.1,11062.84,10.223091650711735,7.909431449263293,2.7027655523662872,10325.0,12065.0,13110.0,0.8533333333333334,0.6,1.0,,,0.6866666666666668,,0.12,0.3,1.0,0.4328643969033547,9.13177391159577
WIPRO,Long-Term,STRONG_BULLISH,2024-07-09,^CNXIT,84.4,target1,2.4547134935305026,2,270.5,277.14,253.07,2.4547134935305026,6.443622920517567,2.1481591862490395,237.1750030517578,274.3999938964844,274.3999938964844,1.0,1.0,0.6,,,1.0,,0.04,1.0,1.0,1.4417722352992144,1.4417722352992144
WIPRO,Long-Term,STRONG_BULLISH,2024-07-15,^CNXIT,82.8,target1,1.9062071512761403,2,280.92498779296875,286.28,260.81,1.9062071512761403,7.160270060345342,2.268336376408908,240.02499389648438,283.45001220703125,283.45001220703125,1.0,1.0,0.5,,,1.0,,0.03,1.0,1.0,0.8988251397285275,0.8988251397285275
WIPRO,Long-Term,STRONG_BULLISH,2024-07-19,^CNXIT,84.7,stop_loss,-0.8522072936660408,0,260.5,292.85,258.28,12.418426103646851,0.8522072936660408,2.430738940607086,244.5500030517578,289.95001220703125,289.95001220703125,1.0,1.0,0.6,,,1.0,,0.06999999999999999,1.0,1.0,11.305187027651153,11.305187027651153
WIPRO,Long-Term,STRONG_BULLISH,2024-07-23,^CNXIT,68.4,time_exit,8.895524817319655,91,251.25,288.34,224.9,14.762189054726349,10.487562189054723,3.379445303695441,243.1750030517578,289.95001220703125,289.95001220703125,1.0,1.0,0.0,,,0.46,,0.15,1.0,1.0,15.402989933146765,15.402989933146765
WIPRO,Long-Term,STRONG_BEARISH,2024-10-24,^CNXIT,71.9,target1,6.5393360618463126,31,274.875,292.85,252.06,6.5393360618463126,8.30013642564802,2.6072007328264193,260.1499938964844,280.95001220703125,289.95001220703125,0.0,0.6,1.0,,,1.0,,0.09,1.0,1.0,2.2100999388926788,5.484315491416553
WIPRO,Long-Term,HIGH_VOLATILITY,2024-11-26,^CNXIT,66.7,target1,0.804733727810647,8,295.75,298.13,272.74,0.804733727810647,7.7802197802197774,2.463476687016094,267.1000061035156,295.17498779296875,295.17498779296875,0.3,1.0,0.6,,,1.0,,0.02,1.0,0.3,-0.1944250911348267,-0.1944250911348267
WIPRO,Long-Term,BULLISH,2024-12-06,^CNXIT,81.1,target1,3.020338983050852,0,295.0,303.91,277.84,3.020338983050852,5.816949152542383,2.1871419752276284,270.1499938964844,300.8999938964844,300.8999938964844,0.8533333333333334,1.0,1.0,,,1.0,,0.03,1.0,0.3,1.9999979310116525,1.9999979310116525
WIPRO,Long-Term,BULLISH,2024-12-10,^CNXIT,75.1,target1,1.9341250110547659,9,308.1499938964844,314.11,287.28,1.9341250110547659,6.772673798427908,2.2523429470835543,270.1499938964844,311.0,311.0,0.8533333333333334,1.0,0.6,,,1.0,,0.03,1.0,0.3,0.9248762485690707,0.9248762485690707
WIPRO,Long-Term,BULLISH,2025-01-02,^CNXIT,70.2,stop_loss,-6.567750937914985,14,303.29998779296875,323.2,283.38,6.561164855903301,6.567750937914985,2.240047644420234,293.75,320.0,320.0,0.8533333333333334,0.6,0.5,,,1.0,,0.09,1.0,0.3,5.506103817726035,5.506103817726035
WIPRO,Long-Term,STRONG_BEARISH,2025-01-22,^CNXIT,60.0,target1,3.8894225840864216,0,311.1000061035156,323.2,282.44,3.8894225840864216,9.21247365516903,2.875518042570673,280.5,310.8999938964844,320.0,0.0,0.15,1.0,,,1.0,,0.05,1.0,0.3,-0.06429193285348178,2.8608144396895274
WIPRO,Long-Term,STRONG_BEARISH,2025-01-24,^CNXIT,65.3,stop_loss,-7.879165750403083,29,317.79998779296875,327.85,292.76,3.1623702306679657,7.879165750403083,2.847021896398759,280.5,324.6000061035156,324.6000061035156,0.0,0.6,0.6,,,1.0,,0.03,1.0,1.0,2.139716353600604,2.139716353600604
WIPRO,Long-Term,STRONG_BULLISH,2025-12-04,^CNXIT,61.1,stop_loss,-5.073590855033472,45,258.20001220703125,274.67,245.1,6.378771113210768,5.073590855033472,1.5341812876752623,236.0,258.79998779296875,324.6000061035156,1.0,1.0,0.6,,,0.5866666666666667,,0.15,0.552,0.3,0.2323685350783115,25.716495258429035
BAJAJHLDNG,Long-Term,STRONG_BULLISH,2024-07-09,,80.3,target1,2.437510352458472,49,9839.9501953125,10079.8,8987.46,2.437510352458472,8.663562095249278,2.912735708679685,8164.89990234375,9980.0,9980.0,1.0,0.6,0.6,,,1.0,,0.03,1.0,1.0,1.4232775766915582,1.4232775766915582
BAJAJHLDNG,Long-Term,STRONG_BULLISH,2024-08-29,,73.6,target1,2.963517947211214,3,10210.5,10513.09,9322.3,2.963517947211214,8.698888399196914,2.4431129235644367,9078.849609375,10409.0,10409.0,1.0,0.6,0.6,,,1.0,,0.06,1.0,0.3,1.9440771754566377,1.9440771754566377
BAJAJHLDNG,Long-Term,STRONG_BULLISH,2024-09-03,,71.7,target1,4.3660235294117555,0,10625.0,11088.89,10025.84,4.3660235294117555,5.639152941176473,2.6842455355875288,9117.2001953125,10979.099609375,10979.099609375,1.0,0.6,0.5,,,1.0,,0.02,1.0,0.3,3.3327022058823528,3.3327022058823528
BAJAJHLDNG,Long-Term,STRONG_BULLISH,2024-09-05,,71.9,target1,4.118433179723513,14,10850.0,11296.85,9963.14,4.118433179723513,8.173824884792635,2.8530039884813805,9121.0,11185.0,11185.0,1.0,0.6,0.5,,,1.0,,0.04,1.0,0.3,3.087557603686636,3.087557603686636
BAJAJHLDNG,Long-Term,STRONG_BULLISH,2024-09-23,,80.4,stop_loss,-9.460625,24,11200.0,11463.5,10140.41,2.352678571428579,9.460625,2.841402925259555,9801.7998046875,11350.0,11350.0,1.0,0.6,0.6,,,1.0,,0.04,1.0,1.0,1.3392857142857142,1.3392857142857142
BAJAJHLDNG,Long-Term,STRONG_BEARISH,2024-11-04,,64.9,target1,7.639001025991443,36,10649.9501953125,11463.5,9740.62,7.639001025991443,8.538351622646411,2.869855239420755,10004.849609375,10897.0,11350.0,0.0,0.6,1.0,,,1.0,,0.09,1.0,0.3,2.31972732413563,6.57326834256579
BAJAJHLDNG,Long-Term,BULLISH,2024-12-12,,78.2,target1,3.411102521351017,17,11276.7001953125,11661.36,10228.64,3.411102521351017,9.29403262621239,3.089291628176182,10120.0498046875,11545.900390625,11545.900390625,0.8533333333333334,0.6,0.6,,,1.0,,0.04,1.0,1.0,2.387224903118389,2.387224903118389
BAJAJHLDNG,Long-Term,BEARISH,2024-12-31,,75.7,stop_loss,-13.57403361344537,12,11900.0,13370.38,10284.69,12.356134453781497,13.57403361344537,4.492572320668792,10250.0498046875,13238.0,13238.0,0.2533333333333333,0.6,1.0,,,1.0,,0.09,1.0,1.0,11.243697478991596,11.243697478991596
BAJAJHLDNG,Long-Term,STRONG_BEARISH,2025-01-27,,61.7,time_exit,10.457399103139009,91,11150.0,13041.46,9961.03,16.96376681614349,10.66340807174887,3.669412240440121,10245.099609375,12488.0,13238.0,0.0,0.6,1.0,,,1.0,,0.15,0.848,0.3,12.0,18.72645739910314
BAJAJHLDNG,Long-Term,HIGH_VOLATILITY,2025-04-30,,61.6,target1,11.447695257147616,14,11997.0,13370.38,10553.15,11.447695257147616,12.035092106359924,3.952920067283452,10400.0,12899.9501953125,13238.0,0.3,0.6,1.0,,,0.47333333333333333,,0.1,1.0,0.3,7.526466577581896,10.34425272984913
BAJAJHLDNG,Long-Term,STRONG_BULLISH,2025-05-19,,73.3,target1,3.8857142857142923,17,14000.0,14544.0,12290.5,3.8857142857142923,12.210714285714285,4.01369144474195,11151.0,14400.0,14400.0,1.0,0.6,0.6,,,1.0,,0.03,1.0,0.3,2.857142857142857,2.857142857142857
BAJAJHLDNG,Long-Term,STRONG_BULLISH,2025-06-09,,80.4,stop_loss,-12.095623647658272,83,14327.0,14887.4,12594.06,3.9114957772038883,12.095623647658272,3.8756146904769895,11808.0,14740.0,14740.0,1.0,0.6,0.6,,,1.0,,0.04,1.0,1.0,2.882669086340476,2.882669086340476
BAJAJHLDNG,Long-Term,BULLISH,2025-09-11,,66.5,stop_loss,-9.045268425841668,18,13188.0,14754.84,11995.11,11.880800727934492,9.045268425841668,2.809096042660482,12481.0,14763.0,14763.0,0.8533333333333334,0.6,1.0,,,0.0,,0.15,0.848,1.0,11.94267515923567,11.94267515923567
BAJAJHLDNG,Long-Term,STRONG_BULLISH,2025-10-17,,61.7,stop_loss,-7.468196617168266,32,12593.0,14158.71,11652.53,12.433177161915342,7.468196617168266,2.6405112584832895,11780.0,13520.0,14763.0,1.0,0.6,1.0,,,0.0,,0.15,0.848,0.3,7.361232430715477,17.231795441912173
